doc_id,text,source
reddit_1hf2kky,"Comic I made following my brother’s recent suicide. 

First time poster here.. I’m a cartoonist and recently lost my brother, James, to suicide in September. I miss him so much, I’ve been using my art to cope. I’ve been told it helps others so posting it here too. He was 23 and I 26, feeling like a failure of a big sister right now. Miss him too much.",reddit
reddit_1n58dzg,"I lost my son in a school shooting years ago but it feels like I also died that day

Lost him before Christmas in 2012 and he was only 6 and I still haven’t opened his presents, and I have no plans to. 

I haven’t been the same and It feels like I’m just waiting for my time and it doesn’t make me feel better knowing he would have turned 19 this November. 

I remember everything that morning, he didn’t want to go this morning but I made him. I told him “Friday is the best day” I was in denial after the shooting and even months after this, I would randomly look around the house in little places hoping they got something wrong and he was just hiding. I’m still miserable today and I see him in my dreams. 

My life is not moving.",reddit
reddit_1jebspe,"My husband was an amazing man

My husband was an amazing man. He was everything a girl dreamed of. He was kind and patient with my past. He was understanding and had an amazing sense of humor. He was oh so loving and caring. A great listener even holding onto the small details. He loved working on boats and cars. He showed that through his love of teaching. He was an adult Ed teacher for a marine trades program locally. 
He had a autoimmune diseases called primary sclerosing cholangitis. It cost him two liver transplants. Unfortunately it's considered a precursor to malignancy and often people with psc get cholangiocarcinoma. On aug 27 2024 he was diagnosed with stage 4 cholangiocarcinoma with peritoneal mets. 2024 was a massive nightmare but there was some good moments. We got married Feb 29 2024. Single handedly the best day of my life. My husband was only 35 years old when he passed away. I was the one who found him actively passing. We didn't even make it to our first wedding anniversary. He passed on Jan 6 2025.  

I can't do this life without him. I simply can't. 
He was my world. My everything. He was the one person in the world that showed me the meaning of true love. 
The world is a cruel place to take him from me. 
If you read this far than you for sharing in his memory",reddit
reddit_1mavyqa,"I lost my autistic brother to cancer

I’ve been lurking in here and waiting to post until I was ready. I lost my brother Chris, who was on the spectrum, on May 16th of this year. He passed away 2 weeks after his 30th birthday, on May 2nd. 

He was diagnosed with testicular cancer, in April 2022, and then Pseudomyxoma peritonei (extremely rare appendix cancer that destroys your body very quickly) in November 2022. We had 2.5 years of him surviving a death sentence cancer that he outlived way longer than anyone expects. 

He started getting really noticeably sick in December. He was sleeping in, staying up late, not eating as much. He started missing his special needs program on weekdays to sleep. On Feb 16th, he was called into the ER to get an emergency surgery to fix his perforated colon. Turns out, they couldn’t operate, so he was put into hospice just like that. No answers, nothing. We couldn’t believe it, he seemed fine other than just being tired. 

He somehow survived the perforated colon and the doctors told us his organs rerouted. Then we had no idea what was next. He was just really skinny, and tired. But always wanted to play games, watch movies, paint, do scratch offs. We took him off hospice around Easter in April to get blood transfusions. He was immediately put back onto hospice because he had a fistula grow from his colon to his belly button and it broke through the skin. Back onto hospice. Now with a colostomy bag and so many tubes. The doctors told us fistulas happen very close to the end of life in these scenarios. And that he will maybe make it to his birthday. He made it to his 30th birthday, with 3 parties for him surrounded by all his best friends and family. And I know he held on for Mother’s Day for my mom. Chris then passed away in his sleep the morning of May 16th. He fell asleep looking at my mom. It was beautiful but terrible at the same time. The screams my mom let out will forever haunt me.

I miss him so much, the grief has assimilated into my soul. I’ll forever be sad. I’ll forever secretly hate the world for taking Chris from me. His love language was playing pranks on me and getting on my nerves. The entire time in hospice I cooked him so many new foods and cakes and anything he wanted. He called me his snack lady and his chef. I was his younger sister, but in a way I felt like a parent to him. Always protecting him in ways he never understood. 

I would go through this life again over and over and over again just to have Chris. I would do it every time. He was the greatest gift I ever received and taught me so much love, patience, humor and appreciation for the little things. 

The night before he passed away, was one of our last memories. He had seen lots of Taco Bell commercials for the new crispy chicken nuggets. I went and got him them as a surprise. He SOBBED, and told me how much he loves me. He was shocked I did that for him. I wish I was that simple. At this point he couldn’t really eat anymore and I think that’s why he went before it turned into a painful road of suffering. The guy LOVED to eat. I don’t blame him. 

I’ve recently started a “business”, called Colored By Chris, where I’m selling a t-shirt designed with his artwork. I’m donating the proceeds to a nonprofit here in NJ, and it’s taken off quite a bit. They’re going to do a donor spotlight about Chris. While this work has helped me give back in the way he would have loved, I just wish he was here to see how loved he was by many. And how so many are inspired by his story. He would cry, and say “wow! People all over the world get to wear my artwork!” This work is fulfilling, but I just want him to tell me he’s proud of me. Nothing will ever replace him. 

I’m still in shock. 1 year ago we were at the beach. 6 months ago, we were watching hockey games. Time has become one of the hardest parts, because the quicker time goes by, the farther I am away from his physical body being here.",reddit
reddit_1dgi2f7,"My son committed suicide and I am so angry with him

On June 4th, my 38 year old son took his life.   I am sad, but more mad most the time.  He has created a complete shitstorm in so many lives.  He had his demons and reasons I suppose, but hanging yourself in a closet the day you moved in!! Your best girl in collapse finding you there all purple, lifting will all her strength to get you off the clothes bar.  Your Mom getting the call that you were being kept alive by machines and drugs but had gone too long without oxygen.   Booked a flight and made me need to declare a DNR and and an hour later to tell staff to shut down the machines.   Watching your mother lay on your chest for the last 5 minutes so she could hear your last breath and put that in the memory bank next to hearing your first breath.  Your girlfriend completely non functional holding your hand. 

Handling final arrangements, talking to organ donation group, speaking with the medical examiner, keeping your Mom and girlfriend functional.  Calling employers and banks and government offices.  Setting up web site memorial, planning and hiring venues in 2 cities for memorial services.  Finding Mom a therapist.   Watching her spend the last week wandering like a zombie around the house not eating.   I’ll stop the rant here.

Why didn’t you call me.   There are solutions to every problem.   I miss you Son,  Dad",reddit
reddit_1hhlsvq,"My mom passed away in my arms two days ago from cancer. I miss her terribly. She was only 53.

I’m only 22 and my sister is only 14. We found out mom had stage 4 cancer on December 2nd. She was secretly doing chemo for 5 years, and she was never in remission this whole time. It was breast cancer (caught too late) that metastasized to her bladder, bone, and the brain’s meninges/spinal fluid.

Mom and dad kept her diagnosis a secret because she did not want me to worry about her while I was in undergrad. She valued education, and she did not want me to be distracted, drop out of college to help her, or transfer schools. They went great lengths to hide her sickness; they hid the mail, masked the reasonings behind doctors appointments, and provided different explanations to symptoms she experienced.

I cannot stress enough how much I love my mom. She is my best friend and soulmate. I was the last person she spoke to before she passed, and I slept overnight at the hospital, holding her hand, during her final days. Mom was larger than life. She brought a community together, and had a soul so blindingly bright. The house is so empty now. She passed in my arms and I still expect her to come back from work. I am a mess",reddit
reddit_1ikcviw,"It’s been 3 years today since my Mom died. Please take a few minutes to read about her.  She mattered and shouldn’t be forgotten 😔

Jane [redacted], age 68, passed away unexpectedly in her home on Monday, February 7, 2022.

My mom Jane loved her family and God, more than anything in this world. For most of her life, my mom had been sick with several debilitating illnesses. The unimaginable pains she experienced in the past decade alone were enough to break anyone’s spirit, but not my mom’s. She was so brave and strong through it all. Mom lived her life as best she could with an open heart despite her life circumstances, her Faith never wavering.

Jane was a single mother who, in her younger years, was a secretary for [redacted] until illness forced her into early retirement. I fondly remember waiting for her to come home from work each evening at 5:30 so we could play our silly make-believe games together. It was the highlight of each day for me.

Mom also loved watching vintage TV shows from the 1950s through the 1980s. Every night she would watch Golden Girls and leave her bedroom door open so we could sing the intro song together. Then later before bed, she would lull me to sleep with her angelic voice singing songs of airplanes and dragons from faraway lands that I would give anything to hear just one more time.

When I was in my early twenties, I became very sick while on holiday and my mom traveled across the country just to make sure I would get home safely; a journey I couldn’t have made on my own. My mom’s unwavering comfort during those difficult times offered me hope I thought I’d lost. And because of Mom, I eventually recovered and was able to go on to raise my own beautiful daughter.

When Mom was still able to walk, she would drive down to visit me at my craft shows. I don’t know why I never told her, but I was always so grateful that she came to support me. She was my biggest cheerleader. I wish I had let her know how much that meant to me. I have so many regrets. But that’s the thing about my mom: she loved me unconditionally and was always so proud of me.

As I write this obituary, I can vividly picture my mom sitting in her reclining chair, where she spent the majority of her adult life, watching television, ordering gifts for her family via mail-order catalogs, talking on the phone with friends, or writing cards to one of the many kids she has helped sponsor in countries all around the world. I am reminded of the way her face would light up with the purest of joy every time I walked through her front door. A memory which now fills me with a beautiful sadness that only the loss of someone you loved so deeply can make you feel. And for the rest of my days, every time I drive past her house and see the emptiness where she once sat, I will forever feel the pain from the loss of her presence.

I worry that over the next few years and decades, specific memories of my mom will fade; and, though heartbreaking, I’m told it’s perfectly natural. One day, I may forget that, even though I am an adult, she would still have a Valentine’s Day basket filled with chocolates waiting for me. Or, one day, I may not recall how she used to send me sticker-laden greeting cards for every holiday imaginable. And, one day, I might not remember her beautiful face and loving smile as clearly as I do now.

It was Maya Angelou who said, “I’ve learned that people will forget what you said, people will forget what you did, but people will never forget how you made them feel.” And I so deeply want to believe that’s true because even if my memories eventually fade, my mom made me feel truly loved and that is something I will never forget.

I am so grateful to have had Jane [redacted] as my mom. I love you mom. I always have and always will.",reddit
reddit_1f2dkdn,"My sweet 2yr old baby girl is gone

I’m sitting here at 5 am in my daughter’s room. Today is Tuesday. She passed on Saturday. She died suddenly and we have no answers. We were at a restaurant and she was crying so I walked out at around 1:10 to settle her down. By 1:23 we were on the phone with her pediatrician because she was heavy breathing. She told me it sounded like stridor breaths and to get her face in a fridge so she can breath cold air. By 1:25 my husband called 911 and I sprinted to a grocery store with her. She went limp in my arms. I got there and helped her breath in the freezer. An ER doctor and someone that was CPR certified happened to be at the store and started doing CPR and other medical interventions on her. The ambulance took her to the hospital. The hospital was 3 min away. We were set up to succeed. We were both with her. I acted as fast as I could. It just wasn’t enough. They pronounced her death at 2:28pm. We were at the hospital from 1:45-4:45. I held her for 2 hours after she was gone. I’m 28 weeks pregnant with a boy and he was kicking while I held her post mortem. The only thing we’ve learned is that there was nothing in her airway and there wasn’t any external physical trauma. We didn’t eat at the restaurant so she most likely didn’t have an allergic reaction. It will be about 8 weeks before we learn anything else.

The rest of Saturday was just a haze. We just walked out and had to drive home without her but with her shoes, car toys, and car seat. We took locks of her hair. Her pediatrician met us at the hospital and stayed with us the whole time. She helped us get imprints and ink prints of her feet and hands. The hospital we were at was small and they had no real resources. We were 30 min from home in a small town. Family started arriving that night. We laid in bed with a pile of her dirty laundry, blankies, and stuffies. We slept 1 hr.

Sunday the reality started. I screamed in ways that I have only screamed one other time while in labor with my sweet baby. I couldn’t chew food. I barely drank water. I slept collectively 4 hours.

Monday we picked a funeral home, more family arrived, and I got an ultrasound and could see baby boy. He looks like a baby now which warmed my heart. I hate that I have to be a mom again in 2 months without my sweet angel baby girl, but it’s also the only shred of hope and the only reason I have a will to live. My husband punched the fridge and broke his hand in 2 places. He has screamed and cried in ways I’ve never heard from him in our 11 years together. I started eating more soft food like soup on Monday as well. I stayed decently hydrated. I left our house for the first time without her.

Last night I slept from 11:00-1:30. I’m sitting in her room making a playlist for her, rocking in our rocking chair, holding her sleep sack and quilt, and dumping everything into this post. Baby boy is kicking.

My appetite and will to drink water has started to come back, but I fear the sleep will take a very long time. I’m limited to soft foods because physically chewing is repulsive but I am eating. I have an appointment with my psych on Wednesday to see if I need to take some kind of pregnancy safe sleep med temporarily to ensure my health for this pregnancy and impending birth.

I hate everything. This is truly hell. Part of me wishes she had a terminal illness or stabilized for at least a day so I could tickle her back, hug her, love her, and talk to her at least one more time. But that would mean she’d suffer and I only feel that way because of my own selfish needs. This was quick and I’m so grateful both her daddy and I were there. I think she died in the grocery store with me right there holding her hand and talking to her. Any heartbeats or breaths after that were artificial. 

I just want to know she’s safe and loved and held in the way that I loved and held her. 

She was very very clingy and even as a toddler she often did not want me to set her down. I wonder now if she somehow knew we had limited time and wanted to keep her life confined to mama and dada as much as possible.

Attached photo is from Tuesday of last week when I took her to the zoo. We went there weekly whenever possible and she got to ride the carousel every time. She got to ride the kangaroo. She thought they were giant bunnies and loved them.

We have so many photos and videos but there are not enough. There could never be enough. I love you my sweet baby. I’ll tickle your back forever and ever in my mind. Please watch out for baby brother, dada, and I.",reddit
reddit_1lkh1s1,"I lost my cat and nobody seems to care

I lost my cat suddenly. I saw him peeing blood so I immediately took him to the animal hospital. They checked him and said he’s looking great and bladder was empty which was a great sign and it was probably due to stress because we changed his litter. They sent us home with meds and told me to keep on eye out for him and make sure he’s peeing. So I cancelled everything to make sure I was there 24/7 with him. He was fine for 3 days he looked great so I decided to go out to dinner with my boyfriend for a couple hours. I came back home to give him his meds and he was sitting in the basement and he started crying huge tears and couldn’t move. I felt so fucking guilty going out for dinner. I don’t know what happened in the 3 hours I was gone. He couldn’t move but my mom came down to look at him ( he only liked me ) so he used the last of his strength to go run up into my room ( which was really his room too. ) He ONLY liked me he only slept with me every night between my legs so I know he just wanted to be comfortable. He got into cuddle position like we always do. I should’ve cuddled for him more than 15 seconds. I wanted to rush him to the hospital though and didn’t wanna waste any time. So i picked him up and put him in the carrier. They told me he had huge crystals in his bladder so he couldn’t pee anymore. Surgery wouldn’t have worked bc he’s had this problem before. I needed to put him down and he was only 14 I got him with I was 7 and i’m 22 now. He was with me through the worst times in my life. I feel broken. He was my soulmate. He loved me just as much as I loved him. My legs are so cold when I sleep now. He would always slept in between them. It’s so fucking hard to do anything anymore. He loved watching me brush my teeth, watch my face, he loved liking my face right out of the shower. It was our thing. He liked watching me do my makeup. I used to smoke and he used to LOVE watching the process. When I was ready to smoke he would immediately know and come running up to watch. When I was ready to spark up I would let him on my roof in my room. and he would watch from the roof  ( bc I was scared to get him a contact high ) Now I can’t even smoke anymore because it makes me deeply think of him, and i’ve been smoking for the past 6 years. Doesn’t help that I can’t sleep or smoke anymore. I can’t even eat. I feel like I lost apart of myself. I feel like family and friends don’t understand that this cat was my entire world. My boyfriend seems annoyed with me bc sometimes i’ll just breakdown in tears if i think abt him. I cry every time I get to my house. because everytime id get home he’d come running with a big meow to say hi and now it’s so silent and empty. All I want to do is die and be with him again. I feel so guilty and angry for wasting our last hours. I got his ashes today and completely lost it. I just want him back. I don’t know how to even live anymore. Everything hurts and I can tell i’m scaring all my loved ones away with my grief. This wasn’t just a cat. He was my entire world, He was truly a son to me.",reddit
reddit_1pzyp8t,"My Mom Won Her Battle

My Mom had been in the hospital for two weeks.⁣

⁣

It was a Sunday night (in 2018). I found two back-to-back documentaries for us to binge-watch. One was about The Pope and the other was about The Kennedys: Two of Mom’s favorite things!⁣

⁣

She asked me to get into bed with her, the way we would watch movies at our house, after chemo.⁣

⁣

As I slid into the hospital bed, I felt how tiny my Mom’s body had become. She was a skeleton. I could feel my heart breaking.⁣

⁣

My Mom questioned what I was thinking about (I guess I don’t have much of a poker face). I told her I couldn’t believe her eyelashes had fully grown in. 

'WHAT?!?' she shrieked, as her eyes widened with excitement.⁣

⁣

'Did you get eyelash extensions? Seriously. Tell me the truth. I won’t tell anyone,' I said, trying to look super serious.⁣

⁣

My Mom laughed the cutest giggle, almost as if she was a little girl again. Mom loved when I would gently rub her tiny bald head- She said it took her anxiety away. I rubbed it a few times, stopped and stared my Mom in the eyes again. I was visibly angered.⁣

⁣

'What’s wrong?' my Mom asked.⁣

⁣

'Ummm, when were you going to tell me YOUR HAIR’S grown back, as thick and shiny as ever?!?' I said, trying my darnedest to sound and look irritated.⁣

⁣

My Mom’s face lit up like ‘The Rockefeller Tree’ at Christmas. I’ve only seen that kind of pure joy a few times in my life. Her happiness, in that moment, was electrifying! My heart, which was breaking only moments before, was patching itself up, as my Mom laughed WHOLE-HEARTEDLY.

'What can I say? I’m a lucky ducky' she giggled, as she blinked her eyes and tilted her head from side-to-side, trying to taunt me with her supermodel eyelashes and professional salon-looking hair.⁣

⁣

'You’re lucky I love you, Mom, or else I’d hate you for being THIS gorgeous while IN the hospital,' I said, smiling. 

Her joy had rubbed off on me. My entire soul felt full of her light.⁣

⁣

We nuzzled-in to watch those documentaries. I kept looking over at mom. Her radiant smile remained on her perfect face. 

It was in that moment I realized my Mom had WON her battle with Pancreatic Cancer, even though she took her last breath, a few hours later.",reddit
reddit_1hpdje7,"Happy 2nd bday in heaven to my son &amp; 8 months without my husband 🥹

To the one who made me a momma… so my son Mateo was stillborn when i was 35 weeks along Dec 29 2022 he was born sleeping at 2:10am after my husband &amp; I got into a car wreck &amp; I broke my hip &amp; shattered my pelvis. Today was so hard too.. cause buried next to him, is my husband, Robert. Today is exactly 8 months he passed to suicide. Man this pain is so bad.. only peace is Mateo celebrated his bday with his daddy this year.. &amp; I know he’s in the best hands ever. But I’m broken, I’m empty, I’m barely surviving… but I’m here. Happy birthday baby boy &amp; I miss you both so mu",reddit
reddit_1j49y1u,"My dad died Monday night

I could see the decline in your health the last few months but I guess I was in denial and thought you’d be better after chemo was finished. I’m so sorry I couldn’t be there more for you. I’m sorry you didn’t get to meet Ali while we were still dating. I love you, dad.",reddit
reddit_1gh6ekk,"My daughter has been gone exactly 2 months and today is her 18th Birthday

I have been dreading today but a really great person texted me this morning and reminded me to “make today a day of celebration”. So, while I’m sure it will be hard, that’s what I should try to do

The photo was taken one year ago. Happy Birthday my love!!!",reddit
reddit_1ok4bjq,"Our first and only baby passed away

It's been just under a month that we lost our sweet baby John to SIDS. He was only 3 months old. My wife and I both wanted a boy and we got our perfect little blessing. Somehow he rolled over in his sleep and we found him unresponsive in his lounger. We didn't do anything other than we normally do putting him down to sleep other than mom going to bed a little earlier. The way he looked when my wife woke me up is haunting me, I can't stop the flashbacks and it's really terrifying. I tried my best to give him CPR before paramedics came. When we arrived at the hospital he was already gone. The worthlessness and guilt I feel are unreal. We are both shattered, therapy scheduled to begin soon but I have no clue how to move forward. Everything is a reminder of him, we are longing for another child already and are hopeful but completely scared at the same time. We are good parents and did everything the best we could to try and give him a good life and we both feel completely hollow and shaken to our core. Everyone he met loved him so much and always gushed about how calm and cool of a baby he was and how lucky we got. I only got to bathe him once and it's tearing me apart inside. Any advice is welcome, life feels so empty without our baby. He was my little twin I just feel like I'm burning inside and can't get his face out of my head. Nightmare after nightmare about him and that night. I want to cry out and I have been letting it out but I feel like I just can't cry hard enough to express how I feel about it. He was just starting to pick his head up and babble. I'll miss him forever",reddit
reddit_1jfxo2o,"Forever 4.5 months

My beautiful baby. My second born son. I miss him more than words can explain. Idk why he had to leave us at 4.5 months. Put to sleep to never open his eyes again. Mommy, daddy and big brother are so lost without you. I hope you’re proud of us. The most perfect angel. Levi Saint Ramirez 8/27/24-1/25/25. Just needed to let everyone see his angelic face.",reddit
reddit_1qbuggb,"I really hope it is like this, our loss of loved one is others reunion♥️

This picture made me think a lot. A week before my dad passed away, he mentioned to me, my mum, my aunt that he saw his parents (my grandparents) in his dreams and maybe they were coming to collect him. My dad often saw his parents in his dream and untill the last week of his life he saw them. I really hope though that he did see them when he took his last breath.Although I love my dad so much and miss him more then words can say, it gives me some comfort to think that he is now in the same place as his parents. My dad missed my grandparents a lot and he was their baby.

It’s a nice thought to think our loved ones are not alone. Whilst we have lost them, they have reunited and are happy and loved on the other side, when one day we will join too♥️",reddit
reddit_1s0bsbq,"My 3.5 year old died suddenly and unexpectedly

My 3.5 year old daughter died 1 month ago. It feels surreal. She was a perfectly healthy child. Here's the story:

It started on a Tuesday afternoon. She came home from daycare  (after apparently having a great day) and said her head hurt and she had a sudden fever of 103.5. My husband decided to take her to the ER. They evaluated her and sent her home, as her fever came down with medication. She ate dinner and seemed okay, but then started vomiting. 

I took her back to the ER at 8pm. They saw her again and then had me wait around to recheck her due to a high heart rate. She threw up several more times (every 20 minutes or so), but also drank a lot of water and peed. She eventually stopped vomiting and fell asleep on me at 11pm. We finally saw the doctor around 12:30am and he checked her whole body (no rash) and her neck (which was good). She seemed okay (other than being tired) and the vomiting had stopped. We both thought it seemed viral and she was sent home. We got home around 1am.

The next day, she was very tired and sleepy. She slept most of the day, while I worked from home. I checked on her every 30-45 minutes. She drank 2 small bottles of gatorade, peed and responded to me when I talked to her. She just seemed tired.

At 3pm, she got up off the couch (beside me) and peed on the potty in the bathroom. I brought her back and she went back to sleep. Then at 3:50pm, she said she had to poo. I brought her (she had diarrhea) and when I went to clean/change her under the light, I noticed her skin was a bit blotchy, which i thought seemed weird. I then started observing her symptoms more closely and she seemed unwell. Her hands were cold, her breathing was a bit fast (intermittently) and she just looked unwell. After calling my husband and doing a bit of research, she moved from the couch onto the floor, and I had a bad feeling and called 911 (as I didn't have a car at home). My husband ended up coming home before the ambulance arrived (even thought it had been almost 30 minutes), so I took her myself to the closest ER. We got there at 5pm.

They saw her immediately and seemed concerned. They took her back and started an IV and gave her fluids and antibiotics. Her vitals were good and she seemed stable. They said they were going to admit her, but she had to be transferred to the (very well regarded) children's hospital. Because she was stable, it was not an emergency. In the ER, I noticed small bruising and red dots appearing on her skin (which I now understand to be early signs of DIC - severe blood clotting). 

She was transferred to the children's hospital at 7pm and it did not seem urgent (the driver barely used the siren). Just before we got in the ambulance, I asked the doctor about her blood test results and the doctor said that they indicated sepsis, but on presentation, she did not appear septic.

Apparently her blood pressure collapsed in the ambulance (unbeknownst to me as I was up front with the driver).

When we arrived at the children's hospital (around 7:30pm) she was in septic/toxic shock, so they sedated and intubated her and transferred her to the ICU.  They recommended that my husband come (which he did) and then they asked us to go in a waiting room while they set her up in the ICU.

At 10pm, the doctor came in to the waiting room and told us there was no easy way to say it, but she was probably going to die, as they couldn't get her blood pressure up despite maximim treatment. I didn't believe him. After my husband was able to see and talk to her (just after 10pm), her blood pressure suddenly came up. They said it was a good sign and it could go either way. We stayed beside her all night hoping she would make it. Her test results seemed to stabilize.

Around 3:30am, the latest set of blood tests came back indicating her organs were failing (ph dropping and lactate rising). They told us she was going to die. Her heart stopped at 6:30am.

After the fact, her blood results indicated that she had group A strep. The illness is called streptococcal toxic shock syndrome. Basically a very rare occurrence where an invasive and agreasive form of strep A enters the bloodstream and causes a biological storm in certain (otherwise healthy) people. There is no way to predict or prevent it. In some cases (likely hers) it is so fast and aggressive that even early intervention cannot stop the disease progression. Likely once the first visible symptom appeared, it was already too late to stop. Apparently this type of severe strep A illness is on the rise in recent years (since covid), with higher pediatric deaths in many countries.

My husband and I are obviously devastated. We do have two other children, so that keeps us going.

The point of this post was just to share the story and the fact that sometimes you can (seemingly) do everything right, and you still cannot prevent loss. It is a really hard pill to swallow. For those who have kids, please hold them tight. You never know when it may be the last time. ❤️",reddit
reddit_1j8ddbj,"My dad died very unexpected

My father passed away a month ago. Very unexpected. My stepmom called ans said that my dad had really bad chest pain so they went to the ER. They did some bloodwork.. then sent him to the hospital. They then did a small stint procedure for some blockages. The doctor recommended doing a bypass surgery because he had so many. 4 to be exact. And they were badly blocked. 
He had the bypass surgery and he was in the icu recovering. In the middle of the night on the second day of recovery he woke up and asked my stepmom to go get some ice. She left the room and my dad started convulsing. By the time my stepmom came back multiple people were in the room trying to start his heart again. They tried for 30 minutes.  
I got a call at 2:00am. I couldn't sleep because I was so worried about my dad anyway. As soon as my phone rang I knew my father was dead. There would be no other reason in the world for the phone to ring. 
I didn't answer the phone because I already knew. I had to go into my sister's room and tell her daddy died we need to go to the hospital right now. 
My dad was only 48. 
I am 20. My sisters are 18 and 21.  
They thought it was something genetic thay caused so much damage to his heart so they ran bunch of bloodwork tests. 
We got a call today that said all of the bloodwork was normal. 
My dad has no other health problems, didn't drink, smoke, and he exercised everyday. 
There are so many questions left unanswered, and this was so unexpected. I thought my dad would be around for a long long time. 
He wasn't just a dad. He was a husband, grandpa, brother, son, friend. 
Idk how life will be okay again but all I can do right now is take it one day at a time. It's hard to accept that unexpected things happen. Or that I may not ever get any questions answered. If you pray please pray for my family. We all relied on him and he was our protector.",reddit
reddit_1memsto,"I lost my mommy today- I’m only 21

I don’t even know how to put this into words. Today I lost my mom—my best friend, my person, my mommy. I’m only 21. It feels way too early to be saying goodbye forever.

She was the one who cut the umbilical cord when my son was born. She talked about grandbabies my entire life, and when I gave her one, she adored him with her whole heart. It kills me to look at him now, knowing he’ll never remember her laugh, her hugs, her smell. He’ll never know how loved he already was by her. He’ll never get to be rocked by her or spoiled by her or teased by her goofy sense of humor. And she’ll never get to see how beautiful he grows up to be.

She loved plants and miniatures—tiny things, delicate things. That’s who she was: someone who found joy in small, often overlooked things. She had a soul that was kind and soft and generous, even though life didn’t always treat her with the same care.

Grief is so weird. Like… what do you mean I’ll never see her again? Never hear her laugh again? Never smell her smell again? I still feel like she’s going to call me or walk through the door or send a text. But she won’t. And that truth is swallowing me.

I don’t know why I’m posting this. Maybe I just don’t want to feel alone in this pain. If you’ve been here—lost your mom when you were young—how did you survive this?",reddit
reddit_1qhycca,"My eldest child will be cremated tomorrow

This is Beth (26  NB).

They were one of the sweetest, kindest, funniest most beautiful people. 

They took their own life just after Christmas.

I have never felt so broken, I have never been so lost. We are all trying very hard now to do the things we need to do to keep ourselves safe and well while we grieve.

I guess just wanted someone else to know how loved Beth is and how much we all miss them.

EDIT: I just wanted to thank everyone who responded. I read everything and it meant so much. I've joined the suicide bereavement subreddit. I've taken notes of the books recommended and while I'm not up to reading or even really listening to a book just yet, I've got them on my list for when I can. 

Especially thank you to the people who recognised when they made a mistake with Beth's gender and corrected themselves or accepted being corrected by someone else. My Bethany was always very understanding when people made mistakes, as long they kept trying to do their best.",reddit
reddit_1fb0tr6,"I just lost the love of my life. He’s brain dead and they are trying to keep him here until his mom gets here. Freak accident. 

We were walking a branch fell and hit his head. He’s gone. They told me he was brain dead. We were going to have a baby next year.",reddit
reddit_1gsv83y,"My Dad shot himself last night. I don’t know what to do.

I feel like my brain just filled up with cement. I don’t know what I’m supposed to do. My Dad was texting me last night, replying to my texts about the Mike Tyson fight, and then 2 hours later I get a call from my Mom that she called the sheriff because Dad had sent an “I’m sorry.” Text and then turned off his phone and that scared her. The Sheriff busted down his office door to find he had shot himself. My Dad was all alone in his office, he was probably so scared and sad and no one was there to hug him. I just wish I could have hugged you dad and brought you to my place. I would have watched the fight with you and made you dinner. We could have had one last movie together. I love you so much. I’m so angry at you but I know you were scared. I know you were hurting and the medical appointments just kept stacking but we could have made it through together. You were one of my best friends. You were my science guy. Who else is going to send me space articles randomly throughout my day? I don’t know how to get through this world without your 10 paragraph advice texts. I love you dad. So much. I’m sorry.",reddit
reddit_15es169,"My daughter died in my arms today... I feel Broken

I (m33)  am a single dad to a beautiful girl (15). Her mother left when my daughter was only 2 months old. It was rough becoming a single dad but ultimately just being me and my daughter was perfect. She's always been my little buddy we have a great relationship. 

A little over 2 years ago my daughter got diagnosis with Leukemia that ended up spreading to her brain. We tried a lot but ultimately doctors decided she was terminal. A little less than a week ago my daughter had a seizure that ended up putting her in the hospital. Her health declined rapidly after that. Eventually, the doctor told me he doesn't think she’ll make it past  24 hours. I ended up getting into bed with my daughter and just held her and talked to her. She ended up living for 11 more hours and passed away at 2:37 am July 31st. 

I know this is probably the saddest Reddit story you've ever read if anybody reads this I just needed to rant… I feel heartbroken my Buddy is gone.",reddit
reddit_1bw63md,"All that red hair. Cremation is tomorrow.

I picked two songs to be played during it. 

Heat Wave - Glass Animals 

Weird Al - Albuquerque 

She said Heat Wave was our song. I didn't know why my 24 year old daughter was sending me a break up song but go off. She's special needs and has always been a little other wordly. It wasn't until the funeral home that I really read the lyrics. She'd been saying goodbye. Before either of us knew. 

Albuquerque is our thing. She knows all the words. I'll just randomly jump into her room and yell a line, ""DO YOU HAVE ANY JELLY DONUTS!?"" 

She'd scream back, ""NO, WE'RE OUT OF JELLY DONUTS!""

Any line would start it. And then we would sing/yell the rest of the song. 

I want my baby back",reddit
reddit_1hw32lp,"Memorial tattoo for my dad

I got this tattoo on my arm over the summer. It’s from a note he wrote me ten years ago when I was struggling with my mental health. It’s been on the fridge ever since he wrote it. I love it so much. It reminds me to keep going and keep making him proud.",reddit
reddit_1bx9a93,"It has been a month since I’ve lost my 12 year old daughter. I still doesn’t feel real.

We were days away from starting a new chapter. The last time I saw her alive, I had hugged her and her sisters and wished them a good weekend at their dads. She turned and waved to me as she got on the bus. She passed away at her dads from an undiagnosed blood clot from an injury she sustained playing football. She had a pulmonary embolism and died at her dads house. 

I’m stuck in the phase of a thousand things I could have done to save her. The only thing I was told from her father is that she had a fever in the last 24 hours and needed to be kept home from school. Never a phone call, never a notification that she had went to the hospital, nothing. His new wife called me an hour and a half after she had found her lifeless body to tell me she was gone. If they didn’t feel like calling an ambulance or taking her back to the hospital, they could’ve called me and I would’ve rushed there to take her myself. 

I thought it was a cruel joke. I rushed the 30 mins to their house and as soon as I saw local law enforcement, my heart dropped. I ran into the house and ran up the stairs and she was lying there, on the ground. I sank down and started screaming, kissed her forehead. It was cold. I just kept saying it over and over - she was cold. I didn’t grasp in the moment what that had meant.

She was everything to me. She was everything to her sisters. She was sarcastic and loving and radiant. She was generous. She had the voice of an angel. Anytime we went places like the park, she would come back with children surrounding her. I feel like she was just ripped away from me in the blink of an eye.",reddit
reddit_1rlxat9,"We found out today that my brother's son isn't biologically his..

My brother died at 19. My nephew was born 2 months before that (he's 8 now). He was the best dad, so excited. He had turned his life around and was finally happy. Then, he died. The cause of death was ruled as an asthma attack. My nephews mother is one of the worst people on the planet, and my mom mostly raised him since then, but his mom still had custody. A couple of months ago, some guy randomly appeared and wanted a DNA test. We got the results today, and biologically, he's not my brother's son. My family is absolutely heartbroken. We will forever love him more than anything in the world, but I am now grieving all over again. I don't blame the guy for coming forward, because if it was me, I'd want to know too. I just can't wrap my head around the DNA. He will forever be my nephew and best friend, I just worry because his mom is so unstable as it is. I can't lose him. I love this kid more than anything in this world and the next. My mom and I are going to meet his bio dad and his wife on Saturday. The thought of knowing there's nothing left on this earth of my brother crushes the deepest parts of my soul. My brother will always be my nephews dad to me - DNA doesn't make a family, but god damn does this hurt..",reddit
reddit_1fhhmek,"Today would have been my sisters 30th birthday. She died last week from postpartum preeclampsia complications. She leaves behind 2 young children and 2 twin newborns. Life is so unfair…..

My sister was an amazing chef, baker and most of all the best mother I have honestly ever met. She had her first child at 16, and then 9 years later had another. She got pregnant again in 2023 and gave birth to twins 8/17/24 and on 8/26/24 she went into a coma after a brain hemorrhage from preeclampsia. Long story short, after good progress she had a sudden heart attack from the complications the day before my 25th birthday, and a week before her 30th. It will never make sense to me why things like this happen to good people and good families. 

Happy birthday Talia I was so lucky to have you as an older sister ❤️",reddit
reddit_1hk0hon,"My mama died three weeks ago. She was sick for about a year. Her coworker sent this video from 4 years ago. This is exactly how I want to remember her. 

This is so hard. I feel like my whole world is crashing. However, this video sums her personality up perfectly- happy, silly and goofy ❤️ She was the loan officer for this bank for 35 years. Cancer sucked the life right out of her but she fought and fought until she didn’t have a choice. She kept wanting to fight despite the obvious signs she wasn’t going to make it. Me and SIL cared for
her round the clock those last couple weeks. We kept her with Dad at home, hospital bed in the living room and hospice coming daily. This is so hard but then I think suck it up- people lose their parents every day. My life will forever be different. I try to remember that I was fortunate to have a mama like her but that makes the loss even harder.",reddit
reddit_1f0k0ga,"My baby died and I’m lonely

She should be 5 months old by now but she will forever be 9 weeks old. She was born at exactly 36 weeks gestation and weighed 2100 grams (4 pounds 10 ounces). She didn’t even get to double her birth weight, she weighed 7 pounds at her 8 week checkup. I miss her so much. I just wish I could rub her fuzzy little head again. I miss the smell of her fresh after a bath. I miss watching her daddy read bedtime stories. I miss her stinky little toots and the milk stains on my shirts. My house feels so empty now. My heart feels like it’s in a million pieces. I will never understand why she was taken from us so soon. I wish my baby was still alive. Everyone wanted to come see her then. Now no one comes over and the silence of my empty house paralyzes me into spinning around negative emotions. I ask people to come over but they’re either busy or have some other excuse not to come see me. People always say to reach out when you need help but have no intention of helping when they’re actually asked. At this point I’m starting to feel like I need to have another baby just for people to actually start coming over again. Why has my life come to this? Why did one bad thing have to happen when everything was finally starting to get good? Why did my one true wish come true if it was just going to be ripped away from me so quickly and unexpectedly?",reddit
reddit_1f355zx,"My baby girl died Saturday 

Thank you so much for all the support on my first post. I’m going to continue posting here because I really need to document this stuff. Posting it somewhere gives me motivation to do that. 

I’m in my bedroom. It’s 3:30am on Wednesday. My daughter died on Saturday. I am 28 weeks pregnant with a baby boy.

Saturday night I slept for 1 hour. I have woken up between 1 and 2am every night since then and have not gone back to sleep until 6am or after. 

Last night I took a Benadryl as a temporary fix before I see my psychiatrist today and it worked. I passed out at 11pm and was so drowsy I felt like I was drugged. I hoped and prayed that when I woke up it would be after 2am. I woke up at 1:52am. I took a Tylenol pm to hopefully go back to sleep faster.

This wake up was the first wake up I didn’t need to re-remember what happened. It’s the first in which I’m not crying or screaming hysterically. I am just sitting here, writing, silently crying. I know I will wake up screaming again, but I’m happy I don’t have to do that right now.

Monday night I had nightmares. I slept from 11-1:30, woke up, went to my daughter’s bedroom, cried, wrote, made a playlist, and listened to music. I fell back asleep at 6:30am and had nightmares. In my first nightmare I was holding my baby girl and her neighbor friend was in the room with us trying to speak to her. My baby could not talk, was blue, and was heavy breathing, but she was at the very least not acting in distress. I woke up at 7:00am. I fell back asleep at 7:45am and had a nightmare that we were in a busy road and I couldn’t stop her from running into traffic. I woke up at 8:15. I did not go back to sleep until last night.

Today I’m struck by the physical pain and disconnection I’ve felt. I am overflowing emotionally and cannot feel this anymore than I already am, but my physical being is taking on the pain that I don’t have the capacity to feel right now. There is just that much pain. I feel waves in every part of my body. My chest tightens at random times. My head hurts immensely. My shoulders hurt. One feels like it’s twice the size of the other. I can’t walk much because my equilibrium is thrown off by not having my daughter to hold or push in a stroller. My neck feels like it’s on fire. My jaw is tight. I am just now gaining back the ability to chew soft food. I can’t taste food or drinks.

My SIL and her family arrived today including her 4 kids. I am so grateful they are here. This is so hard for them. We all got to visit with Billie and talk to her in her coffin. The kids asked us questions, cried, and talked about Billie. It was healing for me to feel like there are children that need support and guidance to try and comprehend this unnatural and horrible death. My baby girl died and this was so unfair to her. I don’t get to help her process this. My husband and I have to process for both of us and her. 

My husband has been my rock. We are sharing every thought including the bad and ugly thoughts that feel wrong when they occur. We are grounding each other as much as we can.

Yesterday we had little signs. I walked out of my bathroom then heard something fall on the shower floor. My husband said “Billie are you throwing things?” A head scrubber had fallen. She hated head scrubbers and getting her hair washed in general. She would throw it if given the opportunity. Right after I sat on our bed and accidentally triggered her bluey doll and it played the bluey theme song which was Billie’s favorite. We did countless bluey dance parties while listening to the theme song.

The night before while I was sitting in her room I felt something touch my hand and shook it off like it was a bug, then it hit me that it could be her. I paused, hugged her sleep sack and stuffies I was holding, then felt deep chest pains followed by slight relief. I think she was there, or my brain needs to believe she was there. 

Yesterday we said our goodbyes by her coffin. Then there was a freak storm last night that was not predicted. Billie was born in a snow storm on the coldest day of the year. It makes sense she would tear up the skies with a lightning storm on her way out.

The more I connect to this pain and feel it, the more I feel this was her heart.  We are waiting on autopsy results so hopefully we get answers, but I know we may not get any.

Photo is from bluey’s big play which we went to the weekend before she died . I love you baby, I can’t wait for our next dance mode party together.",reddit
reddit_1sg78bb,"My 13 year old daughter died.

How has it been 259 days since she went to school absolutely 100% healthy.

how has it been 258 days since she woke up the morning with an ear ache.

how has it been 256 days since she sent me a text in the middle of the night mommy take me to the hospital please.   i cant breathe.   i am busy dying

how has it been 256 days since being admitted to hospital for anemia but no other apparent cause.

how has it been 255 days since she was put on high flow oxygen.

how has it been 254 days since a CT scan showed pneumonia in both lungs without her coughing once and being put on cpap.

how has it been 253 days since she was diagnosed with severe heart failure and moved to ICU just incase she goes into respitory failure.   how was this the last time i ever spoke to her.

how has it been 252 days since her lungs gave out and they needed to intubate and sedate her. And how is it possible that she was trying to contact me because her last time on line showed about 30 minutes before the hospital called me and they didn't allow her to make that call.

how has it been 252 days since they called and said they just intubated her. but she didn't go into cardiac arrest yet.

how has it been 250 days since the hospital called at 3:58 in the morning to say she went into cardiac arrest and they did CPR for half an hour but she was pronounced dead 18 minutes ago.

how has it been 245 days since i last saw her and touched her ice cold skin.

how is it possible for a healthy 13 year old to go from 100% fine to an ear ache, to pneumonia,  to heart failure  to death in just 8 days.

how does a 13 year old heart just stop beating.

how is my child dead.

how is the world continuing as if nothing happened.

how am i going to work everyday as if nothing is wrong.

how is it possible that she is gone. 

 how did all these days pass without her.  

how does it still feel unrealistic.   like really, how is it physically possible that she is dead and i haven't seen, touched or spoken to her in so long.

and how can you almost forget it and then the realization hits like the biggest gut punch ever.

how is it possible to feel like i just had her at home yesterday.

and how is it possible to feel like it has been a million years.

how are we supposed to move on and continue living when she is not.

how is my heart still beating when hers just stopped.

how.....",reddit
reddit_1brfhjh,"I lost both my parents 5 days apart

It was just 2 months ago. I lost dad to glioblastoma and mom to a very rare blood disease. I will be spending my first Easter without them. I took care of both of them for almost a year. They were the epitome of true love. Mom couldn't live without dad and she kind of gave up once he was diagnosed. Sometimes I feel bad because my focus was on keeping him safe. He was an easy patient. Always happy unless he had to get an MRI. He had never been sick so he had to learn. Mom had been sick for 17 years but her death was shocking. I was hoping she would fight to stay for my nieces. I was always their third wheel. We always vacationed together and had nice dinners. I miss everything my life was with them around. Anyways here's a picture to see how cute they are",reddit
reddit_1ouds2l,"Today was the day we were getting married 💔😢

My fiancee Vanessa and I got engaged on March 30th, 2024 and planned our wedding for November 11th, 2025. We chose that day because once the clock struck 11:11 we would make a wish together, we had done that for years. Even if I was at work or we weren’t together, when the time hit 11:11, we would text each other to make a wish. That was always something very special to us so we figured we should get married on 11/11. 

When she passed on August 31st this year, I knew every single day would be hell, but the three dates that would hurt the most were September 24th, which was our anniversary of becoming a couple, October 6th which was her birthday, and today. I think this one hurts more than them all because after finding the one I wanted to spend the rest of my days with, I had the greatest outlook on life. I had never been happier. I had never been more content waking up and seeing her next to me, my heart was whole. I had found my home, I was marrying my soulmate, but now my soul feels so displaced and my heart aches. I don’t know how I’m supposed to accept this, how can we love the people in our lives so deeply, and then one day, simply never see them again? I get told “you’re young, you’ll find love again..” and that frustrates me more than anything, because I don’t WANT to find love again. I only want HER love, I only wanna feel HER touch. I want her back and everything we had. 

Happy wedding day baby, marrying you would’ve been the happiest day of my life and I hope you know that. Growing old with you was all I wanted, it would’ve been a beautiful gift. I also hope you know that although we may never been able to make it legally official, you will always and forever be my wife. I still make a wish at 11:11 every day, but sadly this one can’t come true 🙏🏻 rest in heavenly peace my beautiful girl 🙏🏻 until we meet again. I love you forever 🩷🩷🩷",reddit
reddit_1jnrc6l,"Finally got my tribute tattoo for my love.

I finally got my tribute tattoo for my fiancé and father of my child. He passed when our son was 8 months old, July 17th, 2024, fought an incredible fight but succumbed to Epithelioid Pleomorphic Liposarcoma. I miss him so so much. This has been beyond any kind of pain I have ever been able to imagine and I do not wish it on anyone.",reddit
reddit_1qivc37,"My soulmate of 25 years left me on January 9th, 2026. My heart aches every single moment..

We grew up side by side, through all the laughter and all the tears.. When she died, a part of my world died with her, nothing feels the same anymore.. She was my constant companion, my home, my heart, my routine, my comfort, my whole world.. The bond was real, deep, beautiful and pure.. I miss her so so much, that it hurts.. Words will never be enough to express how much my heart longs for her..

I’m so lost without her..

  
UPDATE, 26 JANUARY.

To everyone who sent messages and comments about JJ, THANK YOU. I read every single one wholeheartedly.

I joined Reddit 4 days ago, just to feel less alone and to talk to people who understand this kind of pain... Your words comforted me, held me up, and gave me strength during my deepest grief. In this painful time, your kindness reminded me that I'm not alone..

Sending love to everyone grieving a soulmate cat or dog, and THANK YOU for loving JJ with me..",reddit
reddit_1ld8i90,"Pics of me and my dad cus fathers day was really hard.

I miss him so much :( had a big cry in the bathroom at work yesterday. Last week my therapist asked me what I miss about him and I just started crying inconsolably. The shock started to wear and the reality started to hit and it really hit me hard this month, it's only been 5. How am I gonna live the rest of my life without you here dad, I wasn't ready",reddit
reddit_1m0t37u,"My Mom passed away this morning. Tomorrow is my Birthday.

We lost her at 4am this morning.

She fought so hard.

I was with her every step of the way.

She trusted me to take care of her.

Her body just couldn’t take it anymore.

Pancreatic Cancer.

She was 69yrs Old.

I’m her youngest of six.

I turn 39yrs old Tomorrow.

She must have known I wouldn’t be able to handle her passing on my Birthday. 

She was always thinking of me.

I can’t help but feel she did what she could to preserve my Birthday. 

….it hurts so much. 

I find myself without a firm shoulder to cry on.

Thank you for hearing me out. 

I love you Mom.",reddit
reddit_1fesaz7,"Many people have waited for the update. Today was the organ donation. And the honor walk. He’s going to be able to save 6 people’s lives. 

Im shattered, so much has happened in a few days. Just know he fought hard. They were able to save his lungs and heart, and many vital organs. He’s going to save 6 people. I don’t really have the words, my heart is broken. My comfort is that he is reunited with his twin.",reddit
reddit_1c26dw5,"Lost my brother yesterday to suicide, I’m devastated

March 2004 - April 2024
He loved chess, soccer, and video games
Worst thing is that I didn’t even know he was feeling suicidal or sad, I wish I could’ve helped him",reddit
reddit_1rdbjy0,"Unless I die young as well, I’ll live over half my life without my mom. How do I come to terms with this?

I just miss her so much. It’s been 8 months and my heart is so broken. I have a baby and haven’t had time or space to express myself creatively to help me process this loss. Well, this one of 3. Mom, Dad, brother all gone in a day.  I just want this to be a lie.  How do I ever accept this as reality?",reddit
reddit_16dtf0p,"My 10 day old baby girl passed away a week ago

Adalynn Everly Rose Geveden was born at 37 weeks on Monday August 21st at 12:51pm. She weighed 5lb 9oz and was 16.5"" in length. A tiny beautiful piece of heaven, a precious little girl I've always prayed to have since I was old enough to know I wanted to be a mama. 

She had a rough start, staying in the hospitals' NICU for 7 days due to respiratory distress. The doctors think she was actually only 35 weeks old and not 37 weeks as initially believed. She fought hard and strong and quickly had her cpap removed, followed by the IV and feeding tube removed. She breast fed every 3 hours during her entire hospital stay even with the tube in and we all bonded quickly. She got off all of her monitors and we celebrated her homecoming on Monday the 28th. 

Our dreams had come true. A beautiful baby girl to call our own. With 3 big brothers to greet her and protect her growing up. 
The following 3 days and nights were complete bliss. The most joy of all of our family together and the love shared, the snuggles experienced, the pure joy in our home was unmatched. 

I dont know how to even share this, as I cannot even believe this is reality, but Adalynn passed away yesterday, Thursday August 31st. She stopped breathing. After her mawmaw and I performed CPR for what felt like forever, medics arrived and took over but once at the hospital there was nothing anyone could do. They couldn't save our Addy. Our baby girl is now an angel in heaven. 

PLEASE im begging you from the bottom of my heart to pray for our family during this time of tragedy and hold your babies (big or small) tight tonight because we never know how long God gifts them to us. 

Adalynn Everly Rose Geveden 
Born August 21st 2023 at 12:51pm
Passed August 31st 2023 🕊

Unsure how to get through this next week, devestation doesn't begin to explain the Boulder on my chest and the bleeding in my heart. 
If you are able, maybe please consider seeing her pictures but more importantly please lift up our broken hearts in prayer. I could really use all the HELP possible right now. Im just at a complete loss😭😭😭",reddit
reddit_1sikec6,"My son passed away yesterday

He had multiple health issues, but he was such a happy kid. My wife and I are devastated. I'll forever cherish the time we had together.",reddit
reddit_1mt4ktk,"My son passed away this July how does one go on?

My mom was watching my kids and my son ended up passing away due to an accidental drowning on July the 12th. I cry and read to his ashes every night. I start therapy Wednesday but moving on feels so wrong. He was seven three days away from turning eight. He was supposed to do more and be more and I don’t even know how to be. It feels unreal and then as the day goes on my brain says hey he’s gone forever. Then I lose it again. I’m so sad and angry and heartbroken. I feel like everyone I talk to is just being polite and trying to help me get through it but I just want my baby back. I just want him back. I feel crazy for still being sad while everyone around me goes back to normal life. I don’t even know what normal looks like for me anymore.",reddit
reddit_1lcfioh,"Tomorrow I turn 27 the age my mom died by suicide

Tomorrow I turn 27. It’s a weird birthday for me because my mom died by suicide when she was 27. I’ve thought about this age for a long time what it would feel like to reach it. I used to wonder if I’d even make it. My dad would sometimes say I was just like her, but not in a nice way. When I made mistakes (and I made A LOT), he’d throw her name at me like a insult. Like I was going to end up the same. It really messed with me. For a while, I believed him. But I didn’t end up like that. I’ve built something different. I got married. I had kids. I started my own business. I got help when I needed it. And honestly, I’m proud of how far I’ve come. I’m proud to look like her, too. My relatives say I remind them of her in the good ways. That she was funny, full of personality, really loved. I hold on to those stories. This birthday hits hard. There’s this deep sadness I can’t shake not just for losing her, but for everything she didn’t get to have. She had so much trauma, and no real support. She was so young. It hurts thinking about how alone she must’ve felt. I wish things had been different for her. I wish she could’ve seen the life I have now. I wish she could’ve stayed.

I don’t really know why I’m posting this. Just needed to say it out loud, I guess. To mark the moment. I love you mom. I still have so many questions that will go unanswered.",reddit
reddit_1o762d6,"I lost my son and my mother in the same week

It’s taken me a while to come here. I guess I bottle up some feelings. I lost my mom back in 2023 to an unforgiving, grueling battle with cancer. The morning after her funeral, my wife and I found our 2 year old son dead in his crib. We still don’t know what happened to him. Medical examiners couldn’t find anything.

I don’t really know what I’m looking for. Last night I had a bit of an overwhelming urge to post and maybe connect with some people that would understand. I just really miss them. I wish life didn’t end up this way. I suffer from some sleepless nights at times just thinking about how my wife and I found him. Thinking about how things could have been different. And during those rough nights I’m just waiting for something bad to happen again.

I think the worst part is that when my son died, I was so unbelievably saddened, and with their deaths being so close, I couldn’t even mourn my mom properly. Her birthday was a few days ago and I didn’t even go to her grave to visit her because my son and her share a grave. When I go there, I think about my son a lot and a part of me feels like I’m doing her a disservice. I just can’t shake that feeling. It makes me feel awful. I don’t think my mom would take it personally because she loved her grandson so much.

I’m glad they had some time together. I’m really glad my son didn’t die before my mom. Even in her last days, she was so happy to see him by her side. I think it would have completely crushed me if he died before her, as messed up as that sounds. After all this happened, I had a lot of ideation about not living anymore (might make another post about this). Luckily, I have my beautiful wife, two other kids (one of them is my son’s twin), and some really great friends and family that dropped everything they were doing to help my family and I. They ultimately saved my life.

I feel really bad for the people that didn’t have the support I had. I guess that’s why this page exists. Even with the support I still found myself here. Sorry for such a long post. If you made it to the end, I appreciate you. If you only read a few sentences, I still appreciate you because we all need all the support we can get.",reddit
reddit_1lz3fl0,"Took my dad to a ball game :,)

My dad loved baseball, so today when my boyfriend and I visited a new ballpark, we brought my dad ❤️ Feels a little strange, but so happy I have someone who made me feel not weird about this. Not that it matters, because it felt nice to me, but do people  think this is odd?",reddit
reddit_1hre1ue,"one year 

We got through all of the firsts. First birthdays, first holidays. The whole first year. Now I have to learn how to live the rest of my life without you. 

I’ve read that you don’t remember much about the first year after losing someone to homicide.  I hope that’s true. But I’ll never forget the moments you came to check in on me. When I could feel your presence so strongly. Like sitting on this bench, looking at where grandma took this picture of us 28 years ago. Thank you for being my guardian angel both when you were here and now that you’re gone. I miss you so much. I love you.",reddit
reddit_1i835rl,"I lost my girlfriend to suicide last night

last night unbeknownst to me at around 8:30pm i lost the love of my life to suicide. she was only 20 years old and incredibly intelligent and loving. she loved chemistry and playing the guitar and was even in a band that unfortunately will never get to perform with her. she was everything to me. my hope, my dreams, she wanted to marry me. never have i felt such a massive hole eating away at my heart before. I’ll love you forever, Natalie.",reddit
reddit_1fc3abh,"Not sure if it’s appropriate to post it here. Please pray if you pray. Signs of responses after being told he was brain dead

I posted here not long ago. We were waiting for the organ donation process and he started showing signs of responses. They said it’s like just reflexes, spinal responses. He squeezed my hand. His leg shoots up if you tickle his foot. The hospital he was at last night fucked up. They didn’t do the correct trauma care. There’s like a .1% chance he will be ok but fuck.",reddit
reddit_1oygqq1,"People romanticize “having time to say goodbye,” but losing a parent to terminal illness is one of the most traumatic experiences I’ve ever lived.

I don’t think people truly understand how traumatic it is to lose a parent slowly to cancer or any terminal illness. Everyone says things like “At least you have time to say goodbye” or “You know it’s coming,” as if that somehow makes it easier.

But there is nothing romantic or gentle about watching someone you love fade away piece by piece.

No one prepares you for the reality:
	•	Watching them lose their appetite… then their thirst… until they’re barely taking anything.
	•	Seeing them become confused, altered, drifting in and out of awareness.
	•	The pain, the dyspnea, the restlessness, the slow loss of dignity.
	•	The way they lose function—walking, then standing, then even sitting up becomes impossible.
	•	The endless hospital stays, the alarms, the constant decisions you’re forced to make when you’re already emotionally shattered.
	•	The moments where you think, “This is it,” over and over… only for them to slightly stabilize before declining again.

People talk as if anticipatory grief is some sort of blessing. But in reality, it is constant, prolonged trauma. It’s living in a state of fear, guilt, hypervigilance, and heartbreak every single day.

And I’ve realized something important:
A loss is a loss - whether sudden or expected - and each carries its own kind of trauma.
Sudden loss destroys you in a moment. Expected loss destroys you slowly. Neither is easier. They are just different kinds of pain, different wounds. Both leave marks that stay with you.

I love my parent more than anything, and I would choose to be here for them every single time. But witnessing this kind of suffering… watching them disappear in front of you… it changes you on a level I can’t fully put into words.

I just needed to say this somewhere, because people don’t talk about how heavy, messy, and truly traumatic this experience really is.",reddit
reddit_1f7atgk,"Today is 9 days since my baby bear died. 

This is a continuation of posts from my wife and I about our 2 1/2 year-old daughter Billie. We have navigated a hard number of difficult life events over the past 3 years. My father has died, my wife’s grandmother has died, my mother was diagnosed with dementia, we moved her into a nursing home, I was laid off from my job and got a new job, my wife was laid from her job of 10 years, and we’ve started a business. It’s pretty obvious to say, but all of those things combined absolutely pale in comparison to what we’re going through right now. I thought losing my dad to cancer in my 30s was the hardest thing that I’ve had to walk through in my life. My dad would’ve said, “man plans, god laughs.“ 

30 minutes before my daughter died, we asked Billie what she wanted to eat. She was just getting to the point where she would be clear in her conviction to open ended questions such as this. With absolute certainty, she said, “pancakes.” We found a restaurant nearby that had pancakes. When we got there, she started crying a pain cry that I hadn’t heard for a long time. We left before they even poured our coffees. The waitress was serving us told me that she had four kids, and completely understood. She gave me the milk that they had poured for Billie, and wouldn’t let me pay for it. I thought about her today, and the fear and confusion she must’ve felt, as six minutes later there were police and ambulance screaming to our location at the grocery store in the same shopping center where my daughter’s heart stopped beating. She must’ve known what happened, or at least been able to guess. 

So far in my grief, my way of processing has been to reach out to anyone and everyone who knew me, my wife, and possibly knew Billie, and just tell them what happened to us. I don’t know why that waitress popped in my head today, but part of me wants to tell her what happened too. She was there that day. She was one of the last people that saw my daughter alive. Maybe part of it is shock and disbelief that Billie is gone, and talking to someone who was there that day helps to remind me that she is really gone, and she’s not coming back. That last hour was such a blur. The EMT told us outside the grocery store that she was not breathing on her own, and her heart had stopped beating on its own, and maybe it’s confirmation bias, but part of me knew that it never would happen on its own again.

It struck me that if Billie had asked for any other food we might not have been at that restaurant, or nearby that grocery store that my wife sprinted into while Billie fell limp in her arms, not had an ER doctor that happened to be at the grocery store getting balloons for his 2 year-old granddaughter’s birthday party and was available to perform CPR while my daughter died on the floor. All of those things happened, and it proves beyond a shadow of a doubt that there was absolutely nothing we could’ve done to save her life. Everything we did was the right thing to do to save her, and there was nothing we could do to stop it. We’ve spoken to this doctor a couple of times in the last week. We’re forever connected now. He’s a part of my daughter’s story and I can’t change that.

Today is 9 days since my daughter died. My wife and I went to breakfast this morning, and I ordered pancakes.",reddit
reddit_1oddkv5,"The first and last photo I have with my mom. She died shortly after that photo was taken.

She's been gone for 5 years but the wound hasn't healed yet.",reddit
reddit_1mz5ogm,"I lost my sweet, younger sister to suicide. 9/26/25 would be her 27th birthday ❤️ I love you, Anna!

I miss you and wish you are still here with us. I would do anything to get you back. I love you I love you I love you ❤️",reddit
reddit_1aq9wso,"My Fiancé died unexpectedly and I’m completely devastated.

I posted earlier last week about the unexpected loss of my sweet love, Hope. I found Hope barely hanging onto life in the around morning of February 9th. I initiated chest compressions and mouth to mouth and dialed emergency services, but Hope was unable to hold on and died in the ER. My life has been turned upside down. We had so many plans and ideas of what our life was going to be. Hope was a beautiful woman. She was thoughtful, kind, empathetic, hilarious, and a genuinely good human being. She had an amazing smile and presence that filled your heart when she was around. She saved my life when we first met. I was going through a lot of hardship and depression when we started dating and she took a chance with me. We moved in with each other and built a wonderful relationship and life together. We got a dog named Ozzy and we called ourself a “pack”. Whenever we’d get home from work, she would always joyfully say that “the pack is back!”. Now she’s gone, the “pack” has been broken. I miss her so much, my sweet Hope. I thought we were to grow old together. My mom recently died in December of 2023. And now Hope is gone, I have lost both of my best friends. I was just beginning to get better from losing my mom. I was able to listen to music again and was able to fall asleep a lot easier. And now it seems like I have regressed to a low that I never thought I’d feel. I’m completely devastated. 
I have so many regrets and what ifs that occupy my mind. I don’t know if I’m going to be able to climb out of this abyss. I miss you so much my sweet love. My beautiful Hope. Rest in peace my little angel.",reddit
reddit_1slr4tg,"Grandpa who raised me passed on March 7th. I got a letter he dictated to me while in hospice.

Oh grandpa. I had no idea he was going to do this for me. I unfortunately didnt get to see him at the end. He went by MAID, peacefully. I finally got to spend my time with my grandma this past week and she gave me this letter he wrote me. Its now framed and in my room. He couldn't write in the end, his hands shook too much and so my aunt typed it out as he dictated. This is more special than any heirloom I could possibly get.",reddit
reddit_1krg0pu,"It’s been 16 years since my dad and his 4 friends died in a boating crash. This is what grief has taught me.

**CW: Sudden loss, accident, grief**

Sixteen years ago, my dad and his four friends were killed in a boating crash, just one week before my high school graduation. Today, on this anniversary, I’m sharing my reflections on grief, love, and carrying his memory:

16 years. 192 months. 696 weeks. 5,840 days.

Sixteen years my father has been gone from this world, and still—I remember it like it was yesterday.
Odd how memory works. I can’t recall the details of ordinary days. I don’t remember the exact outfit I wore to graduation. I couldn’t tell you what I had for dinner last Thursday. But the moment I lost my father? That is seared into my bones.

For years, grief was a storm that lived in me. I didn’t understand then that grief is just unspent love. It doesn’t go away because the love never does. At first, the pain was relentless. It clawed through my days and haunted my nights. There were moments when I was afraid to sleep—because even my dreams betrayed me, playing scenes I didn’t ask to remember.

People said, “Give it time.” I hated that. But with time, I realized they weren’t entirely wrong. No, time doesn’t heal all wounds—but it does soften the edges. It gives you space to breathe *between* the waves. 

Eventually, scar tissue forms. You don’t notice it at first. But one day, you realize the sharpness has dulled, the ache has rhythm, and the grief doesn’t ambush you quite the same way. That’s not forgetting. That’s your heart learning to hold it differently. Grief becomes something you carry on your own terms—in your own time, in your own way. There’s grace in that.

It’s been 16 years. I’ve grown. I’ve healed. I’m okay—truly okay. The grief no longer swallows me whole. Now, it visits like an old companion—one who reminds me how much I loved, and how much I still do.

My father was one of a kind. Flawed, human, full of light and wisdom—not quiet, but bold and magnetic. He was loud, funny, lived by his own rules, and commanded respect without asking for it. He was loved by many, trusted by even more, a man of his word with a presence you didn’t forget. He was a trusted businessman, the glue in many friendships, and the kind of light that could shift the entire energy of a room just by walking into it. I hear his voice in my head when I need clarity. I feel his presence in my big decisions, my quiet victories, and in the ways I’ve learned to be free and uninhibited. I look at my twin brothers becoming the men they are meant to be, and I see him there, too.

I think often about the people I love and how distance can stretch those connections. I haven’t always been the best at staying in touch—and if I’m honest, part of that is because I moved over a thousand miles away from home. Some days, the only way I knew how to cope with the distance was to pretend I didn’t miss anyone. Pretending not to need people made the ache feel less sharp—but the truth is, I’ve carried you all with me, every mile, every year. 

This year, more than anything, I’ve been thinking about love. Not the kind in movies, but the everyday kind. The kind that calls. The kind that forgives. The kind that says, “I’m proud of you” or “I was just thinking about you.” The kind that says, “I love you” out loud—not later, not eventually, but now.

Because if there’s anything loss teaches you, it’s that we don’t have time to hold our love hostage. Don’t wait to say the thing. Don’t assume they know. Tell them. Hug tighter. Speak softer. Laugh louder. Say it now. Life is fragile, and unspoken love is one of humanity’s quietest tragedies.

Life redefines itself. We redefine it, too.
Loss doesn’t mean gone—it means transformed. The people we’ve loved and lost are not absent; they are simply different now. Still with us, just in new ways. In a breeze that feels like a hug. In a song that plays at the exact right moment. In a dream that feels too vivid to be random. They are always near, always available to us—just in a new capacity. Don’t let regret settle into your heart; it only takes up the space where love could be. Know this: they love you still, fully and unconditionally. And their presence will find you when you need it most.

To those reading this:
If you’re hurting, healing, or just navigating life, I hope you remember this—grief is not the enemy of joy. It’s proof that your heart was wide open. And if it’s open once, it can open again. And again. And again. You will laugh again. The smile returns. The light shifts. The love remains.

And to my dad: I miss you. I hope you are proud of the person I’ve become. I’ve tried to live in a way that emanates your free spirit and hard work. You did the best you could with the time you had, and that is enough. You were enough.

Continue resting in peace, dear father. I carry you with me always.

You have greatness inside yourself! 

I remain,
Jamie",reddit
reddit_1nsb4n0,"i miss my mom so bad, and the trauma of her death is destroying me.

i’m 18 years old, and my mom died almost 5 months ago. she had stage four cancer, and she died of a pulmonary embolism- about 2 years sooner than she should’ve. we were on a trip to alaska, got back the night before she died, and i found her when i woke up. when i called 911 they told me to attempt chest compressions, to which i did. all i can think about is how cold she was. how nothing came out of her mouth when i tried to save her. watching the strongest, liveliest person i know lay dead on the floor is the worse thing i’ve ever seen. not only was she my mom, and a great, empathetic, caring one at that- she was my best friend. like, my ACTUAL best friend. she knew me and i knew her, better than anyone. i feel like a huge piece of me has died with her. i can’t help but feel guilty sometimes, that maybe if i had heard her fall i could’ve saved her. i don’t even know. i’m just so lost. does this get easier? when do i stop thinking about it? how cold she was? how all of her makeup that i used to sneakily steal is mine now? how i’ll never get a new photo of her again? the past is all i have and i feel like it’s not enough.  yes, i’m in therapy- but it doesn’t feel like it helps 80% of the time. i live with my dad now, as well, who consistently and repeatedly compares my mom’s death to his breakup with his ex-girlfriend of 1.5 years…. which makes me so angry. i feel hopeless. i’m attaching a photo of her, the last one i took in alaska. you can feel how bright she was in every photo.",reddit
reddit_1i9f437,"Dad died Tuesday with me holding him. I'd like to stop thinking for a month at least.

He was 90 and has had Alzheimers for about 10 years. I'm grateful I got to be with him and that he still knew who we were, but it's like a flaming cactus in my mind that I'd like to not think about.",reddit
reddit_1ffdkvo,"My wife passed away earlier today. I don’t even know how to begin dealing with this

I’d be appreciative of any advice from someone who’s gone through this",reddit
reddit_1mu4osp,"No longer want to participate in life

This is Stacey, my best friend, my soulmate, my lover, my fiance and mother to our children.

We spent 13 years completely in love, She tragically passed from heart failure 25 minutes after giving birth to our third son Luca who is now 4 months old. She was 31.

The weight of it all is too much. 

She lit up the world in ways no one else could. We had a dream life, dream house, dream car, beautiful family, living at the beach. Now none of it matters, grief pulls you apart and reshapes everything you thought you knew. 

Although we have children who I love, not having her presence in my life has made me give up on the world and I feel like the shittest father ever. I am still their father and love and care for them but there is a dullness and ache to everything now. A world without Stacey is a world I do not enjoy. I can’t wait to die when my time comes.

A rant to the void for my fellow grievers.",reddit
reddit_1sbmaka,"Its honestly crazy how youre supposed to ""live"" for another 20-30 years after your parents pass and its supposed to be normal....

Im just ranting

Some people lose their parents at a much younger age or dont have them at all, and I am sending them hugs and hope they do good/

  
but like wtf just ""living"" after your mom and dad go? wtf am I supposed to do? wtf is this shit...like I already dont have kids because I dont want them to go through the same stuff I felt, anxiety and all.....like should I just move to a city and be a taxi driver and save all my money wtf",reddit
reddit_1i0wv9a,"I will never have this mac and cheese again...

The night before my husband was tboned by someone running a red light, he made his delicious mac and cheese. There were loads of leftovers as we liked to make meals that lasted a few days.

The day he had his accident, I moved it to smaller containers and threw it in the freezer.

That was half a year ago. He died in hospital a week and a half later.

Today I had the last container. That flavour, the shrimp, sausage, Chickapea noodles, veggies and cheddar cheese... I will never have it ever again. This is it.

I miss him so much...",reddit
reddit_1hoc052,"My mom lost her battle to cancer today

I will forever miss her and love her, she was the best mom i could ever have, my only wish is to get to talk to her again someday. Maybe in heaven, maybe in another life, i dont know.
I will be heartbroken forever. I'll always love you mariana o mami💗
First pic is a month ago, second is last weekend and 3 and 4 are from 10 Days ago, her birthday.
Im so happy we got to celebrate her birthday and mine, that is 2 Days later from hers, together💕💕💕💕💕 im so grateful",reddit
reddit_1qiamwz,"Found out my boyfriend died last night

Euan (pictured on the left) had been the one constant I had had in my life in the last year since moving over to a new country on my own. 

He was a beautiful soul who ended up getting beat by his addiction. I had left his on Saturday night and the last time he responded to me was an hour after I had left. I had called a welfare check cos I didn’t have keys and they found him in his bed. 

My heart breaks because he died alone. My heart breaks because he had just started a new job and had just gotten a new place. 

My heart breaks because I keep wondering if I was there on Saturday night that he could still be here.  I know it’s a stupid line of thought to go down.

His mother is letting me go to the house when she’s clearing it up and letting me be a part of the arrangements which is nice when I only met her once. 

He deserved so much more and I keep cycling through just tears and anger and numbness and all my support network is in a different country.",reddit
reddit_1qk83xe,"He has been gone longer than we have known each other. I have no one to share this with.

It isn't even today on the dot. That day passed a few months ago. I just realised it today. That fact makes me feel even more awful. 

I can't believe how beautiful I look in these pictures. After years of foster care, mental hospitals, homelesness (while still going to uni and working a job) we found each other, after a while we moved in together. And for a little while, life was kind. And looking back, my gosh, I looked radiant.

Now I am also diagnosed with a neurological disorder, still in and out of hospitals, don't have a home anymore and I lost 6 more people. But still, from all the things in my life, if I could make one wish, it would be wishing him walking through that door. 

No one who is in my life at the moment knew him personally, so I am grateful to share these pictures with you here. Thank you to anyone who looked at our pictures together. Proof of a love that I carry.",reddit
reddit_1m4arvi,"Got 3 months left with my mom

My mom is 57. She is incredibly strong, funny, lively, warm, kind, outgoing, beautiful. She loves working with kids, and this is why she has been the best mom ever, patient, caring, understanding, fun, and always supportive. She is a rebel and an activist and she travelled the world to help people who are less fortunate than her. 
She is a single mom, my dad was never really in our lives and lives abroad, it’s always been me and her against the world. We always called each other the love of our lives, our light. She is my sunrise, my northern star - like in a song I wrote for her years ago and like the tattoo I’ll get in a week. Don’t have much family other than her, my younger half-sister who lives with my ex stepfather and has a rocky relationship with my mom, and my mom’s sister who I see more frequently since mom got sick. 

She has stage IV liver cancer, diagnosed 2 months after she won the battle with colon cancer last year. Chemo doesn’t work anymore and they stopped all treatments last month. I’m contacting any hospital I can to find any possible treatment with no success so far. I’m her caregiver, we live together. She had already survived a sudden brain aneurysm in 2021, I was 18 and I was terrified to lose her ever since. I dropped out of college and cancelled my plans to go abroad to be close to her in the hopes someday I’d be able to focus on my “adulting phase”, but well.

Today, doctors told us she has 3 months. I don’t know what to do, what to feel.
We have a messed up situation with heritage, mortgage etc. and she keeps talking about it. It’s a nightmare and doesn’t seem real. My friends don’t know how to support me and I don’t either. If I don’t want to go out, they just go without me. Stings but I don’t expect them to understand. I got off work early and don’t know how I can keep working if I’m crying most of the time and iI work with the public.

Mom and I had an openhearted conversation before she fell asleep - im writing this laying next to her. I cried telling her I don’t know what I’d do without her because I have no one else and that I’m sad because she doesn’t deserve any of this. She said she’ll always be here even if I don’t see or hear her. I recorded the whole thing. I feel guilty for making her sad, but I feel like we have to say these things to each other now. I asked her to write me a letter and I’ll write her one too. 

I’m thinking of all the questions I could ask her, or any practical thing that might be useful for the “after”. Do you have any questions you’d ask or practical matters to fix that you’d suggest discussing with her? What are some things i can do that I’ll be glad I did later? I want to be somewhat prepared even though I’m guessing you can never be prepared enough. I’m stuck in a limbo of desperation, hope, denial and love. Do you think being hopeful/in denial is better than being crushed/aware before a loved one passes? 
It doesn’t even feel real that I’m writing this post. She was supposed to walk me down the aisle one day.

I’m really sorry you’re in this sub, sending love your way.
And fuck cancer",reddit
reddit_1f4wq22,"My baby bear died last Saturday

I’m sure some of you have been seeing my wife’s posts about our daughter Billie. I’m dictating this post because the Sunday following the day she died I saw a cabinet in our garage that we had bought for her and yet to put into her room, lost my mind, screamed, “she’s never going to fucking use that“ then punched a refrigerator. I broke my hand in two places, and thankfully in a follow up appointment yesterday I learned I will not need surgery. My wife and I have been circling around and together in ways of processing our own grief. I felt a commanding need to reach out to as many people as possible. I don’t want to carry this grief alone, though I can’t always reach out and ask for help. I hope that people just show up, or call, or text, just to let me know that they’re thinking about us. 

I’ve also continued to be in caretaker mode as we’ve had to make sure that our baby boy on the way is doing OK. Now that I have a stronger belief or evidence that our son is doing OK, I think some of my adrenaline is leaving my body, and I am having a delayed reaction. I did not sleep last night. I’ve slept OK the last few nights, but last night, I woke up around 3 AM, and couldn’t fall asleep again. Our daughter is everywhere. Whether it’s crayon drawings on our windows in our bedroom that we’ll never wash again, or her little booster seat in our kitchen table, she is showing us physical and even less direct ways that she’s still here.

My whole family wrote letters to her using her art supplies, and did drawings and added pictures. I haven’t read all of them, in fact, I haven’t read any of them, but I’m glad we got an opportunity to do that together. they are leaving town starting tomorrow, and we’re going to face our new “normal“ if there even is anything like that. At some point, I have to go to work, to keep supporting my family, and it all seems so pointless if I’m not working to support her. I can’t stomach a future without her and it breaks my heart, knowing that one day my son will be older than her. I’m scared of resenting him, and yet also so excited to meet him. Tomorrow is week since she died, and I know at 2:30, the minute they pronounced her dead, I’m going to break down. I’ve been going backwards through pictures and videos of her just trying to categorize times when she’s eating, talking, sleeping, playing, singing, and just trying to remember her. I’ve never experienced anything so bittersweet. I miss her so much.

The attached photo is the morning of the same day she died. it was a normal day until it wasn’t.",reddit
reddit_1hupcfv,"My little brother, Ryan at age 25, passed away 3 weeks ago from Stage 4 Lung Cancer. I just wanted to share a bit about my beautiful brother.

My little brother, Ryan, passed away 3 weeks ago from Stage 4 lung cancer. He passed away at home, in our parent's bed, and with myself, mom, and dad telling him how much we loved him, and that it is ok to go, as he took his last breathes. The three of us had been with Ryan as his care team for over a year. We even spend the last two months sleeping and spending all of our time in the same room together.

Ryan was diagnosed just a few weeks after he graduated college, and on his 24th birthday of all days.

He fought for over a year and half, and gracefully. His body changed. His mind changed. He continued to find a way to evolve himself and make himself stronger despite every obstacle we hit. He was beautiful, in body and spirit, even in the end.

We have always been incredibly close, as close as you can be without being twins... just two years apart. We thought, felt, and acted so much like one another, but just different enough to surprise ourselves with one another. He is my best friend and we meant everything to both of us. By the end, we had said everything to one another, and we both knew how much we meant to one another. He left without a single thing unspoken between us. We both knew how much we loved one another.

Ryan was a lighthouse and larger than life. He never made anyone feel small, and made everyone feel welcome. He was always keen on improving his mind and body. He was even doing workouts with wrist weights 4 days before he passed, if you could believe it. He put passion into everything. He enjoyed and appreciated every aspect of life. He took time to listen. He took time to look. He took time and appreciation for everything and everyone because that's what it meant to live.

I keep looking at photos of before the diagnosis and they make me smile, but it doesn't feel like enough. I look at the photos of the last two months, every night, and my mind races. I look at his smiles at those times, and I feel like I can see an unimaginable...indescribable amount of pain behind them. He told us multiple times ""I hope you never understand or experience this pain."" But, he never complained about the pain. He would always ask us to do something to be closer to him, like ""Could you rub my back, please?"" and then would always say something like ""Best Brother Ever"" or ""I love my family."" Strongest fucking guy I'll ever know.

The outpour of support from everyone: friends and family has been overwhelming. Ryan will be missed, but he will be honored by so many. I will honor my brother by living a good life. A life that I will continue to share with him.

I am grateful for having Ryan as my brother. I am grateful for Ryan sharing his life with me. I am grateful for having the amazing relationship I had with him. I am grateful for Ryan being who he was and who he will continue to be for so many people.

The ending was as pain-free, comfortable, and ""ideal"" as it could have been, but... fuck... this hurts so fucking much. I just really miss my beautiful little brother.

Love you, bro.  
\- Evan",reddit
reddit_1nxf5gr,"I lost my partner of 6 1/2 years to suicide.

I lost my partner (person on the right) to suicide 5 days ago at 22 years old. Im 22 and we had been together for over 6 years. Hed been struggling with bodydysmorphia and questions about his identity as well as dealing with autism, adhd and depression. 

He was the strongest and kindest person i ever knew and Ive never ever felt as strong of a bond to anyone like him before. I miss him so much. And everyday without him is just indescribable. We had our entire lives ahead of us. Everything we wanted to do and everything we planned to do is just gone. And everything just hurts. I have these moments where i think about taking my own life and following him just to be with him again. 

But i know thats not what he wouldve wanted, and all i would be doing is bring more pain into my family and the friends we shareds lives as well as his family. I made a promise that i wouldnt do such a thing and i intend to keep it. Sometimes i just dont want to deal with the grief and i HAVE to hope that this isnt the last time ill see him again.

He asked me a few days earlier of what i thought would happen after death. And i just said ""I dont know, i dont really care. People will just find out by themselves."" And i said that because thats what i thought at the time. But now i just wish i asked him if he thought we would see each other again. I just really miss him. 

Years earlier we had a fight about suicide and i argued that it was a selfish act and that he didnt love me if he would do something like that. And i said things like ""well why not just break up with me then?"". I was angry and sad, but so was he. We just saw it from different perspectives because he saw it from a form of love towards me. Because love me he really really did and i felt the same towards him. And after the fight and everything settled i said to him ""Okay, but only if you promise me one thing, and that is that you wait for me on the other side."" No matter how long it takes for me, even if im slow and go at the age of 90. And promise me he did. He pinkie promised.",reddit
reddit_1hwv1av,"Posthumous Graduation.....

One of my friends told me that the best way to honor my baby sister is to keep her memory alive. To talk about her, to do the things she loved. I am writing this in her honor.....

At the time of her death, Zelma has just finished her final exams at university. She was studying Biochemistry and Molecular Biology (which she often called BMB coz we would almost always forget the full name for her degree). She loved sciences; figuring out how things work at the basic molecular and microscopic level. And she was good at it too. Often, she would explain biochemical concepts to me when I hit a snug in my chemistry studies- science was one of the few things we had in common btw😂😂on everything else, we were as different as day and night. 

I digress. During her funeral, her best friend from campus promised to bring her degree home to her. Her associate Dean promised to honor her with a posthumous degree. Now at the time, I didn't know what tf that was. I had to Google it to learn what it means and how it is awarded; under what circumstances. 

Six months later, everyone kept their promises. My sister earned her posthumous degree. She was awarded 2nd Class Upper Honours in Biochemistry and Molecular Biology: no small feat I must say. She was among the top graduands in her cohort. We made some AI generated pictures of her to ""virtually"" attend her graduation. Her classmates bought her a bouquet of flowers. They reserved her seat and put there her flowers and photo. They carried her along the entire day. The vice Chancellor called her name twice; held a moment of silence for her. 

Although it was not the kind of graduation we envisioned, I honor her too. I want her to know, her success is greatly honoured. We are and will always be very proud of her. Here's to your brilliant mind and beautiful soul my little darling❤️🍾🍾",reddit
reddit_1i2fk6y,"Lost my mom 1/04/24 

Been a little over 10 days since I suddenly lost my mom to a random brain aneurysm. Still can’t believe it. I was her only son. I miss her so much, I wish the whole world knew how wonderful of a woman she was. Because she was the best mom I could ask for.",reddit
reddit_1m6tkwz,"My daughter died 4/27/25

She was my only child. She died a day and a half after having her gall bladder removed from internal bleeding.  She was only 28. My life has no point now. She wanted to be a mother. She wanted to find the love of her life. She was so good. I love you forever, Aubrey!",reddit
reddit_15hc22r,"My twin girls are gone because of a drunk driver

I lost my 16 year old twin daughters early this morning. They work together last night they both worked the closing shift on their way home a drunk driver hit them. They both passed later on In the hospital from their injuries. 

Jordan Kristina  1:12 am  8/3/23 

Jamie Eleanor  2:41 8/3/23 

I know they are together 

I'm missing them so much I never knew I could feel so empty and out of place. I had the girls when I was a teenager so I honestly don't remember what it's like to not be a mom. At least as an adult woman.",reddit
reddit_1jrozgb,"A eulogy for my best friend of 20+ yrs - I wish you could have known her

What will you do with your one wild and precious life?

Erica answered that question every day, not with stillness, but with motion. Not with rules, but with hunger—for beauty, for truth, for the sharp edges of the world. She lived as though life were a feast, and she was not about to miss a single course.

She was not quiet, and she was not tame. She cackled. She argued. She gathered stolen flowers into bouquets that never matched but always belonged. She believed the tulips growing in someone else’s garden were meant to be shared. And maybe they were.

Because Erica shared herself like that—without hesitation, without asking permission.

She loved fiercely, thought deeply, laughed loudly. She would smoke out the window, heat her apartment with the oven, curse with affection, cry without shame. There was no version of Erica that was half-alive. She refused to shrink. She refused to wait. She threw herself into life with everything she had.

She made the ordinary feel lit from within. She could turn a Sunday walk into an odyssey, a broken-down car into a story, a visit to an abandoned building into a revelation. And when you were with her, you were braver. You stood up a little straighter. You looked at the world like maybe—just maybe—it was yours to shape, too.

She wasn’t the kind of person you eased into knowing. She was the kind you collided with. Full speed. No apologies. No soft landing. Born in New York City. Loud from the start. She wasn’t perfect. Thank God. She was a menace, a glorious pain in the ass who could cut you down with a sentence and set you on fire with a look. She left a trail—of chaos, of laughter, of unforgettable moments, and yes, sometimes broken things. She was human. She was real.

She could drive you mad. But she could also pull you out of a hole with a single look. She made you feel seen—not the polished version you showed the world, but the real one, the messy one, the one you thought you had to hide. And once she saw that version, she never let you forget it.

Erica always fancied herself a Samantha from Sex and the City—she was a sexual being who oozed charisma. But Erica was deeper; she had her big loves and was a writer at heart. She argued relentlessly, partly because she liked being right, but mostly because she simply liked the fight. She was Carrie, having a love affair with the city itself—with all its music, movement, stooping, and questionable cooking smells drifting through a leaky-roofed apartment.

There was nowhere Erica wasn't at home. She’d plop right down and strike up a conversation—and suddenly you had a new friend or a new enemy, but either way, you had an opinion about this chain-smoking, fiery-haired, blue-eyed tornado that swept into your life.

This was not a woman built for moderation. Erica never “toned it down.”

I grieve my best friend. Most of all, I grieve the sound of her voice, the joy in her laugh, the way she made even your worst day feel less like a failure and more like a necessary journey through the wilderness—something survivable.

She was real. And real things, wild things, don’t stay. They bloom briefly. Fiercely. Then go.

She was impossible. She was necessary.

The world did not deserve her defiance or her stubborn insistence on finding meaning amidst absurdity. There should have been more chapters, more chaos, more unfinished thoughts scribbled into notebooks, and more mornings with Nina Simone playing too loudly while she smoked in her underwear, challenging the universe to a duel.

But here we are.

And what is left but to grieve? To sit in the ash of what was once a brilliant fire and know—deeply—that we are better for having stood close to it.

There is no moral here. No tidy lesson. Just a silence loud enough to tear a hole in the sky.

But if Erica taught us anything, it’s this: Don’t fucking wait. Don’t wait to tell your people you love them. Don’t wait to take the trip, steal the flowers, start the fight, sing the song too loud in the middle of the street.

Be bold. Be difficult. Be full.

Because that’s exactly what she was—from start to finish.

So raise a glass. Light a cigarette. Yell something profane and true into the void. And remember her not as an idea, but as a fire that walked like a woman.

Erica Rose Meltzer. Goddamn.",reddit
reddit_1pffh6k,"My once big Dad is just a tiny box now.

Just a tiny box. He was a massive man in reality - 6'5 350lbs just a few years ago. Lack of self-care for years (he refused to go to the doctors because he hated hospitals) and subsequent septic shock took him in 48 hours. He dwindled down to 217lbs in a year and had stopped being able to hold down food for months but he never told our family. We were left blindsided to say goodbye to someone who survived the unsurvivable four times before. 

He had so badly wanted to visit me in Japan but his severe disabilities (severe lymphodema in both legs, arthritis in hips/knees/ankles, nerve damage in feet leading to dragging and deformity, crutch/wheelchair bound) it was literally impossible. He was devastated but I promised him I would visit for Christmas. I was saving leave. I told him if he needed me sooner I could come but he would never ask anything of me.

He didn't even make it to Thanksgiving. His burial and celebration of life was today. I have so many regrets. There's a real possibility I could live a life longer with him in Heaven than on Earth. 

This is so indescribable. I think a very real part of me died with my Dad the day he died. But a huge part of me has grown so empathetic towards others and my family. I once felt disconnected, now I feel like all I ever should have thought of was family. 

All of us are beyond devastated. I worry for my elderly Grandma having to bury her (so deeply) beloved son. For my disabled Uncle who lost his best friend. For anything I will ever accomplish that I no longer can say ""Dad, I did X, you'd be so impressed!"" For whatever family I could have in the future not ever being able to meet my Dad. 

It's forever. He's gone forever - just ashes, photos, and memories of someone so extraordinary. I can say I'll ever again be the same person I was before 11/19.

Sorry for rambling. Im such a fucking mess.",reddit
reddit_1k4jmhc,"Serious cat meme unedited version from 2003 [found] (by complete accident)

while searching for the original jeff the killer image through archives of japanese websites of that time, I stumbled across this unedited version of the serious cat meme wich doesn´t seem to appear anywhere else on the internet, I reverse image searched for it everywhere and Im pretty certain I am the first person to find the original image.

  
Even tho it wasnt considered lost media, it´s actually pretty interesting to see the unedited version of such a popular meme so I thought this was worth sharing.

source (4th image): [https://web.archive.org/web/20041026201007if\_/http://www2.gazo-box.com:80/entrance/joyful2ch-h.cgi?mode=res&amp;no=11](https://web.archive.org/web/20041026201007if_/http://www2.gazo-box.com:80/entrance/joyful2ch-h.cgi?mode=res&amp;no=11)

the popular meme image in question: [http://seriouscat.com/serious\_cat.jpg](http://seriouscat.com/serious_cat.jpg)",reddit
reddit_1bu282q,"[FOUND] Script of the unproduced Seinfeld episode ""The Bet""

Link to the script: [https://archive.org/details/seinfeld-the-gun-script](https://archive.org/details/seinfeld-the-gun-script)

""The Bet"" (aka ""The Gun"") is an unproduced Seinfeld episode written by Larry Charles that was supposed to air on February 13, 1991. Considering the [several](https://screencrush.com/seinfeld-the-bet/) [articles](https://www.theverge.com/2014/7/11/5891739/seinfeld-lost-episode-the-bet-gun-ownership) [written](https://www.vanityfair.com/hollywood/2015/03/seinfeld-episode-controversial-race-salad) [about](https://www.cbr.com/seinfeld-bet-episode-guns-never-produced/) [it](https://www.kvue.com/article/entertainment/theres-a-lost-seinfeld-episode-and-its-about-guns/269-260136766), it's easily Seinfeld's most infamous unproduced episode.

""The Bet"" was much edgier than any Seinfeld episode produced before. I'd argue it's by far the edgiest episode ever written for the series, and it was so edgy that the cast and crew basically refused to film it in full because the subject matter made them too uncomfortable. Imagine a slightly tamer It's Always Sunny episode but with the Seinfeld characters, and you end up with ""The Bet."" Elaine points a gun at Jerry and says ""I'll blow your brains out"" and Jerry asks Elaine if she'll be giving him the ""Kennedy"" or the ""Lincoln."" For Seinfeld's standards, it's unhinged as fuck and considering the show was still at risk of being cancelled at this point, not airing the episode was absolutely the right call. But the episode's still funny as hell in my opinion.

Also, some additional backstory for all this. This episode has been a source of mystery long before I was even an itch in my daddy's ballsack. All we had ever known about ""The Bet"" came from a [brief snippet from the Seinfeld DVDs](https://www.youtube.com/watch?v=eo-ND4eVztY) and what the cast and crew have said about it in passing over the years. There have been copies of this script in circulation for 33 years and no one has bothered to scan it and upload it to the internet. The Seinfeld cast and crew have copies of it, but they're too busy having lives and being productive, so their copies are laying in some dark, dusty cabinets. [Jason Alexander's copy of the script got auctioned off in 2022 for god knows how much](https://www.reddit.com/r/seinfeld/comments/xpffo8/a_buffalo_radio_host_is_raffling_jason_alexanders/), and someone won that copy and never uploaded it online. 

In October 2023, [a seller on eBay listed a photocopy of the script for sale](https://forums.lostmediawiki.com/thread/12862/seinfeld-gun-unproduced-script-ebay). A photocopy. For sale. For four thousand dollars. Someone bought it and never uploaded it online. Then the eBay seller listed a COPY OF A PHOTOCOPY of that script for $1,000 - a 75% discount! Someone bought it and never uploaded it. Then the seller would list another copy of a photocopy for sale. Someone else would buy it and not upload it. This happened several times - some slack-jawed dickweed would spend a stupid amount of money on fucking printer paper, hang it on his shelf so he could admire it with his smug fucking eyes and think to his balding, double-chinned self, ""Wow, there's only a few people in the world who've read this episode, and I'm one of them!"" And none of these dickweeds ever uploaded their fucking copy. I couldn't take it anymore.

So I decided I would be the biggest dickweed of them all. I bought a copy of a photocopy for myself and scanned it as a PDF file - link's at the top if you want to read it. It cost me $800. It is, without a doubt, the dumbest purchase I have ever made in my entire life. I will never tell my friends and family what I've done. I refused to use my main Reddit account to make this post I'm so fucking embarrassed. If Jerry Seinfeld or Larry Charles ever reads this, they will laugh at me and think I'm an idiot.

And presumably because I am an idiot, I'd do it all again in a heartbeat. After 33 years, nothing is finally something.",reddit
reddit_1lllsuq,"[Found] Me and My Friends pilot has been found

[https://www.youtube.com/watch?v=p7bUGtDRgqQ](https://www.youtube.com/watch?v=p7bUGtDRgqQ)

  
It was posted on youtube a few minutes ago, no idea on any of the details on how it's been found but this search has finally come to an end. Good lord I've been hearing about this pilot forever and I honestly thought it would never end up getting posted. All the screenshots and all of that drama and it just gets dropped on a random youtube channel on (what is for me) a Friday afternoon.



Anyway there you have it, the Me And My Friends pilot. I've downloaded a copy just in case because you never know with these things, hate for it to become lost all over again.

Edit: Internet archive link as the OG YouTube post has been removed - https://archive.org/details/me-and-my-friends-pilot-1995_20250627_1235",reddit
reddit_1d3p4gv,"[Found] Original ""Backrooms"" image + website

[Original web page from 2003 containing the image + some back story](https://web.archive.org/web/20030503094137/http://www.hobbytownoshkosh.com:80/revolution%20raceway,%20020903.htm)

Today, I, with help from members of the Virtual World Discord server, found the origin of the iconic Backrooms image. After ""Serrara"" from the Virtual World Discord posted a [2011 instance of the image](https://archive.4plebs.org/tv/thread/14947748/#14947769) with help from a user named ""Semliot"" (who found another thread which lead to the discovery of that instance), I managed to find the original website and image through searching the filename on twitter. User ""xaft"" scraped the entire website from the wayback machine and then found the original page that it came from.

Backstory: somehow, a twitter user had replied to a tweet in 2019 with a link to the website, and it had gone unnoticed. As a hail mary I decided to search the filename and sure enough after combing through some tweets I managed to find it. This meant that for 5 years the original link had been on twitter and I think that's pretty hilarious.

Shout out to Semliot, Serrara, xaft and the original twitter user for a combined effort to make this happen.",reddit
reddit_1jutw0w,"[FOUND] Original unedited image seen at the end of The Shining has been found!

""The original source of the Overlook Hotel 1921 July 4th Ball photo prominently featured at the end of Stanley Kubrick‘s The Shining has been located at the Getty Images Hulton Archive.

Alasdair Spark, a retired academic at the University of Winchester, detailed his investigation via Getty’s Instagram, along with a new scan of the photo from its original glass plate negative.

“At last, it has been found. Following the earlier identification by facial recognition software of the unknown man in the photograph at the end of The Shining as Santos Casani, a London ballroom dancer, I can reveal that the photo was one of three taken by the Topical Press Agency at a St. Valentines Day Ball, 14 February 1921, at the Empress Rooms, the Royal Palace Hotel, Kensington.”

https://bloody-disgusting.com/movie/3863263/original-stock-photo-used-for-the-shining-ending-discovered/",reddit
reddit_1jgq1th,"[FOUND] Family Guy Unaired PILOT 1998

Earlier today, the full unaired episode pilot of Family Guy back in 1998 was uploaded to the YouTube channel GhostTheDeadGirl in its full original quality back from 1998. This media was partially lost until today. 

Before this clip was posted online we only had around 7 minutes of footage of the unaired pilot that was on a bonus features section one of the Family Guy DVD sets (Season 2). The clip ends with a promotional screen after Peter tries to win some money from the talent show. 

The full unaired pilot has been archived on the Internet archive page by the original uploader. The original uploader found the full pilot episode on an Artists personal webpage of work they have done in the past. According to the way back website, it was posted there around 2022 but went undiscovered for three years until it was found. 

The link to the post of the full unaired pilot is here: https://youtu.be/sg0PZXyq_JU?si=uFb-8tdVAmStSR02

All credit goes to the original uploader. (GhostTheDeadGirl)",reddit
reddit_1ql308b,"[FOUND] 51 minutes of WCW video content locked behind dead DRM for 25 years — recovered from a 1999 CD-ROM

**The WCW Internet Powerdisk** was a promotional CD-ROM distributed with WCW Magazine in 1999. It contained 61 video clips—match highlights, wrestler profiles, show intros, storyline segments—but they were encrypted with a proprietary DRM system. Playback required the bundled player to contact a remote server for decryption keys every time you watched a clip.

When the DRM company (UIT) went offline around 2000, the content became permanently inaccessible. The player just displays ""Decryption key not found in the server database."" No keys exist on the disc. No workaround was ever found. The company dissolved entirely.

I reverse-engineered the encryption binary from the disc, identified the cipher, and developed a mathematical attack that recovers the keys without needing the server. All 61 files decrypted successfully.

**Recovered content (51 min 20 sec):**

* Match footage: Hogan vs. Goldberg, Hogan vs. Macho Man, ""CyberRing"" matches (wrestlers filmed on blue screen, composited into a CGI arena with fire effects)
* Wrestler bios: Goldberg, Sting, Hogan, DDP, Flair, Nash, Steiner, and more
* Show intros: Monday Nitro, Thunder
* An 8-part ""Hacker"" serial narrative
* Nitro Girls segments, promos, merchandise spots

**Links:**

* All 61 clips on the Internet Archive: [https://archive.org/details/wcw-cyberring-powerdisk-1999](https://archive.org/details/wcw-cyberring-powerdisk-1999)
* Technical writeup and decryption tool: [https://github.com/blakebratcher/wcw-cyberring-pav-decryptor](https://github.com/blakebratcher/wcw-cyberring-pav-decryptor)

The videos are 320×240 MPEG-1, transcoded to H.264 MP4 for the archive. Not broadcast-quality footage—this is what 1999 interactive CD-ROM entertainment looked like.",reddit
reddit_wo2e31,"[Partially Lost] A couple of snippets of the Shrek 1996 ""I Feel Good"" animation test footage have been found

[https://youtu.be/yvEWYgxoVMk](https://youtu.be/yvEWYgxoVMk)",reddit
reddit_wfir7a,"[Partially Lost] Gerard Way on the Sally Jesse Raphael show

This is the only picture I can find showing that he was talking. This has been a figure of interest for many years in the my chemical romance Fandom as I don't think anyone can find the full clip",reddit
reddit_rx63d0,"Osama Bin Laden's Animal Crossing save

We know that Osama Bin Laden played Wild World on an Emulator. That being said the FBI hasn't released his town. Is their a chance they still have it? And if so would it be possible to like FOIA request it and get the save running to explore?

Update: Just to wrap up everything that has been said thus far. [This link](https://archive.org/details/AbbottabadCompoundMaterials) seems to be our target. But the contents are all stuck in a 300GB zip file download with no working way to browse contents of it individually (there is a list button that claims to allow such but the page returns an error). The game may be redacted from the dump for copyright reasons but I won't know for sure until someone downloads everything.zip and extracts it to dig around. I gave the purported list of redacted items on the page a ctrl+f and found nothing pertaining to ""anim""

If you have a server or any device with that kind of storage available please consider checking it.

Knowing what I know about emulation the save file is probably stored somewhere within the emulator, off the top of my head DS emulators include MelonDS and Desmune but they all have stupid names like that that give away what system they're emulating.

Thank you all for your feedback

Update 2: I'm having my doubts, downloading the zip bomb might be redundant. It seems weird that the .sav files for other DS games are there in what I assume is working condition, but the only pointers to Animal Crossing are too tiny to function. I can't help but fantasize that this is some sort of coverup.

The better way to access it seems to be the official cia.gov page, not the internet archive post. regardless it only further confirms what has already been suggested. Something still feels weird about this whole thing, Wild World has no file extension and basically no data. Must have been an error, or copyright, or maybe they just really don't want the public to see it and maybe just maybe the zip bomb will have it even though their is barely any evidence of such.",reddit
reddit_1cg71tm,"What is the weirdest way lost media was found? [talk]

What is the weirdest way someone found lost media? Here is the most recent example of someone finding lost media in a weird and strange way. So, you know that song""Everyone Knows That"". Yeah, that song. It was pretty ironic that the name of the song was called ""Everyone Knows That"" , when in reality, no one knew where the song originated from? Well guess what? Now the song is really living up to its name. ""Everyone Knows That"" was found. You want to know where it was found. A porno movie. Yep , you heard me right. A porno movie. The name of the movie is called ""Angels of Passion"". Somewhere in the movie, the song ""Everyone Knows That"" plays. It is really hard to listen to the song due to all the moaning, but luckily, people have found ways to edit the moaning out without it sounding bad.

Anyways, what is the weirdest way lost media has been found?",reddit
reddit_1kygt5f,"[talk] My dad might have the holy grail of lost media

Back in the late 90s and into the 2000s, my dad was a bootleg disc trader, meaning he would burn TV shows and movies onto CDs and trade them. Eventually, he stopped doing it, but he kept all his remaining CDs. All these years later, he decided to show me his collection. I’ve already been interested in lost media for a while now, so you could imagine how I felt when I saw CDs labeled “Nick News”, “Weinerville”, and “Thunder Alley”. (I don’t remember the other titles.) I brought the idea of figuring out which episodes of the shows he has and trying to upload them to YouTube or something to help make these shows officially found. 

Here’s the problem: These CDs are upwards of 25 years old. Plus, there are like a dozen storage cases full of these CDs. As a result, we don’t know if we can extract the data from the discs without destroying them in the process. This includes extraction, downloading, and eventually uploading. I would like to hear from y’all what methods to use to ensure that the CDs remain in good condition. 

Any and all help is very much appreciated, and we’ll try to upload this stuff as soon as possible. Thank you in advance!",reddit
reddit_1715qzl,"[FOUND]unaired pilot for cancelled iCarly spin-off Gibby.

In 2012 Schneider's Bakery created a spin-off of iCarly featuring the character of Gibby due to his popularity with fans, for a while all we had to go on the existence of the pilot was pictures taken by one of the mothers of the kids on the show from the set. Fortunately Media Garage(who has posted a crapton of unaired pilots for the past few months) posted the long sought after pilot of the shelved iCarly spin-off Gibby after I sent him some money via Vemo and pledged to him on Patreon and requested that pilot along with a bunch of other stuff(will let you know if he finds any of those). Nick ultimately rejected the pilot(which was filmed in 2012) and if I had to guess i'd say it was due to Dan Schneider's increasingly erratic and temperamental behavior, they may not have wanted him to be responsible for managing yet another show with a cast of kids.

EDIT: Youtube link has been taken down so here's a link to the pilot on Internet Archive: https://archive.org/details/y-2mate.com-gibby-unaired-2012-pilot-360p",reddit
reddit_1lej1um,"[FOUND] HBO Real Sex, 30 of 33 episodes found!

[https://archive.org/details/hborealsex](https://archive.org/details/hborealsex)

10 and 27 have apparently cropped up somewhere else, but I can't seem to track those down. 14 is lost by the look of it. I been looking for these damn things for maybe 20 bloody years and outside of 2 or so episodes, a best of and some clips, these were completely lost to the void. No physical releases, no digital, HBO just buried this thing in concrete. I have a lot of fond memories of secretly watching this at midnight. The male sex doll, masturbation club and dildo machine episodes were especially interesting to me.

Huge credit to u/krimsen for digging up most of these episodes before the archive came about.",reddit
reddit_wepaib,"[Talk] Batgirl (2022) Is Now Preemptively Lost Media

https://screenrant.com/batgirl-movie-cancelled-dc/amp/

This article outlines the basic situation. Warner Bros has officially canceled the once-upcoming Batgirl movie completely. Despite it’s 90 Million Dollar budget and star-studded cast including the likes of Leslie Grace, Micheal Keaton, JK Simmons, and Brendan Fraiser, it’s gone down the drain.

Now, time will tell what will become of it. I find it highly likely some leak of it will happen eventually, especially given what happened with the Snyder Cut. Except that was done willingly, who know how WB would take the demand for Batgirl’s release.

That said, this puts the entire lineup of DC movies into peril. Given what Ezra Miller had done, I wouldn’t be surprised if The Flash isn’t cancelled in the same way. 

Good Lord, what a shitshow

EDIT: I would like to send an open invitation to Warner Bros. I have a Premier Pro account, just send me whatever work you have done, and I’ll finish it myself. I’ve got an open weekend.",reddit
reddit_1gjeg9z,"!!TMMS [FOUND]!!

The lost wave (unknown) sing dubbed The Most Mysterious Sing (or TMMS) had been an ongoing search since around 1984. The song, having now been rediscovered, turns out to officially be called “Subways Of Your Mind”. User u/marijn1412 had found an old article about old German bands, and had contact the leader of one of them, Phret from the band FEX. The leader of the band had no idea the song was lost. This is great news! Major win for the lost wave and media communities. Even Wikipedia has already updated even though this announcement wasn’t made more than two hours ago. Here’s a good quote from it explaining the finding process. “On November 4th, 2024, exactly 40 years after it was produced, the song was finally identified as Subway Of Your Mind by the German group FEX.
The discovery was made by a Reddit user named marijn1412, who stumbled upon it completely by chance while reading an old archive of Nordwest Zeitung, a German newspaper. He was researching information about old German bands when he happened to uncover the mystery. He then contacted the band’s leader, an artist named Phret, who had no idea that the song had become an online legend.
After the whole situation was explained, Phret and FEX finally gave permission for the revelation to be openly discussed online, bringing the search to an end.” Here's a link to the announcement that they had found it: https://www.reddit.com/r/
TheMysteriousSong/s/THmkHXJ7kL",reddit
reddit_1k1dz54,"I’m an ex-digitization specialist at a large company. They are sitting on billions of hours of digitized “lost media,” kept in a cloud [talk]

It’s been a few years, and I will not say the business name but it could be easy to figure out, either way it won’t help to ask for access to anything they have. 

Basically this company I worked for, you digitized people’s old photos/films/tapes/etc. this included TV recordings. 

Customers had options of getting their items sent via DVD, USB, or cloud- now every single video sent to the “cloud” is stored and indexed permanently. 

This is where things get wild. I used to digitize literally 100-200 VHS a day, it was incredibly high volume with orders from all over the world. Often you would have to digitize studio tapes, boxes of pilots or old broadcasts, people’s work reels. 

I remember vividly a work print of “The Country Bears” (2003?) that animatronic bear movie, with half complete effects and someone’s name watermarked on the copy. 

This company…. If you choose “Cloud” is keeping a file of that video. This is tantamount in not only lost media functions, but … retro-algorithmic study and geo-location tagging- potentially useful in solving crimes of the past. 

I would sneakily film my monitors sometimes (big no no) and I basically can’t forget all the old stuff I saw lost to time, but actually not- 

Countless TV broadcasts are digitized- I would sometimes attempt to figure out the date of broadcast. 

I remember digitizing films, 8mm and Super 8mm, and people filmed their TV sets during the moon landing … an infinity of wild stuff is actually out there… waiting to become public domain maybe? 

This company sits on an incredibly large and intricate file of time itself. 

More than people realize is already digitized and just … out there",reddit
reddit_182ndxp,"[Found] MAJOR NEWS ABOUT SHREK LOST ANIMATION

IN MAJOR DEVELOPMENT, an animator involved in the creation of the Shrek test animation has generously released the entire test to the public. The newly accessible version spans a duration of 38 seconds, albeit with audio quality on the lower side. An intriguing revelation accompanies this release, as listeners can now discern that Tom Kenny, widely known for voicing characters like SpongeBob, is not the voice behind the mugger in this particular versionof the short.

This disclosure adds extra layer of interest for Shrek enthusiasts and animation aficionados alike. The significance of this test animation in the development of the beloved Shrek franchise amplifies its value. What was once a behind-the-scenes glimpse for industry insiders has now become a treasure trove for fans seeking to explore the early stages of Shrek's creation. The availability of this version in full HD enhances the viewing experience, providing a clearer window into the animation process that eventually gave rise to one of best characters

Shrek lost media server (propellerhead server)
https://discord.com/invite/Eb9yedKKCZ

Original animator (Barry e jackson)
 https://youtu.be/w5qvMdoxGnc?si=un-IB1EBAVOE9ULv",reddit
reddit_1jo5phx,"[FOUND]Coyote Vs Acme is saved, acquired by Ketchup Entertainment, releasing soon

Ketchup Entertainment have struck a deal with Warner Bros to release the film, there was talks making the rounds a while back, but it appears they have finalized a deal. 

Copy pasted from Variety's official Twitter account:

-----------------------

""Coyote vs. Acme"" has officially been saved by Ketchup Entertainment after Warner Bros. axed its release in 2023.

Gareth West, CEO of Ketchup Entertainment, said: “We’re thrilled to have made a deal with Warner Bros. Pictures to bring this film to audiences worldwide. 'Coyote vs. Acme' is a perfect blend of nostalgia and modern storytelling, capturing the essence of the beloved Looney Tunes characters while introducing them to a new generation. We believe it will resonate with both longtime fans and newcomers alike.”


-----------------------

The deal was $50m

Deadline article link: https://deadline.com/2025/03/coyote-vs-acme-warner-bros-sale-complete-ketchup-1236354552/",reddit
reddit_1m06fcj,"[found] Uncensored footage of the 1986 Fist of the North star movie.

The uncensored footage was discovered attached to a 35mm print on the main feature, originating from a film collector in Japan, who is assumed to have acquired them from a movie theater there. The feature itself is censored, yet exhibits very rough and poor tape splices precisely at the same points where these uncensored clips begin and end. This strongly suggests that the uncensored segments were physically spliced out from the feature and replaced with their censored counterparts, likely at the theater itself during the film’s exhibition.  
Accordingly, it is inferred that the film was initially distributed by Toei in an uncensored form, but the censored materials were subsequently issued and distributed to theaters, presumably in response to negative feedback about violence shown in the movie, though the exact causes remain unknown. There is practically no chance that it will ever be released in its original uncensored form again.

Link to the uncensored footage: [https://archive.org/details/fist-of-the-north-star-uncensored-footage-4k-35mm-scan](https://archive.org/details/fist-of-the-north-star-uncensored-footage-4k-35mm-scan)",reddit
reddit_y4fscq,"[FOUND] The lost Spongebob ""got milk"" ad has been found!

https://youtube.com/watch?v=3Ff2sLHXzxI

After over 20 years, the lost Spongebob ""got milk"" commercial has been found! I'm not sure who found it, but it was someone on discord. They had it on a vhs tape

UPDATE: better-quality version from the person who has the vhs tape: https://youtube.com/watch?v=0On_quxxljY&amp;feature=youtu.be",reddit
reddit_1rs8d26,"Missing Doctor Who Episodes Found [Found]

**UPDATED!!!**

Back in late October of last year, Film is Fabulous sat down with Tim Burrows on his Doctor Who The Missing Episodes Podcast.

Going back to 2023, Film is Fabulous had been aware of large collection of films, held by a private film collector who had been in very poor health since Covid.

The large collection contained what was described as up to 10,000 as such films, with some rare/lost important items in it, including a missing episode of Doctor Who and possibly even more.

They revealed, they had been in talks with collector to catalogue his films.

The collector, having agreed upon to let Film is Fabulous catalogue his collection in late October of last year, sadly passed away a mere few days before they could do so.

After more than 4 months going through court, Film is Fabulous successfully gained access to catalogue the collection.

Amongst the items found in his collections were two missing episodes of Doctor Who. The two recovered episodes were The Dalek’s Masterplan Episode 1 Nightmare Begins and Episode 3 Devil’s Planet!

It has been nearly 13 years, a long drought since the last recovery of any missing Doctor Who episode, but that has finally been broken now thanks in due part to Film is Fabulous!

The Daleks’s Masterplan, is a season 3, 12-part story, (That was only ever available for sale as an 11-parter.) that was never sold overseas, it is believed that only one complete set of prints were ever made!

The fact that we have 5 episodes from it now that have somehow survived is nothing short of truly immaculate!

The total count of missing Doctor Who episodes dropped from 97 to now currently 95 missing episodes of Doctor Who.

The episodes feature the first incarnation of the Doctor, played by William Hartnell, tackling a Dalek plan to take over Earth, the solar system and the galaxy in a storyline only ever shown in the UK.

Peter Purves, who played the Doctor's assistant Steven Taylor, was invited to the Phoenix Cinema in Leicester on Wednesday under false pretenses to view the two episodes, and he said: ""My flabber has never been so gasted.""

Restored versions of the episodes will be released on BBC iPlayer this Easter.

The first episode, titled The Nightmare Begins, was part of the third season of Doctor Who and was aired in November 1965.

The second recovered episode, Devil's Planet, was broadcast two weeks later.

The intervening episode, Day of Armageddon, was found in 2004 by a former BBC engineer, meaning fans now have the first three instalments of The Daleks' Master Plan serial.

Written by the creator of the Daleks, Terry Nation, the serial starred Hartnell and Purves alongside an early appearance by Nicholas Courtney as Bret Vyon, Adrienne Hill as Katarina, and Kevin Stoney as Mavic Chen.

Courtney would go on to play recurring character, The Brigadier.

It was later found out after cataloging the collection, that it was not 10,000 film cans, but rounding up around 6,000 film cans.

The late private film collector also had an additional four episodes of existing Doctor Who episodes.

They were the following: The Daleks Episode 2, The Daleks Episode 3, The Web Planet Episode 1, and The Chase Episode 1.

The late collector was said to be delighted in returning the Doctor Who prints back before he passed.

Sadly, more than half of the Dalek’s Master Plan remains missing to this day, but thanks to Film is Fabulous, we now have an additional two installments thanks to them, and this anonymous late film collector!

For that, I thank him, and thank you to you as well Film is Fabulous!

Source: [https://www.bbc.com/news/articles/c4g7kwq1k11o](https://www.bbc.com/news/articles/c4g7kwq1k11o)",reddit
reddit_1ecqesx,"[fully lost] Charlie the Steak 

Charlie the Steak was a mobile game for the AppStore who came out around 2013/14. It was a game where you had to beat up a piece of steak with a face on it. It was removed from the AppStore in 2015 because it was too gorey (not sure about that). On the X page of the company who made It (DynamicDust)  there are a lot of posts about It with links to images of the game or videos about the gameplay (https://youtu.be/_N4AFiFqUHk?si=z9eM25RiQ1ElF5Uz) and various link to the AppStore or ITunes for downloading the game. If any of you have a IOS device try to open those links and see where It take you. 

Let's find this game!

bit.ly/charliethesteak (Link for the AppStore) 

https://x.com/DynamicDust/status/520605213682831360?t=oZ4bdz9-xJeP3re1nAc_pg&amp;s=19 (X post with iTunes link)",reddit
reddit_1pouak0,"[found] Lost Sega Channel content recovered after decades reveals over 140 previously unseen Mega Drive games

A significant discovery came to light in the field of video game preservation: more than 140 games associated with the Sega Channel, Sega’s digital distribution service from the 1990s, have been recovered after having been considered lost for decades. The Sega Channel operated between 1994 and 1998 on the Mega Drive/Genesis and allowed users to download games temporarily via cable television, which caused much of its catalog to disappear once the service was discontinued.

The recovery was made possible through access to original backup tapes and archival materials kept by former employees involved in the service’s operation, later organized by preservation initiatives. Among the recovered content are exclusive ROMs, alternative versions of well-known games, prototypes, and titles that were never officially released on cartridge. In several cases, these versions include extra stages, adjustments made specifically for the Sega Channel format, or content that does not exist in any other commercial release.

Beyond its technical relevance, the discovery is historically significant, as the Sega Channel can be seen as a precursor to modern digital distribution and subscription-based gaming services. Recovering this material prevents the permanent loss of an important chapter in the industry’s history and highlights the importance of digital preservation in safeguarding video game cultural heritage.

https://gamehistory.org/segachannel/

https://www.digitalfoundry.net/news/2025/12/sega-channel-preserved-over-140-mega-drive-roms-recovered",reddit
reddit_16ok8qv,"[Fully Lost] Accidental airing of a nude actress during Teletubbies in 2000

GMA, a TV channel in the Philippines, ""accidentally"" showed a nude picture of 90's adult actress Rosanna Roces while airing Teletubbies. I remember seeing this exact broadcast as a kid. I have not found any recordings of this incident nor the exact picture that was shown.

I remember she was posed like this: https://imgur.com/a/ZNkz9mJ


Excerpt from BBC article:
&gt;  The X-rated adventures of the Teletubbies and their semi-nude sidekick may be unfamiliar in much of the world.
&gt;
&gt; But while millions of children revel in their colourful, if rather tame, adventures, one broadcaster has taken the hit show into more adult realms.
&gt;
&gt; A major Philippine TV station has added a fifth Teletubby in the form of a partially nude actress - and earned the wrath of regulators. 
&gt;
&gt; ...
&gt;
&gt;  A GMA official said the photograph was broadcast for eight seconds when an employee who was helping repair a computer accidentally pressed a button on a panel. 

http://news.bbc.co.uk/2/hi/asia-pacific/621017.stm",reddit
reddit_1lyg50y,"[fully lost] Need to find my older brother's YouTube song video of 'where will you sleep last night.'. Please.. For real, please

My brother was born April 5th, 1987. Died September 28thish, 2013. He had a couple videos on YouTube, including some with his daughter/my niece.

I know he has some music videos on YouTube but I just can't fucking find them and I miss him so much. His name is Derek Rhys Miller. His daughter is Shia Johnson.

He passed in 2013 I think. He did a cover of where will you sleep let night that he poured his soul into. I just want to see him again. Even if it's just that. 

Please z please help",reddit
reddit_1chuo76,"[Talk] Just because it's not in your preferred format, doesn't mean it's Lost Media

A few weeks back, someone came here asking for help finding a supposedly Lost film. Within two minutes I found multiple websites selling the film on DVD. The response was ""DVD?! I meant streaming!"".  
  
Too many people these days think Inconvenient Media is the same as Lost Media. It isn't.   
  
Paid Media and Lost Media are two different things. Just because you have to pay for it doesn't mean it's Lost.   
  
Rare Media and Lost Media are two different things. Just because you have to put a bit of effort in and look outside Netflix, doesn't mean it's Lost.

Physical Media and Lost Media are two different things. When there's a DVD staring you in the face, it's not Lost Media.  
  
Lost Media is when it's Lost. Wiped. Deleted. Destroyed. Non-existent. When there isn't any known copy on any format.  

Lost Media isn't when it's not on Youtube. By that definition, everything was Lost Media before 2005, and it wasn't.",reddit
reddit_l236ax,"As a child I starred in an unaired pilot with SteveO from Jackass and can't find it anywhere.

Soooo, post Jackass, the entire Jackass crew kind of left to do their own things. Steve-O, in his ever expanding quest for fame, did a few live tours, released a few DVDs (which he later said he regretted) and got a whippit addiction. After these were done He decided to pitch a show that was essentially a ""Jackass with kids""...


That's where I come in. His [sister](https://youtu.be/V7iT2pSSVGY?t=170), who was a teacher at my arts middle school basically asked her best and highest grade students to star in the pilot. I was picked and we immediately started filming on a Saturday in Lake Worth Florida.

The episode consisted of:

*A towling whipping contest on Steve-o's back (the producer taught us how to properly whip a towel, a practice I still use to this day).

*A slip and slide contest of ketchup and mustard

*A boys vs girls pie eating contest with some pies being full of spaghettios

*A softball game with Steve-Os head as the tee


Unfortunately, I can't find anything about this online. Steve-O has given many interviews and even has a podcast but I can't find any reference to this pilot or if it ever actually existed....even though I was there for it.

I found these IMDB links for it but nothing filled in, and I can't tell if they are related to the show I was on:

[IMDB 1](https://www.imdb.com/title/tt0889586/)

[IMDB 2](https://www.imdb.com/title/tt0889586/fullcredits)

In my googling I found this (and a few other announcements) talking about [USA Networks picking up a similarly titled show](https://www.nexttv.com/news/usa-packs-camp-steve-o-370478)

However, the show described there is nothing like the show I was a part of. What makes the rabbit hole MORE interesting is the production company announced for the series is Bunim-Murray Productions. This is the same production company that created The Real World and other MTV reality shows. This is interesting because I distinctly remember one of the female cast members from The Real World being there on the set but never actually appearing on camera. So it leads me to believe they might be related? I dunno... just a thought.

Now.... the show that is described above DOES fit one of Steve-Os.... errr.... less than stellar attempts at maintaining fame post Jackass.

Dr.SteveO is a show where SteveO travels around the country with a ""nurse"" and ""de-wussifys"" men through stunts... It only lasted like 7 episodes and...it just wasn't good. This show premiered in 2007 one year after the USA Network's Camp SteveO announcement.

I am not totally sure when the show I was a part of was shot, however I do know that SteveO launched his own shoe brand in 2005 called Sneaux shoes. I remember on the show him wearing a pair and telling us he was about a year out from making them available to buy. He ended up giving me one of them after the ketchup &amp; mustard slip n slide event, since he was going to throw them out anyway. So, that means the show I was a part of was shot sometime in 2004 at the latest.

Anyway, that's all I got. I just wanted to put this into the internet and see if anyone knows how I can request a copy or find out what exactly happened.

SteveO is pretty vocal and interacts with his fans a lot, so we have a good chance of solving this one it seems.",reddit
reddit_1rafmej,"The Amazing Criswell Predicts the JFK Assassination on The Jack Paar Program March 1st, 1963 [fully lost]

The Amazing Criswell was a psychic who made crazy and insane predictions during the 50s and 60s. On his [Wikipedia Page](https://en.wikipedia.org/wiki/The_Amazing_Criswell), it lists that one of his predictions was that John F. Kennedy would be unable to run for the 1964 election as ""something"" would happen to him in November of 1963. The word ""something"" on Wikipedia links to the page on the JFK assassination. I was astounded that perhaps one of his few correct predictions would be something as historically important as the JFK assassination so I dug deeper. The source for this claim was an [interview](https://web.archive.org/web/20180825183407/http://c-e-n-t-e-r.com/ed_interview.html) with Criswell biographer Edwin L. Canfield who claims it happened on The Jack Paar Show in March of 1963. I reached out to him on his [Instagram ](https://www.instagram.com/forbiddenpredictions?igsh=MWRsZXpwaHo5dXRjcA==)but he hasn't replied. Doing my own research, I found the episode is listed on [IMDB](https://www.imdb.com/title/tt2536768/) as having occurred on March 1st, 1963. I have searched high and low for this episode but I cannot seem to find it. The closest I have gotten is a YouTube video that is a recording of his appearance on the show on October 25th, 1963. In the [video](https://youtu.be/3WTkKv6lrVU?si=nUY7kh43NgdZg15F&amp;t=120), Jack Paar references a previous prediction on his show which may have occurred on the March 1st episode. Hopefully I or someone else can find it!

Update (2/23/2026): Thank you all for the help! I was not expecting this post to garner as much attention as it did and there are many new leads thanks to you all. The most promising I've seen is trying to find it at the Paley Center as they have the March 1st episode and several other Jack Paar/Criswell episodes as well! This lead was given by u/grimsb! The search continues and I will update this post as the search goes on!",reddit
reddit_kivfs4,"The lost Bob the Builder test pilot has finally been found!

[Here is the link to the test pilot on the internet archive!](https://archive.org/details/bob-the-builder-pilot-compressed)",reddit
reddit_1cddoip,"[Found] Several Disney TVA Pilots Leaked

EDIT 7: I'm pretty sure I got banned from making new posts for this (by Reddit, not the sub), so I hope y'all enjoy

EDIT 6: New pilot has been uploaded!

[The Rapscallions Leak](https://youtu.be/bfBpHqn9x0E?si=E0pMa7l_bRdZdpMG)

Another pilot and pitch have also been added to the Mega folder 

EDIT 5: MASSIVE FOLDER OF ALL THE PITCH LEAKS AND PILOTS ON [MEGA](https://mega.nz/folder/EBhFkYJb#vIeABlpQuRB4U1xpyAL_DQ)

EDIT 4: Derp has uploaded two more pilots!

[Club Sandwich Pilot](https://youtu.be/xePOrbqK0to?si=WKK1WyeDRe_6T01P)

[Mega Mega Whoosh Pilot](https://youtu.be/WcTXZQ8diAI?si=vQ_L0eWAbSclPFbz)

EDIT 3: Any taken down pilots can likely be found [here](https://archive.org/search?query=creator%3A%22Derps%22) on Internet Archive, as well as a [torrent](https://archive.org/details/Disney-TVA--Pilots_202404) for all of these pilots

EDIT 2: A [playlist](https://youtube.com/playlist?list=PLlNJa9YhmgqaIWgE2Pemc-Wy6bR-Jx5Eg&amp;si=vh8JwFv7cpVaHhOc) has been made featuring all the leaked pilots currently available, with some being added as recently as a few minutes ago. The Kid Cosmic pilot is probably the most notable one of these recently uploaded pilots. Be quick as these pilots are already starting to be taken down (Wander and a few others are gone)

EDIT: ANOTHER CHANNEL UPLOADING PILOTS HAS BEEN DISCOVERED ""[EPCOT BARRY](https://youtube.com/@EPCOTBARRY?si=EZjmsyXU-W3jKNp8)"". These pilots include

[Milo Murphy's Law Pilot](https://youtu.be/6TEyqsXQvYE?si=fKyfxhWzx_tjHup4)

[Kick Buttowski Pilot](https://youtu.be/FBC9o2yeqSs?si=BhIqz8S-BZw1Lsx_)

[Fish Hooks Pilot](https://youtu.be/YKEPhMI_jXE?si=ZAu5M5LqMrdfxvvF)

On top of that, a channel called [some random dumbass](https://youtube.com/@justanotherkifffan?si=VQXiOsrxQr-1rIoh) uploaded this:

[(Donk) Kiff Original Pilot](https://youtu.be/0HVpVmKz7_k?si=Fq_y_V6fhurf3akz)

Several Disney TV Animation pilots have recently been leaked and uploaded to YouTube on a channel called ""[derps](https://youtube.com/@Derpsic?si=cYG_U1J-NqgIsSDi)"". This includes never before seen pilots for Wander Over Yonder, Big City Greens, The Owl House, and more. There's also several pilots for shows that were either never greenlit or have yet to be greenlit. Previously we had only animatics, screenshots, or literally nothing for a lot of these pilots. I will link each of the recently uploaded pilots below for convenience (and to hopefully reach the absurd word count)

[Randy Cunningham: 9th Grade Ninja Pilot](https://youtu.be/YGaKs-RSEsk?si=0KUGRsDVkep3rZQb)

[Next Time On Gravity Falls](https://youtu.be/FnrM12G0rQU?si=ehBd8D9P1iEwX6Uv)

[Wander Over Yonder Pilot](https://youtu.be/Oo5wx5Nku1s?si=RyArLUcFWVJqtSAW)

[Very Important House Pilot](https://youtu.be/mIQm5tu-4Lw?si=nryEjJZ1HyZdAf0R)

[The Ghost &amp; Golly Mcgee Pilot](https://youtu.be/6t96P5Iz9hc?si=jgpVRjJnctorZ0-A)

[Big City Greens Pilot](https://youtu.be/UlpJfzT6m_0?si=8hl--7EGkm4HtzTI)

[Amphibialand Pilot](https://youtu.be/ANYQ--H_M2M?si=gDb_8CWRiTkJvsGD)

[The Owl House Pilot](https://youtu.be/ypFDgn9JpP4?si=t4Z3Z6DiF0X8y6bu)

[The Beverly Hills Chihuahua Pilot](https://youtu.be/QefJu2xEwQ0?si=1dHDAtciRYwob7xQ)

[The 7D Pilot](https://youtu.be/5VjbtVLdNfE?si=5nM-eflm1-N5N2dx)

Apparently this is still not enough words so here I shall include some opinions on the Wander Over Yonder pilot: I think Sylvia's design and demeanor are much worse here and that generally the final show makes some much needed quality of life improvements.",reddit
reddit_y7nncc,"a letter to my ex

I lay here, past midnight, and I suddenly realise; I can't remember what your face looks like. I keep trying to picture it. It all scrunched up when you laughed,  or how it contorted when you cried or shouted, or some mix of both- as you so often did. 

I frantically scramble through my gallery. Nothing. My decision to delete every shred of evidence you existed seemed so logical at the time, but now I fear I'll never remember your face. I close my eyes and and picture you holding my face in hands. Nothing. A blur. 

WhatsApp. You're blocked of course, the past month a scattering of blocking and unblocking, a reminder of my lapses in judgement and relapses in my addiction to the way you made me feel. But you haven't blocked me, and there it is. Sullen and sunken. It's a new picture. You've lost a lot of weight. I find myself worrying if you're feeding yourself, taking too many drugs or getting any sleep. But that's not my responsibility anymore. I have the freedom I craved and in this one moment I wish to be back in the cage I freed myself from. 

Just for a moment, I long to be held in your arms again. On our sofa, in our house, watching tv and laughing. One of those rare and perfect moments that makes me think this is what life is about. The calm I could take shelter in the constant storm that was our relationship. I imagined your mental health issues as a hurricane that devastated the land of our love. But you,  government aid that you refused to give. You refused to work on yourself, to learn anything new that would help us. To communicate with me and try techniques for dealing with your messy head. There are so many people out there with issues and they DEAL WITH IT SO WHY COULDNT YOU!?!? I LOVED YOU SO MUCH I WORSHIPPED THE GROUND YOU WALKED ON I DID NOTHING BUT TAKE CARE OF YOU AND LOVE YOU AND GIVE MYSELF TO YOU WHOLLY AND UNCONDITIONALLY AND ALL YOU DID WAS THROW IT BACK IN MY FACE! In one breath you'd tell me you didn't deserve me, and the next you'd prove it. 

So why did I stay so long? Because there were moments. Glimmers. Where I'd see you. That cheeky smile, a tickle fight and a warm embrace. A clean house when I left a dirty one. A cuddle in the kitchen while we laughed and cooked together. 

Now all I remember is the gloom. The atmosphere of anxiety and tension you created when you walked in the room with that miserable look on your face. How you loudly announced that you didn't want to be there in front of all my friends. When you screamed in my face to leave you alone as I sobbed and begged you to just talk to me. Years of life experienced together and it's all sullied. I'll never be the same again. Those eggshells I walked have scarred me for a lifetime. I'm so jumpy now. I can't trust anyone. You seemed so perfect at first and it slowly unravelled until there was nothing left but pain, yet still love. You love bombed me into a malleable landscape for your manipulation and now I can't trust a kindness from a new love interest because what if it's all a lie again? I'm alone and lonely and in pain still. I thought if I left I could be happy again.  And I am, in a way. But because of you, I will never ever be the same. In all the worst ways.",reddit
reddit_sdui71,"To the person I will probably love for a long time or not

First off, how’s life? I remember our time like it was yesterday. A time when we would blast music and enjoy it in your rundown car. However I was unstable and so you left. Looking back now, you were there only at my highs but left at my lows. And so I want to scream FUCK YOU for that. You left and moved on to someone else. You will be in my heart but I’m glad things didn’t work out. I’m happier now and am slowly healing with people on my side who actually care and are a better support. They don’t run or hide when I’m at my worse. Enjoy your life my guy. Enjoy it but fuck you for making me wanting to be with you and be attached to you. I learned to never beg for someone to stay. You made me stronger. 
Peace",reddit
reddit_xzp7gp,"To my abuser

Dear Indy,

Fuck you. I never should have let you in my life. You're nothing more than a self absorbed manipulative immature little kid and that's all you'll ever be. You're a liar and a thief and an asshole and I can't believe I ever said I'd give my life to protect you. 

You took everything from me. You broke up with me and threw me out of my house. You are harassing my mother just because you can. You're telling everyone that I did nothing but abuse you for our whole relationship. You stole my money and my belongings and my life. 

You're sending people after me to attack me. People I don't even fucking know. You are such a slut for being the victim, aren't you? You have to be the only one that is being hurt. You have never had to take responsibility for anything in your life because you're so good at crying wolf. You get away with everything because of your rich mommy and your cop daddy. 

You told everyone that I never paid any attention to you. I work a full time job and go to school and I STILL tried to spend time with you, but it was never enough for you. You told everyone that I threatened your mother when I told her to give me back the money you stole and gave to her or she'd be hearing from my lawyer. You banned me from the house that I still had every right to be in because you stole my rent money. 

I gave you the money for the month of October early and you kicked me out in September. Your stupid excuse for keeping the money is that ""I didn't give notice before leaving."" You told everyone that I moved out on my own. You're a liar. You kicked me out after you dumped me for still staying in Cameron's life. You are the worst kind of person and a waste of every effort, tear, dollar, and hour I gave to you. 

You told all of my friends that I did terrible things and they all left me without a second thought. You demanded that I return the key to the house that I still have every right to live in because you stole my money, but you stole a key to my house and refuse to give it back. 

And yet, I still cry. I still waste my breath and my time and my tears on you. You destroyed everything I had. You're going to die alone and it's going to be your fault. Fuck you for everything and you deserve whatever shitty repercussions come at you. Your behavior is abhorrent and disgusting and you are a pathetic asshole. You deserve to suffer and I regret none of the things I've said. You've abused and manipulated people for years and whenever you decide they're of no use to you anymore you do everything in your power to hurt them. You're a monster. I hope you suffer for the rest of your life.",reddit
reddit_142ikq0,"The Thing We Did

Well then, after 17 years I figured I would say ""hello"" and see how you've made out in life. You and I are different people now, at least in some part, and I found it a curious prospect to see who you became after all the time that had passed. It's been longer now than the ages at when we first met and parted ways. Life is a funny thing. I think back and imagine what direction my life would have taken had different decisions been made in our youth. I don't know about you, but I atleast would have had to take a different path than that in which I took. No one can say which path would have produced the greatest happiness for either you or I, but I do sometimes regret the loss that led to this one. It's increasingly sad now to consider as I become older and can finally appreciate the quality and consequences of those actions we once took as children.

I do suspect you will read this message -- as you would likely expect me to read a random correspondence from you after all this time -- but I don't necessarily expect any response now given you hadn't yet responded to the previous, much more innocuous, two messages. It's really not important that you respond anyways, I can imagine the person you grew into. I just wonder if you're walking alone do you sometimes find yourself also thinking back to our year and a half spent together?

Being my first love I can't help but reminisce sometimes. I think of that big moon in front of the grocery store, the summer storms under which we ran with no shoes and the playgrounds we would hide in. Those were all extraordinarily beautiful experiences I had as a child that I've never had since. I believe the loss of our innocence had doomed us both to a life of reality. There are certainly some qualms that come through as I approach the end of our love story, a sort of film that I can replay in my mind during these times.

I can't understand why you sold our promise ring before we actually parted or why my consoles and games were taken from me when they were loaned to you in pity of you being stuck at home. I don't understand why you let other people use my bong after I specifically stated that I only wanted it to be used by the two of us and no one else. I certainly didn't appreciate the day you told me you wanted to have your nails done and then demanded that I paid for it -- consequentially, I have reservations about buying women gifts to this day. While you never admitted anything to me, after your comment where you stated that every woman I love would cheat on me I began to suspect that's exactly what you yourself had done with those other men you were hanging out with behind my back; like the ones who used our bong -- at the time I certainly didn't expected that kind of thing from you, not at all, so you could have gotten away with it many times over and I would have been completely oblivious to the matter. The worst feeling I get, though, is when I get to the part of the movie where I come to see you while you were pregnant and depressed and when I arrived to you back patio you were high, already halfway into a bottle of vodka and smoking cigarettes -- and that's when I made my decision.

While I can start to understand now at 31 I couldn't understand at the time what would drive you to do that when you had our child. I understand the pressure and the sadness of being a pregnant 15 year old girl with a mother that will disown you unless you have an abortion that you don't want. You knew my mother was ready to take you in to live with us as a family but I know the love of my mother just isn't the same as the love of your own mother. I forgive you but, while I understand her reasoning, I can not forgive your mother. No one is perfect and especially as children we all make horrible mistakes. We are all human, weak and easily misled from the righteous path. I certainly let you down before while we were together as 15 year old children; I hope you have forgiven me also.

Now, at 31, I think about the 17 year old child we lost. It took a while for me to mature to the point where the regret could invade my consciousness whenever I think on this subject. At around 17-19 my mother used to ask me whether I thought about the child and I could honestly say ""no,"" but after about 25 I matured a bit and began thinking about them. Was it a boy or was it a girl? At first I wanted a boy I could turn into a man but I've fallen inlove with the thought of having a daughter I can adore like a pet. Would it have had dark wavy hair like me or light curly hair like you? It certainly would look like you and I and it certainly would have been an extension of ourselves. It would have had grown with our beliefs and a strong sense of both love and justice. When I was 25 I began to think about them in that way.
—
Now that I'm 31 I think about them and all the potential that was wrapped up in the life that we stole away from them. I never wanted you to have an abortion. I was getting more hours at work so I could get ready to care for the child but once I saw you were drinking and smoking I gave it all up and demanded you do it. I regret that moment. I couldn't stand for my child to be brought into the world disabled from drug abuse but now I see that it is much worse to have denied them the chance to live their life altogether. It was an extremely selfish to see something be injured and decide to just kill it off. I regret telling you to go ahead and have that abortion – I don't think you would have done it if I hadn't made that demand and comforted you instead. I regret that our child was never born. Your mother could have always demanded adoption instead – we both know me and my mother would have just taken it and raise it ourselves. We wouldn't have bothered you guys if that's what you wanted – and they would still be alive and well today. 

Do you think about them that way, the way I do? Don't you now regret the horrible thing we did when we were children? I certainly do. It's hard for me now in these moments when I think about them, now that I know the value of a life. We never really spoke about it back then, it was just something bad that happened. You were a lot closer to the truth back then than I was but I think we were both many years away from the point where we could finally grasp the reality of the situation. By the time I was 30, when it would have been approaching the age we were at the time, is when I think this grief really struck home for the first time; prior to that I still felt sad but it was less powerful, more like shame and disappointment. I wonder if you feel the same way now. 

Maybe you did your grieving from the beginning and are now over it entirely. Maybe it's all been forgotten. Maybe you're reading this message now and thinking that I've simply gone insane to spill so many words about something that happened, or rather someone we lost, almost two decades ago. Back when we knew eachother I knew you to be deeply sincere and sentimental like I was so I believe you will read this, I believe you will understand and agree, and I believe you will leave it at that. I believe this because I'm still deeply sincere and sentimental now as a man; that part of me never changed. There isn't much you can really say now anyways. I just happened upon your facebook profile and after all these years was compelled to atleast make an attempt at ""hello."" I was compelled to see what it is you've accomplished and became in all these years since we last spoke. More than any other compulsion, however, was my need to know if you regretted the horrible thing we did together as children. The rest of it (i.e., the good times we shared) is like the sweetest dream but the ending is a horrible nightmare of shame, pain, and regret. At least it happened.",reddit
reddit_134eh1x,"The ex from h-e- double hockey sticks 🏒🏒

For background, my ex (white 18M) and I (white 18F) dated for a few months, back in 2021. We were very much in love… or so I thought. For privacy purposes, we’ll call him Dick. Our relationship started out well, but we had very few boundaries. Pretty normal for the start of a high school relationship. He talked a lot about his friend that had died, but never really any specifics. this seemed pretty normal to me, being that he had died only a year prior and it had been a homicide. A few months in, our relationship started to get really rocky. Dick was a race-car driver and constantly talked about racing, but wouldn’t let me come to any of his races. His mom’s side of the family loved me, but his dad’s side refused to even meet me, and hated me for no apparent reason. Dick started racing constantly, and would never answer his phone. He made some excuse about how his phone was broken or something, and I believed him. I had no reason not to. One of the biggest red flags within his change in behavior was on a day that he had been gaming all day and called me (after days of not responding). He called someone an fing N word. I was lost for words and hung up the phone immediately. Later, after making me the most anxious person in the world for about a month and a half (at this point he had stopped even hanging out with me), he broke up with me. He blamed it on being depressed and worried because the guy who shot his friend was being “let out on parole” and he was “scared and depressed all over again.” The worst part about it is that the guys who killed his friend were white, and his friend was black, so they weren’t tried as adults and were completely let off. This outraged me, and I wanted to do anything and everything I could to help. I completely understood and told him I would wait as long as he needed… rookie mistake. He dragged me along for two months afterward, clearly with no intentions of getting back together. When I found out he was adding his exes back on snapchat (even though his snap was “broken”), I finally took the plunge and hung out with a guy that had been after me for some time. The important thing here is this guy was sort of in our friend group but I had known him far longer than my ex. We made out a bit and watched a show. I only told my best friend, who knew none of these people, but the guy I had hung out with told our mutual friends, and they told Dick. Dick flipped out and got super angry at me. I couldn’t believe it, because I felt like I had been dragged along this entire time and was finally breaking free, but some of our friends were mad at me too. 

Side note: I ended up finding out months later that the guys involved in killing Dick’s friend were all black, and well over the age of 18. I wonder sometimes if he was even really that close with his friend and if he has used this excuse on other girls. He ended up in another relationship and started posting about her very shortly after getting angry with me over kissing the guy.",reddit
wayback_http://www13.geocities.com:80/Athens/,"GeoCities - Athens

GeoCities - Athens Save Now! 3.9% eCard Visa Up to 40% off related books from Amazon.com Visit Surplus Auction Build your own Valentine's CD @ CDnow Other Neighborhoods Great GeoShops Get a Virtual Office Explore The Suburbs: Choose a suburb Athens Academy Acropolis Aegean Agora Atlantis Crete Delphi Forum Ithaca Olympus Oracle Parthenon Rhodes Styx Thebes Troy Yahoo: Arts & Humanities Search: GeoCities Athens Password: Surrealism Home Help Info • Arts & Literature • Campus Life • Society Join This Neighborhood today! It's Free. Hood Happenings Arts Chat | Arts Forum The Athens Tabloid Journal : Rabid chickens, killer goldfish and insane Athens Community Leaders are all hot topics at the Athens Tabloid Journal . Engage yourself in extraordinary poetry and journey through outstanding homepages of poetry enthusiasts from across the nation in this showcase sponsored by the International Library of Poetry . Athens Community Resources : Let the Athens Community Leaders help you build your own slice of GeoHeaven. Getting Involved Community Leaders If you need GeoCities help or want to get more involved in your neighborhood, these are the people to ask. Blueprint We've created a zine to help you build better home pages. Check in every month for lots of tips and tricks! Landmark Sites Places to stop when you're surfing that info superhighway known as GeoCities. Landmarks are sites we consider the best of the best. [Join] [Help] [Info] [Home] [Avenues] [Neighborhoods] [Members] [Shopping Center] [Search] © 1995 - 1999 GeoCities. All rights reserved",wayback
wayback_http://geocities.com:80/Athens/,"GeoCities - Athens

GeoCities - Athens Visit Surplus Auction $5.00 off for Music Lovers@ CDnow Save Now! 3.9% eCard Visa Up to 40% off related books from Amazon.com Other Neighborhoods Great GeoShops Get a Virtual Office Explore The Suburbs: Choose a suburb Athens Academy Acropolis Aegean Agora Atlantis Crete Delphi Forum Ithaca Olympus Oracle Parthenon Rhodes Styx Thebes Troy Yahoo: Arts & Humanities Search: GeoCities Athens Password: Surrealism Home Help Info • Arts & Literature • Campus Life • Society Join This Neighborhood today! It's Free. Hood Happenings Arts Chat | Arts Forum Best of Athens : Have a great site in Athens, or want help fixing it up? Your Athens CLs point you in the right direction at the Best of Athens ! Surf the Net with Networds - Create Free Networds for every GeoCities and Internet location you visit. They will be available instantly to everyone on the Net. Use Networds and share them with others. The Athens Atrium : To get listed and be seen, come check out the Athens Atrium ! Getting Involved Community Leaders If you need GeoCities help or want to get more involved in your neighborhood, these are the people to ask. Blueprint We've created a zine to help you build better home pages. Check in every month for lots of tips and tricks! Landmark Sites Places to stop when you're surfing that info superhighway known as GeoCities. Landmarks are sites we consider the best of the best. [Join] [Help] [Info] [Home] [Avenues] [Neighborhoods] [Members] [Shopping Center] [Search] © 1995 - 1999 GeoCities. All rights reserved",wayback
wayback_http://www18.geocities.com:80/Athens/,"GeoCities - Athens

GeoCities - Athens Up to 40% off related books from Amazon.com Visit Surplus Auction $5.00 off for Music Lovers@ CDnow Save Now! 3.9% eCard Visa Other Neighborhoods Great GeoShops Get a Virtual Office Explore The Suburbs: Choose a suburb Athens Academy Acropolis Aegean Agora Atlantis Crete Delphi Forum Ithaca Olympus Oracle Parthenon Rhodes Styx Thebes Troy Yahoo: Arts & Humanities Search: GeoCities Athens Password: Surrealism Home Help Info • Arts & Literature • Campus Life • Society Join This Neighborhood today! It's Free. Hood Happenings Arts Chat | Arts Forum Best of Athens : Have a great site in Athens, or want help fixing it up? Your Athens CLs point you in the right direction at the Best of Athens ! Engage yourself in extraordinary poetry and journey through outstanding homepages of poetry enthusiasts from across the nation in this showcase sponsored by the International Library of Poetry . Lover's Lane : Celebrate Valentine's Day with GeoCities! You can send your sweetie a card, take our Trivial Trivia Quiz or see what's going on in other Neighborhoods at Lovers Lane ! Getting Involved Community Leaders If you need GeoCities help or want to get more involved in your neighborhood, these are the people to ask. Blueprint We've created a zine to help you build better home pages. Check in every month for lots of tips and tricks! Landmark Sites Places to stop when you're surfing that info superhighway known as GeoCities. Landmarks are sites we consider the best of the best. [Join] [Help] [Info] [Home] [Avenues] [Neighborhoods] [Members] [Shopping Center] [Search] © 1995 - 1999 GeoCities. All rights reserved",wayback
wayback_http://www19.geocities.com:80/Athens/,"GeoCities - Athens

GeoCities - Athens $5.00 off for Music Lovers@ CDnow Save Now! 3.9% eCard Visa Up to 40% off related books from Amazon.com Visit Surplus Auction Other Neighborhoods Great GeoShops Get a Virtual Office Explore The Suburbs: Choose a suburb Athens Academy Acropolis Aegean Agora Atlantis Crete Delphi Forum Ithaca Olympus Oracle Parthenon Rhodes Styx Thebes Troy Yahoo: Arts & Humanities Search: GeoCities Athens Password: Surrealism Home Help Info • Arts & Literature • Campus Life • Society Join This Neighborhood today! It's Free. Hood Happenings Arts Chat | Arts Forum GeoCities Community Cookbook : Do you have a culinary secret you'd love to share? Submit your favorite recipes to our new online recipe database, the GeoCities Community Cookbook . Engage yourself in extraordinary poetry and journey through outstanding homepages of poetry enthusiasts from across the nation in this showcase sponsored by the International Library of Poetry . An Athens Mystery : A game is afoot! Join us in hunting down the beloved and fabulous Athens icon and finding out which Community Leader is the thief at An Athens Mystery . Getting Involved Community Leaders If you need GeoCities help or want to get more involved in your neighborhood, these are the people to ask. Blueprint We've created a zine to help you build better home pages. Check in every month for lots of tips and tricks! Landmark Sites Places to stop when you're surfing that info superhighway known as GeoCities. Landmarks are sites we consider the best of the best. [Join] [Help] [Info] [Home] [Avenues] [Neighborhoods] [Members] [Shopping Center] [Search] © 1995 - 1999 GeoCities. All rights reserved",wayback
wayback_http://www9.geocities.com:80/Athens/,"GeoCities - Athens

GeoCities - Athens $5.00 off for Music Lovers@ CDnow Save Now! 3.9% eCard Visa Up to 40% off related books from Amazon.com Visit Surplus Auction Other Neighborhoods Great GeoShops Get a Virtual Office Explore The Suburbs: Choose a suburb Athens Academy Acropolis Aegean Agora Atlantis Crete Delphi Forum Ithaca Olympus Oracle Parthenon Rhodes Styx Thebes Troy Yahoo: Arts & Humanities Search: GeoCities Athens Password: Surrealism Home Help Info • Arts & Literature • Campus Life • Society Join This Neighborhood today! It's Free. Hood Happenings Arts Chat | Arts Forum The Athens Religions Round Table : Looking for religious enlightenment? Find everything from Christian to Pagan at the Religions Round Table . Surf the Net with Networds - Create Free Networds for every GeoCities and Internet location you visit. They will be available instantly to everyone on the Net. Use Networds and share them with others. The Athens Atrium : To get listed and be seen, come check out the Athens Atrium ! Getting Involved Community Leaders If you need GeoCities help or want to get more involved in your neighborhood, these are the people to ask. Blueprint We've created a zine to help you build better home pages. Check in every month for lots of tips and tricks! Landmark Sites Places to stop when you're surfing that info superhighway known as GeoCities. Landmarks are sites we consider the best of the best. [Join] [Help] [Info] [Home] [Avenues] [Neighborhoods] [Members] [Shopping Center] [Search] © 1995 - 1999 GeoCities. All rights reserved",wayback
wayback_http://www20.geocities.com:80/Athens/,"GeoCities - Athens

GeoCities - Athens Visit Surplus Auction $5.00 off for Music Lovers@ CDnow Instant Credit Apply Now! Up to 40% off related books from Amazon.com Other Neighborhoods Great GeoShops Get a Virtual Office Explore The Suburbs: Choose a suburb Athens Academy Acropolis Aegean Agora Atlantis Crete Delphi Forum Ithaca Olympus Oracle Parthenon Rhodes Styx Thebes Troy Yahoo: Arts & Humanities Search: GeoCities Athens Password: Surrealism Home Help Info • Arts & Literature • Campus Life • Society Join This Neighborhood today! It's Free. Hood Happenings Arts Chat | Arts Forum Best of Athens : Have a great site in Athens, or want help fixing it up? Your Athens CLs point you in the right direction at the Best of Athens ! Surf the Net with Networds - Create Free Networds for every GeoCities and Internet location you visit. They will be available instantly to everyone on the Net. Use Networds and share them with others. An Athens Mystery : A game is afoot! Join us in hunting down the beloved and fabulous Athens icon and finding out which Community Leader is the thief at An Athens Mystery . Getting Involved Community Leaders If you need GeoCities help or want to get more involved in your neighborhood, these are the people to ask. Blueprint We've created a zine to help you build better home pages. Check in every month for lots of tips and tricks! Landmark Sites Places to stop when you're surfing that info superhighway known as GeoCities. Landmarks are sites we consider the best of the best. [Join] [Help] [Info] [Home] [Avenues] [Neighborhoods] [Members] [Shopping Center] [Search] © 1995 - 1999 GeoCities. All rights reserved",wayback
wayback_http://www3.geocities.com:80/Athens/,"GeoCities - Athens

GeoCities - Athens Up to 40% off related books from Amazon.com Visit Surplus Auction $5.00 off music at CDnow! Instant Credit Apply Now! Other Neighborhoods Great GeoShops Get a Virtual Office Explore The Suburbs: Choose a suburb Athens Academy Acropolis Aegean Agora Atlantis Crete Cyprus Delphi Forum Ithaca Olympus Oracle Parthenon Rhodes Styx Thebes Troy Yahoo: Arts & Humanities Search: GeoCities Athens Password: Surrealism Home Help Info • Arts & Literature • Campus Life • Society Join This Neighborhood today! It's Free. Hood Happenings Arts Chat | Arts Forum GeoCities Community Cookbook : Do you have a culinary secret you'd love to share? Submit your favorite recipes to our new online recipe database, the GeoCities Community Cookbook . Surf the Net with Networds - Create Free Networds for every GeoCities and Internet location you visit. They will be available instantly to everyone on the Net. Use Networds and share them with others. An Athens Mystery : A game is afoot! Join us in hunting down the beloved and fabulous Athens icon and finding out which Community Leader is the thief at An Athens Mystery . Getting Involved Community Leaders If you need GeoCities help or want to get more involved in your neighborhood, these are the people to ask. Blueprint We've created a zine to help you build better home pages. Check in every month for lots of tips and tricks! Landmark Sites Places to stop when you're surfing that info superhighway known as GeoCities. Landmarks are sites we consider the best of the best. [Join] [Help] [Info] [Home] [Avenues] [Neighborhoods] [Members] [Shopping Center] [Search] © 1995 - 1999 GeoCities. All rights reserved",wayback
wayback_http://www2.geocities.com:80/Athens/,"GeoCities - Athens

GeoCities - Athens Instant Credit Apply Now! Up to 40% off related books from Amazon.com Visit Surplus Auction $5.00 off music at CDnow! Other Neighborhoods Great GeoShops Get a Virtual Office Explore The Suburbs: Choose a suburb Athens Academy Acropolis Aegean Agora Atlantis Crete Cyprus Delphi Forum Ithaca Olympus Oracle Parthenon Rhodes Styx Thebes Troy Yahoo: Arts & Humanities Search: GeoCities Athens Password: Surrealism Home Help Info • Arts & Literature • Campus Life • Society Join This Neighborhood today! It's Free. Hood Happenings Arts Chat | Arts Forum The Athens Tabloid Journal : Rabid chickens, killer goldfish and insane Athens Community Leaders are all hot topics at the Athens Tabloid Journal . Surf the Net with Networds - Create Free Networds for every GeoCities and Internet location you visit. They will be available instantly to everyone on the Net. Use Networds and share them with others. Lover's Lane : Celebrate Valentine's Day with GeoCities! You can send your sweetie a card, take our Trivial Trivia Quiz or see what's going on in other Neighborhoods at Lovers Lane ! Getting Involved Community Leaders If you need GeoCities help or want to get more involved in your neighborhood, these are the people to ask. Blueprint We've created a zine to help you build better home pages. Check in every month for lots of tips and tricks! Landmark Sites Places to stop when you're surfing that info superhighway known as GeoCities. Landmarks are sites we consider the best of the best. [Join] [Help] [Info] [Home] [Avenues] [Neighborhoods] [Members] [Shopping Center] [Search] © 1995 - 1999 GeoCities. All rights reserved",wayback
wayback_http://www8.geocities.com:80/Athens/,"GeoCities - Athens

GeoCities - Athens $5.00 off music at CDnow! Instant Credit Apply Now! Up to 40% off related books from Amazon.com Visit Surplus Auction Other Neighborhoods Great GeoShops Get a Virtual Office Explore The Suburbs: Choose a suburb Athens Academy Acropolis Aegean Agora Atlantis Crete Cyprus Delphi Forum Ithaca Olympus Oracle Parthenon Rhodes Styx Thebes Troy Yahoo: Arts & Humanities Search: GeoCities Athens Password: Surrealism Home Help Info • Arts & Literature • Campus Life • Society Join This Neighborhood today! It's Free. Hood Happenings Arts Chat | Arts Forum Best of Athens : Have a great site in Athens, or want help fixing it up? Your Athens CLs point you in the right direction at the Best of Athens ! Surf the Net with Networds - Create Free Networds for every GeoCities and Internet location you visit. They will be available instantly to everyone on the Net. Use Networds and share them with others. An Athens Mystery : A game is afoot! Join us in hunting down the beloved and fabulous Athens icon and finding out which Community Leader is the thief at An Athens Mystery . Getting Involved Community Leaders If you need GeoCities help or want to get more involved in your neighborhood, these are the people to ask. Blueprint We've created a zine to help you build better home pages. Check in every month for lots of tips and tricks! Landmark Sites Places to stop when you're surfing that info superhighway known as GeoCities. Landmarks are sites we consider the best of the best. [Join] [Help] [Info] [Home] [Avenues] [Neighborhoods] [Members] [Shopping Center] [Search] © 1995 - 1999 GeoCities. All rights reserved",wayback
wayback_http://www16.geocities.com:80/Athens/,"GeoCities - Athens

GeoCities - Athens Instant Credit Apply Now! Up to 40% off related books from Amazon.com Visit Surplus Auction $5.00 off music at CDnow! Other Neighborhoods Great GeoShops Get a Virtual Office Explore The Suburbs: Choose a suburb Athens Academy Acropolis Aegean Agora Atlantis Crete Cyprus Delphi Forum Ithaca Olympus Oracle Parthenon Rhodes Styx Thebes Troy Yahoo: Arts & Humanities Search: GeoCities Athens Password: Surrealism Home Help Info • Arts & Literature • Campus Life • Society Join This Neighborhood today! It's Free. Hood Happenings Arts Chat | Arts Forum Best of Athens : Have a great site in Athens, or want help fixing it up? Your Athens CLs point you in the right direction at the Best of Athens ! Surf the Net with Networds - Create Free Networds for every GeoCities and Internet location you visit. They will be available instantly to everyone on the Net. Use Networds and share them with others. The Athens Atrium : To get listed and be seen, come check out the Athens Atrium ! Getting Involved Community Leaders If you need GeoCities help or want to get more involved in your neighborhood, these are the people to ask. Blueprint We've created a zine to help you build better home pages. Check in every month for lots of tips and tricks! Landmark Sites Places to stop when you're surfing that info superhighway known as GeoCities. Landmarks are sites we consider the best of the best. [Join] [Help] [Info] [Home] [Avenues] [Neighborhoods] [Members] [Shopping Center] [Search] © 1995 - 1999 GeoCities. All rights reserved",wayback
wayback_http://www21.geocities.com:80/Athens/,"GeoCities - Athens

GeoCities - Athens $5.00 off music at CDnow! Instant Credit Apply Now! Up to 40% off related books from Amazon.com Visit Surplus Auction Other Neighborhoods Great GeoShops Get a Virtual Office Explore The Suburbs: Choose a suburb Athens Academy Acropolis Aegean Agora Atlantis Crete Cyprus Delphi Forum Ithaca Olympus Oracle Parthenon Rhodes Styx Thebes Troy Yahoo: Arts & Humanities Search: GeoCities Athens Password: Surrealism Home Help Info • Arts & Literature • Campus Life • Society Join This Neighborhood today! It's Free. Hood Happenings Arts Chat | Arts Forum The Athens Religions Round Table : Looking for religious enlightenment? Find everything from Christian to Pagan at the Religions Round Table . Surf the Net with Networds - Create Free Networds for every GeoCities and Internet location you visit. They will be available instantly to everyone on the Net. Use Networds and share them with others. An Athens Mystery : A game is afoot! Join us in hunting down the beloved and fabulous Athens icon and finding out which Community Leader is the thief at An Athens Mystery . Getting Involved Community Leaders If you need GeoCities help or want to get more involved in your neighborhood, these are the people to ask. Blueprint We've created a zine to help you build better home pages. Check in every month for lots of tips and tricks! Landmark Sites Places to stop when you're surfing that info superhighway known as GeoCities. Landmarks are sites we consider the best of the best. [Join] [Help] [Info] [Home] [Avenues] [Neighborhoods] [Members] [Shopping Center] [Search] © 1995 - 1999 GeoCities. All rights reserved",wayback
wayback_http://www14.geocities.com:80/Athens/,"GeoCities - Athens

GeoCities - Athens Visit Surplus Auction $5.00 off music at CDnow! Instant Credit Apply Now! Up to 40% off related books from Amazon.com Other Neighborhoods Great GeoShops Get a Virtual Office Explore The Suburbs: Choose a suburb Athens Academy Acropolis Aegean Agora Atlantis Crete Cyprus Delphi Forum Ithaca Olympus Oracle Parthenon Rhodes Styx Thebes Troy Yahoo: Arts & Humanities Search: GeoCities Athens Password: Surrealism Home Help Info • Arts & Literature • Campus Life • Society Join This Neighborhood today! It's Free. Hood Happenings Arts Chat | Arts Forum The Athens Tabloid Journal : Rabid chickens, killer goldfish and insane Athens Community Leaders are all hot topics at the Athens Tabloid Journal . Surf the Net with Networds - Create Free Networds for every GeoCities and Internet location you visit. They will be available instantly to everyone on the Net. Use Networds and share them with others. Athens Community Resources : Let the Athens Community Leaders help you build your own slice of GeoHeaven. Getting Involved Community Leaders If you need GeoCities help or want to get more involved in your neighborhood, these are the people to ask. Blueprint We've created a zine to help you build better home pages. Check in every month for lots of tips and tricks! Landmark Sites Places to stop when you're surfing that info superhighway known as GeoCities. Landmarks are sites we consider the best of the best. [Join] [Help] [Info] [Home] [Avenues] [Neighborhoods] [Members] [Shopping Center] [Search] © 1995 - 1999 GeoCities. All rights reserved",wayback
wayback_http://www5.geocities.com:80/Athens/,"GeoCities - Athens

GeoCities - Athens Visit Surplus Auction $5.00 off music at CDnow! Instant Credit Apply Now! Up to 40% off related books from Amazon.com Other Neighborhoods Great GeoShops Get a Virtual Office Explore The Suburbs: Choose a suburb Athens Academy Acropolis Aegean Agora Atlantis Crete Cyprus Delphi Forum Ithaca Olympus Oracle Parthenon Rhodes Styx Thebes Troy Yahoo: Arts & Humanities Search: GeoCities Athens Password: Surrealism Home Help Info • Arts & Literature • Campus Life • Society Join This Neighborhood today! It's Free. Hood Happenings Arts Chat | Arts Forum The Athens Tabloid Journal : Rabid chickens, killer goldfish and insane Athens Community Leaders are all hot topics at the Athens Tabloid Journal . Surf the Net with Networds - Create Free Networds for every GeoCities and Internet location you visit. They will be available instantly to everyone on the Net. Use Networds and share them with others. Lover's Lane : Celebrate Valentine's Day with GeoCities! You can send your sweetie a card, take our Trivial Trivia Quiz or see what's going on in other Neighborhoods at Lovers Lane ! Getting Involved Community Leaders If you need GeoCities help or want to get more involved in your neighborhood, these are the people to ask. Blueprint We've created a zine to help you build better home pages. Check in every month for lots of tips and tricks! Landmark Sites Places to stop when you're surfing that info superhighway known as GeoCities. Landmarks are sites we consider the best of the best. [Join] [Help] [Info] [Home] [Avenues] [Neighborhoods] [Members] [Shopping Center] [Search] © 1995 - 1999 GeoCities. All rights reserved",wayback
wayback_http://www1.geocities.com:80/Athens/,"Yahoo! GeoCities - Athens

Yahoo! GeoCities - Athens Yahoo! Home Help Free Home Pages! Get your own free home page today In Our Neighborhoods Community Leaders World Report Landmark Sites Other Neighborhoods Search Yahoo! GeoCities Athens Yahoo! Resources Yahoo! Clubs Yahoo! Education Explore the Suburbs Choose a suburb Athens Athens/Academy Athens/Acropolis Athens/Aegean Athens/Agora Athens/Atlantis Athens/Atrium Athens/Crete Athens/Cyprus Athens/Delphi Athens/Forum Athens/Ithaca Athens/Olympus Athens/Oracle Athens/Pantheon Athens/Parthenon Athens/Rhodes Athens/Sparta Athens/Styx Athens/Thebes Athens/Troy Hood Happenings Athens Chat | Athens Message Boards The Athens Religions Round Table : Looking for religious enlightenment? Find everything from Christian to Pagan at the Religions Round Table . An Athens Mystery : A game is afoot! Join us in hunting down the beloved and fabulous Athens icon and finding out which Community Leader is the thief at An Athens Mystery . Copyright © 1994-1999 Yahoo! Inc. All rights reserved. Help Privacy Policy Terms of Service Legal Disclaimers",wayback
wayback_http://www12.geocities.com:80/Athens/,"Yahoo! GeoCities - Athens

Yahoo! GeoCities - Athens Yahoo! Home Help Free Home Pages! Get your own free home page today In Our Neighborhoods Community Leaders World Report Landmark Sites Other Neighborhoods Search Yahoo! GeoCities Athens Yahoo! Resources Yahoo! Clubs Yahoo! Education Explore the Suburbs Choose a suburb Athens Athens/Academy Athens/Acropolis Athens/Aegean Athens/Agora Athens/Atlantis Athens/Atrium Athens/Crete Athens/Cyprus Athens/Delphi Athens/Forum Athens/Ithaca Athens/Olympus Athens/Oracle Athens/Pantheon Athens/Parthenon Athens/Rhodes Athens/Sparta Athens/Styx Athens/Thebes Athens/Troy Hood Happenings Athens Chat | Athens Message Boards GeoCities Community Cookbook : Do you have a culinary secret you'd love to share? Submit your favorite recipes to our new online recipe database, the GeoCities Community Cookbook . An Athens Mystery : A game is afoot! Join us in hunting down the beloved and fabulous Athens icon and finding out which Community Leader is the thief at An Athens Mystery . Copyright © 1994-1999 Yahoo! Inc. All rights reserved. Help Privacy Policy Terms of Service Legal Disclaimers",wayback
wayback_http://www4.geocities.com:80/Athens/,"Yahoo! GeoCities - Athens

Yahoo! GeoCities - Athens Yahoo! Home Help Free Home Pages! Get your own free home page today In Our Neighborhoods Community Leaders World Report Landmark Sites Other Neighborhoods Search Yahoo! GeoCities Athens Yahoo! Resources Yahoo! Clubs Yahoo! Education Explore the Suburbs Choose a suburb Athens Athens/Academy Athens/Acropolis Athens/Aegean Athens/Agora Athens/Atlantis Athens/Atrium Athens/Crete Athens/Cyprus Athens/Delphi Athens/Forum Athens/Ithaca Athens/Olympus Athens/Oracle Athens/Pantheon Athens/Parthenon Athens/Rhodes Athens/Sparta Athens/Styx Athens/Thebes Athens/Troy Hood Happenings Athens Chat | Athens Message Boards Copyright © 1994-1999 Yahoo! Inc. All rights reserved. Help Privacy Policy Terms of Service Legal Disclaimers",wayback
wayback_http://www7.geocities.com:80/Athens/,"Yahoo! GeoCities - Athens

Yahoo! GeoCities - Athens Yahoo! Home Help Free Home Pages! Get your own free home page today In Our Neighborhoods Community Leaders World Report Landmark Sites Other Neighborhoods Search Yahoo! GeoCities Athens Yahoo! Resources Yahoo! Clubs Yahoo! Education Explore the Suburbs Choose a suburb Athens Athens/Academy Athens/Acropolis Athens/Aegean Athens/Agora Athens/Atlantis Athens/Atrium Athens/Crete Athens/Cyprus Athens/Delphi Athens/Forum Athens/Ithaca Athens/Olympus Athens/Oracle Athens/Pantheon Athens/Parthenon Athens/Rhodes Athens/Sparta Athens/Styx Athens/Thebes Athens/Troy Hood Happenings Athens Chat | Athens Message Boards Copyright © 1994-1999 Yahoo! Inc. All rights reserved. Help Privacy Policy Terms of Service Legal Disclaimers",wayback
wayback_http://www.geocities.com:80/Athens/,"Yahoo! GeoCities - Athens

Yahoo! GeoCities - Athens Yahoo! Home Help Free Home Pages! Get your own free home page today In Our Neighborhoods Community Leaders World Report Landmark Sites Other Neighborhoods Search Yahoo! GeoCities Athens Yahoo! Resources Yahoo! Clubs Yahoo! Education Explore the Suburbs Choose a suburb Athens Athens/Academy Athens/Acropolis Athens/Aegean Athens/Agora Athens/Atlantis Athens/Atrium Athens/Crete Athens/Cyprus Athens/Delphi Athens/Forum Athens/Ithaca Athens/Olympus Athens/Oracle Athens/Pantheon Athens/Parthenon Athens/Rhodes Athens/Sparta Athens/Styx Athens/Thebes Athens/Troy Hood Happenings Athens Chat | Athens Message Boards GeoCities Community Cookbook : Do you have a culinary secret you'd love to share? Submit your favorite recipes to our new online recipe database, the GeoCities Community Cookbook . The Academy : Do you dream of becoming a famous writer? Come to the Athens Academy for a helping hand. Copyright © 1994-1999 Yahoo! Inc. All rights reserved. Help Privacy Policy Terms of Service Legal Disclaimers",wayback
wayback_http://www.geocities.com:80/Athens/?,"Yahoo! GeoCities

Yahoo! GeoCities This area has moved. Please update your bookmarks. You will be automatically redirected in a few seconds. If your browser does not support the refresh tag, click here .",wayback
wayback_http://geocities.com:80/Athens/?,"Yahoo! GeoCities

Yahoo! GeoCities This area has moved. Please update your bookmarks. You will be automatically redirected in a few seconds. If your browser does not support the refresh tag, click here .",wayback
wayback_http://www.geocities.com:80/athens-digest/,"Dennis Randall's Resume

Dennis Randall's Resume <BODY> <P>Viewing this page requires a browser capable of displaying frames. New Uplad test. </P> </BODY>",wayback
wayback_http://geocities.com/athens-digest/,"Dennis Randall's Resume

Dennis Randall's Resume <BODY> <P>Viewing this page requires a browser capable of displaying frames. New Uplad test. </P> </BODY>",wayback
wayback_http://geocities.com/athens-digest/articles/,"50Meg.com Webweaver's Workshop

50Meg.com Webweaver's Workshop <BODY> <P>Viewing this page requires a browser capable of displaying frames. </P> </BODY> AMESET> 00> Home Creativity Community Content Connection Cool Tools Site Map Resume ~ Welcome to the Webweaver's Workshop ~ Home | Creativity | Community | Content | Connection | Cool Tools | Site Map | Resume index.html drandall@adelphia.net Copyright © 2000 Dennis Randall All Rights Reserved",wayback
wayback_http://www.geocities.com:80/athens-digest/articles/community.html,"Dennis Randall: Community

Dennis Randall: Community Home | Creativity | Community | Content | Connection | Cool Tools | Site Map | Resume FEN Communities Created and Managed by Randall I take a measure of pride in the growth of Community at FEN. Over the years our online community has expanded from 30 messages a week to more than 10,000 postings a month. Today there are more than 40,000 registered users and a dozen board hosts. Find it quickly! INSTANT POLL FEATURED DISCUSSIONS Corporal Punishment... What Makes a 'Gifted' Child? Discipline & Child Raising Religion and Public Schools Middle School Help Desk PTA Membership Ideas PTA Idea Sharing Discipline and Spanking What Good Are Manners? ASK THE EXPERTS Gifted and Talented Learning Disabilities & ADD/ADHD Social/Emotional Issues COMMUNITY RESOURCES Message Board Help Terms of Use Tips for Online Safety Help Boards BOARD CATEGORIES ADD and ADHD Archives Backyard Science Book Clubs College & Career Computing & Internet Elementary & K-5 Entertainment Family Finance Genealogy Gifted Children Health & Wellness High School Holidays Home & Hobbies Homeschooling Homework Help Hot Topics K-12 Learning Disabilities Member Help Middle & 6 - 8 myschoolonline National PTA Boards Parent to Parent Pets and Families Politics Preschool Physical Disabilities Relationships/Sex School Safety Special Needs Sports and Kids Working From Home",wayback
wayback_http://geocities.com/athens-digest/articles/community.html,"Dennis Randall: Community

Dennis Randall: Community Home | Creativity | Community | Content | Connection | Cool Tools | Site Map | Resume FEN Communities Created and Managed by Randall I take a measure of pride in the growth of Community at FEN. Over the years our online community has expanded from 30 messages a week to more than 10,000 postings a month. Today there are more than 40,000 registered users and a dozen board hosts. Find it quickly! INSTANT POLL FEATURED DISCUSSIONS Corporal Punishment... What Makes a 'Gifted' Child? Discipline & Child Raising Religion and Public Schools Middle School Help Desk PTA Membership Ideas PTA Idea Sharing Discipline and Spanking What Good Are Manners? ASK THE EXPERTS Gifted and Talented Learning Disabilities & ADD/ADHD Social/Emotional Issues COMMUNITY RESOURCES Message Board Help Terms of Use Tips for Online Safety Help Boards BOARD CATEGORIES ADD and ADHD Archives Backyard Science Book Clubs College & Career Computing & Internet Elementary & K-5 Entertainment Family Finance Genealogy Gifted Children Health & Wellness High School Holidays Home & Hobbies Homeschooling Homework Help Hot Topics K-12 Learning Disabilities Member Help Middle & 6 - 8 myschoolonline National PTA Boards Parent to Parent Pets and Families Politics Preschool Physical Disabilities Relationships/Sex School Safety Special Needs Sports and Kids Working From Home",wayback
wayback_http://www.geocities.com:80/athens-digest/articles/connection.html,"Dennis Randall: Connections

Dennis Randall: Connections Home | Creativity | Community | Content | Connection | Cool Tools | Site Map | Resume The email connection with members and users is the most critical (and cost effective) way to bind folks to your website. For years I edited and produced Weekend Fun in a text only ASCII format. Frustrated with the plain vanilla format of text-only I mucked around one weekend and produced a sample HTML format for our members. You be the judge, which would you rather find in your email on Thursday morning? Copyright © 2000 Dennis Randall All Rights Reserved l>",wayback
wayback_http://geocities.com/athens-digest/articles/connection.html,"Dennis Randall: Connections

Dennis Randall: Connections Home | Creativity | Community | Content | Connection | Cool Tools | Site Map | Resume The email connection with members and users is the most critical (and cost effective) way to bind folks to your website. For years I edited and produced Weekend Fun in a text only ASCII format. Frustrated with the plain vanilla format of text-only I mucked around one weekend and produced a sample HTML format for our members. You be the judge, which would you rather find in your email on Thursday morning? Copyright © 2000 Dennis Randall All Rights Reserved l>",wayback
wayback_http://www.geocities.com:80/athens-digest/articles/content.html,"Dennis Randall: Content

Dennis Randall: Content Home | Creativity | Community | Content | Connection | Cool Tools | Site Map | Resume The Best of Randall's Backyard Science While at FEN I created more than 1,500 original editorial items including the ones featured below. I think they're some of the best articles I've written and produced for FamilyEducation. Enjoy! Weather | Astronomy | The Environment | Just for Fun | Top Weather: Weather : Check out these cool links to some weather hot spots. Backyard Weather Station : Ever think of building a backyard weather station with your kids? It's fun, easy, and makes a great family project! Here's how... How Rain Works -- Science for Kids : Is your kid wondering what this drought is all about? While you weather this dry spell, turn your kid into a weatherperson and your home into a weather station! Also, some tips on saving water ... The Science of Snow : Snowflakes and kids are made for each other. You can use your children's natural curiosity about snow as a gateway into scientific exploration. Here's a primer. Let it Snow! Here's a cool quiz with nifty questions like: What is the biggest snowflake on record? Bet you can't guess... For more great weather information for kids visit... Snow Crystals : While no two snowflakes are alike, they can be generally classified into six basic patterns as a result of unique atmospheric conditions present at the crystal's birth. Think of them as a kind of ""cloud diary"" and a record of conditions aloft. Snow Sculptures : When it comes to playing in the snow, kids love it and we adults often get cold feet. Literally. This doesn't have to be the case. Weather | Astronomy | The Environment | Just for Fun | Top Astronomy: The Night Sky : Some of the best backyard science can be found over your head! Getting started is easy -- here are a few activities for you and kids of all ages... Meteors on Film: Photography Tips -- Capturing a meteor on film is mostly a point, click, and luck proposition. By following these tips and a little luck you might get something. Tracking the Space Station : Look! Up in the sky. It's a bird. It's a plane. It's a Space Station?? Learn how you can track it's flight path -- it might be over your house tonight! Night Sky Net Guide: Next to a good pair of eyes, the Internet is the backyard star gazer's best friend. There are almost as many great websites devoted to astronomy as there are stars in the sky. Here are some of the best. Mars Colony : Are your kids ready for an out-of-this-world adventure? How about building and planning a colony on Mars! Weather | Astronomy | The Environment | Just for Fun | Top The Environment: It's Easy Being Green! These activities will help you teach your children about the environment. Living Green, Learning Green : For most kids, three of the great mysteries of urban life are: What happens to the poop after I flush? -- What's on the other side of the light switch and why does mom go nuts when I leave the light on? -- Where does all th",wayback
wayback_http://geocities.com/athens-digest/articles/content.html,"Dennis Randall: Content

Dennis Randall: Content Home | Creativity | Community | Content | Connection | Cool Tools | Site Map | Resume The Best of Randall's Backyard Science While at FEN I created more than 1,500 original editorial items including the ones featured below. I think they're some of the best articles I've written and produced for FamilyEducation. Enjoy! Weather | Astronomy | The Environment | Just for Fun | Top Weather: Weather : Check out these cool links to some weather hot spots. Backyard Weather Station : Ever think of building a backyard weather station with your kids? It's fun, easy, and makes a great family project! Here's how... How Rain Works -- Science for Kids : Is your kid wondering what this drought is all about? While you weather this dry spell, turn your kid into a weatherperson and your home into a weather station! Also, some tips on saving water ... The Science of Snow : Snowflakes and kids are made for each other. You can use your children's natural curiosity about snow as a gateway into scientific exploration. Here's a primer. Let it Snow! Here's a cool quiz with nifty questions like: What is the biggest snowflake on record? Bet you can't guess... For more great weather information for kids visit... Snow Crystals : While no two snowflakes are alike, they can be generally classified into six basic patterns as a result of unique atmospheric conditions present at the crystal's birth. Think of them as a kind of ""cloud diary"" and a record of conditions aloft. Snow Sculptures : When it comes to playing in the snow, kids love it and we adults often get cold feet. Literally. This doesn't have to be the case. Weather | Astronomy | The Environment | Just for Fun | Top Astronomy: The Night Sky : Some of the best backyard science can be found over your head! Getting started is easy -- here are a few activities for you and kids of all ages... Meteors on Film: Photography Tips -- Capturing a meteor on film is mostly a point, click, and luck proposition. By following these tips and a little luck you might get something. Tracking the Space Station : Look! Up in the sky. It's a bird. It's a plane. It's a Space Station?? Learn how you can track it's flight path -- it might be over your house tonight! Night Sky Net Guide: Next to a good pair of eyes, the Internet is the backyard star gazer's best friend. There are almost as many great websites devoted to astronomy as there are stars in the sky. Here are some of the best. Mars Colony : Are your kids ready for an out-of-this-world adventure? How about building and planning a colony on Mars! Weather | Astronomy | The Environment | Just for Fun | Top The Environment: It's Easy Being Green! These activities will help you teach your children about the environment. Living Green, Learning Green : For most kids, three of the great mysteries of urban life are: What happens to the poop after I flush? -- What's on the other side of the light switch and why does mom go nuts when I leave the light on? -- Where does all th",wayback
wayback_http://www.geocities.com:80/athens-digest/articles/cool-tools.html,"Dennis Randall: Cool Tools

Dennis Randall: Cool Tools Home | Creativity | Community | Content | Connection | Cool Tools | Site Map | Resume More than anything, a Web site needs to be useful and informative. Next, it needs to be fun to use. Fun on the Web means interactive. In the world of the Web, community sits at the top of the interactive food-chain. We've added a few applications you can use to help make your site interactive and fun. The beauty is they're all FREE. A good price for anyone on a budget ;-) Image Editors: All the graphics on this Web site were created or edited using PaintShop Pro: v4.12. While there are newer versions of Paint Shop pro, they all contain a ""drop dead after 30 day"" feature. The 4.12 release was the last with an infinite evaluation period . Honor suggests that you really should discontinue use after 30 days if you don't purchase it. There's a nag screen advising me that I'm on the 413th day of my 30 day evaluation trial. PaintShop pro was created by the good folks at Jasc Software, Inc. and it's, IMHO, one of the very best image editors available today. Windows 3.x (and above): PaintShop Pro v4.12: Review Download: Psp412.zip (2.97MB) Download Paint Shop Pro 3.11 (Evaluation version): psp311.exe [1.9MB] Windows 95, 98 and NT4.0: Download Paint Shop Pro 5.03 - psp503ev.exe [7.02MB] More: PaintShop Pro Help Center: Tutorials to get you started -- everything from working with your first image to creating transparent and animated GIFs. Latest Graphics Tips & How-tos: Links to dozens of great graphic utilities and programs. All free! Top Organization: Ten Quick Tips for Better Site Design Tom Karlo put this list together to help provide pointers and direction for folks who know HTML and want to produce better site designs. His list is more concerned with the issues of designing pages than the technical problems of HTML or Photoshop and is a must read for any wannabe webmaster. The Tips : 1. Keep your goal in sight 2. Design sites, not pages 3. Never design in HTML 4. Write down your design 5. Go for consistency 6. Templates 7. Think like a user 8. Ask your users what they see 9. Content is king 10. Don't link for the heck of it 1 . Keep your goal in mind Too often, people forget why the site they're designing is being put up. The purpose of designing a site carefully is not to make it look cool, or win awards. It's to accomplish the intended goal of the site. If you're making a site for a company, sometimes the goal is simply to distribute information about the firm. Often, however, the real goal is to sell or advertise some product of the company. Obviously, the structure and design of the site would have to vary greatly depending on which of these two objectives was viewed as the primary one. Note, however, that you usually will have more than one goal in building a site. Before starting a project, carefully write down a statement of the goals of the site. How do you know what your goals are? Simple. Ask your client. If you're your own client",wayback
wayback_http://geocities.com/athens-digest/articles/cool-tools.html,"Dennis Randall: Cool Tools

Dennis Randall: Cool Tools Home | Creativity | Community | Content | Connection | Cool Tools | Site Map | Resume More than anything, a Web site needs to be useful and informative. Next, it needs to be fun to use. Fun on the Web means interactive. In the world of the Web, community sits at the top of the interactive food-chain. We've added a few applications you can use to help make your site interactive and fun. The beauty is they're all FREE. A good price for anyone on a budget ;-) Image Editors: All the graphics on this Web site were created or edited using PaintShop Pro: v4.12. While there are newer versions of Paint Shop pro, they all contain a ""drop dead after 30 day"" feature. The 4.12 release was the last with an infinite evaluation period . Honor suggests that you really should discontinue use after 30 days if you don't purchase it. There's a nag screen advising me that I'm on the 413th day of my 30 day evaluation trial. PaintShop pro was created by the good folks at Jasc Software, Inc. and it's, IMHO, one of the very best image editors available today. Windows 3.x (and above): PaintShop Pro v4.12: Review Download: Psp412.zip (2.97MB) Download Paint Shop Pro 3.11 (Evaluation version): psp311.exe [1.9MB] Windows 95, 98 and NT4.0: Download Paint Shop Pro 5.03 - psp503ev.exe [7.02MB] More: PaintShop Pro Help Center: Tutorials to get you started -- everything from working with your first image to creating transparent and animated GIFs. Latest Graphics Tips & How-tos: Links to dozens of great graphic utilities and programs. All free! Top Organization: Ten Quick Tips for Better Site Design Tom Karlo put this list together to help provide pointers and direction for folks who know HTML and want to produce better site designs. His list is more concerned with the issues of designing pages than the technical problems of HTML or Photoshop and is a must read for any wannabe webmaster. The Tips : 1. Keep your goal in sight 2. Design sites, not pages 3. Never design in HTML 4. Write down your design 5. Go for consistency 6. Templates 7. Think like a user 8. Ask your users what they see 9. Content is king 10. Don't link for the heck of it 1 . Keep your goal in mind Too often, people forget why the site they're designing is being put up. The purpose of designing a site carefully is not to make it look cool, or win awards. It's to accomplish the intended goal of the site. If you're making a site for a company, sometimes the goal is simply to distribute information about the firm. Often, however, the real goal is to sell or advertise some product of the company. Obviously, the structure and design of the site would have to vary greatly depending on which of these two objectives was viewed as the primary one. Note, however, that you usually will have more than one goal in building a site. Before starting a project, carefully write down a statement of the goals of the site. How do you know what your goals are? Simple. Ask your client. If you're your own client",wayback
wayback_http://www.geocities.com:80/athens-digest/articles/creativity.html,"Dennis Randall: Creativity

Dennis Randall: Creativity Home | Creativity | Community | Content | Connection | Cool Tools | Site Map | Resume Copyright © 2000 Dennis Randall All Rights Reserved",wayback
wayback_http://geocities.com/athens-digest/articles/creativity.html,"Dennis Randall: Creativity

Dennis Randall: Creativity Home | Creativity | Community | Content | Connection | Cool Tools | Site Map | Resume Copyright © 2000 Dennis Randall All Rights Reserved",wayback
wayback_http://www.geocities.com:80/athens-digest/articles/dream-teach.html,"The Athens Digest - What color is the rainbow?

The Athens Digest - What color is the rainbow? Home | Creativity | Community | Content | Connection | Cool Tools | Site Map | Resume My Grandfather's House by Dennis Randall We all carry the memories of perfect childhood summers when we stood still and time rolled out from under us. Effortless, endless lazy days of joy and tranquillity. I found my perfect summer in Plympton, Massachusetts at my grandfather's house. ""...his words transformed the kitchen into the whaling grounds and ships..."" His home was a three hundred year old farmhouse located deep in the forest. The house had no electricity, running water or central heating. With the exception of age it was virtually unchanged from that day in the 1650's when it was built. It was a little island in time that had somehow escaped the benefits of the 20th century. My grandfather lived alone in the house and each summer I would stay with him for a few weeks. Simple but delicious meals were prepared on an ancient wood cookstove located in a corner of the kitchen. The stove was a smokey thing and everything we ate or wore had the comfortable mellow-brown flavor of wood. Food and milk was kept cool and safe in a wobbly wooden bucket at the bottom of a deep stone well. Even in the hottest days of August, water from that well was cold and clear. In the evenings, after dinner and dishes were finished, he and I would sit for hours at the kitchen table and I listened as he told story after story. Shadows from the flickering yellow light of the kerosene lamp moved on the walls as he unraveled countless tales of knights and unicorns, leprechauns, elves and the travels of Gulliver. ""Look over there,"" he would say pointing to the shelf above the stove, ""those three boxes of cereal are just like the sails on a whaling ship. And, over there, that butter dish looks just like the dories the men would use to hunt the Great White Whale."" His words transformed the kitchen into the whaling grounds and ships from the story of Moby Dick. Shadows became the characters and crew and the coat rack with my grandfathers felt hat came alive as the stern and possessed Captain Ahab. A long story like Moby Dick would take several nights to tell. The evening hours my grandfather and I would spend around the kerosene lamp became the center of my summer days. ""Hold it from the inside and look out through its eyes. Hear its story."" I have so many recollections of that kitchen as the deck of a sailing ship or the treasure mines of King Solomon that it is difficult to recall how the place really appeared. The remembrances and images of his stories are more vivid than my memories of that room in daylight. My grandfather would ask, in fact demand, that I see things in a different way. ""Look at something and then look at the things around it, ask questions of it,"" he would say, ""What else does it look like? How does it feel and how did it get there? Pick it up with your thoughts and turn it over in your mind. Hold it from the inside and",wayback
wayback_http://geocities.com/athens-digest/articles/dream-teach.html,"The Athens Digest - What color is the rainbow?

The Athens Digest - What color is the rainbow? Home | Creativity | Community | Content | Connection | Cool Tools | Site Map | Resume My Grandfather's House by Dennis Randall We all carry the memories of perfect childhood summers when we stood still and time rolled out from under us. Effortless, endless lazy days of joy and tranquillity. I found my perfect summer in Plympton, Massachusetts at my grandfather's house. ""...his words transformed the kitchen into the whaling grounds and ships..."" His home was a three hundred year old farmhouse located deep in the forest. The house had no electricity, running water or central heating. With the exception of age it was virtually unchanged from that day in the 1650's when it was built. It was a little island in time that had somehow escaped the benefits of the 20th century. My grandfather lived alone in the house and each summer I would stay with him for a few weeks. Simple but delicious meals were prepared on an ancient wood cookstove located in a corner of the kitchen. The stove was a smokey thing and everything we ate or wore had the comfortable mellow-brown flavor of wood. Food and milk was kept cool and safe in a wobbly wooden bucket at the bottom of a deep stone well. Even in the hottest days of August, water from that well was cold and clear. In the evenings, after dinner and dishes were finished, he and I would sit for hours at the kitchen table and I listened as he told story after story. Shadows from the flickering yellow light of the kerosene lamp moved on the walls as he unraveled countless tales of knights and unicorns, leprechauns, elves and the travels of Gulliver. ""Look over there,"" he would say pointing to the shelf above the stove, ""those three boxes of cereal are just like the sails on a whaling ship. And, over there, that butter dish looks just like the dories the men would use to hunt the Great White Whale."" His words transformed the kitchen into the whaling grounds and ships from the story of Moby Dick. Shadows became the characters and crew and the coat rack with my grandfathers felt hat came alive as the stern and possessed Captain Ahab. A long story like Moby Dick would take several nights to tell. The evening hours my grandfather and I would spend around the kerosene lamp became the center of my summer days. ""Hold it from the inside and look out through its eyes. Hear its story."" I have so many recollections of that kitchen as the deck of a sailing ship or the treasure mines of King Solomon that it is difficult to recall how the place really appeared. The remembrances and images of his stories are more vivid than my memories of that room in daylight. My grandfather would ask, in fact demand, that I see things in a different way. ""Look at something and then look at the things around it, ask questions of it,"" he would say, ""What else does it look like? How does it feel and how did it get there? Pick it up with your thoughts and turn it over in your mind. Hold it from the inside and",wayback
wayback_http://www.geocities.com:80/athens-digest/articles/home.html,"Webweaver's Workshop Home Page

Webweaver's Workshop Home Page Home | Creativity | Community | Content | Connection | Cool Tools | Site Map | Resume Electronic Portfolio My six years working on the Web has allowed me to develop a multitude of skills including: community building, writing, graphics, site planning and management, and more. This site is a collection of some of my best work. Enjoy! Dennis Randall, Webweaver FEN Features by Dennis Randall Other Feature Articles: Other Web-Spaces Created, Designed, or Managed by Randall: Copyright © 2000 Dennis Randall All Rights Reserved",wayback
wayback_http://geocities.com/athens-digest/articles/home.html,"Webweaver's Workshop Home Page

Webweaver's Workshop Home Page Home | Creativity | Community | Content | Connection | Cool Tools | Site Map | Resume Electronic Portfolio My six years working on the Web has allowed me to develop a multitude of skills including: community building, writing, graphics, site planning and management, and more. This site is a collection of some of my best work. Enjoy! Dennis Randall, Webweaver FEN Features by Dennis Randall Other Feature Articles: Other Web-Spaces Created, Designed, or Managed by Randall: Copyright © 2000 Dennis Randall All Rights Reserved",wayback
wayback_http://geocities.com/athens-digest/articles/index.html,"50Meg.com Webweaver's Workshop

50Meg.com Webweaver's Workshop <BODY> <P>Viewing this page requires a browser capable of displaying frames. </P> </BODY> AMESET> 00> Home Creativity Community Content Connection Cool Tools Site Map Resume ~ Welcome to the Webweaver's Workshop ~ Home | Creativity | Community | Content | Connection | Cool Tools | Site Map | Resume index.html drandall@adelphia.net Copyright © 2000 Dennis Randall All Rights Reserved",wayback
wayback_http://www.geocities.com:80/athens-digest/articles/old-days-next.html,"The Athens Digest - What color is the rainbow?

The Athens Digest - What color is the rainbow? Home | Creativity | Community | Content | Connection | Cool Tools | Site Map | Resume Part Two by Dennis N. Randall Lighting After a hard day at work, in the fields or factory, most people returned home, ate whatever dinner was ready, and collapsed until the start of the next work day. Folks who wished to stay up and socialize or finish chores often did so in dim, candle lit rooms. By the standards of yesterday, our homes blaze with the brilliance of day. A twenty-five watt bulb burns with the light of more than 200 candles. An average family room today has about 175 watts of light - or the equivalent of more than 1,400 candles. Horses Horses were common forms of transportation and their pollutants were everywhere. The early street sweepers and sanitation men who were hired to keep the streets clean were not just picking up gum wrappers. In twelve months a city with 15,000 horses produces enough manure to cover an acre of ground to the depth of 175 feet. That amount of waste, when mixed with summer rains and the hot August sun turned large cities like Boston, New York, and Chicago into the worst kind of steam baths imaginable. Rural towns and villages werent much better. The areas around hitching posts were open cesspools. When the rains came, everything mixed with mud. The quaint wooden boardwalks were not constructed as a convenience. They were a necessity. Civil Rights Racial and religious minorities were at the mercy of the times. In 1836 a school for black children was burned to the ground by an angry white mob in Canton, Connecticut. Slavery was the law of the land until it was ended by the civil war and a constitutional amendment. Between 1882 and 1903, more than 3,300 people were lynched across the United States. Lynching of blacks alone totaled 2,060. Guilt or innocence made little difference to a mob driven by a blood lust. Lynching went far beyond simple hanging and often include anything from boiling the victim alive, castration, and torture to burning at the stake. Discrimination in the workplace was rampant. Blacks, Jews, and Catholics were not allowed to work at many jobs. The law of the land did not protect minorities in the good old days. Pollution As cities became industrialized, the air was modernized. Smoke stacks were considered a sign of progress and large industrialized cities had hundreds, if not thousands, of them. Clouds of pollutants - sulfur, ammonia, and coal dust  settled on laundry, lungs, and gardens. Tanneries with their slaughter houses, bone boiling, and manure added their own unique flavor to the air around them. Government regulations to protect citizens and the environment were nonexistent. Business resisted then, as much as it does today, any attempt to make it clean up its act. Pollution was accepted as the necessary price of progress. Food Food in the good old days wasnt always that good. Reports abound of stores selling food products that were adulterated",wayback
wayback_http://geocities.com/athens-digest/articles/old-days-next.html,"The Athens Digest - What color is the rainbow?

The Athens Digest - What color is the rainbow? Home | Creativity | Community | Content | Connection | Cool Tools | Site Map | Resume Part Two by Dennis N. Randall Lighting After a hard day at work, in the fields or factory, most people returned home, ate whatever dinner was ready, and collapsed until the start of the next work day. Folks who wished to stay up and socialize or finish chores often did so in dim, candle lit rooms. By the standards of yesterday, our homes blaze with the brilliance of day. A twenty-five watt bulb burns with the light of more than 200 candles. An average family room today has about 175 watts of light - or the equivalent of more than 1,400 candles. Horses Horses were common forms of transportation and their pollutants were everywhere. The early street sweepers and sanitation men who were hired to keep the streets clean were not just picking up gum wrappers. In twelve months a city with 15,000 horses produces enough manure to cover an acre of ground to the depth of 175 feet. That amount of waste, when mixed with summer rains and the hot August sun turned large cities like Boston, New York, and Chicago into the worst kind of steam baths imaginable. Rural towns and villages werent much better. The areas around hitching posts were open cesspools. When the rains came, everything mixed with mud. The quaint wooden boardwalks were not constructed as a convenience. They were a necessity. Civil Rights Racial and religious minorities were at the mercy of the times. In 1836 a school for black children was burned to the ground by an angry white mob in Canton, Connecticut. Slavery was the law of the land until it was ended by the civil war and a constitutional amendment. Between 1882 and 1903, more than 3,300 people were lynched across the United States. Lynching of blacks alone totaled 2,060. Guilt or innocence made little difference to a mob driven by a blood lust. Lynching went far beyond simple hanging and often include anything from boiling the victim alive, castration, and torture to burning at the stake. Discrimination in the workplace was rampant. Blacks, Jews, and Catholics were not allowed to work at many jobs. The law of the land did not protect minorities in the good old days. Pollution As cities became industrialized, the air was modernized. Smoke stacks were considered a sign of progress and large industrialized cities had hundreds, if not thousands, of them. Clouds of pollutants - sulfur, ammonia, and coal dust  settled on laundry, lungs, and gardens. Tanneries with their slaughter houses, bone boiling, and manure added their own unique flavor to the air around them. Government regulations to protect citizens and the environment were nonexistent. Business resisted then, as much as it does today, any attempt to make it clean up its act. Pollution was accepted as the necessary price of progress. Food Food in the good old days wasnt always that good. Reports abound of stores selling food products that were adulterated",wayback
wayback_http://www.geocities.com:80/athens-digest/articles/old-days-pt1.html,"The Athens Digest - What color is the rainbow?

The Athens Digest - What color is the rainbow? Home | Creativity | Community | Content | Connection | Cool Tools | Site Map | Resume by Dennis N. Randall Life in the 1800s has taken on an almost Utopian quality in the minds of many Americans. The images associated with this era of our history are, on the surface, pleasant to recall: one room school houses with a heavy dose of the 3 Rs; rugged self-reliance; living close to the earth, no income tax, steam-powered railroads and individual freedom. Topics: A Typical Workday Child Labor Workplace Safety Industry and Energy The Standard of Living Hard Times All-in-all, we seem to recall a well-scrubbed past taken from the pages of those Currier & Ives prints. Maybe, as we cross into the next century, it's time to take another look at the so-called ""good old days."" On the job Workdays in the mid to late 1800s were long and hard. The average worker could expect to labor anywhere from ten to fourteen hours a day, six days a week. A sixty or eighty hour work week was the rule, not the exception. By 1830, a skilled worker or experienced machinist earned as much as $1.25 a day. However, jobs that paid that well were uncommon. An average worker could expect to earn between fifty and seventy-five cents a day. A woman lucky enough to find a paying job earned far less than a man. Her standard wage was anywhere from half to two-thirds less than her male counterpart. Unions were almost unheard of. Where they existed they were considered, by factory owners and industrialists, to be ""un-American."" When horse-car drivers in New York City demanded that their traditional 16-hour work day be reduced to only 12 hours, their demands were branded as ""communistic"" by state assemblyman Teddy Roosevelt. When strikes did occur, they were often put down by troops and militiamen. Child labor Children often worked the same long hours as their parents. By 1900 there were nearly two million children under fifteen years of age working in factories across the nation. Child labor was in great demand by employers who considered children to be a bargain. Kids were paid between $1.50 and $2.50 a week for up to 84 hours of work. (Two or three cents an hour was considered low pay, even by the standards of the day.) Safety in the workplace In the days before government regulations and the union movement, the place where you worked could easily become the place where you died. President Harrison observed in 1892 that, ""American workmen are subjected to peril of life and limb as great as a soldier in time of war."" During the 1890s it was estimated that nearly a million workers were killed or injured each year in the work place. Power shafts and belts to drive the machines were open and unprotected. Factories were dimly lighted and the workers' machines and equipment were not equipped with the safety devices now required by law. The rule of thumb, for those lucky enough to still have one, was, ""if you take the job - you assume the risk."" Rail",wayback
wayback_http://geocities.com/athens-digest/articles/old-days-pt1.html,"The Athens Digest - What color is the rainbow?

The Athens Digest - What color is the rainbow? Home | Creativity | Community | Content | Connection | Cool Tools | Site Map | Resume by Dennis N. Randall Life in the 1800s has taken on an almost Utopian quality in the minds of many Americans. The images associated with this era of our history are, on the surface, pleasant to recall: one room school houses with a heavy dose of the 3 Rs; rugged self-reliance; living close to the earth, no income tax, steam-powered railroads and individual freedom. Topics: A Typical Workday Child Labor Workplace Safety Industry and Energy The Standard of Living Hard Times All-in-all, we seem to recall a well-scrubbed past taken from the pages of those Currier & Ives prints. Maybe, as we cross into the next century, it's time to take another look at the so-called ""good old days."" On the job Workdays in the mid to late 1800s were long and hard. The average worker could expect to labor anywhere from ten to fourteen hours a day, six days a week. A sixty or eighty hour work week was the rule, not the exception. By 1830, a skilled worker or experienced machinist earned as much as $1.25 a day. However, jobs that paid that well were uncommon. An average worker could expect to earn between fifty and seventy-five cents a day. A woman lucky enough to find a paying job earned far less than a man. Her standard wage was anywhere from half to two-thirds less than her male counterpart. Unions were almost unheard of. Where they existed they were considered, by factory owners and industrialists, to be ""un-American."" When horse-car drivers in New York City demanded that their traditional 16-hour work day be reduced to only 12 hours, their demands were branded as ""communistic"" by state assemblyman Teddy Roosevelt. When strikes did occur, they were often put down by troops and militiamen. Child labor Children often worked the same long hours as their parents. By 1900 there were nearly two million children under fifteen years of age working in factories across the nation. Child labor was in great demand by employers who considered children to be a bargain. Kids were paid between $1.50 and $2.50 a week for up to 84 hours of work. (Two or three cents an hour was considered low pay, even by the standards of the day.) Safety in the workplace In the days before government regulations and the union movement, the place where you worked could easily become the place where you died. President Harrison observed in 1892 that, ""American workmen are subjected to peril of life and limb as great as a soldier in time of war."" During the 1890s it was estimated that nearly a million workers were killed or injured each year in the work place. Power shafts and belts to drive the machines were open and unprotected. Factories were dimly lighted and the workers' machines and equipment were not equipped with the safety devices now required by law. The rule of thumb, for those lucky enough to still have one, was, ""if you take the job - you assume the risk."" Rail",wayback
wayback_http://www.geocities.com:80/athens-digest/articles/randall-resume.html,"Dennis Randall's Resume

Dennis Randall's Resume Home | Creativity | Community | Content | Connection | Cool Tools | Site Map | Resume Dennis is a skilled manager, producer, editor, and web-writer with extensive experience in start-up and Resume Links Content Production Supporting Skills Online Experience Internet Work Pre-Net Experience Pre-Net Work Education pre-IPO operations. Since 1995 he's served as an editor, producer, and Director of Online Community Development for the FamilyEducation Network . Most recently Randall has served as the Community Producer for TNBT.com . TNBT provides business leaders with the latest news, research and analysis about the impact of new media and technology on businesses. Family Education is the #1 Parenting and K-12 website on the Internet today and is an industry leader in its category. Under his management, the FEN message boards have grown from 30 messages a week to more than 10,000 postings a month. Content Management & Production: Proficient with ASP and Vignette StoryServer content management systems. Wrote and/or produced over 1,500 articles , newsletters , polls , and key topic/channel programming pages for familyeducation.com including: Backyard Science ; Health and Family Safety ; Quiz Whiz ; Computers and Technology ; and the FEN Community Center . Web Site Design: Served on planning team as Senior Producer and Director of Online Community Development representing consumer/member interests when planning and evaluating site and page design. Resulting design and interface changes produced a 50% increase in page views and member sign-ups. . Content Producer/Editor: Wrote and produced over 1,500 original articles, newsletters, polls, topic pages, and channel programming pages for familyeducation.com. . E-Mail: Senior Editor and producer for numerous weekly and biweekly interactive e-mail products for familyeducation.com including: Weekend Fun; What's Hot on the Web for Parents and Kids; Community Update; Family Safety and Recall Alert; QuizWhiz, and special all-member mailings. . Message Boards: Seasoned SYSOP, Community Designer, and Discussion Leader (Moderator) with multi-platform experience at familyeducation.com including: AT&T's Interchange; net.Thread; Allaire Forums; and WebCrossing. . SYSOP Recruitment and Training: Developed and implemented Discussion Leader recruitment and training program for the Family Education Network utilizing onsite notices and announcements, e-mail newsletters and ""Help Wanted"" postings in appropriate newsgroups. . Live Chat: Trained and Experience Chat Host on AOL, The Front Porch in the Religion and Ethics area of America Online. IRC experience. Top . Skilled Web Writer able to write to and for the medium utilizing the full power of HTML to create compelling and inviting page environments for online members. . Veteran Managing Editor proficient at all phases of operations. Experience includes new start-ups; strategic planning, business plans; budget management; staff recruitment (developmen",wayback
wayback_http://geocities.com/athens-digest/articles/randall-resume.html,"Dennis Randall's Resume

Dennis Randall's Resume Home | Creativity | Community | Content | Connection | Cool Tools | Site Map | Resume Dennis is a skilled manager, producer, editor, and web-writer with extensive experience in start-up and Resume Links Content Production Supporting Skills Online Experience Internet Work Pre-Net Experience Pre-Net Work Education pre-IPO operations. Since 1995 he's served as an editor, producer, and Director of Online Community Development for the FamilyEducation Network . Most recently Randall has served as the Community Producer for TNBT.com . TNBT provides business leaders with the latest news, research and analysis about the impact of new media and technology on businesses. Family Education is the #1 Parenting and K-12 website on the Internet today and is an industry leader in its category. Under his management, the FEN message boards have grown from 30 messages a week to more than 10,000 postings a month. Content Management & Production: Proficient with ASP and Vignette StoryServer content management systems. Wrote and/or produced over 1,500 articles , newsletters , polls , and key topic/channel programming pages for familyeducation.com including: Backyard Science ; Health and Family Safety ; Quiz Whiz ; Computers and Technology ; and the FEN Community Center . Web Site Design: Served on planning team as Senior Producer and Director of Online Community Development representing consumer/member interests when planning and evaluating site and page design. Resulting design and interface changes produced a 50% increase in page views and member sign-ups. . Content Producer/Editor: Wrote and produced over 1,500 original articles, newsletters, polls, topic pages, and channel programming pages for familyeducation.com. . E-Mail: Senior Editor and producer for numerous weekly and biweekly interactive e-mail products for familyeducation.com including: Weekend Fun; What's Hot on the Web for Parents and Kids; Community Update; Family Safety and Recall Alert; QuizWhiz, and special all-member mailings. . Message Boards: Seasoned SYSOP, Community Designer, and Discussion Leader (Moderator) with multi-platform experience at familyeducation.com including: AT&T's Interchange; net.Thread; Allaire Forums; and WebCrossing. . SYSOP Recruitment and Training: Developed and implemented Discussion Leader recruitment and training program for the Family Education Network utilizing onsite notices and announcements, e-mail newsletters and ""Help Wanted"" postings in appropriate newsgroups. . Live Chat: Trained and Experience Chat Host on AOL, The Front Porch in the Religion and Ethics area of America Online. IRC experience. Top . Skilled Web Writer able to write to and for the medium utilizing the full power of HTML to create compelling and inviting page environments for online members. . Veteran Managing Editor proficient at all phases of operations. Experience includes new start-ups; strategic planning, business plans; budget management; staff recruitment (developmen",wayback
wayback_http://www.geocities.com:80/athens-digest/articles/site-map.html,"Webweaver's Workshop: Site Map

Webweaver's Workshop: Site Map Home | Creativity | Community | Content | Connection | Cool Tools | Site Map | Resume Map of the Web Weaver's Workshop Last Updated: 7/7/2000 Home Page Revolutionary Facts Quiz Sandcastle Construction Build Your Own Stonehenge Getting to Know the Night Sky My Grandfather's House Dream Snakes The Good Old Days Kids and Family Travel to Washington DC The Inner Sanctuary Church Mouse Cookbook A Field Guide to the Gods New England Village Creativity (Under Construction) Community Board Links Content (Under Construction) The Philosophy of Web Design (Pending) Connection (e-mail products) (Under Construction) Community Update (Pending) Quiz Whiz (Pending) Weekend Fun (Pending) What's Hot on the Web (Pending) Product Recall (Pending) HTML vs. ASCII (Pending) Cool Tools (Under Construction) Site Map (You are here!) Resume",wayback
wayback_http://geocities.com/athens-digest/articles/site-map.html,"Webweaver's Workshop: Site Map

Webweaver's Workshop: Site Map Home | Creativity | Community | Content | Connection | Cool Tools | Site Map | Resume Map of the Web Weaver's Workshop Last Updated: 7/7/2000 Home Page Revolutionary Facts Quiz Sandcastle Construction Build Your Own Stonehenge Getting to Know the Night Sky My Grandfather's House Dream Snakes The Good Old Days Kids and Family Travel to Washington DC The Inner Sanctuary Church Mouse Cookbook A Field Guide to the Gods New England Village Creativity (Under Construction) Community Board Links Content (Under Construction) The Philosophy of Web Design (Pending) Connection (e-mail products) (Under Construction) Community Update (Pending) Quiz Whiz (Pending) Weekend Fun (Pending) What's Hot on the Web (Pending) Product Recall (Pending) HTML vs. ASCII (Pending) Cool Tools (Under Construction) Site Map (You are here!) Resume",wayback
wayback_http://www.geocities.com:80/athens-digest/articles/washington-travel.html,"Washington- new HTML Template

Washington- new HTML Template by Dennis Randall Travel Tips Hiking & Walking National Parks Museums Our nation's capital can be an overwhelming adventure -- you could spend a lifetime in the city and still not see everything! The key is: Plan your time wisely. The links below will help you get started. Editor's Pick -- Tourmobile : Don't walk, don't drive -- take a guided tour -- there are more than 20 to choose from. The Tourmobile is a privately operated, licensed concession of the National Park Service. Editor's Pick -- Capital Children's Museum -- Interactive, hands-on museum where children and adults find learning fun and rewarding. 800 3rd St., NE, Washington, DC 20002 (near Union Station Metro station ). (202) 543-8600. Daily, 10:00 a.m. -- 5:00 p.m. Admission: $6 adults and children; children under 2, free. _________________________________________ Travel Tips: Washington is not a car-friendly city. Parking is expensive and next to impossible to find. When it comes to getting around, your best bet is a good map and a guided tour (there are tons of them) or the city's excellent Metro system. Visiting almost any place in the city requires walking, and lots of it! If you've got little ones with you we recommend a well-stocked stroller -- by the end of the day, the kids will need it. Summer in DC can be very hot and humid with an average temperature of 82 degrees. So, bring lots of water along -- unless you like to spend $2.00 and up for a can of cold soda. _________________________________________ Hiking/Walking The city is crisscrossed with 16 trails providing more than 50 miles of hiking experience in northwest Washington. All trails are within easy walking distance of local Metro stations. Since you'll likely be traveling with kids, we've listed only trails less than 2 miles long. For a complete list, chect the D.C. Trail Guide. Editor's Pick -- Dumbarton Oaks Trail (trail goes through the beautiful 27-acre Dumbarton Oaks Park and is an ideal walk for young kids -- only 0.8 mile) Editor's Pick -- D.C. Trail Guide (Links to all Washington hiking and walking trails) Former trolley right of way (0.6 mile) Wesley Heights Trail (0.8 mile) Normanstone Trail (0.9 mile) Soapstone Valley Trail (0.9 mile) Whitehaven Trail (1 mile) Melvin Hazen Trail (1.1 mile) Battery Kemble Trail (1.3 miles) _________________________________________ National Parks There are 51 national parks and historic sites in and around Washington. Most involve quite a bit of walking and the larger sites should be considered all-day events. Visitors to Washington have two options: visit dozens of places and leave with only vague impressions; or, visit only a few places and explore each one in-depth. We favor a blend both styles -- select a few for in-depth exploration and several others for quick visits. Editor's Pick -- Tourmobile : Don't walk, don't drive -- take a guided tour -- there are more than 20 to choose from. The Tourmobile is a privetly operated, licensed concessio",wayback
wayback_http://geocities.com/athens-digest/articles/washington-travel.html,"Washington- new HTML Template

Washington- new HTML Template by Dennis Randall Travel Tips Hiking & Walking National Parks Museums Our nation's capital can be an overwhelming adventure -- you could spend a lifetime in the city and still not see everything! The key is: Plan your time wisely. The links below will help you get started. Editor's Pick -- Tourmobile : Don't walk, don't drive -- take a guided tour -- there are more than 20 to choose from. The Tourmobile is a privately operated, licensed concession of the National Park Service. Editor's Pick -- Capital Children's Museum -- Interactive, hands-on museum where children and adults find learning fun and rewarding. 800 3rd St., NE, Washington, DC 20002 (near Union Station Metro station ). (202) 543-8600. Daily, 10:00 a.m. -- 5:00 p.m. Admission: $6 adults and children; children under 2, free. _________________________________________ Travel Tips: Washington is not a car-friendly city. Parking is expensive and next to impossible to find. When it comes to getting around, your best bet is a good map and a guided tour (there are tons of them) or the city's excellent Metro system. Visiting almost any place in the city requires walking, and lots of it! If you've got little ones with you we recommend a well-stocked stroller -- by the end of the day, the kids will need it. Summer in DC can be very hot and humid with an average temperature of 82 degrees. So, bring lots of water along -- unless you like to spend $2.00 and up for a can of cold soda. _________________________________________ Hiking/Walking The city is crisscrossed with 16 trails providing more than 50 miles of hiking experience in northwest Washington. All trails are within easy walking distance of local Metro stations. Since you'll likely be traveling with kids, we've listed only trails less than 2 miles long. For a complete list, chect the D.C. Trail Guide. Editor's Pick -- Dumbarton Oaks Trail (trail goes through the beautiful 27-acre Dumbarton Oaks Park and is an ideal walk for young kids -- only 0.8 mile) Editor's Pick -- D.C. Trail Guide (Links to all Washington hiking and walking trails) Former trolley right of way (0.6 mile) Wesley Heights Trail (0.8 mile) Normanstone Trail (0.9 mile) Soapstone Valley Trail (0.9 mile) Whitehaven Trail (1 mile) Melvin Hazen Trail (1.1 mile) Battery Kemble Trail (1.3 miles) _________________________________________ National Parks There are 51 national parks and historic sites in and around Washington. Most involve quite a bit of walking and the larger sites should be considered all-day events. Visitors to Washington have two options: visit dozens of places and leave with only vague impressions; or, visit only a few places and explore each one in-depth. We favor a blend both styles -- select a few for in-depth exploration and several others for quick visits. Editor's Pick -- Tourmobile : Don't walk, don't drive -- take a guided tour -- there are more than 20 to choose from. The Tourmobile is a privetly operated, licensed concessio",wayback
wayback_http://geocities.com:80/athens-digest/community-nav.html,"Webweaver's Workshop: Nav Frame

Webweaver's Workshop: Nav Frame Home Creativity Community Ideal Community Philosophy Discussions Quizzes Polling Content Connection Cool Tools Site Map Resume",wayback
wayback_http://geocities.com/athens-digest/community-nav.html,"Webweaver's Workshop: Nav Frame

Webweaver's Workshop: Nav Frame Home Creativity Community Ideal Community Discussions Quizzes Polling Content Connection Cool Tools Site Map Resume",wayback
wayback_http://www4.geocities.com:80/SiliconValley/,"GeoCities - SiliconValley

GeoCities - SiliconValley Save Now! 3.9% eCard Visa Up to 40% off related books from Amazon.com Visit Surplus Auction Build your own Valentine's CD @ CDnow Other Neighborhoods Great GeoShops Get a Virtual Office Explore The Suburbs: Choose a suburb SiliconValley Bay Bridge Campus Circuit Chip Foothills Garage Grid Haven Heights Hills Horizon Lab Lakes Network Orchard Park Peaks Pines Platform Ridge Sector Station Vista Way Yahoo: Computers Search: GeoCities SiliconValley Password: Net News Home Help Info • Computers & Technology • Business & Money Join This Neighborhood today! It's Free. Hood Happenings Computers Chat | Computers Forum Find out about ICQ, writable CDs, FrontPage97 and more while staying up-to-date on your community with SiliconValley News and Reviews . Surf the Net with Networds - Create Free Networds for every GeoCities and Internet location you visit. They will be available instantly to everyone on the Net. Use Networds and share them with others. It's Programmers' Pavilion , where we highlight the programming talents of GeoCitizens like you. Take a look at the featured pages, apply for membership, get cool tools from the Developer Toolbox, or sound off in the Redmond Roundtable. Getting Involved Community Leaders If you need GeoCities help or want to get more involved in your neighborhood, these are the people to ask. Blueprint We've created a zine to help you build better home pages. Check in every month for lots of tips and tricks! Landmark Sites Places to stop when you're surfing that info superhighway known as GeoCities. Landmarks are sites we consider the best of the best. [Join] [Help] [Info] [Home] [Avenues] [Neighborhoods] [Members] [Shopping Center] [Search] © 1995 - 1999 GeoCities. All rights reserved",wayback
wayback_http://www10.geocities.com:80/SiliconValley/,"GeoCities - SiliconValley

GeoCities - SiliconValley Up to 40% off related books from Amazon.com Visit Surplus Auction $5.00 off for Music Lovers@ CDnow Save Now! 3.9% eCard Visa Other Neighborhoods Great GeoShops Get a Virtual Office Explore The Suburbs: Choose a suburb SiliconValley Bay Bridge Campus Circuit Chip Foothills Garage Grid Haven Heights Hills Horizon Lab Lakes Network Orchard Park Peaks Pines Platform Port Ridge Sector Station Vista Way Yahoo: Computers Search: GeoCities SiliconValley Password: Net News Home Help Info • Computers & Technology • Business & Money Join This Neighborhood today! It's Free. Hood Happenings Computers Chat | Computers Forum Find out about ICQ, writable CDs, FrontPage97 and more while staying up-to-date on your community with SiliconValley News and Reviews . Surf the Net with Networds - Create Free Networds for every GeoCities and Internet location you visit. They will be available instantly to everyone on the Net. Use Networds and share them with others. It's Programmers' Pavilion , where we highlight the programming talents of GeoCitizens like you. Take a look at the featured pages, apply for membership, get cool tools from the Developer Toolbox, or sound off in the Redmond Roundtable. Getting Involved Community Leaders If you need GeoCities help or want to get more involved in your neighborhood, these are the people to ask. Blueprint We've created a zine to help you build better home pages. Check in every month for lots of tips and tricks! Landmark Sites Places to stop when you're surfing that info superhighway known as GeoCities. Landmarks are sites we consider the best of the best. [Join] [Help] [Info] [Home] [Avenues] [Neighborhoods] [Members] [Shopping Center] [Search] © 1995 - 1999 GeoCities. All rights reserved",wayback
wayback_http://www1.geocities.com:80/SiliconValley/,"GeoCities - SiliconValley

GeoCities - SiliconValley Up to 40% off related books from Amazon.com Visit Surplus Auction $5.00 off for Music Lovers@ CDnow Save Now! 3.9% eCard Visa Other Neighborhoods Great GeoShops Get a Virtual Office Explore The Suburbs: Choose a suburb SiliconValley Bay Bridge Campus Circuit Chip Foothills Garage Grid Haven Heights Hills Horizon Lab Lakes Network Orchard Park Peaks Pines Platform Port Ridge Sector Station Vista Way Yahoo: Computers Search: GeoCities SiliconValley Password: Net News Home Help Info • Computers & Technology • Business & Money Join This Neighborhood today! It's Free. Hood Happenings Computers Chat | Computers Forum Find out about ICQ, writable CDs, FrontPage97 and more while staying up-to-date on your community with SiliconValley News and Reviews . Surf the Net with Networds - Create Free Networds for every GeoCities and Internet location you visit. They will be available instantly to everyone on the Net. Use Networds and share them with others. It's Programmers' Pavilion , where we highlight the programming talents of GeoCitizens like you. Take a look at the featured pages, apply for membership, get cool tools from the Developer Toolbox, or sound off in the Redmond Roundtable. Getting Involved Community Leaders If you need GeoCities help or want to get more involved in your neighborhood, these are the people to ask. Blueprint We've created a zine to help you build better home pages. Check in every month for lots of tips and tricks! Landmark Sites Places to stop when you're surfing that info superhighway known as GeoCities. Landmarks are sites we consider the best of the best. [Join] [Help] [Info] [Home] [Avenues] [Neighborhoods] [Members] [Shopping Center] [Search] © 1995 - 1999 GeoCities. All rights reserved",wayback
wayback_http://www19.geocities.com:80/SiliconValley/,"GeoCities - SiliconValley

GeoCities - SiliconValley Up to 40% off related books from Amazon.com Visit Surplus Auction $5.00 off for Music Lovers@ CDnow Save Now! 3.9% eCard Visa Other Neighborhoods Great GeoShops Get a Virtual Office Explore The Suburbs: Choose a suburb SiliconValley Bay Bridge Campus Circuit Chip Foothills Garage Grid Haven Heights Hills Horizon Lab Lakes Network Orchard Park Peaks Pines Platform Port Ridge Sector Station Vista Way Yahoo: Computers Search: GeoCities SiliconValley Password: Net News Home Help Info • Computers & Technology • Business & Money Join This Neighborhood today! It's Free. Hood Happenings Computers Chat | Computers Forum SiliconValley teens and others are welcome to make their cyber home at the SiliconValley Teen Team headquarters. Surf the Net with Networds - Create Free Networds for every GeoCities and Internet location you visit. They will be available instantly to everyone on the Net. Use Networds and share them with others. It's Programmers' Pavilion , where we highlight the programming talents of GeoCitizens like you. Take a look at the featured pages, apply for membership, get cool tools from the Developer Toolbox, or sound off in the Redmond Roundtable. Getting Involved Community Leaders If you need GeoCities help or want to get more involved in your neighborhood, these are the people to ask. Blueprint We've created a zine to help you build better home pages. Check in every month for lots of tips and tricks! Landmark Sites Places to stop when you're surfing that info superhighway known as GeoCities. Landmarks are sites we consider the best of the best. [Join] [Help] [Info] [Home] [Avenues] [Neighborhoods] [Members] [Shopping Center] [Search] © 1995 - 1999 GeoCities. All rights reserved",wayback
wayback_http://www17.geocities.com:80/SiliconValley/,"GeoCities - SiliconValley

GeoCities - SiliconValley Instant Credit Apply Now! Up to 40% off related books from Amazon.com Visit Surplus Auction $5.00 off for Music Lovers@ CDnow Other Neighborhoods Great GeoShops Get a Virtual Office Explore The Suburbs: Choose a suburb SiliconValley Bay Bridge Byte Campus Circuit Chip Foothills Garage Grid Haven Heights Hills Horizon Lab Lakes Network Orchard Park Peaks Pines Platform Port Ridge Sector Station Vista Way Yahoo: Computers Search: GeoCities SiliconValley Password: Net News Home Help Info • Computers & Technology • Business & Money Join This Neighborhood today! It's Free. Hood Happenings Computers Chat | Computers Forum Find out about ICQ, writable CDs, FrontPage97 and more while staying up-to-date on your community with SiliconValley News and Reviews . Surf the Net with Networds - Create Free Networds for every GeoCities and Internet location you visit. They will be available instantly to everyone on the Net. Use Networds and share them with others. It's Programmers' Pavilion , where we highlight the programming talents of GeoCitizens like you. Take a look at the featured pages, apply for membership, get cool tools from the Developer Toolbox, or sound off in the Redmond Roundtable. Getting Involved Community Leaders If you need GeoCities help or want to get more involved in your neighborhood, these are the people to ask. Blueprint We've created a zine to help you build better home pages. Check in every month for lots of tips and tricks! Landmark Sites Places to stop when you're surfing that info superhighway known as GeoCities. Landmarks are sites we consider the best of the best. [Join] [Help] [Info] [Home] [Avenues] [Neighborhoods] [Members] [Shopping Center] [Search] © 1995 - 1999 GeoCities. All rights reserved",wayback
wayback_http://www5.geocities.com:80/SiliconValley/,"GeoCities - SiliconValley

GeoCities - SiliconValley Instant Credit Apply Now! Up to 40% off related books from Amazon.com Visit Surplus Auction $5.00 off for Music Lovers@ CDnow Other Neighborhoods Great GeoShops Get a Virtual Office Explore The Suburbs: Choose a suburb SiliconValley Bay Bridge Byte Campus Circuit Chip Foothills Garage Grid Haven Heights Hills Horizon Lab Lakes Network Orchard Park Peaks Pines Platform Port Ridge Sector Station Vista Way Yahoo: Computers Search: GeoCities SiliconValley Password: Net News Home Help Info • Computers & Technology • Business & Money Join This Neighborhood today! It's Free. Hood Happenings Computers Chat | Computers Forum SiliconValley teens and others are welcome to make their cyber home at the SiliconValley Teen Team headquarters. Surf the Net with Networds - Create Free Networds for every GeoCities and Internet location you visit. They will be available instantly to everyone on the Net. Use Networds and share them with others. It's Programmers' Pavilion , where we highlight the programming talents of GeoCitizens like you. Take a look at the featured pages, apply for membership, get cool tools from the Developer Toolbox, or sound off in the Redmond Roundtable. Getting Involved Community Leaders If you need GeoCities help or want to get more involved in your neighborhood, these are the people to ask. Blueprint We've created a zine to help you build better home pages. Check in every month for lots of tips and tricks! Landmark Sites Places to stop when you're surfing that info superhighway known as GeoCities. Landmarks are sites we consider the best of the best. [Join] [Help] [Info] [Home] [Avenues] [Neighborhoods] [Members] [Shopping Center] [Search] © 1995 - 1999 GeoCities. All rights reserved",wayback
wayback_http://www6.geocities.com:80/SiliconValley/,"GeoCities - SiliconValley

GeoCities - SiliconValley Up to 40% off related books from Amazon.com Visit Surplus Auction $5.00 off for Music Lovers@ CDnow Instant Credit Apply Now! Other Neighborhoods Great GeoShops Get a Virtual Office Explore The Suburbs: Choose a suburb SiliconValley Bay Bridge Byte Campus Circuit Chip Foothills Garage Grid Haven Heights Hills Horizon Lab Lakes Network Orchard Park Peaks Pines Platform Port Ridge Sector Station Vista Way Yahoo: Computers Search: GeoCities SiliconValley Password: Net News Home Help Info • Computers & Technology • Business & Money Join This Neighborhood today! It's Free. Hood Happenings Computers Chat | Computers Forum SiliconValley teens and others are welcome to make their cyber home at the SiliconValley Teen Team headquarters. Surf the Net with Networds - Create Free Networds for every GeoCities and Internet location you visit. They will be available instantly to everyone on the Net. Use Networds and share them with others. It's Programmers' Pavilion , where we highlight the programming talents of GeoCitizens like you. Take a look at the featured pages, apply for membership, get cool tools from the Developer Toolbox, or sound off in the Redmond Roundtable. Getting Involved Community Leaders If you need GeoCities help or want to get more involved in your neighborhood, these are the people to ask. Blueprint We've created a zine to help you build better home pages. Check in every month for lots of tips and tricks! Landmark Sites Places to stop when you're surfing that info superhighway known as GeoCities. Landmarks are sites we consider the best of the best. [Join] [Help] [Info] [Home] [Avenues] [Neighborhoods] [Members] [Shopping Center] [Search] © 1995 - 1999 GeoCities. All rights reserved",wayback
wayback_http://www20.geocities.com:80/SiliconValley/,"GeoCities - SiliconValley

GeoCities - SiliconValley $5.00 off music at CDnow! Instant Credit Apply Now! Up to 40% off related books from Amazon.com Visit Surplus Auction Other Neighborhoods Great GeoShops Get a Virtual Office Explore The Suburbs: Choose a suburb SiliconValley Bay Bridge Byte Campus Circuit Chip Foothills Garage Grid Haven Heights Hills Horizon Lab Lakes Monitor Network Orchard Park Peaks Pines Platform Port Ridge Sector Station Vista Way Yahoo: Computers Search: GeoCities SiliconValley Password: Net News Home Help Info • Computers & Technology • Business & Money Join This Neighborhood today! It's Free. Hood Happenings Computers Chat | Computers Forum SiliconValley teens and others are welcome to make their cyber home at the SiliconValley Teen Team headquarters. Surf the Net with Networds - Create Free Networds for every GeoCities and Internet location you visit. They will be available instantly to everyone on the Net. Use Networds and share them with others. It's Programmers' Pavilion , where we highlight the programming talents of GeoCitizens like you. Take a look at the featured pages, apply for membership, get cool tools from the Developer Toolbox, or sound off in the Redmond Roundtable. Getting Involved Community Leaders If you need GeoCities help or want to get more involved in your neighborhood, these are the people to ask. Blueprint We've created a zine to help you build better home pages. Check in every month for lots of tips and tricks! Landmark Sites Places to stop when you're surfing that info superhighway known as GeoCities. Landmarks are sites we consider the best of the best. [Join] [Help] [Info] [Home] [Avenues] [Neighborhoods] [Members] [Shopping Center] [Search] © 1995 - 1999 GeoCities. All rights reserved",wayback
wayback_http://geocities.com:80/SiliconValley/,"GeoCities - SiliconValley

GeoCities - SiliconValley $5.00 off music at CDnow! Instant Credit Apply Now! Up to 40% off related books from Amazon.com Visit Surplus Auction Other Neighborhoods Great GeoShops Get a Virtual Office Explore The Suburbs: Choose a suburb SiliconValley Bay Bridge Byte Campus Circuit Chip Foothills Garage Grid Haven Heights Hills Horizon Lab Lakes Monitor Network Orchard Park Peaks Pines Platform Port Ridge Sector Station Vista Way Yahoo: Computers Search: GeoCities SiliconValley Password: Net News Home Help Info • Computers & Technology • Business & Money Join This Neighborhood today! It's Free. Hood Happenings Computers Chat | Computers Forum Find out about ICQ, writable CDs, FrontPage97 and more while staying up-to-date on your community with SiliconValley News and Reviews . Surf the Net with Networds - Create Free Networds for every GeoCities and Internet location you visit. They will be available instantly to everyone on the Net. Use Networds and share them with others. It's Programmers' Pavilion , where we highlight the programming talents of GeoCitizens like you. Take a look at the featured pages, apply for membership, get cool tools from the Developer Toolbox, or sound off in the Redmond Roundtable. Getting Involved Community Leaders If you need GeoCities help or want to get more involved in your neighborhood, these are the people to ask. Blueprint We've created a zine to help you build better home pages. Check in every month for lots of tips and tricks! Landmark Sites Places to stop when you're surfing that info superhighway known as GeoCities. Landmarks are sites we consider the best of the best. [Join] [Help] [Info] [Home] [Avenues] [Neighborhoods] [Members] [Shopping Center] [Search] © 1995 - 1999 GeoCities. All rights reserved",wayback
wayback_http://www11.geocities.com:80/SiliconValley/,"GeoCities - SiliconValley

GeoCities - SiliconValley Visit Surplus Auction $5.00 off music at CDnow! Instant Credit Apply Now! Up to 40% off related books from Amazon.com Other Neighborhoods Great GeoShops Get a Virtual Office Explore The Suburbs: Choose a suburb SiliconValley Bay Bridge Byte Campus Circuit Chip Foothills Garage Grid Haven Heights Hills Horizon Lab Lakes Monitor Network Orchard Park Peaks Pines Platform Port Ridge Sector Station Vista Way Yahoo: Computers Search: GeoCities SiliconValley Password: Net News Home Help Info • Computers & Technology • Business & Money Join This Neighborhood today! It's Free. Hood Happenings Computers Chat | Computers Forum Find out about ICQ, writable CDs, FrontPage97 and more while staying up-to-date on your community with SiliconValley News and Reviews . Surf the Net with Networds - Create Free Networds for every GeoCities and Internet location you visit. They will be available instantly to everyone on the Net. Use Networds and share them with others. It's Programmers' Pavilion , where we highlight the programming talents of GeoCitizens like you. Take a look at the featured pages, apply for membership, get cool tools from the Developer Toolbox, or sound off in the Redmond Roundtable. Getting Involved Community Leaders If you need GeoCities help or want to get more involved in your neighborhood, these are the people to ask. Blueprint We've created a zine to help you build better home pages. Check in every month for lots of tips and tricks! Landmark Sites Places to stop when you're surfing that info superhighway known as GeoCities. Landmarks are sites we consider the best of the best. [Join] [Help] [Info] [Home] [Avenues] [Neighborhoods] [Members] [Shopping Center] [Search] © 1995 - 1999 GeoCities. All rights reserved",wayback
wayback_http://www.geocities.com:80/SiliconValley/,"GeoCities - SiliconValley

GeoCities - SiliconValley Up to 40% off related books from Amazon.com Visit Surplus Auction $5.00 off music at CDnow! Instant Credit Apply Now! Other Neighborhoods Great GeoShops Get a Virtual Office Explore The Suburbs: Choose a suburb SiliconValley Bay Bridge Byte Campus Circuit Chip Foothills Garage Grid Haven Heights Hills Horizon Lab Lakes Monitor Network Orchard Park Peaks Pines Platform Port Ridge Sector Station Vista Way Yahoo: Computers Search: GeoCities SiliconValley Password: Net News Home Help Info • Computers & Technology • Business & Money Join This Neighborhood today! It's Free. Hood Happenings Computers Chat | Computers Forum Find out about ICQ, writable CDs, FrontPage97 and more while staying up-to-date on your community with SiliconValley News and Reviews . Surf the Net with Networds - Create Free Networds for every GeoCities and Internet location you visit. They will be available instantly to everyone on the Net. Use Networds and share them with others. It's Programmers' Pavilion , where we highlight the programming talents of GeoCitizens like you. Take a look at the featured pages, apply for membership, get cool tools from the Developer Toolbox, or sound off in the Redmond Roundtable. Getting Involved Community Leaders If you need GeoCities help or want to get more involved in your neighborhood, these are the people to ask. Blueprint We've created a zine to help you build better home pages. Check in every month for lots of tips and tricks! Landmark Sites Places to stop when you're surfing that info superhighway known as GeoCities. Landmarks are sites we consider the best of the best. [Join] [Help] [Info] [Home] [Avenues] [Neighborhoods] [Members] [Shopping Center] [Search] © 1995 - 1999 GeoCities. All rights reserved",wayback
wayback_http://www3.geocities.com:80/SiliconValley/,"GeoCities - SiliconValley

GeoCities - SiliconValley $5.00 off music at CDnow! Instant Credit Apply Now! Up to 40% off related books from Amazon.com Visit Surplus Auction Other Neighborhoods Great GeoShops Get a Virtual Office Explore The Suburbs: Choose a suburb SiliconValley Bay Bridge Byte Campus Circuit Chip Foothills Garage Grid Haven Heights Hills Horizon Lab Lakes Monitor Network Orchard Park Peaks Pines Platform Port Ridge Sector Station Vista Way Yahoo: Computers Search: GeoCities SiliconValley Password: Net News Home Help Info • Computers & Technology • Business & Money Join This Neighborhood today! It's Free. Hood Happenings Computers Chat | Computers Forum SiliconValley teens and others are welcome to make their cyber home at the SiliconValley Teen Team headquarters. Surf the Net with Networds - Create Free Networds for every GeoCities and Internet location you visit. They will be available instantly to everyone on the Net. Use Networds and share them with others. It's Programmers' Pavilion , where we highlight the programming talents of GeoCitizens like you. Take a look at the featured pages, apply for membership, get cool tools from the Developer Toolbox, or sound off in the Redmond Roundtable. Getting Involved Community Leaders If you need GeoCities help or want to get more involved in your neighborhood, these are the people to ask. Blueprint We've created a zine to help you build better home pages. Check in every month for lots of tips and tricks! Landmark Sites Places to stop when you're surfing that info superhighway known as GeoCities. Landmarks are sites we consider the best of the best. [Join] [Help] [Info] [Home] [Avenues] [Neighborhoods] [Members] [Shopping Center] [Search] © 1995 - 1999 GeoCities. All rights reserved",wayback
wayback_http://www9.geocities.com:80/SiliconValley/,"Yahoo! GeoCities - SiliconValley

Yahoo! GeoCities - SiliconValley Yahoo! Home Help Free Home Pages! Get your own free home page today In Our Neighborhoods Community Leaders World Report Landmark Sites Other Neighborhoods Search Yahoo! GeoCities SiliconValley Yahoo! Resources Yahoo! Clubs Yahoo! User Groups Explore the Suburbs Choose a suburb SiliconValley SiliconValley/Bay SiliconValley/Bit SiliconValley/Bridge SiliconValley/Byte SiliconValley/Cable SiliconValley/Campus SiliconValley/Chip SiliconValley/Circuit SiliconValley/Code SiliconValley/Drive SiliconValley/Foothills SiliconValley/Garage SiliconValley/Grid SiliconValley/Hardware SiliconValley/Haven SiliconValley/Heights SiliconValley/Hills SiliconValley/Horizon SiliconValley/Hub SiliconValley/Lab SiliconValley/Lakes SiliconValley/Monitor SiliconValley/Mouse SiliconValley/Network SiliconValley/Orchard SiliconValley/Park SiliconValley/Peaks SiliconValley/Pines SiliconValley/Platform SiliconValley/Port SiliconValley/Program SiliconValley/Ridge SiliconValley/Screen SiliconValley/Sector SiliconValley/Station SiliconValley/Vista SiliconValley/Way Hood Happenings SiliconValley Chat | SiliconValley Message Boards GeoThingMaker Contest! Be creative! Be cool! Win 150 bucks! Design your own GeoThing and enter our contest for a chance to win! Copyright © 1994-1999 Yahoo! Inc. All rights reserved. Help Privacy Policy Terms of Service Legal Disclaimers",wayback
wayback_http://www.geocities.com:80/SiliconValley/1000/,"Chris Kirby's Home Page

Chris Kirby's Home Page Hits 31st January 1999 The Paging Page Chris's Radio Links Richmond Round Table My Family & Other Animals Richmond North Yorkshire Global Positioning System Sign my Logbook Let me hear from you ! Inspect my Logbook Member of LinkExchange Free Home Pages at GeoCities This Amateur Radio Webring site is owned by Chris Kirby . Want to join the Amateur Radio Webring? [ Skip Prev ] [ Prev ] [ Next ] [ Skip Next ] [ Random ] [ Next 5 ] [ List Sites ]",wayback
wayback_http://www.geocities.com:80/siliconvalley/1000/,"Chris Kirby's Home Page

Chris Kirby's Home Page Hits since 1996! Updated - September 2000 The Paging Page Chris's Radio Links Richmond Round Table My Family & Other Animals Richmond North Yorkshire Global Positioning System Money for Old Rope! Sign Guestbook Email me! View Guestbook This Amateur Radio Webring site is owned by Chris Kirby . Want to join the Amateur Radio Webring? [ Skip Prev ] [ Prev ] [ Next ] [ Skip Next ] [ Random ] [ Next 5 ] [ List Sites ] Info",wayback
wayback_http://geocities.com/SiliconValley/1000/,"Chris Kirby's Home Page

Chris Kirby's Home Page Hits since 1996! Updated - March 2005 ""Ugly-Mug"" Ham Links My Family & Other Animals About Richmond North Yorkshire Old photo archive Sign Guestbook Email me! View Guestbook This Amateur Radio Webring site is owned by Chris Kirby . Want to join the Amateur Radio Webring? [ Skip Prev ] [ Prev ] [ Next ] [ Skip Next ] [ Random ] [ Next 5 ] [ List Sites ]",wayback
wayback_http://www.geocities.com/siliconvalley/1000/,"Chris Kirby's Home Page

Chris Kirby's Home Page Hits since 1996! Updated - March 2005 ""Ugly-Mug"" Ham Links My Family & Other Animals About Richmond North Yorkshire Old photo archive Sign Guestbook Email me! View Guestbook This Amateur Radio Webring site is owned by Chris Kirby . Want to join the Amateur Radio Webring? [ Skip Prev ] [ Prev ] [ Next ] [ Skip Next ] [ Random ] [ Next 5 ] [ List Sites ]",wayback
wayback_http://www.geocities.com:80/SiliconValley/1000/adbars.htm,"Money for Old Rope - Adbars

Money for Old Rope - Adbars A word about adbars For many people, the idea of being paid to use the Internet is strange. ""Why would anyone want to give me their money ?"", I hear you asking. The answer is that you are a potential purchaser of goods and services, and suppliers want to advertise to you. ""But I hate adverts!"" Adbars simply sit there on your screen and other than taking up a little screen space, they won't bother you at all. No one is asking you to study the adverts on your pc screen , you may have to run the mouse over them every few minutes, but you needn't actually buy anything. The higher the resolution of your screen, the less space they occupy. ""What is an Adbar ?"" An adbar is a banner. The size varies, but the ones I use are about half an inch high, and the full width of my screen. The adbars may sit at the top or bottom of your screen. You can turn them off, and they go away, but then so does your income :-( ""How much can I earn?"" The going rate differs, but most pay about 30p per hour. Not alot. You can, however have a few going at the same time and your income then starts to look attractive. I usually have two or three going, and hardly notice the reduction in screen size at all. I put them both at the top, move the taskbar over to the right hand side, and (gasp - I confess) sometimes I adjust the picture height of my monitor to eliminate them completely! Think about the last month. How many hours did you spend on the Internet ? Half an hour each evening maybe ? Well with two adbars up and running, thats over £9 you could have had. If you're still paying for your Internet phone calls - £9 will more than likely have covered your phone call costs, or if you're on a free internet service (and we all should be by now), it is £9 for you to save or spend as you like. Payment is usually made by cheque, when your dues exceed a certain amount. So, you won't get a cheque every month from each one, but you don't lose out either because earnings are carried forward at the end of the month until there is enough in the pot to trigger the payment. There's one more thing. In addition to signing up, these companies encourage you to recruit others. Now, I'd be lying if I said all this about adbars was purely for your education. I have a vested interest in persuading you to join! My pennies also increase if you sign up using the links I give. Consider, you have your own circle of friends, and if in turn you ask them to join up too, you will increase your earnings in the same way. Remember, it is not going to cost your friends anything to join - when you refer a friend to the service, you are not asking them to spend - you are giving them an opportunity to earn. Heads you win, Tails you win ! Return......",wayback
wayback_http://www.geocities.com:80/SiliconValley/1000/family.htm,"The Picture Gallery

The Picture Gallery 3rd January 1999 Chris G4FZN ""I'm the author of these pages. Thanks for stopping by - I hope you find most of these pages interesting and informative. I'm licenced to operate on all of the amateur radio bands, but my main interest is VHF and UHF. I'm in the Richmond Raynet Group, who occasionally provide emergency communications for user services in this area. When I'm not playing radio, I play keyboard for a local band called ""The Pulse"". There are five of us, a superb lead guitarist, a bass guitarist, drummer (or is it called ""percussionist"" these days ?), a male vocalist, and yours truly on keys. Our music can be best described as ""rock classics"", - you know them all - numbers from the Rolling Stones, Zombies, Troggs, Beatles which we blend together with numbers from Bruce Springsteen and the Eagles to give the subtle change of tempo. Add to that lot the Wilson Pickett song, ""Midnight Hour"" and the Tommy James number, ""Mony Mony"" and others like that, and you'll see we've got a fantastic mix of music to play. Some of our best performances have been to biker's meets and music festivals - I don't think we'd go down very well at a house/garage party or a bass 'n drum rave!!!! EMail: chris_kirby@geocities.com Pauline G8HQW ""Hi, I'm Pauline. I'm an audiologist at a local hospital. Have you had your hearing tested recently? Its amazing how many people haven't. I try to keep fit by working out three times a week in the gym at the Fitness Centre. "" EMail: pjkirby@yahoo.com Stephen 2E1DZK ""Hello from Stephen. I'm a 6th form student at Richmond School. There is an Amateur Radio Club which meets almost every lunchtime. You will often our club callsign GX0RYS active on 20m and other bands. The club also operates on the 70cms amateur band, and operates a packet radio station. You can send a message to us at: GX0RYS@GB7CYM.#19.GBR.EU. Mr Vann, (G3RLV) is the Science teacher who runs the school Radio Club, and without him we wouldn't be able to meet. I support Luton Town Football Club because I was born at the Luton & Dunstable hospital in 1982."" EMail: sjkirby@yahoo.com Simon 2E1GUN ""Hello, Simon here. My favourite sports are football and hockey. I play hockey for Richmond School and have played for the County. The soccer team I support is Arsenal Football Club , (that's their strip I'm wearing) and I check out their Web pages from time to time. Don't you think my callsign is brill for an Aresnal supporter - their nickname is the GUNNERS !! EMail: scwkirby@yahoo.com Arthur G6FGE ""Hello, I'm Arthur, a retired civil engineer who has been licenced ten years, but I'm not very active on the bands. Colin G6AHF ""Where's my picture gone?"" Judith G4XMG © 1999 Chris Kirby Return to Chris Kirby's Home Page Return to Geocities",wayback
wayback_http://www.geocities.com:80/siliconvalley/1000/family.htm,"The Picture Gallery

The Picture Gallery 17 May 2001 Chris G4FZN ""I'm the author of these pages. Thanks for stopping by - I hope you find most of these pages interesting and informative. I'm licenced to operate on all of the amateur radio bands and try to remain active on most of them. I've never been above the 23cm band though. When I'm not playing radio, I play keyboard in a popular local band called "" The Pulse "". Check out our website! EMail: g4fzn@yahoo.com Pauline G8HQW ""Hi, I'm Pauline. I'm an audiologist at a local hospital. Have you had your hearing tested recently? Its amazing how many people haven't. "" EMail: pjkirby@email.com Stephen M1ECH ""Hello from Stephen. I'm student at Leeds Met University studying design, management, technology and mixing red bull and Vodka. I first got my licence at Richmond School where there is an active Amateur Radio Club. You will often students from Richmond using the club callsign GX0RYS. I support Luton Town Football Club because I was born at the Luton & Dunstable hospital in 1982."" EMail: stephen.kirby@orange.net Simon 2E1GUN ""Hello, Simon here. My favourite sports are football and hockey. I play hockey for Richmond School, Richmond Town, and for Co. Durham and recently I've been selected to play for North East England. The soccer team I support is Arsenal Football Club , and I check out their Web pages from time to time. Don't you think my callsign, 2E1GUN, is appropriate for an Arsenal supporter - their nickname is the GUNNERS !!!"" I'm not really interested in radio, but it is useful to hold a licence when everyone else in the family has one! EMail: simon_k10@hotmail.com Arthur M5AIC My father, Arthur M5AIC died suddenly on 5th March 2001. I miss our 40m QSOs when I'm operating /M up and down the country. Colin G6AHF Colin is a leading light of the Douglas Valley Radio Club Judith G4XMG My sister, Judith. Licenced first as G6OWY, but soon passed the Morse test! © 2001 Chris Kirby Return to Chris Kirby's Home Page Return to Geocities",wayback
wayback_http://geocities.com/SiliconValley/1000/family.htm,"The Picture Gallery

The Picture Gallery 26 March 2005 Chris G4FZN ""I'm the author of these pages. They not produced with the latest web technology (!), but hey! you've found them, and you're reading this aren't you. Thanks for stopping by - I hope you find most of these pages interesting and informative. I'm licenced to operate on all of the amateur radio bands and try to remain active on most of them. I've never been above the 23cm band though. When I'm not playing radio, I play keyboard in a popular local rock band called "" X-Pulse "". Check out our website! Pauline G8HQW ""Hi, I'm Pauline. I'm an audiologist at a local hospital. Have you had your hearing tested recently? Its amazing how many people haven't. "" Stephen M1ECH ""Hi. I've recently gained my degree in Technology and Management and I'm staying on in Leeds whilst I decide what to do next. It’s also a good place for a pint ;-) I've started building a kit car with a mate of mine, and you can read the whole story here . Simon 2E1GUN ""Hello, Simon here. My favourite sports are football and hockey. I have played hockey for Richmond School, Richmond Town, and for Co. Durham and recently I've been selected to play for North East England. I'm a second year student at Manchester University, studying for a Masters degree in Aerospace Engineering. It really is rocket science! The soccer team I support is Arsenal Football Club , and I check out their Web pages from time to time. Don't you think my callsign, 2E1GUN, is appropriate for an Arsenal supporter - their nickname is the GUNNERS !!!"" I'm not really interested in radio, but it is useful to hold a licence when everyone else in the family has one! Colin G6AHF Colin is the Chairman of the Wigan Douglas Valley Radio Society Judith G4XMG My sister, Judith. Licenced first as G6OWY, but soon passed the Morse test! Judith teaches English. © 2001 Chris Kirby Return to Chris Kirby's Home Page Return to Geocities",wayback
wayback_http://www.geocities.com/siliconvalley/1000/family.htm,"The Picture Gallery

The Picture Gallery 26 March 2005 Chris G4FZN ""I'm the author of these pages. They not produced with the latest web technology (!), but hey! you've found them, and you're reading this aren't you. Thanks for stopping by - I hope you find most of these pages interesting and informative. I'm licenced to operate on all of the amateur radio bands and try to remain active on most of them. I've never been above the 23cm band though. When I'm not playing radio, I play keyboard in a popular local rock band called "" X-Pulse "". Check out our website! Pauline G8HQW ""Hi, I'm Pauline. I'm an audiologist at a local hospital. Have you had your hearing tested recently? Its amazing how many people haven't. "" Stephen M1ECH ""Hi. I've recently gained my degree in Technology and Management and I'm staying on in Leeds whilst I decide what to do next. It’s also a good place for a pint ;-) I've started building a kit car with a mate of mine, and you can read the whole story here . Simon 2E1GUN ""Hello, Simon here. My favourite sports are football and hockey. I have played hockey for Richmond School, Richmond Town, and for Co. Durham and recently I've been selected to play for North East England. I'm a second year student at Manchester University, studying for a Masters degree in Aerospace Engineering. It really is rocket science! The soccer team I support is Arsenal Football Club , and I check out their Web pages from time to time. Don't you think my callsign, 2E1GUN, is appropriate for an Arsenal supporter - their nickname is the GUNNERS !!!"" I'm not really interested in radio, but it is useful to hold a licence when everyone else in the family has one! Colin G6AHF Colin is the Chairman of the Wigan Douglas Valley Radio Society Judith G4XMG My sister, Judith. Licenced first as G6OWY, but soon passed the Morse test! Judith teaches English. © 2001 Chris Kirby Return to Chris Kirby's Home Page Return to Geocities",wayback
wayback_http://www.geocities.com:80/SiliconValley/1000/free_shares.htm,"Free Shares from Totalise ISP

Free Shares from Totalise ISP Free Shares Totalise is an Internet Service Provider with a difference. They are currently listed on the Ofex market, but they have announced they expect to be listed on AIM (Alternative Investment Market) within three months (from 1st June). With Totalise you receive shares for (a) Joining up, (b) Using them as your ISP, (c) sending emails using them, and (d) recommending new users. I have been with Totalise for several months, and have amassed a reasonable number of shares. The share price varies, at the time of writing it is around 45p, but has been over £1 and as low as 25p. You can sell Totalise shares through a broker. The other good thing about Totalise is that their Tech Support is FREE - so if you want expert technical help free of charge, Totalise is a good ISP to choose. Totalise charges local rate for access to the Internet. It is an 0845 number. How many shares can I earn with Totalise ? Should you decide to sign up with Totalise , please be kind enough to enter my user name "" maybe "" into the referral box. Return......",wayback
wayback_http://www.geocities.com:80/SiliconValley/1000/friendsandacquaintancesindex.htm,"Old photos of Friends and Acquaintances Index

Old photos of Friends and Acquaintances Index Old Photos of Friends and Acquaintances Return......",wayback
wayback_http://www.geocities.com:80/siliconvalley/1000/friendsandacquaintancesindex.htm,"Old photos of Friends and Acquaintances Index

Old photos of Friends and Acquaintances Index Old Photos of Friends and Acquaintances Return......",wayback
wayback_http://geocities.com/SiliconValley/1000/friendsandacquaintancesindex.htm,"Old photos of Friends and Acquaintances Index

Old photos of Friends and Acquaintances Index Old Photos of Friends and Acquaintances Return......",wayback
wayback_http://www.geocities.com:80/siliconvalley/1000/gateway.htm,"Scotch Corner Gateway

Scotch Corner Gateway The ""Scotch Corner"" Gateway Key: 1 Time switch 2 Mobile phone in hands-free kit for monitoring audio 3 Yaesu FT2600 2m tcvr 4 Home brew interface 5 Switch mode PSU 6 ISDN terminal adaptor 7 PC - 233 MHz Pentium 8 BT Easyreach pager for emergency shutdown 9 VHF / UHF diplexor 10 70cm TX / Rx (Yes; we do have wallpaper at this QTH - but the gateway is in the loft to keep the xyl happy! ) NoV Holders: G4FZN & G8HQW & 2E1GUN Transmit: 14dBw erp Maximum Deviation: +/- 2.5kHz Antenna: Omnidirectional (vertical polarization) Frequencies: 145.3375MHz & 431.200MHz Identification: Morse Code, 22wpm Audio frequency 459Hz Coverage map of the Scotch Corner Gateway (100kB) The Scotch Corner Gateway operates on 145.3375MHz. eQSO software is usually operated. No repeater shift is required, and no access tones are needed. The gateway operates a simple squelch system, which means any signal on the frequency will be accepted. In the future, if more internet gateways become operational, and QRM becomes more of a problem, the Scotch Corner Gateway may have to resort to CTCSS tone squelch. Chris, G4FZN will resist this for as long as possible! Incoming signals are re-radiated on 431.200MHz when the gateway is in operation. (see below) Being a simplex system, the gateway cannot relay signals from one radio user in the North East to another radio user in the North East. Most stations in this area are able to hear the other users direct, but there are times when the gateway can hear two stations who can't hear each other. In this situation, a repeater could assist communications BUT a simplex gateway can not help matters. Why is this? Because, unlike a duplex repeater with a frequency split, a simplex gateway cannot transmit and receive at the same time. For this reason, the 70cms frequency (431.200MHz) has been added recently. The output power on 431.200MHz is very low - 3 watts erp - however the audio from the internet is mixed with audio from the two metre receiver and retransmitted on 431.200. At the time of writing, no 70cm receive frequency is available. Hours of Operation During weekdays, the Scotch Corner gateway is active from 7am to 10am, and from 4pm through to midnight. At weekends, operation if from 7am through to 1am without a gap. The RSGB news, read by Jeremy Boot, G4NJH, is transmitted at 10.30am on Sunday mornings. Alternatively, you can click here to listen now in Real Audio. Who is welcome to use it? All licenced amateurs are very welcome to use the gateway. Please bear in mind that after an over, there may be a delay of up to 20secs before the other station replies, and remember that the software is not yet finalized, and subject to continuous improvement. Who has to used it? G7OQX G3RGB G0FXP G3XDI 2E1IAF G0VGZ G0WRP G7NRO G3EKL G3OAL G4ZAT M1CPA M5ERN G0FDA M1ETX G7HDZ M5GUM G6GUW G1RPN G3SZG M1EXU G1ZEA G3TMN G0FBU G4CNK G0OPH G3NOD G3KJX G0FBU M5VIM G1ILB G0NDD G4ORQ M1CPA M0PCB G7BYE G0VSR M5MWF M5ETR G1AZC G7KDX G7MFN G0XA",wayback
wayback_http://www.geocities.com:80/SiliconValley/1000/gateway.htm,"Scotch Corner Gateway

Scotch Corner Gateway The ""Scotch Corner"" Gateway Key: 1 Time switch 2 Mobile phone in hands-free kit for monitoring audio 3 Yaesu FT2600 2m tcvr 4 Home brew interface 5 Switch mode PSU 6 ISDN terminal adaptor 7 PC - 233 MHz Pentium 8 BT Easyreach pager for emergency shutdown 9 VHF / UHF diplexor 10 70cm TX / Rx (Yes; we do have wallpaper at this QTH - but the gateway is in the loft to keep the xyl happy! ) NoV Holders: G4FZN & G8HQW & 2E1GUN Transmit: 14dBw erp Maximum Deviation: +/- 2.5kHz Antenna: Omnidirectional (vertical polarization) Frequencies: 145.3375MHz & 431.200MHz Identification: Morse Code, 22wpm Audio frequency 459Hz Coverage map of the Scotch Corner Gateway (100kB) The Scotch Corner Gateway operates on 145.3375MHz. eQSO software is usually operated. No repeater shift is required, and no access tones are needed. The gateway operates a simple squelch system, which means any signal on the frequency will be accepted. In the future, if more internet gateways become operational, and QRM becomes more of a problem, the Scotch Corner Gateway may have to resort to CTCSS tone squelch. Chris, G4FZN will resist this for as long as possible! Incoming signals are re-radiated on 431.200MHz when the gateway is in operation. (see below) Being a simplex system, the gateway cannot relay signals from one radio user in the North East to another radio user in the North East. Most stations in this area are able to hear the other users direct, but there are times when the gateway can hear two stations who can't hear each other. In this situation, a repeater could assist communications BUT a simplex gateway can not help matters. Why is this? Because, unlike a duplex repeater with a frequency split, a simplex gateway cannot transmit and receive at the same time. For this reason, the 70cms frequency (431.200MHz) has been added recently. The output power on 431.200MHz is very low - 3 watts erp - however the audio from the internet is mixed with audio from the two metre receiver and retransmitted on 431.200. At the time of writing, no 70cm receive frequency is available. Hours of Operation During weekdays, the Scotch Corner gateway is active from 7am to 10am, and from 4pm through to midnight. At weekends, operation if from 7am through to 1am without a gap. The RSGB news, read by Jeremy Boot, G4NJH, is transmitted at 10.30am on Sunday mornings. Alternatively, you can click here to listen now in Real Audio. Who is welcome to use it? All licenced amateurs are very welcome to use the gateway. Please bear in mind that after an over, there may be a delay of up to 20secs before the other station replies, and remember that the software is not yet finalized, and subject to continuous improvement. Who has to used it? G7OQX G3RGB G0FXP G3XDI 2E1IAF G0VGZ G0WRP G7NRO G3EKL G3OAL G4ZAT M1CPA M5ERN G0FDA M1ETX G7HDZ M5GUM G6GUW G1RPN G3SZG M1EXU G1ZEA G3TMN G0FBU G4CNK G0OPH G3NOD G3KJX G0FBU M5VIM G1ILB G0NDD G4ORQ M1CPA M0PCB G7BYE G0VSR M5MWF M5ETR G1AZC G7KDX G7MFN G0XA",wayback
wayback_http://geocities.com/SiliconValley/1000/gateway.htm,"Scotch Corner Gateway

Scotch Corner Gateway The ""Scotch Corner"" Gateway Key: 1 Time switch 2 Mobile phone in hands-free kit for monitoring audio 3 Yaesu FT2600 2m tcvr 4 Home brew interface 5 Switch mode PSU 6 ISDN terminal adaptor 7 PC - 233 MHz Pentium 8 BT Easyreach pager for emergency shutdown 9 VHF / UHF diplexor 10 70cm TX / Rx (Yes; we do have wallpaper at this QTH - but the gateway is in the loft to keep the xyl happy! ) NoV Holders: G4FZN & G8HQW & 2E1GUN Transmit: 14dBw erp Maximum Deviation: +/- 2.5kHz Antenna: Omnidirectional (vertical polarization) Frequencies: 145.3375MHz Identification: Morse Code, 22wpm Audio frequency 459Hz Coverage map of the Scotch Corner Gateway (100kB) The Scotch Corner Gateway operates on 145.3375MHz. eQSO software is operated. No repeater shift is required, and no access tones are needed. The gateway operates a simple squelch system, which means any signal on the frequency will be accepted. In the future, if more internet gateways become operational, and QRM becomes more of a problem, the Scotch Corner Gateway may have to resort to CTCSS tone squelch. Chris, G4FZN will resist this for as long as possible! Being a simplex system, the gateway cannot relay signals from one radio user in the North East to another radio user in the North East. Most stations in this area are able to hear the other users direct, but there are times when the gateway can hear two stations who can't hear each other. In this situation, a repeater could assist communications BUT a simplex gateway can not help matters. Why is this? Because, unlike a duplex repeater with a frequency split, a simplex gateway cannot transmit and receive at the same time. For this reason, the 70cms frequency (431.200MHz) has been added recently. The output power on 431.200MHz is very low - 3 watts erp - however the audio from the internet is mixed with audio from the two metre receiver and retransmitted on 431.200. At the time of writing, no 70cm receive frequency is available. Who is welcome to use it? All licenced amateurs are very welcome to use the gateway. Please bear in mind that after an over, there may be a delay before the other station replies, and remember that the software is not yet finalized, and subject to continuous improvement. Who has to used it? 2E1EYS/M 2E1FFZ 2E1GFL 2E1IAF 2E1JMD 2E1MUG 2E1MUG 2E1USB 2E1XDJ/M G0AOO G0CKI G0EEK G0EYL G0FBU G0FBU G0FDA G0FXP G0FXR G0GBU G0GFG G0GYP G0KGQ G0KVL G0LDD G0LPH G0NDD G0NRK G0OLO G0OPH G0OWS G0PZM G0SBP G0SZR G0TBZ G0UPD/M G0UTP G0VGZ G0VPI G0VSR G0WFF G0WHS G0WRP G0WXC G0XAB G1AZC G1FSH G1ILB G1KOM G1NYN/M G1RPN G1SBK G1ZEA G3EKL G3FHW G3JQL G3KJX G3LUC G3MXZ/M G3MXZ/M G3NOD G3OAL G3RGB G3SZG G3TMN G3TPW G3UHJ G3XDI G4APN G4CNK G4DAX G4GTX G4HHI G4MSF G4ORQ G4TQV G4UHQ G4VCJ G4YMB G4ZAT G4ZVH G6HOW/M G6GUW G6VOC G7BYE G7COC G7CZV G7DOK/M G7HDZ G7KDX G7KFQ/M G7LXQ/M G7MBH G7MBH G7MFN G7NKJ G7NRO G7OQX G7RUR/M G7TFX G7VBD G7VBD G7VGM G7VOT G7VTT G8BNE G8OMG G8YPN M0AVU M0BAR M0BER M0BZX M0CBP M0CGG M0CIC M0DAP/P M0ERN",wayback
wayback_http://www.geocities.com:80/SiliconValley/1000/gb3hg.htm,"GB3HG 2m repeater

GB3HG 2m repeater The unofficial GB3HG web site by Chris Kirby, G4FZN Updated September 2000 GB3HG is still located on Bilsdale West Moor, North Yorkshire, IO94ki Frequencies CTCSS Timeout 145.025MHz (Input) / 145.625MHz (output) No CTCSS activation Timeout period - 3 minutes This page used to be hosted at http://www.qsl.net/gb3hg but for some reason it has been made ""forbidden"" !!! New Repeater Site Coverage Map GB3HG is moving QTH to Richmond. A coverage prediction map generated by NTL's Aspect system is now available showing the predicted coverage from the new site at Richmond. There are two versions available, the first is a low resolution map, and the second is a fine detail map suitable for printing. Click here to view the low resolution map. (189kB) (High compression/Poor quality) Click here to view the high resolution map. (925kB) (Recommended for printing) click the right mouse button over the image to save it to disc GB3HG is still poorly ! The repeater (at it's current site) has been suffering from an intermittent interference problem which affects it's receive sensitivity. There is no suggestion that this interference is deliberate, but the exact cause has not yet been identified. Recently, the two folded dipole antennas were changed for open dipoles, and the coax termination at the top of the mast was double checked. Access to the mast costs the group £250 a time. Unfortunately, although the new antennas appear to be working well, the interference problem was not solved. When the interference is occurring, it consists of very sharp strong clicks on the received signal. If enough of these clicks happen, then the squelch closes, and the incoming signal is lost. There is a clear distinction to be heard between a weak signal - such as one might easily obtain by using a Slim Jim - , and a signal suffering due to the repeater's interference. The difference is in the sound of the background noise. The normally weak signal has a constant ""hash"" behind it, whereas an interfered signal has a characteristic ""crackle"". For the interference to manifest, the repeater must also be transmitting. It is not caused by blocking of the receiver (ie. desense) - as blocking causes gaussian noise, not the prickly noise which is heard. However, the effect is similar to that of desense insofar as a station can bring the repeater with a tone burst, but as soon as the repeater keys up, the incoming signal disappears, and the repeater shuts down immediately. ( A continuous transmission of 8 seconds is required to ""latch"" it on ). At a recent meeting of the repeater group (open only to invited members), a decision was taken to relocate the repeater to a site just north of Richmond, in North Yorkshire. The proposed site is used by Fresh AM radio for medium wave transmissions (1413kHz), but there are no other VHF services at the site. There is a mast which belongs to Castle Transmission nearby, but this is not the mast which it is proposed for HG to use. Two areas",wayback
wayback_http://geocities.com/SiliconValley/1000/gb3hg.htm,"GB3HG 2m repeater

GB3HG 2m repeater The unofficial GB3HG web site This is the site the repeater group tried to ban! Updated December 2001 GB3HG is still located on Bilsdale West Moor, North Yorkshire, IO94ki Frequencies CTCSS Timeout 145.025MHz (Input) 145.625MHz (Output) None Timeout period - 3 minutes This web site was originally hosted at www.qsl.net but due to a complaint by the secretary of the HG repeater group, Al Waller, who runs the qsl.net service has withdrawn the site. See for yourself --- http://www.qsl.net/gb3hg So much for ""free speech"" on the internet - eh ? Site relocation - soon! Site Clearance has now been obtained for the move to the new repeater site near Bedale, North Yorkshire. A meeting of the repeatwer group will be held in early January 2002, and if the go-ahead is given, you can expect the repater to be moved within days. The former alternative site at Richmond has been abandoned because the group found it difficult to maintain contact with the site owner. New Site Coverage Map I'm working on it! The Repeater Group The repeater is operated by the Harrogate Repeater Group . The group is affiliated to the RSGB , however membership of the repeater group is only available by invitation, and there is a maximum limit of forty members at any time. All membership applications received by the secretary to date have been turned down . Mine was one of them ;-( Voluntary donations are readily accepted from anyone and may be sent to the group treasurer, Brian Tindill, G4HVA, at ""Hunters Moon"", Station Road, Bedale, North Yorks, DL8 1SX. Brian's address is in the RSGB year book. How much should I send? I have been told by one member of the repeater group that the majority of donators give in excess of £20 per annum . The licence for GB3HG is a NOV (Notice of Variation) on the licence of the repeater keeper, Brian Dooks, G0RHI , the group secretary. Technical / Engineering work is carried out by Dave Smith, G4DAX . An impending and substantial site rental increase has forced the group to consider alternative sites. This was the subject of a special general meeting, held on 29 September 1999, in Boroughbridge. The purpose of the meeting was to select a new site for the repeater. Unfortunately, however, the notice convening the meeting was not sent to all members in time, and one member objected, saying he hadn't had enough notice of the meeting, so the formal meeting could not go ahead! However, an informal meeting was held, where it was decided to investigate two further possible sites for the repeater. Interference The repeater has been suffering from an intermittent interference problem which affects it's receive sensitivity. There is no suggestion that this interference is deliberate, but the exact cause has proved difficult to identify. Recently, the two folded dipole antennas were changed for open dipoles, and the coax termination at the top of the mast was double checked. Access to the Bilsdale tv mast costs the group £250 a time. Unfortunately,",wayback
wayback_http://www.geocities.com:80/SiliconValley/1000/gps.htm,"GPS Page

GPS Page 31st January 1999 What is GPS ? The Global Positioning System (GPS) consists of 24 satellites in different orbits, each of which takes 12 hours to circle the earth. These satellites transmit information to earth, and can be received by members of the public - without any subscription needed - on a small GPS receiver. A GPS receiver requires visibility of at least three satellites, in order to compute its exact position on the earth's surface. For a three-dimensional fix, four satellites are required. Usually, there are between six and nine satellites ""monitored"" by the receiver. The writer owns a GPS II+. As happens, no sooner had I purchased this unti, that Garmin introduced a GPS III, which contains a complete road map of the UK. I have also seen a GPS III ""pilot"", which is an air based version of the GPS III, and it contains information useful to pilots, such as controlled air space charts, frequencies and air corridors. The GPS market is dominated by two companies, Garmin and Magellan. I have only experience of the Garmin products. If you have a Garmin GPS unit, it is well worth looking on the Garmin web site for updates to the software. My GPS II+ kept switching itself off for no apparent reason (Version 2.04 software), and I found an upgrade. The software is quite easy to upgrade, and full instructions are on the site. I am now running software version 2.07, and the unit no longer switches itself off! Waypoints To plot a course between two points (assuming they are less than a couple of hundred miles apart), you only need the start point, and the end point. Start up the engine, and away you go. However, in real-life, most courses are not as simple as that. At sea, you may wish to navigate around an island (!) or on land, you are forced into following public highways. So a course from A to B may well not be in a straight line. You need to set up a route. To do this, a number of points are chosen - called WAYPOINTS - which are then strung together in a fixed order, and - Hey presto - your route is again defined. Most GPS receivers can be programmed with waypoints. The GPS II+ can hold 500 of them, whereas other models can store 250 or less. Waypoints need not be points along a route, however, they are also used to mark reference points. I use waypoints to mark the location of amateur radio repeater stations, for example. As you move from one area to another, the GPS receiver can display the nearest ""waypoints"" (repeaters), and you always know which channel(s) to listen on for traffic reports. Waypoint files can be created, and uploaded into a GPS receiver using serial ASCII data and a suitable comms package. I use a program written by Garmin, called PCX5, however Procomm, or a similar communications program will do fine. The ASCII file below, which you are welcome to download, is a waypoint (.wpt) file of most of the amateur repeater stations in the UK. ukrptr.wpt Return to Chris Kirby's Home Page",wayback
wayback_http://www7.geocities.com:80/RodeoDrive/,"GeoCities - RodeoDrive

GeoCities - RodeoDrive Other Neighborhoods Great GeoShops Get a Virtual Office Explore The Suburbs: Choose a suburb RodeoDrive Mall Outlet Yahoo: Companies Search: GeoCities RodeoDrive Password: Free Stuff Home Help Info • Home & Living • Women Join This Neighborhood today! It's Free. Hood Happenings Business Chat | Business Forum Shopping addicts: Do you enjoy shopping? How about helping others? If you answered yes to both questions, then you should consider becoming a RodeoDrive Community Leader! Surf the Net with Networds - Create Free Networds for every GeoCities and Internet location you visit. They will be available instantly to everyone on the Net. Use Networds and share them with others. Show off your window: Go to the RodeoDrive Contest Page to find out how you can design your own holiday window. Getting Involved Community Leaders If you need GeoCities help or want to get more involved in your neighborhood, these are the people to ask. Blueprint We've created a zine to help you build better home pages. Check in every month for lots of tips and tricks! Landmark Sites Places to stop when you're surfing that info superhighway known as GeoCities. Landmarks are sites we consider the best of the best. [Join] [Help] [Info] [Home] [Avenues] [Neighborhoods] [Members] [Shopping Center] [Search] © 1995 - 1999 GeoCities. All rights reserved",wayback
wayback_http://www.geocities.com:80/RodeoDrive/,"GeoCities - RodeoDrive

GeoCities - RodeoDrive Other Neighborhoods Great GeoShops Get a Virtual Office Explore The Suburbs: Choose a suburb RodeoDrive Mall Outlet Yahoo: Companies Search: GeoCities RodeoDrive Password: Free Stuff Home Help Info • Home & Living • Women Join This Neighborhood today! It's Free. Hood Happenings Business Chat | Business Forum Shopping addicts: Do you enjoy shopping? How about helping others? If you answered yes to both questions, then you should consider becoming a RodeoDrive Community Leader! Surf the Net with Networds - Create Free Networds for every GeoCities and Internet location you visit. They will be available instantly to everyone on the Net. Use Networds and share them with others. What's happening in the hood: Find out what is happening in RodeoDrive at the Community Center . Getting Involved Community Leaders If you need GeoCities help or want to get more involved in your neighborhood, these are the people to ask. Blueprint We've created a zine to help you build better home pages. Check in every month for lots of tips and tricks! Landmark Sites Places to stop when you're surfing that info superhighway known as GeoCities. Landmarks are sites we consider the best of the best. [Join] [Help] [Info] [Home] [Avenues] [Neighborhoods] [Members] [Shopping Center] [Search] © 1995 - 1999 GeoCities. All rights reserved",wayback
wayback_http://www18.geocities.com:80/RodeoDrive/,"GeoCities - RodeoDrive

GeoCities - RodeoDrive Other Neighborhoods Great GeoShops Get a Virtual Office Explore The Suburbs: Choose a suburb RodeoDrive Mall Outlet Yahoo: Companies Search: GeoCities RodeoDrive Password: Free Stuff Home Help Info • Home & Living • Women Join This Neighborhood today! It's Free. Hood Happenings Business Chat | Business Forum Shopping addicts: Do you enjoy shopping? How about helping others? If you answered yes to both questions, then you should consider becoming a RodeoDrive Community Leader! Surf the Net with Networds - Create Free Networds for every GeoCities and Internet location you visit. They will be available instantly to everyone on the Net. Use Networds and share them with others. What's happening in the hood: Find out what is happening in RodeoDrive at the Community Center . Getting Involved Community Leaders If you need GeoCities help or want to get more involved in your neighborhood, these are the people to ask. Blueprint We've created a zine to help you build better home pages. Check in every month for lots of tips and tricks! Landmark Sites Places to stop when you're surfing that info superhighway known as GeoCities. Landmarks are sites we consider the best of the best. [Join] [Help] [Info] [Home] [Avenues] [Neighborhoods] [Members] [Shopping Center] [Search] © 1995 - 1999 GeoCities. All rights reserved",wayback
wayback_http://www19.geocities.com:80/RodeoDrive/,"GeoCities - RodeoDrive

GeoCities - RodeoDrive Other Neighborhoods Great GeoShops Get a Virtual Office Explore The Suburbs: Choose a suburb RodeoDrive Mall Outlet Yahoo: Companies Search: GeoCities RodeoDrive Password: Free Stuff Home Help Info • Home & Living • Women Join This Neighborhood today! It's Free. Hood Happenings Business Chat | Business Forum Shopping addicts: Do you enjoy shopping? How about helping others? If you answered yes to both questions, then you should consider becoming a RodeoDrive Community Leader! Surf the Net with Networds - Create Free Networds for every GeoCities and Internet location you visit. They will be available instantly to everyone on the Net. Use Networds and share them with others. What's happening in the hood: Find out what is happening in RodeoDrive at the Community Center . Getting Involved Community Leaders If you need GeoCities help or want to get more involved in your neighborhood, these are the people to ask. Blueprint We've created a zine to help you build better home pages. Check in every month for lots of tips and tricks! Landmark Sites Places to stop when you're surfing that info superhighway known as GeoCities. Landmarks are sites we consider the best of the best. [Join] [Help] [Info] [Home] [Avenues] [Neighborhoods] [Members] [Shopping Center] [Search] © 1995 - 1999 GeoCities. All rights reserved",wayback
wayback_http://www2.geocities.com:80/RodeoDrive/,"GeoCities - RodeoDrive

GeoCities - RodeoDrive Other Neighborhoods Great GeoShops Get a Virtual Office Explore The Suburbs: Choose a suburb RodeoDrive Mall Outlet Yahoo: Companies Search: GeoCities RodeoDrive Password: Free Stuff Home Help Info • Home & Living • Women Join This Neighborhood today! It's Free. Hood Happenings Business Chat | Business Forum Shopping addicts: Do you enjoy shopping? How about helping others? If you answered yes to both questions, then you should consider becoming a RodeoDrive Community Leader! Surf the Net with Networds - Create Free Networds for every GeoCities and Internet location you visit. They will be available instantly to everyone on the Net. Use Networds and share them with others. What's happening in the hood: Find out what is happening in RodeoDrive at the Community Center . Getting Involved Community Leaders If you need GeoCities help or want to get more involved in your neighborhood, these are the people to ask. Blueprint We've created a zine to help you build better home pages. Check in every month for lots of tips and tricks! Landmark Sites Places to stop when you're surfing that info superhighway known as GeoCities. Landmarks are sites we consider the best of the best. [Join] [Help] [Info] [Home] [Avenues] [Neighborhoods] [Members] [Shopping Center] [Search] © 1995 - 1999 GeoCities. All rights reserved",wayback
wayback_http://geocities.com:80/RodeoDrive/,"GeoCities - RodeoDrive

GeoCities - RodeoDrive Other Neighborhoods Great GeoShops Get a Virtual Office Explore The Suburbs: Choose a suburb RodeoDrive Mall Outlet Yahoo: Companies Search: GeoCities RodeoDrive Password: Free Stuff Home Help Info • Home & Living • Women Join This Neighborhood today! It's Free. Hood Happenings Business Chat | Business Forum Shopping addicts: Do you enjoy shopping? How about helping others? If you answered yes to both questions, then you should consider becoming a RodeoDrive Community Leader! Surf the Net with Networds - Create Free Networds for every GeoCities and Internet location you visit. They will be available instantly to everyone on the Net. Use Networds and share them with others. What's happening in the hood: Find out what is happening in RodeoDrive at the Community Center . Getting Involved Community Leaders If you need GeoCities help or want to get more involved in your neighborhood, these are the people to ask. Blueprint We've created a zine to help you build better home pages. Check in every month for lots of tips and tricks! Landmark Sites Places to stop when you're surfing that info superhighway known as GeoCities. Landmarks are sites we consider the best of the best. [Join] [Help] [Info] [Home] [Avenues] [Neighborhoods] [Members] [Shopping Center] [Search] © 1995 - 1999 GeoCities. All rights reserved",wayback
wayback_http://www5.geocities.com:80/RodeoDrive/,"GeoCities - RodeoDrive

GeoCities - RodeoDrive Other Neighborhoods Great GeoShops Get a Virtual Office Explore The Suburbs: Choose a suburb RodeoDrive Mall Outlet Yahoo: Companies Search: GeoCities RodeoDrive Password: Free Stuff Home Help Info • Home & Living • Women Join This Neighborhood today! It's Free. Hood Happenings Business Chat | Business Forum Shopping addicts: Do you enjoy shopping? How about helping others? If you answered yes to both questions, then you should consider becoming a RodeoDrive Community Leader! Surf the Net with Networds - Create Free Networds for every GeoCities and Internet location you visit. They will be available instantly to everyone on the Net. Use Networds and share them with others. What's happening in the hood: Find out what is happening in RodeoDrive at the Community Center . Getting Involved Community Leaders If you need GeoCities help or want to get more involved in your neighborhood, these are the people to ask. Blueprint We've created a zine to help you build better home pages. Check in every month for lots of tips and tricks! Landmark Sites Places to stop when you're surfing that info superhighway known as GeoCities. Landmarks are sites we consider the best of the best. [Join] [Help] [Info] [Home] [Avenues] [Neighborhoods] [Members] [Shopping Center] [Search] © 1995 - 1999 GeoCities. All rights reserved",wayback
wayback_http://www6.geocities.com:80/RodeoDrive/,"GeoCities - RodeoDrive

GeoCities - RodeoDrive Instant Credit Apply Now! Up to 40% off related books from Amazon.com Visit Surplus Auction $5.00 off for Music Lovers@ CDnow Other Neighborhoods Great GeoShops Get a Virtual Office Explore The Suburbs: Choose a suburb RodeoDrive Mall Outlet Yahoo: Companies Search: GeoCities RodeoDrive Password: Free Stuff Home Help Info • Home & Living • Women Join This Neighborhood today! It's Free. Hood Happenings Business Chat | Business Forum Shopping addicts: Do you enjoy shopping? How about helping others? If you answered yes to both questions, then you should consider becoming a RodeoDrive Community Leader! Surf the Net with Networds - Create Free Networds for every GeoCities and Internet location you visit. They will be available instantly to everyone on the Net. Use Networds and share them with others. What's happening in the hood: Find out what is happening in RodeoDrive at the Community Center . Getting Involved Community Leaders If you need GeoCities help or want to get more involved in your neighborhood, these are the people to ask. Blueprint We've created a zine to help you build better home pages. Check in every month for lots of tips and tricks! Landmark Sites Places to stop when you're surfing that info superhighway known as GeoCities. Landmarks are sites we consider the best of the best. [Join] [Help] [Info] [Home] [Avenues] [Neighborhoods] [Members] [Shopping Center] [Search] © 1995 - 1999 GeoCities. All rights reserved",wayback
wayback_http://www20.geocities.com:80/RodeoDrive/,"GeoCities - RodeoDrive

GeoCities - RodeoDrive $5.00 off music at CDnow! Instant Credit Apply Now! Up to 40% off related books from Amazon.com Visit Surplus Auction Other Neighborhoods Great GeoShops Get a Virtual Office Explore The Suburbs: Choose a suburb RodeoDrive Boutique Mall Outlet Yahoo: Companies Search: GeoCities RodeoDrive Password: Free Stuff Home Help Info • Home & Living • Women Join This Neighborhood today! It's Free. Hood Happenings Business Chat | Business Forum Shopping addicts: Do you enjoy shopping? How about helping others? If you answered yes to both questions, then you should consider becoming a RodeoDrive Community Leader! Surf the Net with Networds - Create Free Networds for every GeoCities and Internet location you visit. They will be available instantly to everyone on the Net. Use Networds and share them with others. What's happening in the hood: Find out what is happening in RodeoDrive at the Community Center . Getting Involved Community Leaders If you need GeoCities help or want to get more involved in your neighborhood, these are the people to ask. Blueprint We've created a zine to help you build better home pages. Check in every month for lots of tips and tricks! Landmark Sites Places to stop when you're surfing that info superhighway known as GeoCities. Landmarks are sites we consider the best of the best. [Join] [Help] [Info] [Home] [Avenues] [Neighborhoods] [Members] [Shopping Center] [Search] © 1995 - 1999 GeoCities. All rights reserved",wayback
wayback_http://www11.geocities.com:80/RodeoDrive/,"GeoCities - RodeoDrive

GeoCities - RodeoDrive $5.00 off music at CDnow! Instant Credit Apply Now! Up to 40% off related books from Amazon.com Visit Surplus Auction Other Neighborhoods Great GeoShops Get a Virtual Office Explore The Suburbs: Choose a suburb RodeoDrive Boutique Mall Outlet Yahoo: Companies Search: GeoCities RodeoDrive Password: Free Stuff Home Help Info • Home & Living • Women Join This Neighborhood today! It's Free. Hood Happenings Business Chat | Business Forum Shopping addicts: Do you enjoy shopping? How about helping others? If you answered yes to both questions, then you should consider becoming a RodeoDrive Community Leader! Surf the Net with Networds - Create Free Networds for every GeoCities and Internet location you visit. They will be available instantly to everyone on the Net. Use Networds and share them with others. What's happening in the hood: Find out what is happening in RodeoDrive at the Community Center . Getting Involved Community Leaders If you need GeoCities help or want to get more involved in your neighborhood, these are the people to ask. Blueprint We've created a zine to help you build better home pages. Check in every month for lots of tips and tricks! Landmark Sites Places to stop when you're surfing that info superhighway known as GeoCities. Landmarks are sites we consider the best of the best. [Join] [Help] [Info] [Home] [Avenues] [Neighborhoods] [Members] [Shopping Center] [Search] © 1995 - 1999 GeoCities. All rights reserved",wayback
wayback_http://www14.geocities.com:80/RodeoDrive/,"GeoCities - RodeoDrive

GeoCities - RodeoDrive Up to 40% off related books from Amazon.com Visit Surplus Auction $5.00 off music at CDnow! Instant Credit Apply Now! Other Neighborhoods Great GeoShops Get a Virtual Office Explore The Suburbs: Choose a suburb RodeoDrive Boutique Mall Outlet Yahoo: Companies Search: GeoCities RodeoDrive Password: Free Stuff Home Help Info • Home & Living • Women Join This Neighborhood today! It's Free. Hood Happenings Business Chat | Business Forum Shopping addicts: Do you enjoy shopping? How about helping others? If you answered yes to both questions, then you should consider becoming a RodeoDrive Community Leader! Surf the Net with Networds - Create Free Networds for every GeoCities and Internet location you visit. They will be available instantly to everyone on the Net. Use Networds and share them with others. What's happening in the hood: Find out what is happening in RodeoDrive at the Community Center . Getting Involved Community Leaders If you need GeoCities help or want to get more involved in your neighborhood, these are the people to ask. Blueprint We've created a zine to help you build better home pages. Check in every month for lots of tips and tricks! Landmark Sites Places to stop when you're surfing that info superhighway known as GeoCities. Landmarks are sites we consider the best of the best. [Join] [Help] [Info] [Home] [Avenues] [Neighborhoods] [Members] [Shopping Center] [Search] © 1995 - 1999 GeoCities. All rights reserved",wayback
wayback_http://www12.geocities.com:80/RodeoDrive/,"GeoCities - RodeoDrive

GeoCities - RodeoDrive Instant Credit Apply Now! Up to 40% off related books from Amazon.com Visit Surplus Auction $5.00 off music at CDnow! Other Neighborhoods Great GeoShops Get a Virtual Office Explore The Suburbs: Choose a suburb RodeoDrive Boutique Mall Outlet Yahoo: Companies Search: GeoCities RodeoDrive Password: Free Stuff Home Help Info • Home & Living • Women Join This Neighborhood today! It's Free. Hood Happenings Business Chat | Business Forum Shopping addicts: Do you enjoy shopping? How about helping others? If you answered yes to both questions, then you should consider becoming a RodeoDrive Community Leader! Surf the Net with Networds - Create Free Networds for every GeoCities and Internet location you visit. They will be available instantly to everyone on the Net. Use Networds and share them with others. What's happening in the hood: Find out what is happening in RodeoDrive at the Community Center . Getting Involved Community Leaders If you need GeoCities help or want to get more involved in your neighborhood, these are the people to ask. Blueprint We've created a zine to help you build better home pages. Check in every month for lots of tips and tricks! Landmark Sites Places to stop when you're surfing that info superhighway known as GeoCities. Landmarks are sites we consider the best of the best. [Join] [Help] [Info] [Home] [Avenues] [Neighborhoods] [Members] [Shopping Center] [Search] © 1995 - 1999 GeoCities. All rights reserved",wayback
wayback_http://www3.geocities.com:80/RodeoDrive/,"GeoCities - RodeoDrive

GeoCities - RodeoDrive Instant Credit Apply Now! Up to 40% off related books from Amazon.com Visit Surplus Auction $5.00 off music at CDnow! Other Neighborhoods Great GeoShops Get a Virtual Office Explore The Suburbs: Choose a suburb RodeoDrive Boutique Mall Outlet Yahoo: Companies Search: GeoCities RodeoDrive Password: Free Stuff Home Help Info • Home & Living • Women Join This Neighborhood today! It's Free. Hood Happenings Business Chat | Business Forum Shopping addicts: Do you enjoy shopping? How about helping others? If you answered yes to both questions, then you should consider becoming a RodeoDrive Community Leader! Surf the Net with Networds - Create Free Networds for every GeoCities and Internet location you visit. They will be available instantly to everyone on the Net. Use Networds and share them with others. What's happening in the hood: Find out what is happening in RodeoDrive at the Community Center . Getting Involved Community Leaders If you need GeoCities help or want to get more involved in your neighborhood, these are the people to ask. Blueprint We've created a zine to help you build better home pages. Check in every month for lots of tips and tricks! Landmark Sites Places to stop when you're surfing that info superhighway known as GeoCities. Landmarks are sites we consider the best of the best. [Join] [Help] [Info] [Home] [Avenues] [Neighborhoods] [Members] [Shopping Center] [Search] © 1995 - 1999 GeoCities. All rights reserved",wayback
wayback_http://www13.geocities.com:80/RodeoDrive/,"GeoCities - RodeoDrive

GeoCities - RodeoDrive $5.00 off music at CDnow! Instant Credit Apply Now! Up to 40% off related books from Amazon.com Visit Surplus Auction Other Neighborhoods Great GeoShops Get a Virtual Office Explore The Suburbs: Choose a suburb RodeoDrive Boutique Mall Outlet Yahoo: Companies Search: GeoCities RodeoDrive Password: Free Stuff Home Help Info • Home & Living • Women Join This Neighborhood today! It's Free. Hood Happenings Business Chat | Business Forum Shopping addicts: Do you enjoy shopping? How about helping others? If you answered yes to both questions, then you should consider becoming a RodeoDrive Community Leader! Surf the Net with Networds - Create Free Networds for every GeoCities and Internet location you visit. They will be available instantly to everyone on the Net. Use Networds and share them with others. What's happening in the hood: Find out what is happening in RodeoDrive at the Community Center . Getting Involved Community Leaders If you need GeoCities help or want to get more involved in your neighborhood, these are the people to ask. Blueprint We've created a zine to help you build better home pages. Check in every month for lots of tips and tricks! Landmark Sites Places to stop when you're surfing that info superhighway known as GeoCities. Landmarks are sites we consider the best of the best. [Join] [Help] [Info] [Home] [Avenues] [Neighborhoods] [Members] [Shopping Center] [Search] © 1995 - 1999 GeoCities. All rights reserved",wayback
wayback_http://www9.geocities.com:80/RodeoDrive/,"GeoCities - RodeoDrive

GeoCities - RodeoDrive Instant Credit Apply Now! Up to 40% off related books from Amazon.com Visit Surplus Auction $5.00 off music at CDnow! Other Neighborhoods Great GeoShops Get a Virtual Office Explore The Suburbs: Choose a suburb RodeoDrive Boutique Mall Outlet Yahoo: Companies Search: GeoCities RodeoDrive Password: Free Stuff Home Help Info • Home & Living • Women Join This Neighborhood today! It's Free. Hood Happenings Business Chat | Business Forum Shopping addicts: Do you enjoy shopping? How about helping others? If you answered yes to both questions, then you should consider becoming a RodeoDrive Community Leader! Surf the Net with Networds - Create Free Networds for every GeoCities and Internet location you visit. They will be available instantly to everyone on the Net. Use Networds and share them with others. What's happening in the hood: Find out what is happening in RodeoDrive at the Community Center . Getting Involved Community Leaders If you need GeoCities help or want to get more involved in your neighborhood, these are the people to ask. Blueprint We've created a zine to help you build better home pages. Check in every month for lots of tips and tricks! Landmark Sites Places to stop when you're surfing that info superhighway known as GeoCities. Landmarks are sites we consider the best of the best. [Join] [Help] [Info] [Home] [Avenues] [Neighborhoods] [Members] [Shopping Center] [Search] © 1995 - 1999 GeoCities. All rights reserved",wayback
wayback_http://www.geocities.com:80/RodeoDrive/1000/,"No Diet Resource Page

No Diet Resource Page No Diet Resource Page We challenge the myth that dieting works for long term weight loss. Forget Fen-phen, special foods, and other gimmicks that reduce your bank account instead of providing you with the skills for safe, long-term weight loss. These sites explore important resources that can help you create the balance necessary to accept yourself as you are now, while working toward your improvement goals. This site is brought to you as a public service by Starting Point Learning Systems . Send me e-mail and register now for your free online monthly No-Diet Newsletter Mind Self Nurturance Links Bring the Noise Creative site exploring the impact of media images on our self esteem and body image. Cast your vote: Are images of women on TV, in Magazines and in Movies damaging to your self-esteem and health? WOWWOMEN Excellent resources for women Radiance: the Magazine for Large Women (quarterly) Radiance: The Magazine for Large Women, is an empowering, 56-page, glossy, colorful magazine for women all sizes of large. Read it online and get your copy at the newstand. Body Self Nurturance Links Apres-bain Beautiful Renoir Painting of a nude woman comfortable with her body. Bring the Noise Creative site exploring the impact of media images on our self esteem and body image. Cast your vote: Are images of women on TV, in Magazines and in Movies damaging to your self-esteem and health? Making It Big ""Natural Fiber Clothing for Large and Supersize Women 32-72+"" Hand made tie dye T-shirts 100% cotton made by John Holland and Ginni Rice. They've been making these shirts and selling them at Craft Shows since 1989. They are now worn all over the world. Sizes for the whole family including XXL & XXXL Danskin Plus. Everything from utilitarian undies to sexy lingerie in a regular and plus sizes. Lady Grace Intimate Apparel All styles of bras (including maternity and athletic styles), bustiers, panties from size small to plus. Check out the lingerie IQ test, good for a chuckle. Wintersilks Wintersilks sells silk underwear to keep cool and warm. Unisex sizes to 2X. Peggy Lutz Design Supersize (48-76/5x-10x) clothing knit basics and business attire direct from the manufacturer. The clothes are interesting, dramatic, and upscale. Spirit Self Nurturance Links Motherheart Huge listing of well organized links to many different spirit oriented sites N.M.H.A. Self esteem page sponsored by the National Mental Health Association. Full of information and helpful ideas. Connectivity Links Motherheart Diverse, well organized listing of Web communities Geocities Build your own website for free in one of Geo Cities many neighborhoods. Motherheart Thirty-three different search engines, indexes and directories all accessed from one page. Newspapers Read newspapers from around the country, all from one page. Last update: May 5, 1997 E-mail: hearts@worldramp.net (407) 677-4880 (800) 211-7470 Starting Point P.O. Box 3126 Winter Park, FL 32790 Get your own Free H",wayback
wayback_http://www.geocities.com:80/RodeoDrive/1002/,"_Anger_ Home Page

_Anger_ Home Page Managing Anger Everyone experiences negative emotions such as anger, hurt, and feelings of betrayal, but most people have a difficult time expressing negative feelings--pariticularly anger--to others. Learning to manage this emotion can be rewarding. In some cases anger is a primary response to a negative situation; in others it may mask other feelings that you find even more difficult to tolerate, such as shame. In the latter case, learning to express anger constructively will help you uncover other important emotions as well. Freeing anger will allow you to feel more energized. You may have trouble showing anger in appropriate ways because our society does not encourage such expressions. Suppressing anger is ultimately destructive to your well-being--it can even make you physically sick. Due to the connection between mind and body, disease and anger go hand in hand. Truly happy people have far fewer diseases than unhappy people. Therefore, you need to think about the ways that your anger affects you physically. One way or another, you must learn to validate your anger and express it properly. Think of something that angers you. Write it down. Does this anger motivate you to change the situation in a constructive way? If you are suppressing your anger, think of an appropriate way to express it instead. What first step can you take? Use the following questions as guidelines to help you work through your thoughts. Why do you get angry? You may experience anger for a variety of reasons. Some examples include: Feeling Powerless. Do you feel angry when you cannot control your circumstances? Failure To Communicate. When someone does not communicate with you, or vice versa, that indifference will create anger. Think of a person in your life with whom you have trouble communicating. How does that obstacle anger you? Getting Defensive. People in powerful positions who must protect their image may become defensive and angry if challenged. Think about a situation that made you angry. Was your ego involved, or were you expressing your true beliefs and facing someone else's ego? In what way did either of you become defensive? Try to make an honest assessment of the situation. Feeling Betrayed. No one likes to be betrayed, especially by someone they trust. You feel hurt and angry by the experience and lose all faith in that person. It's important at such times to express your anger to the person. Don't hide your feelings--be honest. Feeling Hurt. Recall a time when someone hurt you. Did you turn the anger in on yourself, or did you express your feeling? Were you able to separate yourself from the person attacking you and not absorb it? How have you become wiser from the experience? How does your anger manifest itself? Rage and aggression; repression, suppression, and sublimation; disease; passive-aggressive behavior? Have you found healthy ways to espress hurt and anger? From this point on, resolve to deal with your anger in healthy ways tha",wayback
wayback_http://geocities.com/RodeoDrive/1002/,"_Anger_ Home Page

_Anger_ Home Page Managing Anger Everyone experiences negative emotions such as anger, hurt, and feelings of betrayal, but most people have a difficult time expressing negative feelings--pariticularly anger--to others. Learning to manage this emotion can be rewarding. In some cases anger is a primary response to a negative situation; in others it may mask other feelings that you find even more difficult to tolerate, such as shame. In the latter case, learning to express anger constructively will help you uncover other important emotions as well. Freeing anger will allow you to feel more energized. You may have trouble showing anger in appropriate ways because our society does not encourage such expressions. Suppressing anger is ultimately destructive to your well-being--it can even make you physically sick. Due to the connection between mind and body, disease and anger go hand in hand. Truly happy people have far fewer diseases than unhappy people. Therefore, you need to think about the ways that your anger affects you physically. One way or another, you must learn to validate your anger and express it properly. Think of something that angers you. Write it down. Does this anger motivate you to change the situation in a constructive way? If you are suppressing your anger, think of an appropriate way to express it instead. What first step can you take? Use the following questions as guidelines to help you work through your thoughts. Why do you get angry? You may experience anger for a variety of reasons. Some examples include: Feeling Powerless. Do you feel angry when you cannot control your circumstances? Failure To Communicate. When someone does not communicate with you, or vice versa, that indifference will create anger. Think of a person in your life with whom you have trouble communicating. How does that obstacle anger you? Getting Defensive. People in powerful positions who must protect their image may become defensive and angry if challenged. Think about a situation that made you angry. Was your ego involved, or were you expressing your true beliefs and facing someone else's ego? In what way did either of you become defensive? Try to make an honest assessment of the situation. Feeling Betrayed. No one likes to be betrayed, especially by someone they trust. You feel hurt and angry by the experience and lose all faith in that person. It's important at such times to express your anger to the person. Don't hide your feelings--be honest. Feeling Hurt. Recall a time when someone hurt you. Did you turn the anger in on yourself, or did you express your feeling? Were you able to separate yourself from the person attacking you and not absorb it? How have you become wiser from the experience? How does your anger manifest itself? Rage and aggression; repression, suppression, and sublimation; disease; passive-aggressive behavior? Have you found healthy ways to espress hurt and anger? From this point on, resolve to deal with your anger in healthy ways tha",wayback
wayback_http://www.geocities.com:80/RodeoDrive/1002/index2.html,"AntiAging

AntiAging Skin sagging and wrinkling can be a sign of too much time spent on the beach or just a visible reminder of the relentless aging process. Cutaneous aging is a complex process affecting various layers of skin. Cutaneous aging includes the effects of gravity, expression lines, sleep lines, hormoral changes and genetic programming, and wind, smoke and chemical exposures. Innate or intrinsic aging, which affects skin by slow, irreversible degeneration of tissue. The consequences of innate aging can be observed over the entire surface of the body, including skin protected from the sun. As people age, innate or intrinsic aging changes their skin in ways that cause it to develop wrinkles. Few scientists had attributed skin aging to a single cause. But, recent research has revealed that a process long known to discolor and toughen food in storage also contributes to age-related changes in the skin. That process is primarily the chemical attachment of the sugar glucose to skin collagen without the aid of enzymes. When enzymes attach glucose to collagen, they do so for a specific purpose and at specific places. In contrast, the nonenzymatic process adds glucose haphazardly to any of several amino group sites along any available collagen molecule, as illustrated at the right (grey diamonds are glucose and black triangles are amino acids). The attachment of glucose to skin collagen triggers a series of spontaneous chemical reactions that culminate in the formation and eventual accumulation of irreversible cross-links between adjacent collagen molecules. The extensive cross-linking of collagen causes the loss of skin elasticity characteristic of aging. Therefore, ""nonenzymatic glycosylation"" of skin collagen is important, since it is the process that ages skin. The steps by which glucose alters skin collagen have been understood by food chemists for decades and only recently have biologists recognized that the same steps take place in the skin. The nonenzymatic glycosylation steps between glucose and collagen may seem complicated, but they are fairly straight forward compared with many biochemical reactions: A series of chemical reactions begin when an aldehyde group (CHO) of glucose and an amino group (NH 2 ) of a collagen molecule are attracted to each other. The glucose and amino group combine forming what is called a Schiff base. This combination is unstable and quickly rearranges itself into a stabler, but still reversible, substance known as an Amadori product. Long-lived collagen molecules persist in the body for years, allowing some of the Amadori products to slowly dehydrate and rearrange themselves yet again into new structures, called advanced glycosylation end-products (AGEs). AGEs are yellowish in color, and contribute to the yellowing of skin and age spots. AGEs are highly reactive, and in a final series of reactions, cross-link an adjacent collagen molecule. These AGE/collagen cross-links are irreversible and are seen as wrinkles on th",wayback
wayback_http://www.geocities.com:80/RodeoDrive/1003/,BaseBall Cheerleading Golf Soccer BasketBall SoftBall Track English\Lit. PE FHA Stuco,wayback
wayback_http://www.geocities.com:80/RodeoDrive/1004/,"Just Our Shoes  - online boutique

Just Our Shoes - online boutique We have moved!!! Please visit our new ONLINE BOUTIQUE at www.justourshoes.com Thank you for shopping at Just Our Shoes!",wayback
wayback_http://geocities.com:80/RodeoDrive/1004/index.html,"Just Our Shoes

Just Our Shoes Just Our Shoes Webpage Just Our Shoes Please visit out new site Just Our Shoes",wayback
wayback_http://www.geocities.com:80/RodeoDrive/1004/index.html,"Just Our Shoes  - online boutique

Just Our Shoes - online boutique We have moved!!! Please visit our new ONLINE BOUTIQUE at www.justourshoes.com Thank you for shopping at Just Our Shoes!",wayback
wayback_http://www.geocities.com:80/RodeoDrive/1007/,"Michael Torpey's Home Page

Michael Torpey's Home Page Santa Cruz Style Web Works Rules. Contact Santa Cruz Style The First Amendment Protects speech but Congress, it seems, is eager to suppress speech. Fight! Once again for Dice my resume The future is not only near it's very tiny. KPIG One of the best radio stations on the net. For the home boys. Join the Blue Ribbon Online Free Speech Campaign! © 1996 mtorpey@cruzio.com This page hosted by Get your own Free Home Page",wayback
wayback_http://www.geocities.com:80/RodeoDrive/1010/,"PCR's Vat of Free Stuff

PCR's Vat of Free Stuff SITE UNDER CONSTRUCTION Welcome to the Vat It's here were you can find many a deal or freebie from people. It's divided into sections, Things I've Gotten , Things I've Heard About, Things That Suck , Free Web Stuff , Links To Other Free Stuff Pages , and for those who aren't too cheap, Kewl Deals . Well Shall we begin? Well tough we're starting anyways. (A cheap attempt of humour). Things I've Gotten A Beanie - A Kewl Beanie from the folks at BENCHIN Software Review. This is one of the nicest free things that I have recieved on the internet for free, well, not exactly free. You have to rate software to get yourself 25 review points (about 20 programs/providers/etc.. reviews) and once you have, they write your name and address on an enveloppe and stick a beanie in it. It is multicolored and has a glow in the dark propellor. It's pretty kewl. I'm most likely wearing mine as you view this. Things I've Heard About",wayback
wayback_http://www.geocities.com:80/rodeodrive/1010/,"PCR's Vat of Free Stuff

PCR's Vat of Free Stuff SITE UNDER CONSTRUCTION Welcome to the Vat It's here were you can find many a deal or freebie from people. It's divided into sections, Things I've Gotten , Things I've Heard About, Things That Suck , Free Web Stuff , Links To Other Free Stuff Pages , and for those who aren't too cheap, Kewl Deals . Well Shall we begin? Well tough we're starting anyways. (A cheap attempt of humour). Things I've Gotten A Beanie - A Kewl Beanie from the folks at BENCHIN Software Review. This is one of the nicest free things that I have recieved on the internet for free, well, not exactly free. You have to rate software to get yourself 25 review points (about 20 programs/providers/etc.. reviews) and once you have, they write your name and address on an enveloppe and stick a beanie in it. It is multicolored and has a glow in the dark propellor. It's pretty kewl. I'm most likely wearing mine as you view this. Things I've Heard About",wayback
wayback_http://geocities.com/RodeoDrive/1010/,"PCR's Vat of Free Stuff

PCR's Vat of Free Stuff SITE UNDER CONSTRUCTION Welcome to the Vat It's here were you can find many a deal or freebie from people. It's divided into sections, Things I've Gotten , Things I've Heard About, Things That Suck , Free Web Stuff , Links To Other Free Stuff Pages , and for those who aren't too cheap, Kewl Deals . Well Shall we begin? Well tough we're starting anyways. (A cheap attempt of humour). Things I've Gotten A Beanie - A Kewl Beanie from the folks at BENCHIN Software Review. This is one of the nicest free things that I have recieved on the internet for free, well, not exactly free. You have to rate software to get yourself 25 review points (about 20 programs/providers/etc.. reviews) and once you have, they write your name and address on an enveloppe and stick a beanie in it. It is multicolored and has a glow in the dark propellor. It's pretty kewl. I'm most likely wearing mine as you view this. Things I've Heard About",wayback
wayback_http://geocities.com/RodeoDrive/1010/index.html,"PCR's Vat of Free Stuff

PCR's Vat of Free Stuff SITE UNDER CONSTRUCTION Welcome to the Vat It's here were you can find many a deal or freebie from people. It's divided into sections, Things I've Gotten , Things I've Heard About, Things That Suck , Free Web Stuff , Links To Other Free Stuff Pages , and for those who aren't too cheap, Kewl Deals . Well Shall we begin? Well tough we're starting anyways. (A cheap attempt of humour). Things I've Gotten A Beanie - A Kewl Beanie from the folks at BENCHIN Software Review. This is one of the nicest free things that I have recieved on the internet for free, well, not exactly free. You have to rate software to get yourself 25 review points (about 20 programs/providers/etc.. reviews) and once you have, they write your name and address on an enveloppe and stick a beanie in it. It is multicolored and has a glow in the dark propellor. It's pretty kewl. I'm most likely wearing mine as you view this. Things I've Heard About",wayback
wayback_http://www.geocities.com:80/RodeoDrive/1014/,"meganb 's Home Page

meganb 's Home Page meganb signed up on 06/19/97 18:38:48 but has not moved in yet. This page hosted by Get your own Free Home Page",wayback
wayback_http://www.geocities.com:80/RodeoDrive/1014/megansworld.htm,"The Wonderful Land Of *meg*  !!!

The Wonderful Land Of *meg*  !!! Hi!! My name is Megan Martin, and this is my first attempt at a homepage, and I haven't exactly figured everything out yet, so you'll have to bear with me! I guess I should start off by telling you a bit about me! I'm 15 years old and I live in Ontario, Canada with my mom, dad and sister. I also have a brother, who lives in Toronto. He teaches English as a Second Language. Cool job huh?? I also have two cats, Squishington and Veggie. Or as I call them, Squeedy and Lill. (don't ask, long story). I've been hooked up to the Net since November of 1996. And I've made lots of incredable friends! So I just have to mention them!! Okay, these are my friends on the Net! BabeeBop, she's actually my sister, but she's a cool sister! We actually get along! (watch out for those tree roots!!) Boxhorse, my cool cousin! She's so so funny! We get along too! (""stick in the coals Bail!!"") Boz, what can I say? I love ya!! You're a great guy! When can I get my stapler back?? =) Toe, by far the silliest guy anywhere on the Net!! A great friend. Thanks for singing to me all those times!! ""They read you Cinderella..."" Nails, the only girl who was smart enough to tell everyone her real age!! An awesome friend! Thanks for being there for me! Lord Jim, a really great friend! I'm so glad you came back to Maui!! We missed you!! Luv U Lots!! bASEBALL gUY, You're a cool guy, and I'll miss you when you move! Stay in touch though! Maylissa, we lost track of each other for a while, but this girl is truly a good friend! Aby, loves the Beatles! Really fun to chat with, she never seems to be sad...always smiling!! Clarissa, just turned 7!! =) Hey, did you get your head checked yet?? =) Str@wbryWine, I haven't talked to you for a while, and I miss ya!=) A good friend who'll stick with ya through everything! Tee Jay, I know you're really closer to my sis, but you're an awesome guy! Stay cool! Links to other sites on the Web MAUI NET CHAT ROOMS ARISTOSOFT CHAT ROOMS IARC CHAT ROOMS MY LITTLE SISTER'S VERY OWN HOMEPAGE!! BOZ'S HOMEPAGE! Okay, my very VERY favorite place on the Net is Maui Net Chat Rooms. That's almost the only place I ever chat. Sometimes, I could be in Aristosoft Chat Rooms or Iarc Chat Rooms. But most of the time, you can find me in the Personals room in Maui chat! Come and visit me there sometime!! =) If I missed any of my friends(and I'm almost positve that I did), please please please forgive me!! E-mail me and I'll add you as soon as I can! © 1997 687937@ican.net How many people have viewed my page so far: Sign My Guestbook View My Guestbook This page hosted by Get your own Free Home Page",wayback
wayback_http://www19.geocities.com:80/Yosemite/,"GeoCities - Yosemite

GeoCities - Yosemite Build your own Valentine's CD @ CDnow Save Now! 3.9% eCard Visa Up to 40% off related books from Amazon.com Visit Surplus Auction Other Neighborhoods Great GeoShops Get a Virtual Office Explore The Suburbs: Choose a suburb Yosemite Falls Forest Geyser Gorge Meadows Rapids Trails Yahoo: Outdoors Search: GeoCities Yosemite Password: Backpacking Home Help Info • Travel • Sports & Recreation Join This Neighborhood today! It's Free. Hood Happenings Recreation Chat | Recreation Forum The Yosemite Community Pages are an excellent place to go if you're looking for help, are interested in a Yosemite Award, or just want to meet your Community Leaders. Surf the Net with Networds - Create Free Networds for every GeoCities and Internet location you visit. They will be available instantly to everyone on the Net. Use Networds and share them with others. Are you outdoorsman who loves to camp? Come see what the Horizon Zine has to offer. You'll find campfire stories, camping with kids, hints and tips, and camping safety. Getting Involved Community Leaders If you need GeoCities help or want to get more involved in your neighborhood, these are the people to ask. Blueprint We've created a zine to help you build better home pages. Check in every month for lots of tips and tricks! Landmark Sites Places to stop when you're surfing that info superhighway known as GeoCities. Landmarks are sites we consider the best of the best. [Join] [Help] [Info] [Home] [Avenues] [Neighborhoods] [Members] [Shopping Center] [Search] © 1995 - 1999 GeoCities. All rights reserved",wayback
wayback_http://www5.geocities.com:80/Yosemite/,"GeoCities - Yosemite

GeoCities - Yosemite Build your own Valentine's CD @ CDnow Save Now! 3.9% eCard Visa Up to 40% off related books from Amazon.com Visit Surplus Auction Other Neighborhoods Great GeoShops Get a Virtual Office Explore The Suburbs: Choose a suburb Yosemite Falls Forest Geyser Gorge Meadows Rapids Trails Yahoo: Outdoors Search: GeoCities Yosemite Password: Backpacking Home Help Info • Travel • Sports & Recreation Join This Neighborhood today! It's Free. Hood Happenings Recreation Chat | Recreation Forum The Yosemite Community Pages are an excellent place to go if you're looking for help, are interested in a Yosemite Award, or just want to meet your Community Leaders. Surf the Net with Networds - Create Free Networds for every GeoCities and Internet location you visit. They will be available instantly to everyone on the Net. Use Networds and share them with others. Check out the best of the best at the Yosemite Hall of Fame . See great sites ranging from scouting, to hiking, to outdoors activities of all kinds! Getting Involved Community Leaders If you need GeoCities help or want to get more involved in your neighborhood, these are the people to ask. Blueprint We've created a zine to help you build better home pages. Check in every month for lots of tips and tricks! Landmark Sites Places to stop when you're surfing that info superhighway known as GeoCities. Landmarks are sites we consider the best of the best. [Join] [Help] [Info] [Home] [Avenues] [Neighborhoods] [Members] [Shopping Center] [Search] © 1995 - 1999 GeoCities. All rights reserved",wayback
wayback_http://www20.geocities.com:80/Yosemite/,"GeoCities - Yosemite

GeoCities - Yosemite Save Now! 3.9% eCard Visa Up to 40% off related books from Amazon.com Visit Surplus Auction $5.00 off for Music Lovers@ CDnow Other Neighborhoods Great GeoShops Get a Virtual Office Explore The Suburbs: Choose a suburb Yosemite Falls Forest Geyser Gorge Meadows Rapids Trails Yahoo: Outdoors Search: GeoCities Yosemite Password: Backpacking Home Help Info • Travel • Sports & Recreation Join This Neighborhood today! It's Free. Hood Happenings Recreation Chat | Recreation Forum Yosemite is proud to announce the Grand Opening of the Yosemite Community Center ! We have everything under the Yosemite sun. From Adopt a Frog to an Interactive Poem, we've got it all! Surf the Net with Networds - Create Free Networds for every GeoCities and Internet location you visit. They will be available instantly to everyone on the Net. Use Networds and share them with others. Check out the best of the best at the Yosemite Hall of Fame . See great sites ranging from scouting, to hiking, to outdoors activities of all kinds! Getting Involved Community Leaders If you need GeoCities help or want to get more involved in your neighborhood, these are the people to ask. Blueprint We've created a zine to help you build better home pages. Check in every month for lots of tips and tricks! Landmark Sites Places to stop when you're surfing that info superhighway known as GeoCities. Landmarks are sites we consider the best of the best. [Join] [Help] [Info] [Home] [Avenues] [Neighborhoods] [Members] [Shopping Center] [Search] © 1995 - 1999 GeoCities. All rights reserved",wayback
wayback_http://www10.geocities.com:80/Yosemite/,"GeoCities - Yosemite

GeoCities - Yosemite $5.00 off for Music Lovers@ CDnow Save Now! 3.9% eCard Visa Up to 40% off related books from Amazon.com Visit Surplus Auction Other Neighborhoods Great GeoShops Get a Virtual Office Explore The Suburbs: Choose a suburb Yosemite Falls Forest Geyser Gorge Meadows Rapids Trails Yahoo: Outdoors Search: GeoCities Yosemite Password: Backpacking Home Help Info • Travel • Sports & Recreation Join This Neighborhood today! It's Free. Hood Happenings Recreation Chat | Recreation Forum Yosemite is proud to announce the Grand Opening of the Yosemite Community Center ! We have everything under the Yosemite sun. From Adopt a Frog to an Interactive Poem, we've got it all! Surf the Net with Networds - Create Free Networds for every GeoCities and Internet location you visit. They will be available instantly to everyone on the Net. Use Networds and share them with others. Are you outdoorsman who loves to camp? Come see what the Horizon Zine has to offer. You'll find campfire stories, camping with kids, hints and tips, and camping safety. Getting Involved Community Leaders If you need GeoCities help or want to get more involved in your neighborhood, these are the people to ask. Blueprint We've created a zine to help you build better home pages. Check in every month for lots of tips and tricks! Landmark Sites Places to stop when you're surfing that info superhighway known as GeoCities. Landmarks are sites we consider the best of the best. [Join] [Help] [Info] [Home] [Avenues] [Neighborhoods] [Members] [Shopping Center] [Search] © 1995 - 1999 GeoCities. All rights reserved",wayback
wayback_http://www6.geocities.com:80/Yosemite/,"GeoCities - Yosemite

GeoCities - Yosemite Visit Surplus Auction $5.00 off for Music Lovers@ CDnow Save Now! 3.9% eCard Visa Up to 40% off related books from Amazon.com Other Neighborhoods Great GeoShops Get a Virtual Office Explore The Suburbs: Choose a suburb Yosemite Falls Forest Geyser Gorge Meadows Rapids Trails Yahoo: Outdoors Search: GeoCities Yosemite Password: Backpacking Home Help Info • Travel • Sports & Recreation Join This Neighborhood today! It's Free. Hood Happenings Recreation Chat | Recreation Forum Yosemite is proud to announce the Grand Opening of the Yosemite Community Center ! We have everything under the Yosemite sun. From Adopt a Frog to an Interactive Poem, we've got it all! Surf the Net with Networds - Create Free Networds for every GeoCities and Internet location you visit. They will be available instantly to everyone on the Net. Use Networds and share them with others. Check out the best of the best at the Yosemite Hall of Fame . See great sites ranging from scouting, to hiking, to outdoors activities of all kinds! Getting Involved Community Leaders If you need GeoCities help or want to get more involved in your neighborhood, these are the people to ask. Blueprint We've created a zine to help you build better home pages. Check in every month for lots of tips and tricks! Landmark Sites Places to stop when you're surfing that info superhighway known as GeoCities. Landmarks are sites we consider the best of the best. [Join] [Help] [Info] [Home] [Avenues] [Neighborhoods] [Members] [Shopping Center] [Search] © 1995 - 1999 GeoCities. All rights reserved",wayback
wayback_http://www8.geocities.com:80/Yosemite/,"GeoCities - Yosemite

GeoCities - Yosemite Instant Credit Apply Now! Up to 40% off related books from Amazon.com Visit Surplus Auction $5.00 off for Music Lovers@ CDnow Other Neighborhoods Great GeoShops Get a Virtual Office Explore The Suburbs: Choose a suburb Yosemite Falls Forest Geyser Gorge Meadows Rapids Trails Yahoo: Outdoors Search: GeoCities Yosemite Password: Backpacking Home Help Info • Travel • Sports & Recreation Join This Neighborhood today! It's Free. Hood Happenings Recreation Chat | Recreation Forum The Yosemite Community Pages are an excellent place to go if you're looking for help, are interested in a Yosemite Award, or just want to meet your Community Leaders. Surf the Net with Networds - Create Free Networds for every GeoCities and Internet location you visit. They will be available instantly to everyone on the Net. Use Networds and share them with others. The Yosemite Scouting Jamboree has been formed to bring scouters of all ages together. ""Be prepared,"" and join in the jamboree! Getting Involved Community Leaders If you need GeoCities help or want to get more involved in your neighborhood, these are the people to ask. Blueprint We've created a zine to help you build better home pages. Check in every month for lots of tips and tricks! Landmark Sites Places to stop when you're surfing that info superhighway known as GeoCities. Landmarks are sites we consider the best of the best. [Join] [Help] [Info] [Home] [Avenues] [Neighborhoods] [Members] [Shopping Center] [Search] © 1995 - 1999 GeoCities. All rights reserved",wayback
wayback_http://www9.geocities.com:80/Yosemite/,"GeoCities - Yosemite

GeoCities - Yosemite Up to 40% off related books from Amazon.com Visit Surplus Auction $5.00 off for Music Lovers@ CDnow Instant Credit Apply Now! Other Neighborhoods Great GeoShops Get a Virtual Office Explore The Suburbs: Choose a suburb Yosemite Falls Forest Geyser Gorge Meadows Rapids Trails Yahoo: Outdoors Search: GeoCities Yosemite Password: Backpacking Home Help Info • Travel • Sports & Recreation Join This Neighborhood today! It's Free. Hood Happenings Recreation Chat | Recreation Forum The Yosemite Community Pages are an excellent place to go if you're looking for help, are interested in a Yosemite Award, or just want to meet your Community Leaders. Surf the Net with Networds - Create Free Networds for every GeoCities and Internet location you visit. They will be available instantly to everyone on the Net. Use Networds and share them with others. Check out the best of the best at the Yosemite Hall of Fame . See great sites ranging from scouting, to hiking, to outdoors activities of all kinds! Getting Involved Community Leaders If you need GeoCities help or want to get more involved in your neighborhood, these are the people to ask. Blueprint We've created a zine to help you build better home pages. Check in every month for lots of tips and tricks! Landmark Sites Places to stop when you're surfing that info superhighway known as GeoCities. Landmarks are sites we consider the best of the best. [Join] [Help] [Info] [Home] [Avenues] [Neighborhoods] [Members] [Shopping Center] [Search] © 1995 - 1999 GeoCities. All rights reserved",wayback
wayback_http://www1.geocities.com:80/Yosemite/,"GeoCities - Yosemite

GeoCities - Yosemite $5.00 off for Music Lovers@ CDnow Instant Credit Apply Now! Up to 40% off related books from Amazon.com Visit Surplus Auction Other Neighborhoods Great GeoShops Get a Virtual Office Explore The Suburbs: Choose a suburb Yosemite Falls Forest Geyser Gorge Meadows Rapids Trails Yahoo: Outdoors Search: GeoCities Yosemite Password: Backpacking Home Help Info • Travel • Sports & Recreation Join This Neighborhood today! It's Free. Hood Happenings Recreation Chat | Recreation Forum The Yosemite Community Pages are an excellent place to go if you're looking for help, are interested in a Yosemite Award, or just want to meet your Community Leaders. Surf the Net with Networds - Create Free Networds for every GeoCities and Internet location you visit. They will be available instantly to everyone on the Net. Use Networds and share them with others. Are you outdoorsman who loves to camp? Come see what the Horizon Zine has to offer. You'll find campfire stories, camping with kids, hints and tips, and camping safety. Getting Involved Community Leaders If you need GeoCities help or want to get more involved in your neighborhood, these are the people to ask. Blueprint We've created a zine to help you build better home pages. Check in every month for lots of tips and tricks! Landmark Sites Places to stop when you're surfing that info superhighway known as GeoCities. Landmarks are sites we consider the best of the best. [Join] [Help] [Info] [Home] [Avenues] [Neighborhoods] [Members] [Shopping Center] [Search] © 1995 - 1999 GeoCities. All rights reserved",wayback
wayback_http://www17.geocities.com:80/Yosemite/,"GeoCities - Yosemite

GeoCities - Yosemite Visit Surplus Auction $5.00 off for Music Lovers@ CDnow Instant Credit Apply Now! Up to 40% off related books from Amazon.com Other Neighborhoods Great GeoShops Get a Virtual Office Explore The Suburbs: Choose a suburb Yosemite Falls Forest Geyser Gorge Meadows Rapids Trails Yahoo: Outdoors Search: GeoCities Yosemite Password: Backpacking Home Help Info • Travel • Sports & Recreation Join This Neighborhood today! It's Free. Hood Happenings Recreation Chat | Recreation Forum Yosemite is proud to announce the Grand Opening of the Yosemite Community Center ! We have everything under the Yosemite sun. From Adopt a Frog to an Interactive Poem, we've got it all! Surf the Net with Networds - Create Free Networds for every GeoCities and Internet location you visit. They will be available instantly to everyone on the Net. Use Networds and share them with others. The Yosemite Scouting Jamboree has been formed to bring scouters of all ages together. ""Be prepared,"" and join in the jamboree! Getting Involved Community Leaders If you need GeoCities help or want to get more involved in your neighborhood, these are the people to ask. Blueprint We've created a zine to help you build better home pages. Check in every month for lots of tips and tricks! Landmark Sites Places to stop when you're surfing that info superhighway known as GeoCities. Landmarks are sites we consider the best of the best. [Join] [Help] [Info] [Home] [Avenues] [Neighborhoods] [Members] [Shopping Center] [Search] © 1995 - 1999 GeoCities. All rights reserved",wayback
wayback_http://www.geocities.com:80/Yosemite/,"GeoCities - Yosemite

GeoCities - Yosemite $5.00 off for Music Lovers@ CDnow Instant Credit Apply Now! Up to 40% off related books from Amazon.com Visit Surplus Auction Other Neighborhoods Great GeoShops Get a Virtual Office Explore The Suburbs: Choose a suburb Yosemite Falls Forest Geyser Gorge Meadows Rapids Trails Yahoo: Outdoors Search: GeoCities Yosemite Password: Backpacking Home Help Info • Travel • Sports & Recreation Join This Neighborhood today! It's Free. Hood Happenings Recreation Chat | Recreation Forum The Yosemite Community Pages are an excellent place to go if you're looking for help, are interested in a Yosemite Award, or just want to meet your Community Leaders. Surf the Net with Networds - Create Free Networds for every GeoCities and Internet location you visit. They will be available instantly to everyone on the Net. Use Networds and share them with others. Are you outdoorsman who loves to camp? Come see what the Horizon Zine has to offer. You'll find campfire stories, camping with kids, hints and tips, and camping safety. Getting Involved Community Leaders If you need GeoCities help or want to get more involved in your neighborhood, these are the people to ask. Blueprint We've created a zine to help you build better home pages. Check in every month for lots of tips and tricks! Landmark Sites Places to stop when you're surfing that info superhighway known as GeoCities. Landmarks are sites we consider the best of the best. [Join] [Help] [Info] [Home] [Avenues] [Neighborhoods] [Members] [Shopping Center] [Search] © 1995 - 1999 GeoCities. All rights reserved",wayback
wayback_http://geocities.com:80/Yosemite/,"GeoCities - Yosemite

GeoCities - Yosemite Instant Credit Apply Now! Up to 40% off related books from Amazon.com Visit Surplus Auction $5.00 off music at CDnow! Other Neighborhoods Great GeoShops Get a Virtual Office Explore The Suburbs: Choose a suburb Yosemite Falls Forest Geyser Gorge Meadows Rapids Trails Yahoo: Outdoors Search: GeoCities Yosemite Password: Backpacking Home Help Info • Travel • Sports & Recreation Join This Neighborhood today! It's Free. Hood Happenings Recreation Chat | Recreation Forum The Yosemite Community Pages are an excellent place to go if you're looking for help, are interested in a Yosemite Award, or just want to meet your Community Leaders. Surf the Net with Networds - Create Free Networds for every GeoCities and Internet location you visit. They will be available instantly to everyone on the Net. Use Networds and share them with others. Are you outdoorsman who loves to camp? Come see what the Horizon Zine has to offer. You'll find campfire stories, camping with kids, hints and tips, and camping safety. Getting Involved Community Leaders If you need GeoCities help or want to get more involved in your neighborhood, these are the people to ask. Blueprint We've created a zine to help you build better home pages. Check in every month for lots of tips and tricks! Landmark Sites Places to stop when you're surfing that info superhighway known as GeoCities. Landmarks are sites we consider the best of the best. [Join] [Help] [Info] [Home] [Avenues] [Neighborhoods] [Members] [Shopping Center] [Search] © 1995 - 1999 GeoCities. All rights reserved",wayback
wayback_http://www3.geocities.com:80/Yosemite/,"GeoCities - Yosemite

GeoCities - Yosemite Instant Credit Apply Now! Up to 40% off related books from Amazon.com Visit Surplus Auction $5.00 off music at CDnow! Other Neighborhoods Great GeoShops Get a Virtual Office Explore The Suburbs: Choose a suburb Yosemite Falls Forest Geyser Gorge Meadows Rapids Trails Yahoo: Outdoors Search: GeoCities Yosemite Password: Backpacking Home Help Info • Travel • Sports & Recreation Join This Neighborhood today! It's Free. Hood Happenings Recreation Chat | Recreation Forum Yosemite is proud to announce the Grand Opening of the Yosemite Community Center ! We have everything under the Yosemite sun. From Adopt a Frog to an Interactive Poem, we've got it all! Surf the Net with Networds - Create Free Networds for every GeoCities and Internet location you visit. They will be available instantly to everyone on the Net. Use Networds and share them with others. Are you outdoorsman who loves to camp? Come see what the Horizon Zine has to offer. You'll find campfire stories, camping with kids, hints and tips, and camping safety. Getting Involved Community Leaders If you need GeoCities help or want to get more involved in your neighborhood, these are the people to ask. Blueprint We've created a zine to help you build better home pages. Check in every month for lots of tips and tricks! Landmark Sites Places to stop when you're surfing that info superhighway known as GeoCities. Landmarks are sites we consider the best of the best. [Join] [Help] [Info] [Home] [Avenues] [Neighborhoods] [Members] [Shopping Center] [Search] © 1995 - 1999 GeoCities. All rights reserved",wayback
wayback_http://www14.geocities.com:80/Yosemite/,"GeoCities - Yosemite

GeoCities - Yosemite $5.00 off music at CDnow! Instant Credit Apply Now! Up to 40% off related books from Amazon.com Visit Surplus Auction Other Neighborhoods Great GeoShops Get a Virtual Office Explore The Suburbs: Choose a suburb Yosemite Falls Forest Geyser Gorge Meadows Rapids Trails Yahoo: Outdoors Search: GeoCities Yosemite Password: Backpacking Home Help Info • Travel • Sports & Recreation Join This Neighborhood today! It's Free. Hood Happenings Recreation Chat | Recreation Forum The Yosemite Community Pages are an excellent place to go if you're looking for help, are interested in a Yosemite Award, or just want to meet your Community Leaders. Surf the Net with Networds - Create Free Networds for every GeoCities and Internet location you visit. They will be available instantly to everyone on the Net. Use Networds and share them with others. Check out the best of the best at the Yosemite Hall of Fame . See great sites ranging from scouting, to hiking, to outdoors activities of all kinds! Getting Involved Community Leaders If you need GeoCities help or want to get more involved in your neighborhood, these are the people to ask. Blueprint We've created a zine to help you build better home pages. Check in every month for lots of tips and tricks! Landmark Sites Places to stop when you're surfing that info superhighway known as GeoCities. Landmarks are sites we consider the best of the best. [Join] [Help] [Info] [Home] [Avenues] [Neighborhoods] [Members] [Shopping Center] [Search] © 1995 - 1999 GeoCities. All rights reserved",wayback
wayback_http://www13.geocities.com:80/Yosemite/,"GeoCities - Yosemite

GeoCities - Yosemite Instant Credit Apply Now! Up to 40% off related books from Amazon.com Visit Surplus Auction $5.00 off music at CDnow! Other Neighborhoods Great GeoShops Get a Virtual Office Explore The Suburbs: Choose a suburb Yosemite Falls Forest Geyser Gorge Meadows Rapids Trails Yahoo: Outdoors Search: GeoCities Yosemite Password: Backpacking Home Help Info • Travel • Sports & Recreation Join This Neighborhood today! It's Free. Hood Happenings Recreation Chat | Recreation Forum The Yosemite Community Pages are an excellent place to go if you're looking for help, are interested in a Yosemite Award, or just want to meet your Community Leaders. Surf the Net with Networds - Create Free Networds for every GeoCities and Internet location you visit. They will be available instantly to everyone on the Net. Use Networds and share them with others. Are you outdoorsman who loves to camp? Come see what the Horizon Zine has to offer. You'll find campfire stories, camping with kids, hints and tips, and camping safety. Getting Involved Community Leaders If you need GeoCities help or want to get more involved in your neighborhood, these are the people to ask. Blueprint We've created a zine to help you build better home pages. Check in every month for lots of tips and tricks! Landmark Sites Places to stop when you're surfing that info superhighway known as GeoCities. Landmarks are sites we consider the best of the best. [Join] [Help] [Info] [Home] [Avenues] [Neighborhoods] [Members] [Shopping Center] [Search] © 1995 - 1999 GeoCities. All rights reserved",wayback
wayback_http://www16.geocities.com:80/Yosemite/,"GeoCities - Yosemite

GeoCities - Yosemite Visit Surplus Auction $5.00 off music at CDnow! Instant Credit Apply Now! Up to 40% off related books from Amazon.com Other Neighborhoods Great GeoShops Get a Virtual Office Explore The Suburbs: Choose a suburb Yosemite Falls Forest Geyser Gorge Meadows Rapids Trails Yahoo: Outdoors Search: GeoCities Yosemite Password: Backpacking Home Help Info • Travel • Sports & Recreation Join This Neighborhood today! It's Free. Hood Happenings Recreation Chat | Recreation Forum Yosemite is proud to announce the Grand Opening of the Yosemite Community Center ! We have everything under the Yosemite sun. From Adopt a Frog to an Interactive Poem, we've got it all! Surf the Net with Networds - Create Free Networds for every GeoCities and Internet location you visit. They will be available instantly to everyone on the Net. Use Networds and share them with others. Are you outdoorsman who loves to camp? Come see what the Horizon Zine has to offer. You'll find campfire stories, camping with kids, hints and tips, and camping safety. Getting Involved Community Leaders If you need GeoCities help or want to get more involved in your neighborhood, these are the people to ask. Blueprint We've created a zine to help you build better home pages. Check in every month for lots of tips and tricks! Landmark Sites Places to stop when you're surfing that info superhighway known as GeoCities. Landmarks are sites we consider the best of the best. [Join] [Help] [Info] [Home] [Avenues] [Neighborhoods] [Members] [Shopping Center] [Search] © 1995 - 1999 GeoCities. All rights reserved",wayback
wayback_http://www12.geocities.com:80/Yosemite/,"GeoCities - Yosemite

GeoCities - Yosemite Up to 40% off related books from Amazon.com Visit Surplus Auction $5.00 off music at CDnow! Instant Credit Apply Now! Other Neighborhoods Great GeoShops Get a Virtual Office Explore The Suburbs: Choose a suburb Yosemite Falls Forest Geyser Gorge Meadows Rapids Trails Yahoo: Outdoors Search: GeoCities Yosemite Password: Backpacking Home Help Info • Travel • Sports & Recreation Join This Neighborhood today! It's Free. Hood Happenings Recreation Chat | Recreation Forum Yosemite is proud to announce the Grand Opening of the Yosemite Community Center ! We have everything under the Yosemite sun. From Adopt a Frog to an Interactive Poem, we've got it all! Surf the Net with Networds - Create Free Networds for every GeoCities and Internet location you visit. They will be available instantly to everyone on the Net. Use Networds and share them with others. Are you outdoorsman who loves to camp? Come see what the Horizon Zine has to offer. You'll find campfire stories, camping with kids, hints and tips, and camping safety. Getting Involved Community Leaders If you need GeoCities help or want to get more involved in your neighborhood, these are the people to ask. Blueprint We've created a zine to help you build better home pages. Check in every month for lots of tips and tricks! Landmark Sites Places to stop when you're surfing that info superhighway known as GeoCities. Landmarks are sites we consider the best of the best. [Join] [Help] [Info] [Home] [Avenues] [Neighborhoods] [Members] [Shopping Center] [Search] © 1995 - 1999 GeoCities. All rights reserved",wayback
wayback_http://www4.geocities.com:80/Yosemite/,"GeoCities - Yosemite

GeoCities - Yosemite $5.00 off music at CDnow! Instant Credit Apply Now! Up to 40% off related books from Amazon.com Visit Surplus Auction Other Neighborhoods Great GeoShops Get a Virtual Office Explore The Suburbs: Choose a suburb Yosemite Falls Forest Geyser Gorge Meadows Rapids Trails Yahoo: Outdoors Search: GeoCities Yosemite Password: Backpacking Home Help Info • Travel • Sports & Recreation Join This Neighborhood today! It's Free. Hood Happenings Recreation Chat | Recreation Forum Yosemite is proud to announce the Grand Opening of the Yosemite Community Center ! We have everything under the Yosemite sun. From Adopt a Frog to an Interactive Poem, we've got it all! Surf the Net with Networds - Create Free Networds for every GeoCities and Internet location you visit. They will be available instantly to everyone on the Net. Use Networds and share them with others. The Yosemite Scouting Jamboree has been formed to bring scouters of all ages together. ""Be prepared,"" and join in the jamboree! Getting Involved Community Leaders If you need GeoCities help or want to get more involved in your neighborhood, these are the people to ask. Blueprint We've created a zine to help you build better home pages. Check in every month for lots of tips and tricks! Landmark Sites Places to stop when you're surfing that info superhighway known as GeoCities. Landmarks are sites we consider the best of the best. [Join] [Help] [Info] [Home] [Avenues] [Neighborhoods] [Members] [Shopping Center] [Search] © 1995 - 1999 GeoCities. All rights reserved",wayback
wayback_http://www21.geocities.com:80/Yosemite/,"GeoCities - Yosemite

GeoCities - Yosemite $5.00 off music at CDnow! Instant Credit Apply Now! Up to 40% off related books from Amazon.com Visit Surplus Auction Other Neighborhoods Great GeoShops Get a Virtual Office Explore The Suburbs: Choose a suburb Yosemite Falls Forest Geyser Gorge Meadows Rapids Trails Yahoo: Outdoors Search: GeoCities Yosemite Password: Backpacking Home Help Info • Travel • Sports & Recreation Join This Neighborhood today! It's Free. Hood Happenings Recreation Chat | Recreation Forum The Yosemite Community Pages are an excellent place to go if you're looking for help, are interested in a Yosemite Award, or just want to meet your Community Leaders. Surf the Net with Networds - Create Free Networds for every GeoCities and Internet location you visit. They will be available instantly to everyone on the Net. Use Networds and share them with others. The Yosemite Scouting Jamboree has been formed to bring scouters of all ages together. ""Be prepared,"" and join in the jamboree! Getting Involved Community Leaders If you need GeoCities help or want to get more involved in your neighborhood, these are the people to ask. Blueprint We've created a zine to help you build better home pages. Check in every month for lots of tips and tricks! Landmark Sites Places to stop when you're surfing that info superhighway known as GeoCities. Landmarks are sites we consider the best of the best. [Join] [Help] [Info] [Home] [Avenues] [Neighborhoods] [Members] [Shopping Center] [Search] © 1995 - 1999 GeoCities. All rights reserved",wayback
wayback_http://www.geocities.com:80/Yosemite/1000/test1.htm,"kandy

kandy Hallo Biker! A g'miatliches Biken wa aongsogt! An alle, die ein Motorrad besitzen (in Unkenntnis der Grips'schen Ausrüstung mit diesem Werkzeug habe ich diese 'Mehl' an ""alle"" geschickt) und Lust haben, mit mir vom 3. bis 6.Juni 1999 (Do = Fronleichnam bis Sonntag) eine gemütliche Motorradtour zu unternehmen, sollen sich bitte bei mir zwecks Abklärung der weiteren Vorgangsweise melden. Route: GRAZ (0800) ==> Soboth (0900) ==> Tarvisio ==> Passo di Predil ==> Isonzotal ==> Nova Goriza ==> Triest (irgendwo zwischen T. und Pula übernachten) ==> Istrienrundfahrt ==> Brestova ==> Cres ==> Mali Losinij (2. Übernachtung) ==> Schwimmen, Faulenzen, Essen etc. (3. Übernachtung) ==> Abbazia ==> Postojna Paß ==> ??? ==> Graz. Änderungen vorbehalten (nur als Beispiel :schwimmen, faulenzen etc. könnte man ja jeden Tag machen) Da die Straßen über den Predilsattel, in Istrien und auf den Inseln nicht besonders gut sind, sind die Enduro-reiter (natürlich) im Vorteil; ist aber kein Ausschlußkriterium, da die Partie so und so unter dem Motto ""Langsamer ist schneller"" steht. Überlegt's es euch hms",wayback
wayback_http://geocities.com:80/Yosemite/1001/,"Mark Berry's Home Page

Mark Berry's Home Page Mark Berry's Home Page Info What are you doing indoors, sitting at your computer? Dont you just wish you were out in the great outdoors now? Whilst you're out, dont forget to carry a camera to capture some fine images of your travels. And what finer image could there be than a glorious windmill , whether you are hiking in the English countryside, the Texas ranchlands, or the Australian outback? Hiking's fine, but for a bit of light relief, maybe you dream of flying above it all, just like Chitty Chitty Bang Bang? Mostly for interest, and also because it's there, my counter shows visitors to these pages. [ Home ] [ Windmills ] [ Photography ] [ Chitty Chitty Bang Bang ] [ Feedback ] Last updated 6th January 2000 Text and images © Mark Berry, 1997-2000 - meb@datcon.co.uk",wayback
wayback_http://www.geocities.com:80/yosemite/1001/,"Mark Berry's Home Page

Mark Berry's Home Page Mark Berry's Home Page Info What are you doing indoors, sitting at your computer? Dont you just wish you were out in the great outdoors now? Whilst you're out, dont forget to carry a camera to capture some fine images of your travels. And what finer image could there be than a glorious windmill , whether you are hiking in the English countryside, the Texas ranchlands, or the Australian outback? Hiking's fine, but for a bit of light relief, maybe you dream of flying above it all, just like Chitty Chitty Bang Bang? Mostly for interest, and also because it's there, my counter shows visitors to these pages. [ Home ] [ Windmills ] [ Photography ] [ Chitty Chitty Bang Bang ] [ Feedback ] Last updated 6th January 2000 Text and images © Mark Berry, 1997-2000 - meb@datcon.co.uk",wayback
wayback_http://www.geocities.com:80/Yosemite/1001/,"Mark Berry's Home Page

Mark Berry's Home Page Mark Berry's Home Page Info What are you doing indoors, sitting at your computer? Dont you just wish you were out in the great outdoors now? Whilst you're out, dont forget to carry a camera to capture some fine images of your travels. And what finer image could there be than a glorious windmill , whether you are hiking in the English countryside, the Texas ranchlands, or the Australian outback? Hiking's fine, but for a bit of light relief, maybe you dream of flying above it all, just like Chitty Chitty Bang Bang? Mostly for interest, and also because it's there, my counter shows visitors to these pages. [ Home ] [ Windmills ] [ Photography ] [ Chitty Chitty Bang Bang ] [ Feedback ] Last updated 6th January 2000 Text and images © Mark Berry, 1997-2000 - meb@datcon.co.uk",wayback
wayback_http://geocities.com/Yosemite/1001/,"Mark Berry's Home Page

Mark Berry's Home Page Mark Berry's Home Page What are you doing indoors, sitting at your computer? Dont you just wish you were out in the great outdoors now? Whilst you're out, dont forget to carry a camera to capture some fine images of your travels. And what finer image could there be than a glorious windmill , whether you are hiking in the English countryside, the Texas ranchlands, or the Australian outback? Hiking's fine, but for a bit of light relief, maybe you dream of flying above it all, just like Chitty Chitty Bang Bang? Mostly for interest, and also because it's there, my counter shows visitors to these pages. [ Home ] [ Windmills ] [ Photography ] [ Chitty Chitty Bang Bang ] Last updated 6th January 2000 Text and images © Mark Berry, 1997-2000 -",wayback
wayback_http://www.geocities.com:80/Yosemite/1001/backlink.htm,"Links back to pages which link to this site

Links back to pages which link to this site Pages which link to this site Windmill Pages Wind energy hotlist - The Franklin Institute Science Museum, Philadelphia, Pennsylvania. Wind and Watermills of the UK Windsurfing - links page from a site entitled ""Who can catch the wind?"" Finchingfield , Essex. Soleil Sustainable Energy links. Wind Turbine Research Group , Cranfield University. Molenvaria links page. Yahoo windmill category. La Biblioteca del Tio Kinke links several times from this extensive site. Rocky Mountain Survival Group page of wind energy links. TIMS page of UK mill links. Roy Henderson's pages. Surfing the Net with kids - Wind Power which actually awarded the pages an award, reporting it as a Five Star Site. (Also available in variant form at Family Education Network ) Oakton Community College site on English Windmills. Selected Topics in American History Pond Lily Mill Restorations societies and links page. Windmill International - Who we are (NOT) page. Musicians United for Songs In the Classroom link from the song Don Quixote. Buckland windmill site, by Duncan Ferns InTech 200 Forum - a Florida educators directory. Entityart Homepage Helge's Random GeoTour Archive which qualifies me for the following award The Blackstump , also at mirror Fabulous Fourth Homework help - weather. Novetats educatives a la Xarxa - Spanish? LinksFun de Philisteinsche Molen links page. Stephen's Home School Link Page Lutz's Links Page / Miscellaneous Farm Show magazine Windmill Bill's links page. History of the Netherlands Wicken Corn mill Newhoo (now part of Netscape) windmill category KidsClick - web guide and search tool for kids by librarians Home of the Spudnut OnlineSummit Wind Can Do Del Norte Heights Elementary School Printed Media References SPAB Wind and Watermill section newsletters, January and April 1998. The printed version of ""Surfing the Net with Kids - Wind Power"" ran as a syndicated column in a number of US and Canadian newspapers in May 1998. Chitty Chitty Bang Bang Pages Pierre Picton's - Chitty Chitty Bang Bang's current owner. The Ian Fleming page from Kimberly Last's excellent James Bond site. The Chitty Chitty Bang Bang Lyrics Page WEISBERG on the WEB - entertainment links. Mad Uncle Simes Favourite Films! Cars of the Stars Jenny Wolf's pages. William McCullars page. Kira likes the film. Rob Cork is another fan. Nakele grew up watching the film. KayeKaye's pages. Photography Pages Charles Daney's list of pages that link to his! Stereo photography using a Lubitel. Thoughts on the Lubitel 166 The Whole Lot MindSpring Best of the Web - groovy! La Biblioteca del Tio Kinke For fun, you can run an Altavista search for [ Home ] [ Windmills ] [ Photography ] [ Chitty Chitty Bang Bang ] [ Feedback ] Last updated 16th February 1999 Text and images © Mark Berry, 1997-9 - meb@datcon.co.uk Page hosted by Get your own Free Home Page",wayback
wayback_http://www.geocities.com:80/Yosemite/1001/barbados.htm,"Windmills of Barbados

Windmills of Barbados Windmills of Barbados Glossary Within Barbados, windmills are described using a number of local terms. Where appropriate, to keep this report consistent with other documents, I have used the local terms, as follows: Barbados term British Term millwall windmill tower points sails roundhouse cap Survey of current millwalls - October 1999 Note on locations The names given to the location of millwalls in this list are largely of my own making, and may not be accurate. Sugar mills, by their very nature, were associated with plantations, and unless the mill and plantation house have survived together as an identifiable unit, it's not always obvious which plantation the mill went with. Coupling this with the vagueness of exact location that the Barbados maps tend to provide may mean that I have misidentified mills. Locations I am especially unsure or suspicious of I have identified with ?? Morgan Lewis Mill, St Andrew Morgan Lewis mill, commonly given the date c1727, continued to work through until 1945. In 1962 E L Banister donated it to the Barbados National Trust, who commenced a restoration project 2 years later. It was further restored in 1974, but deteriorated again, so much so that it was listed as one of the most endangered heritage sites in the world. However a 2 year restoration by the UK millwrights The Chiltern Partnership, started in 1996, has brought the mill back to its former glory. Coverley, Christ Church This unroofed millwall is in a reasonable state of repair, but does have a tree growing out of it. Graeme Hall, Christ Church In the grounds of a site owned by the Ministry of Agriculture and Rural Development. The tower, now roofed and turretted, bears the date 1929 on the masonry of the turrets above a bell. The tower is of regular coral blocks, and shows signs of conversion from 1 large arch to 2 smaller ones. There is also a further tall, thin arch. Above the main doorway is another date, which reads B.R. 1703 (though the last digit is indistinct). Ealing Park, Christ Church This mill is now bordered by Millwall Avenue, part of the Ealing Park stage 3 development. The millwall itself is constructed of coral blocks, and is in the process of being incorporated into a house conversion. As is the case with much of the new building in Barbados, this conversion is taking its time, and there appears to have been little work for many months. Gibbons, Christ Church This 8 sided structure was considered by Prof Dash to have been an animal rather than a wind-mill. However Rex Wailes did not fully agree with the Professor's findings, and from inspection I can see no reason why this was not considered to be a windmill - excepting the unusual non round base, it has all the features of other definite windmills, including the tall narrow archway. In addition, its position on open ground near the top of the ridge would seem an ideal place to catch the winds. An unusual perspective on this structure can be gained from the right",wayback
wayback_http://geocities.com/Yosemite/1001/barbados.htm,"Windmills of Barbados

Windmills of Barbados This site has moved! The new location is www.WindmillWorld.com During this transition period these old pages have not been removed, but they are no longer being updated. Please adjust your bookmarks... Windmills of Barbados Glossary Within Barbados, windmills are described using a number of local terms. Where appropriate, to keep this report consistent with other documents, I have used the local terms, as follows: Barbados term British Term millwall windmill tower points sails roundhouse cap Survey of current millwalls - October 1999 Note on locations The names given to the location of millwalls in this list are largely of my own making, and may not be accurate. Sugar mills, by their very nature, were associated with plantations, and unless the mill and plantation house have survived together as an identifiable unit, it's not always obvious which plantation the mill went with. Coupling this with the vagueness of exact location that the Barbados maps tend to provide may mean that I have misidentified mills. Locations I am especially unsure or suspicious of I have identified with ?? Morgan Lewis Mill, St Andrew Morgan Lewis mill, commonly given the date c1727, continued to work through until 1945. In 1962 E L Banister donated it to the Barbados National Trust, who commenced a restoration project 2 years later. It was further restored in 1974, but deteriorated again, so much so that it was listed as one of the most endangered heritage sites in the world. However a 2 year restoration by the UK millwrights The Chiltern Partnership, started in 1996, has brought the mill back to its former glory. Coverley, Christ Church This unroofed millwall is in a reasonable state of repair, but does have a tree growing out of it. Graeme Hall, Christ Church In the grounds of a site owned by the Ministry of Agriculture and Rural Development. The tower, now roofed and turretted, bears the date 1929 on the masonry of the turrets above a bell. The tower is of regular coral blocks, and shows signs of conversion from 1 large arch to 2 smaller ones. There is also a further tall, thin arch. Above the main doorway is another date, which reads B.R. 1703 (though the last digit is indistinct). Ealing Park, Christ Church This mill is now bordered by Millwall Avenue, part of the Ealing Park stage 3 development. The millwall itself is constructed of coral blocks, and is in the process of being incorporated into a house conversion. As is the case with much of the new building in Barbados, this conversion is taking its time, and there appears to have been little work for many months. Gibbons, Christ Church This 8 sided structure was considered by Prof Dash to have been an animal rather than a wind-mill. However Rex Wailes did not fully agree with the Professor's findings, and from inspection I can see no reason why this was not considered to be a windmill - excepting the unusual non round base, it has all the features of other definite windmills, including the t",wayback
wayback_http://www.geocities.com:80/Yosemite/1001/california.htm,"Windmills of California

Windmills of California Windmills of California More material being prepared - Check back again soon! Golden Gate Park There are 2 traditional ""Dutch style"" windmills in Golden Gate Park, located at the western end to catch the ample sea breezes. The Dutch Windmill The Dutch Windmill was built in 1902, at a cost of $16,000, together with a Dutch Cottage alongside which was occupied by the mill's caretaker. 75 feet high, and 33 feet in diameter at the base, is sails had a span of 102 feet and meant it was capable of pumping 30,000 gallons of fresh water per hour from underground to a reservoir on Strawberry Hill. Despite being a great success for a few years (so much so that a second windmill was built), by 1913 electric pumps were introduced , so the windmills began to become obsolete. Much of the Dutch Mill's machinery was destroyed by a storm in the 1930's, followed by further gutting to aid the 2nd World War effort. In the winter of 1949 one of the sails was blown off, and a few months later the other 3 sails were removed for safety. A Citizens Commission formed in 1964 to start efforts to restore the mills, but despite receiving a Federal grant of $10,000 in 1968, it was not until August 1976 that volunteers from the US Navy Reserve started work on restoring the Dutch Mill . Work continued through to completion in 1981. Since then little additional work has been done, and although, as the many photos of the mill show, from the exterior the mill looks impressive, structurally it's showing signs of decay again . At the base of the mill, the grounds have been laid out as the Queen Wilhelmina Tulip Garden - a fact that contributes to the popularity of the mill as a photo location. It's also given rise to the often repeated, but false story that the mill ""was a gift to the city of San Francisco from Holland""! Point to note: Looking at historical pictures of the mill, it's apparent that the ""restored"" mill's sails rotate in the opposite direction to the original sails! Circa 1940's hand coloured print Dutch Mill in 1999. The Murphy Windmill With the undoubted success of the Dutch Mill , in 1905 a second windmill was built to the south, known as the Murphy Windmill, after Samuel G Murphy who donated $20,000 (one source says $25,000) for its construction. This mill was even larger than the first, 95 feet high, with sails 114 feet across, capable of pumping 40,000 gallons per hour, and survived slightly longer before electric pumps were installed. Sadly this mill has never been restored, and currently stands sailless and neglected, slowly deteriorating. The Murphy Windmill has a concrete base, surmounted by a slate clad wooden upper body, and each year more slates fall from the mill. The remains of the sails are stacked in the undergrowth nearby. Not surprisingly, despite the many web sites with photos of the Dutch Mill , no-one seems to want to put up pictures of the forlorn Murphy windmill. As it was in 1999. Altamont Pass Bibliography The Windmills",wayback
wayback_http://geocities.com/Yosemite/1001/california.htm,"Windmills of California

Windmills of California This site has moved! The new location is www.WindmillWorld.com During this transition period these old pages have not been removed, but they are no longer being updated. Please adjust your bookmarks... Windmills of California More material being prepared - Check back again soon! Golden Gate Park There are 2 traditional ""Dutch style"" windmills in Golden Gate Park, located at the western end to catch the ample sea breezes. The Dutch Windmill The Dutch Windmill was built in 1902, at a cost of $16,000, together with a Dutch Cottage alongside which was occupied by the mill's caretaker. 75 feet high, and 33 feet in diameter at the base, is sails had a span of 102 feet and meant it was capable of pumping 30,000 gallons of fresh water per hour from underground to a reservoir on Strawberry Hill. Despite being a great success for a few years (so much so that a second windmill was built), by 1913 electric pumps were introduced , so the windmills began to become obsolete. Much of the Dutch Mill's machinery was destroyed by a storm in the 1930's, followed by further gutting to aid the 2nd World War effort. In the winter of 1949 one of the sails was blown off, and a few months later the other 3 sails were removed for safety. A Citizens Commission formed in 1964 to start efforts to restore the mills, but despite receiving a Federal grant of $10,000 in 1968, it was not until August 1976 that volunteers from the US Navy Reserve started work on restoring the Dutch Mill . Work continued through to completion in 1981. Since then little additional work has been done, and although, as the many photos of the mill show, from the exterior the mill looks impressive, structurally it's showing signs of decay again . At the base of the mill, the grounds have been laid out as the Queen Wilhelmina Tulip Garden - a fact that contributes to the popularity of the mill as a photo location. It's also given rise to the often repeated, but false story that the mill ""was a gift to the city of San Francisco from Holland""! Point to note: Looking at historical pictures of the mill, it's apparent that the ""restored"" mill's sails rotate in the opposite direction to the original sails! Circa 1940's hand coloured print Dutch Mill in 1999. The Murphy Windmill With the undoubted success of the Dutch Mill , in 1905 a second windmill was built to the south, known as the Murphy Windmill, after Samuel G Murphy who donated $20,000 (one source says $25,000) for its construction. This mill was even larger than the first, 95 feet high, with sails 114 feet across, capable of pumping 40,000 gallons per hour, and survived slightly longer before electric pumps were installed. Sadly this mill has never been restored, and currently stands sailless and neglected, slowly deteriorating. The Murphy Windmill has a concrete base, surmounted by a slate clad wooden upper body, and each year more slates fall from the mill. The remains of the sails are stacked in the undergrowth nearby. Not su",wayback
wayback_http://www.geocities.com:80/Yosemite/1001/capecod.htm,"Windmills of Cape Cod

Windmills of Cape Cod This site has moved! The new location is www.WindmillWorld.com During this transition period these old pages have not been removed, but they are no longer being updated. Please adjust your bookmarks... Windmills of Cape Cod General Map of Lower Cape showing location of Eastham, Orleans, Brewster and Chatham mills. Photograph Archive for the Cape Cod Pilgrim Memorial Association Introduction to Cape Cod by Clifton Johnson - 1908 mention Cape Cod Photo guide TIMS Symposium - Mills on Long Island and Cape Cod, August 1992 Windmills on Cape Cod, Ian Ellison - news of a seminar at the Timber Framers Guild annual conference Many of the Cape Cod windmills feature in the Historic American Buildings Survey/Historic American Engineering Record with some detailed technical drawings available. Brewster photo photo 1940's postcard Ocean Edge Golf Club Eastham Cape Cod Sketchbook Revisited Eastham windmill restoration begins - June 1998 Historic American Buildings Survey drawings Chamber of Commerce Library of Congress - photo from 1936 photo - sails set large photo photo photo photo and as an ecard Replacing sails photo with tulips sunset photo photo photo photo photo Best Read Guide photo Windmill Days festival, Sept 1998 photo photo Eastham Windmill Bed and Breakfast - photo photo photo photo photo Windmill Weekend 1998 Clock on green - newspaper article Chatham Historic American Buildings Survey drawings Chatham Historical Society - map 1903 photo The Art of Charity drawing Sur Mer photo photo photo photo mini photo Dolphin Inn Dolphin Inn Honeymoon Windmill! Dolphin Inn photo Bourne Aptucxet Trading Post Museum Orleans The Jonathan Young windmill was returned to Orleans ownership in 1983, after having first been built in the town about 1720. She was moved to Hyannisport in 1897, then given by the Groves family to the Orleans Historical Society in 1983, who then donated it to the town of Orleans. The final move brought it back to Town Cove Park, where it now stands. Historical photo by H K Cummings Jonathan Young windmill, Town Cove Park, Orleans, 1995. Panoramic photo photo Orleans Historical Society map and description Town logo Orleans photo album Sandwich Heritage Plantation - map Southern Energy gift to help restore Sandwich mill aerial photo - miscaptioned Corbis photo Yarmouth Mid Cape attractions Details photo Winter photos - but the photo link is broken! Truro Castle Hill Castle Hill - Truro Center for the Arts Provincetown Salt works - historical engraving Unidentified Old Windmill - Photo by Herbert W. Gleason (11/19/03) Old Windmill - Photo by Clifton Johnson Brewster maybe? Questionable and definate fakes Windmill Motel, Sagamore - big image Bringing a bit of Cape Cod to Japan Old Windmill and Roses Carvers Barn , West Dennis The Christmas Store , plus [ photo ] Nauset Knoll Motor Lodge Needlepoint design Wind Engines State Road, Tisbury, Marthas Vineyard State Road, Tisbury, Marthas Vineyard New Alchemy Institute used wi",wayback
wayback_http://geocities.com/Yosemite/1001/capecod.htm,"Windmills of Cape Cod

Windmills of Cape Cod This site has moved! The new location is www.WindmillWorld.com During this transition period these old pages have not been removed, but they are no longer being updated. Please adjust your bookmarks... Windmills of Cape Cod General Map of Lower Cape showing location of Eastham, Orleans, Brewster and Chatham mills. Photograph Archive for the Cape Cod Pilgrim Memorial Association Introduction to Cape Cod by Clifton Johnson - 1908 mention Cape Cod Photo guide TIMS Symposium - Mills on Long Island and Cape Cod, August 1992 Windmills on Cape Cod, Ian Ellison - news of a seminar at the Timber Framers Guild annual conference Many of the Cape Cod windmills feature in the Historic American Buildings Survey/Historic American Engineering Record with some detailed technical drawings available. Brewster photo photo 1940's postcard Ocean Edge Golf Club Eastham Cape Cod Sketchbook Revisited Eastham windmill restoration begins - June 1998 Historic American Buildings Survey drawings Chamber of Commerce Library of Congress - photo from 1936 photo - sails set large photo photo photo photo and as an ecard Replacing sails photo with tulips sunset photo photo photo photo photo Best Read Guide photo Windmill Days festival, Sept 1998 photo photo Eastham Windmill Bed and Breakfast - photo photo photo photo photo Windmill Weekend 1998 Clock on green - newspaper article Chatham Historic American Buildings Survey drawings Chatham Historical Society - map 1903 photo The Art of Charity drawing Sur Mer photo photo photo photo mini photo Dolphin Inn Dolphin Inn Honeymoon Windmill! Dolphin Inn photo Bourne Aptucxet Trading Post Museum Orleans The Jonathan Young windmill was returned to Orleans ownership in 1983, after having first been built in the town about 1720. She was moved to Hyannisport in 1897, then given by the Groves family to the Orleans Historical Society in 1983, who then donated it to the town of Orleans. The final move brought it back to Town Cove Park, where it now stands. Historical photo by H K Cummings Jonathan Young windmill, Town Cove Park, Orleans, 1995. Panoramic photo photo Orleans Historical Society map and description Town logo Orleans photo album Sandwich Heritage Plantation - map Southern Energy gift to help restore Sandwich mill aerial photo - miscaptioned Corbis photo Yarmouth Mid Cape attractions Details photo Winter photos - but the photo link is broken! Truro Castle Hill Castle Hill - Truro Center for the Arts Provincetown Salt works - historical engraving Unidentified Old Windmill - Photo by Herbert W. Gleason (11/19/03) Old Windmill - Photo by Clifton Johnson Brewster maybe? Questionable and definate fakes Windmill Motel, Sagamore - big image Bringing a bit of Cape Cod to Japan Old Windmill and Roses Carvers Barn , West Dennis The Christmas Store , plus [ photo ] Nauset Knoll Motor Lodge Needlepoint design Wind Engines State Road, Tisbury, Marthas Vineyard State Road, Tisbury, Marthas Vineyard New Alchemy Institute used wi",wayback
wayback_http://www.geocities.com:80/Yosemite/1001/ccbb.htm,"Chitty Chitty Bang Bang

Chitty Chitty Bang Bang Chitty Chitty Bang Bang Books Hardback Editions "" Chitty Chitty Bang Bang "" written by Ian Fleming and illustrated by John Burningham was originally published in hardback in 3 parts Adventure Number 1, Jonathan Cape, London, 1964 Adventure Number 2, Jonathan Cape, London, 1964 Adventure Number 3, Jonathan Cape, London, 1965 The title became "" Chitty Chitty Bang Bang - The Magical Car "" when the US edition was published as a single book by Random House, New York, Library of Congress catalog number 64-21282 For the benefit of its readers, the US edition contained this additional text at the front of the book: A note for the Observant Reader This story takes place in England and, as in England they use English money - peculiarly enough - the American reader will need to know a little - though not a lot - about English currency. So, a pound is worth approximately $2.80 and a shilling is worth 14 cents. And, if your arithmetic is good enough, you should be able to figure out exactly how much things cost in this story. This same US version was also available as a ""Weekly Reader Children's Book Club"" edition. In 1976, Aeonian Press Inc, Mattituck, New York, published an edition limited to 250 copies ""by special arrangement with Scholastic Magazines Inc"". LOC 81-68683, ISBN 0-88411-9831. The UK single book version "" Chitty Chitty Bang Bang - The Complete Adventures of the Magical Car "" was published by Jonathan Cape, London in 1971, and reprinted in 1977. ISBN 0 224 00535 9 "" Ian Fleming's Story of Chitty Chitty Bang Bang - The Magical Car "" was 'Adapted for beginning readers by Al Perkins' and Illustrated by B. Tobey. Published by Collins and Harvill, as A Beginner Book, 1969. "" The Adentures of Chitty Chitty Bang Bang. A special Motion-Picture Edition "" by Albert G Miller 'adapted from the screenplay based on the Ian Fleming story' was published by Collins in 1968, and 'illustrated with photographs from the motion picture'. Random House published the US version of the Motion-Picture edition. The series of books called ""Little Golden Book's"" featured Chitty Chitty Bang Bang as #C-581 in 1968. A Little Golden Book #00238, with record, 1968. There was also a version in the ""Big Little Book"" series. Random House also produced a popup version of the book, illustrated from the film, by Gwen Gordon and Dave Chambers. ""Meet Chitty Chitty Bang Bang - The Wonderful Magical Car"" adapted by Al Perkins from the screenplay. Illustrated by John Hanna, published by Random House, New York, 1968. The book is about 9 1/2"" x 12 1/2"", and consists of 29 pages. Golden Shape Book number 5945, by Joan Allen, Golden Press, 1968. Paperback Editions "" Chitty Chitty Bang Bang "" - Signet T3705, Starlight edition published by Scholastic Book Services, USA, 1st printing Nov 1968 (also carries catalog number TK 1389) The cover was changed to a still from the film in time for the 2nd printing Feb 1969, and the catalog number changed to SBS TK1365 The Bullseye B",wayback
wayback_http://geocities.com:80/Yosemite/1001/ccbb.htm,"Chitty Chitty Bang Bang

Chitty Chitty Bang Bang Chitty Chitty Bang Bang Books Hardback Editions "" Chitty Chitty Bang Bang "" written by Ian Fleming and illustrated by John Burningham was originally published in hardback in 3 parts Adventure Number 1, Jonathan Cape, London, 1964 Adventure Number 2, Jonathan Cape, London, 1964 Adventure Number 3, Jonathan Cape, London, 1965 The title became "" Chitty Chitty Bang Bang - The Magical Car "" when the US edition was published as a single book by Random House, New York, Library of Congress catalog number 64-21282 For the benefit of its readers, the US edition contained this additional text at the front of the book: (which of course relates to the exchange rates then, not those now!) A note for the Observant Reader This story takes place in England and, as in England they use English money - peculiarly enough - the American reader will need to know a little - though not a lot - about English currency. So, a pound is worth approximately $2.80 and a shilling is worth 14 cents. And, if your arithmetic is good enough, you should be able to figure out exactly how much things cost in this story. This same US version was also available as a ""Weekly Reader Children's Book Club"" edition. In 1976, Aeonian Press Inc, Mattituck, New York, published an edition limited to 250 copies ""by special arrangement with Scholastic Magazines Inc"". LOC 81-68683, ISBN 0-88411-9831. The UK single book version "" Chitty Chitty Bang Bang - The Complete Adventures of the Magical Car "" was published by Jonathan Cape, London in 1971, and reprinted in 1977. ISBN 0 224 00535 9 "" Ian Fleming's Story of Chitty Chitty Bang Bang - The Magical Car "" was 'Adapted for beginning readers by Al Perkins' and Illustrated by B. Tobey. Published by Collins and Harvill, as A Beginner Book, 1969. "" The Adentures of Chitty Chitty Bang Bang. A special Motion-Picture Edition "" by Albert G Miller 'adapted from the screenplay based on the Ian Fleming story' was published by Collins in 1968, and 'illustrated with photographs from the motion picture'. Random House published the US version of the Motion-Picture edition. The series of books called ""Little Golden Book's"" featured Chitty Chitty Bang Bang as #C-581 in 1968. A Little Golden Book #00238, with record, 1968. There was also a version in the ""Big Little Book"" series. Random House also produced a popup version of the book, illustrated from the film, by Gwen Gordon and Dave Chambers. ""Meet Chitty Chitty Bang Bang - The Wonderful Magical Car"" adapted by Al Perkins from the screenplay. Illustrated by John Hanna, published by Random House, New York, 1968. The book is about 9 1/2"" x 12 1/2"", and consists of 29 pages. Golden Shape Book number 5945, by Joan Allen, Golden Press, 1968. Paperback Editions "" Chitty Chitty Bang Bang "" - Signet T3705, Starlight edition published by Scholastic Book Services, USA, 1st printing Nov 1968 (also carries catalog number TK 1389) The cover was changed to a still from the film in time for the 2nd printing",wayback
wayback_http://www.geocities.com:80/yosemite/1001/ccbb.htm,"Chitty Chitty Bang Bang

Chitty Chitty Bang Bang Chitty Chitty Bang Bang Books Hardback Editions "" Chitty Chitty Bang Bang "" written by Ian Fleming and illustrated by John Burningham was originally published in hardback in 3 parts Adventure Number 1, Jonathan Cape, London, 1964 Adventure Number 2, Jonathan Cape, London, 1964 Adventure Number 3, Jonathan Cape, London, 1965 The title became "" Chitty Chitty Bang Bang - The Magical Car "" when the US edition was published as a single book by Random House, New York, Library of Congress catalog number 64-21282 For the benefit of its readers, the US edition contained this additional text at the front of the book: (which of course relates to the exchange rates then, not those now!) A note for the Observant Reader This story takes place in England and, as in England they use English money - peculiarly enough - the American reader will need to know a little - though not a lot - about English currency. So, a pound is worth approximately $2.80 and a shilling is worth 14 cents. And, if your arithmetic is good enough, you should be able to figure out exactly how much things cost in this story. This same US version was also available as a ""Weekly Reader Children's Book Club"" edition. In 1976, Aeonian Press Inc, Mattituck, New York, published an edition limited to 250 copies ""by special arrangement with Scholastic Magazines Inc"". LOC 81-68683, ISBN 0-88411-9831. The UK single book version "" Chitty Chitty Bang Bang - The Complete Adventures of the Magical Car "" was published by Jonathan Cape, London in 1971, and reprinted in 1977. ISBN 0 224 00535 9 "" Ian Fleming's Story of Chitty Chitty Bang Bang - The Magical Car "" was 'Adapted for beginning readers by Al Perkins' and Illustrated by B. Tobey. Published by Collins and Harvill, as A Beginner Book, 1969. "" The Adentures of Chitty Chitty Bang Bang. A special Motion-Picture Edition "" by Albert G Miller 'adapted from the screenplay based on the Ian Fleming story' was published by Collins in 1968, and 'illustrated with photographs from the motion picture'. Random House published the US version of the Motion-Picture edition. The series of books called ""Little Golden Book's"" featured Chitty Chitty Bang Bang as #C-581 in 1968. A Little Golden Book #00238, with record, 1968. There was also a version in the ""Big Little Book"" series. Random House also produced a popup version of the book, illustrated from the film, by Gwen Gordon and Dave Chambers. ""Meet Chitty Chitty Bang Bang - The Wonderful Magical Car"" adapted by Al Perkins from the screenplay. Illustrated by John Hanna, published by Random House, New York, 1968. The book is about 9 1/2"" x 12 1/2"", and consists of 29 pages. Golden Shape Book number 5945, by Joan Allen, Golden Press, 1968. Paperback Editions "" Chitty Chitty Bang Bang "" - Signet T3705, Starlight edition published by Scholastic Book Services, USA, 1st printing Nov 1968 (also carries catalog number TK 1389) The cover was changed to a still from the film in time for the 2nd printing",wayback
wayback_http://www8.geocities.com:80/MotorCity/,"GeoCities - MotorCity

GeoCities - MotorCity Up to 40% off related books from Amazon.com Visit Surplus Auction Build your own Valentine's CD @ CDnow Save Now! 3.9% eCard Visa Other Neighborhoods Great GeoShops Get a Virtual Office Explore The Suburbs: Choose a suburb MotorCity Downs Flats Garage Lane Pit Shop Speedway Track Yahoo: Automotive Search: GeoCities MotorCity Password: Car Buyer's Guide Home Help Info • Autos • Sports & Recreation Join This Neighborhood today! It's Free. Hood Happenings Autos Chat | Autos Forum You think you know cars? MotorCity has come up with something that can stump the best of you. Why not try our Name That Car Contest if you can handle the truth! Surf the Net with Networds - Create Free Networds for every GeoCities and Internet location you visit. They will be available instantly to everyone on the Net. Use Networds and share them with others. Is your site good enough to earn the Golden Hub Cap ? The Community Leaders will be awarding a new MotorCity resident with the award every month. Come down and register your page and maybe you'll Getting Involved Community Leaders If you need GeoCities help or want to get more involved in your neighborhood, these are the people to ask. Blueprint We've created a zine to help you build better home pages. Check in every month for lots of tips and tricks! Landmark Sites Places to stop when you're surfing that info superhighway known as GeoCities. Landmarks are sites we consider the best of the best. [Join] [Help] [Info] [Home] [Avenues] [Neighborhoods] [Members] [Shopping Center] [Search] © 1995 - 1999 GeoCities. All rights reserved",wayback
wayback_http://www21.geocities.com:80/MotorCity/,"GeoCities - MotorCity

GeoCities - MotorCity Save Now! 3.9% eCard Visa Up to 40% off related books from Amazon.com Visit Surplus Auction Build your own Valentine's CD @ CDnow Other Neighborhoods Great GeoShops Get a Virtual Office Explore The Suburbs: Choose a suburb MotorCity Downs Flats Garage Lane Pit Shop Speedway Track Yahoo: Automotive Search: GeoCities MotorCity Password: Car Buyer's Guide Home Help Info • Autos • Sports & Recreation Join This Neighborhood today! It's Free. Hood Happenings Autos Chat | Autos Forum You think you know cars? MotorCity has come up with something that can stump the best of you. Why not try our Name That Car Contest if you can handle the truth! Surf the Net with Networds - Create Free Networds for every GeoCities and Internet location you visit. They will be available instantly to everyone on the Net. Use Networds and share them with others. Is your site good enough to earn the Golden Hub Cap ? The Community Leaders will be awarding a new MotorCity resident with the award every month. Come down and register your page and maybe you'll Getting Involved Community Leaders If you need GeoCities help or want to get more involved in your neighborhood, these are the people to ask. Blueprint We've created a zine to help you build better home pages. Check in every month for lots of tips and tricks! Landmark Sites Places to stop when you're surfing that info superhighway known as GeoCities. Landmarks are sites we consider the best of the best. [Join] [Help] [Info] [Home] [Avenues] [Neighborhoods] [Members] [Shopping Center] [Search] © 1995 - 1999 GeoCities. All rights reserved",wayback
wayback_http://www14.geocities.com:80/MotorCity/,"GeoCities - MotorCity

GeoCities - MotorCity Save Now! 3.9% eCard Visa Up to 40% off related books from Amazon.com Visit Surplus Auction Build your own Valentine's CD @ CDnow Other Neighborhoods Great GeoShops Get a Virtual Office Explore The Suburbs: Choose a suburb MotorCity Downs Flats Garage Lane Pit Shop Speedway Track Yahoo: Automotive Search: GeoCities MotorCity Password: Car Buyer's Guide Home Help Info • Autos • Sports & Recreation Join This Neighborhood today! It's Free. Hood Happenings Autos Chat | Autos Forum MotorCity News is a behind-the-scenes look at MotorCity's madness, with articles for all your favorite motor sports, trivia, special events, car buying and repair tips, Community Leader info and more! Surf the Net with Networds - Create Free Networds for every GeoCities and Internet location you visit. They will be available instantly to everyone on the Net. Use Networds and share them with others. The MotorCity Pit Stop is a resource available to all members of MotorCity. Whether you're looking for help, have some questions for your Community Leaders or you just want to know what's going on in MotorCity, the Pit Stop is for you. Getting Involved Community Leaders If you need GeoCities help or want to get more involved in your neighborhood, these are the people to ask. Blueprint We've created a zine to help you build better home pages. Check in every month for lots of tips and tricks! Landmark Sites Places to stop when you're surfing that info superhighway known as GeoCities. Landmarks are sites we consider the best of the best. [Join] [Help] [Info] [Home] [Avenues] [Neighborhoods] [Members] [Shopping Center] [Search] © 1995 - 1999 GeoCities. All rights reserved",wayback
wayback_http://www20.geocities.com:80/MotorCity/,"GeoCities - MotorCity

GeoCities - MotorCity Visit Surplus Auction $5.00 off for Music Lovers@ CDnow Save Now! 3.9% eCard Visa Up to 40% off related books from Amazon.com Other Neighborhoods Great GeoShops Get a Virtual Office Explore The Suburbs: Choose a suburb MotorCity Downs Flats Garage Lane Pit Shop Speedway Track Yahoo: Automotive Search: GeoCities MotorCity Password: Car Buyer's Guide Home Help Info • Autos • Sports & Recreation Join This Neighborhood today! It's Free. Hood Happenings Autos Chat | Autos Forum You think you know cars? MotorCity has come up with something that can stump the best of you. Why not try our Name That Car Contest if you can handle the truth! Surf the Net with Networds - Create Free Networds for every GeoCities and Internet location you visit. They will be available instantly to everyone on the Net. Use Networds and share them with others. Is your site good enough to earn the Golden Hub Cap ? The Community Leaders will be awarding a new MotorCity resident with the award every month. Come down and register your page and maybe you'll Getting Involved Community Leaders If you need GeoCities help or want to get more involved in your neighborhood, these are the people to ask. Blueprint We've created a zine to help you build better home pages. Check in every month for lots of tips and tricks! Landmark Sites Places to stop when you're surfing that info superhighway known as GeoCities. Landmarks are sites we consider the best of the best. [Join] [Help] [Info] [Home] [Avenues] [Neighborhoods] [Members] [Shopping Center] [Search] © 1995 - 1999 GeoCities. All rights reserved",wayback
wayback_http://www3.geocities.com:80/MotorCity/,"GeoCities - MotorCity

GeoCities - MotorCity $5.00 off for Music Lovers@ CDnow Save Now! 3.9% eCard Visa Up to 40% off related books from Amazon.com Visit Surplus Auction Other Neighborhoods Great GeoShops Get a Virtual Office Explore The Suburbs: Choose a suburb MotorCity Downs Flats Garage Lane Pit Shop Speedway Track Yahoo: Automotive Search: GeoCities MotorCity Password: Car Buyer's Guide Home Help Info • Autos • Sports & Recreation Join This Neighborhood today! It's Free. Hood Happenings Autos Chat | Autos Forum MotorCity News is a behind-the-scenes look at MotorCity's madness, with articles for all your favorite motor sports, trivia, special events, car buying and repair tips, Community Leader info and more! With the Car and Driver Buyer's Guide at GeoCities, shopping for a car doesn't get easier. We'll give you the run-down on price ranges, specifications and important factors you need to consider when buying your next vehicle. Is your site good enough to earn the Golden Hub Cap ? The Community Leaders will be awarding a new MotorCity resident with the award every month. Come down and register your page and maybe you'll Getting Involved Community Leaders If you need GeoCities help or want to get more involved in your neighborhood, these are the people to ask. Blueprint We've created a zine to help you build better home pages. Check in every month for lots of tips and tricks! Landmark Sites Places to stop when you're surfing that info superhighway known as GeoCities. Landmarks are sites we consider the best of the best. [Join] [Help] [Info] [Home] [Avenues] [Neighborhoods] [Members] [Shopping Center] [Search] © 1995 - 1999 GeoCities. All rights reserved",wayback
wayback_http://www7.geocities.com:80/MotorCity/,"GeoCities - MotorCity

GeoCities - MotorCity $5.00 off for Music Lovers@ CDnow Instant Credit Apply Now! Up to 40% off related books from Amazon.com Visit Surplus Auction Other Neighborhoods Great GeoShops Get a Virtual Office Explore The Suburbs: Choose a suburb MotorCity Downs Flats Garage Lane Pit Shop Speedway Track Yahoo: Automotive Search: GeoCities MotorCity Password: Car Buyer's Guide Home Help Info • Autos • Sports & Recreation Join This Neighborhood today! It's Free. Hood Happenings Autos Chat | Autos Forum MotorCity News is a behind-the-scenes look at MotorCity's madness, with articles for all your favorite motor sports, trivia, special events, car buying and repair tips, Community Leader info and more! Surf the Net with Networds - Create Free Networds for every GeoCities and Internet location you visit. They will be available instantly to everyone on the Net. Use Networds and share them with others. The MotorCity Pit Stop is a resource available to all members of MotorCity. Whether you're looking for help, have some questions for your Community Leaders or you just want to know what's going on in MotorCity, the Pit Stop is for you. Getting Involved Community Leaders If you need GeoCities help or want to get more involved in your neighborhood, these are the people to ask. Blueprint We've created a zine to help you build better home pages. Check in every month for lots of tips and tricks! Landmark Sites Places to stop when you're surfing that info superhighway known as GeoCities. Landmarks are sites we consider the best of the best. [Join] [Help] [Info] [Home] [Avenues] [Neighborhoods] [Members] [Shopping Center] [Search] © 1995 - 1999 GeoCities. All rights reserved",wayback
wayback_http://www17.geocities.com:80/MotorCity/,"GeoCities - MotorCity

GeoCities - MotorCity Visit Surplus Auction $5.00 off for Music Lovers@ CDnow Instant Credit Apply Now! Up to 40% off related books from Amazon.com Other Neighborhoods Great GeoShops Get a Virtual Office Explore The Suburbs: Choose a suburb MotorCity Downs Flats Garage Lane Pit Shop Speedway Track Yahoo: Automotive Search: GeoCities MotorCity Password: Car Buyer's Guide Home Help Info • Autos • Sports & Recreation Join This Neighborhood today! It's Free. Hood Happenings Autos Chat | Autos Forum You think you know cars? MotorCity has come up with something that can stump the best of you. Why not try our Name That Car Contest if you can handle the truth! With the Car and Driver Buyer's Guide at GeoCities, shopping for a car doesn't get easier. We'll give you the run-down on price ranges, specifications and important factors you need to consider when buying your next vehicle. Is your site good enough to earn the Golden Hub Cap ? The Community Leaders will be awarding a new MotorCity resident with the award every month. Come down and register your page and maybe you'll Getting Involved Community Leaders If you need GeoCities help or want to get more involved in your neighborhood, these are the people to ask. Blueprint We've created a zine to help you build better home pages. Check in every month for lots of tips and tricks! Landmark Sites Places to stop when you're surfing that info superhighway known as GeoCities. Landmarks are sites we consider the best of the best. [Join] [Help] [Info] [Home] [Avenues] [Neighborhoods] [Members] [Shopping Center] [Search] © 1995 - 1999 GeoCities. All rights reserved",wayback
wayback_http://www4.geocities.com:80/MotorCity/,"GeoCities - MotorCity

GeoCities - MotorCity $5.00 off for Music Lovers@ CDnow Instant Credit Apply Now! Up to 40% off related books from Amazon.com Visit Surplus Auction Other Neighborhoods Great GeoShops Get a Virtual Office Explore The Suburbs: Choose a suburb MotorCity Downs Flats Garage Lane Pit Shop Speedway Track Yahoo: Automotive Search: GeoCities MotorCity Password: Car Buyer's Guide Home Help Info • Autos • Sports & Recreation Join This Neighborhood today! It's Free. Hood Happenings Autos Chat | Autos Forum You think you know cars? MotorCity has come up with something that can stump the best of you. Why not try our Name That Car Contest if you can handle the truth! Surf the Net with Networds - Create Free Networds for every GeoCities and Internet location you visit. They will be available instantly to everyone on the Net. Use Networds and share them with others. The MotorCity Pit Stop is a resource available to all members of MotorCity. Whether you're looking for help, have some questions for your Community Leaders or you just want to know what's going on in MotorCity, the Pit Stop is for you. Getting Involved Community Leaders If you need GeoCities help or want to get more involved in your neighborhood, these are the people to ask. Blueprint We've created a zine to help you build better home pages. Check in every month for lots of tips and tricks! Landmark Sites Places to stop when you're surfing that info superhighway known as GeoCities. Landmarks are sites we consider the best of the best. [Join] [Help] [Info] [Home] [Avenues] [Neighborhoods] [Members] [Shopping Center] [Search] © 1995 - 1999 GeoCities. All rights reserved",wayback
wayback_http://www.geocities.com:80/MotorCity/,"GeoCities - MotorCity

GeoCities - MotorCity Visit Surplus Auction $5.00 off music at CDnow! Instant Credit Apply Now! Up to 40% off related books from Amazon.com Other Neighborhoods Great GeoShops Get a Virtual Office Explore The Suburbs: Choose a suburb MotorCity Downs Factory Flats Garage Lane Pit Shop Speedway Track Yahoo: Automotive Search: GeoCities MotorCity Password: Car Buyer's Guide Home Help Info • Autos • Sports & Recreation Join This Neighborhood today! It's Free. Hood Happenings Autos Chat | Autos Forum You think you know cars? MotorCity has come up with something that can stump the best of you. Why not try our Name That Car Contest if you can handle the truth! With the Car and Driver Buyer's Guide at GeoCities, shopping for a car doesn't get easier. We'll give you the run-down on price ranges, specifications and important factors you need to consider when buying your next vehicle. Is your site good enough to earn the Golden Hub Cap ? The Community Leaders will be awarding a new MotorCity resident with the award every month. Come down and register your page and maybe you'll Getting Involved Community Leaders If you need GeoCities help or want to get more involved in your neighborhood, these are the people to ask. Blueprint We've created a zine to help you build better home pages. Check in every month for lots of tips and tricks! Landmark Sites Places to stop when you're surfing that info superhighway known as GeoCities. Landmarks are sites we consider the best of the best. [Join] [Help] [Info] [Home] [Avenues] [Neighborhoods] [Members] [Shopping Center] [Search] © 1995 - 1999 GeoCities. All rights reserved",wayback
wayback_http://www18.geocities.com:80/MotorCity/,"GeoCities - MotorCity

GeoCities - MotorCity Visit Surplus Auction $5.00 off music at CDnow! Instant Credit Apply Now! Up to 40% off related books from Amazon.com Other Neighborhoods Great GeoShops Get a Virtual Office Explore The Suburbs: Choose a suburb MotorCity Downs Factory Flats Garage Lane Pit Shop Speedway Track Yahoo: Automotive Search: GeoCities MotorCity Password: Car Buyer's Guide Home Help Info • Autos • Sports & Recreation Join This Neighborhood today! It's Free. Hood Happenings Autos Chat | Autos Forum You think you know cars? MotorCity has come up with something that can stump the best of you. Why not try our Name That Car Contest if you can handle the truth! Surf the Net with Networds - Create Free Networds for every GeoCities and Internet location you visit. They will be available instantly to everyone on the Net. Use Networds and share them with others. Is your site good enough to earn the Golden Hub Cap ? The Community Leaders will be awarding a new MotorCity resident with the award every month. Come down and register your page and maybe you'll Getting Involved Community Leaders If you need GeoCities help or want to get more involved in your neighborhood, these are the people to ask. Blueprint We've created a zine to help you build better home pages. Check in every month for lots of tips and tricks! Landmark Sites Places to stop when you're surfing that info superhighway known as GeoCities. Landmarks are sites we consider the best of the best. [Join] [Help] [Info] [Home] [Avenues] [Neighborhoods] [Members] [Shopping Center] [Search] © 1995 - 1999 GeoCities. All rights reserved",wayback
wayback_http://www16.geocities.com:80/MotorCity/,"GeoCities - MotorCity

GeoCities - MotorCity $5.00 off music at CDnow! Instant Credit Apply Now! Up to 40% off related books from Amazon.com Visit Surplus Auction Other Neighborhoods Great GeoShops Get a Virtual Office Explore The Suburbs: Choose a suburb MotorCity Downs Factory Flats Garage Lane Pit Shop Speedway Track Yahoo: Automotive Search: GeoCities MotorCity Password: Car Buyer's Guide Home Help Info • Autos • Sports & Recreation Join This Neighborhood today! It's Free. Hood Happenings Autos Chat | Autos Forum MotorCity News is a behind-the-scenes look at MotorCity's madness, with articles for all your favorite motor sports, trivia, special events, car buying and repair tips, Community Leader info and more! Surf the Net with Networds - Create Free Networds for every GeoCities and Internet location you visit. They will be available instantly to everyone on the Net. Use Networds and share them with others. The MotorCity Pit Stop is a resource available to all members of MotorCity. Whether you're looking for help, have some questions for your Community Leaders or you just want to know what's going on in MotorCity, the Pit Stop is for you. Getting Involved Community Leaders If you need GeoCities help or want to get more involved in your neighborhood, these are the people to ask. Blueprint We've created a zine to help you build better home pages. Check in every month for lots of tips and tricks! Landmark Sites Places to stop when you're surfing that info superhighway known as GeoCities. Landmarks are sites we consider the best of the best. [Join] [Help] [Info] [Home] [Avenues] [Neighborhoods] [Members] [Shopping Center] [Search] © 1995 - 1999 GeoCities. All rights reserved",wayback
wayback_http://www5.geocities.com:80/MotorCity/,"GeoCities - MotorCity

GeoCities - MotorCity $5.00 off music at CDnow! Instant Credit Apply Now! Up to 40% off related books from Amazon.com Visit Surplus Auction Other Neighborhoods Great GeoShops Get a Virtual Office Explore The Suburbs: Choose a suburb MotorCity Downs Factory Flats Garage Lane Pit Shop Speedway Track Yahoo: Automotive Search: GeoCities MotorCity Password: Car Buyer's Guide Home Help Info • Autos • Sports & Recreation Join This Neighborhood today! It's Free. Hood Happenings Autos Chat | Autos Forum You think you know cars? MotorCity has come up with something that can stump the best of you. Why not try our Name That Car Contest if you can handle the truth! Surf the Net with Networds - Create Free Networds for every GeoCities and Internet location you visit. They will be available instantly to everyone on the Net. Use Networds and share them with others. Is your site good enough to earn the Golden Hub Cap ? The Community Leaders will be awarding a new MotorCity resident with the award every month. Come down and register your page and maybe you'll Getting Involved Community Leaders If you need GeoCities help or want to get more involved in your neighborhood, these are the people to ask. Blueprint We've created a zine to help you build better home pages. Check in every month for lots of tips and tricks! Landmark Sites Places to stop when you're surfing that info superhighway known as GeoCities. Landmarks are sites we consider the best of the best. [Join] [Help] [Info] [Home] [Avenues] [Neighborhoods] [Members] [Shopping Center] [Search] © 1995 - 1999 GeoCities. All rights reserved",wayback
wayback_http://www10.geocities.com:80/MotorCity/,"GeoCities - MotorCity

GeoCities - MotorCity Visit Surplus Auction $5.00 off music at CDnow! Instant Credit Apply Now! Up to 40% off related books from Amazon.com Other Neighborhoods Great GeoShops Get a Virtual Office Explore The Suburbs: Choose a suburb MotorCity Downs Factory Flats Garage Lane Pit Shop Speedway Track Yahoo: Automotive Search: GeoCities MotorCity Password: Car Buyer's Guide Home Help Info • Autos • Sports & Recreation Join This Neighborhood today! It's Free. Hood Happenings Autos Chat | Autos Forum MotorCity News is a behind-the-scenes look at MotorCity's madness, with articles for all your favorite motor sports, trivia, special events, car buying and repair tips, Community Leader info and more! Surf the Net with Networds - Create Free Networds for every GeoCities and Internet location you visit. They will be available instantly to everyone on the Net. Use Networds and share them with others. Is your site good enough to earn the Golden Hub Cap ? The Community Leaders will be awarding a new MotorCity resident with the award every month. Come down and register your page and maybe you'll Getting Involved Community Leaders If you need GeoCities help or want to get more involved in your neighborhood, these are the people to ask. Blueprint We've created a zine to help you build better home pages. Check in every month for lots of tips and tricks! Landmark Sites Places to stop when you're surfing that info superhighway known as GeoCities. Landmarks are sites we consider the best of the best. [Join] [Help] [Info] [Home] [Avenues] [Neighborhoods] [Members] [Shopping Center] [Search] © 1995 - 1999 GeoCities. All rights reserved",wayback
wayback_http://www1.geocities.com:80/MotorCity/,"GeoCities - MotorCity

GeoCities - MotorCity Up to 40% off related books from Amazon.com Visit Surplus Auction $5.00 off music at CDnow! Instant Credit Apply Now! Other Neighborhoods Great GeoShops Get a Virtual Office Explore The Suburbs: Choose a suburb MotorCity Downs Factory Flats Garage Lane Pit Shop Speedway Track Yahoo: Automotive Search: GeoCities MotorCity Password: Car Buyer's Guide Home Help Info • Autos • Sports & Recreation Join This Neighborhood today! It's Free. Hood Happenings Autos Chat | Autos Forum MotorCity News is a behind-the-scenes look at MotorCity's madness, with articles for all your favorite motor sports, trivia, special events, car buying and repair tips, Community Leader info and more! Surf the Net with Networds - Create Free Networds for every GeoCities and Internet location you visit. They will be available instantly to everyone on the Net. Use Networds and share them with others. Is your site good enough to earn the Golden Hub Cap ? The Community Leaders will be awarding a new MotorCity resident with the award every month. Come down and register your page and maybe you'll Getting Involved Community Leaders If you need GeoCities help or want to get more involved in your neighborhood, these are the people to ask. Blueprint We've created a zine to help you build better home pages. Check in every month for lots of tips and tricks! Landmark Sites Places to stop when you're surfing that info superhighway known as GeoCities. Landmarks are sites we consider the best of the best. [Join] [Help] [Info] [Home] [Avenues] [Neighborhoods] [Members] [Shopping Center] [Search] © 1995 - 1999 GeoCities. All rights reserved",wayback
wayback_http://www11.geocities.com:80/MotorCity/,"GeoCities - MotorCity

GeoCities - MotorCity Instant Credit Apply Now! Up to 40% off related books from Amazon.com Visit Surplus Auction $5.00 off music at CDnow! Other Neighborhoods Great GeoShops Get a Virtual Office Explore The Suburbs: Choose a suburb MotorCity Downs Factory Flats Garage Lane Pit Shop Speedway Track Yahoo: Automotive Search: GeoCities MotorCity Password: Car Buyer's Guide Home Help Info • Autos • Sports & Recreation Join This Neighborhood today! It's Free. Hood Happenings Autos Chat | Autos Forum You think you know cars? MotorCity has come up with something that can stump the best of you. Why not try our Name That Car Contest if you can handle the truth! With the Car and Driver Buyer's Guide at GeoCities, shopping for a car doesn't get easier. We'll give you the run-down on price ranges, specifications and important factors you need to consider when buying your next vehicle. The MotorCity Pit Stop is a resource available to all members of MotorCity. Whether you're looking for help, have some questions for your Community Leaders or you just want to know what's going on in MotorCity, the Pit Stop is for you. Getting Involved Community Leaders If you need GeoCities help or want to get more involved in your neighborhood, these are the people to ask. Blueprint We've created a zine to help you build better home pages. Check in every month for lots of tips and tricks! Landmark Sites Places to stop when you're surfing that info superhighway known as GeoCities. Landmarks are sites we consider the best of the best. [Join] [Help] [Info] [Home] [Avenues] [Neighborhoods] [Members] [Shopping Center] [Search] © 1995 - 1999 GeoCities. All rights reserved",wayback
wayback_http://www.geocities.com:80/MotorCity/1000/,"MotorCity Pitstop

MotorCity Pitstop Welcome to the MotorCity PitStop Here you will find all things needed for designing and getting your pages out in the world wide web! You will find all the help you need from our Community Leader staff and links to all the places you will need to go to make your pages great! We have a great community here and I just know your gonna love your stay in MotorCity! Some of the cool stuff to see in MotorCity Try to see if your site is good enough to win the Golden Hub Cap Award. Just click the hub cap and your on your way to being famous. NAME THAT CAR! You think your smart when it comes to cars? Then why don't you try to Name that CAR ! See if your as smart as you think you are? LOL! We have an assortment of special events to tell you about, Why not check them out on the Special Events Page? Need to find something or someone? Search Geocities by using: The Avenues or several other types: Member Name Address or use the Site Index Why not set up a Virtual Office with Netopia! Need to get some answers from us about anything? Check out the Help Forums and Help Chats. To find specific help for each section try the Resource Page Need to get some buttons and graphics for your page? Then try HERE Important links File Manager Profile Editor Avenues Forums Chat It Up Search Geo Leaders Yahoo Automotive Neighborhoods Geomail MotorCity Main Page This many have surfed in! Sign Our Guestbook View Our Guestbook LINKS Meet Your Leaders Block Assignments Find Your Local Community Center Need a little help? Want to learn more about html? Want to become a Community Leader? Check out the Avenues How bout doing a little chatting? Check out the forums and see what's going on If you don't already have a site, why not join today? Need to do a little work on your site? Here's the tools you'll need Check out the Blueprint page to help you design your homestead Get more involved with Geocities, join the others who want to help Not sure what you can put on your site? Check out the Guidelines Want to be a Topic Master? Sign up today!",wayback
wayback_http://www.geocities.com:80/MotorCity/1000/addbook.html,"ADD Entry Page

ADD Entry Page Welcome to MotorCity! Please sign in for your Pit Pass! Name: URL: Email: Your Comments:",wayback
wayback_http://www.geocities.com:80/MotorCity/1000/blocks.html,"New Page 4

New Page 4 MotorCity gives the individual Pit Crew members a specified block assignment in each suburb of the neighborhood. Check below to see who works your neck of the woods. MotorCity BLOCK ASSIGNMENTS MC blocks 1000-2799 Vacant MC blocks 2800-4599 Vacant MC blocks 4600-6399 Wrenchturner MC blocks 6400-8199 69corvette MC blocks 8200-9999 Vacant Downs BLOCK ASSIGNMENTS MC/D blocks 1000-2799 Rich MC/D blocks 2800-4599 Vacant MC/D blocks 4600-6399 Jefftheref MC/D blocks 6400-8199 Vacant MC/D blocks 8200-8999 Teri_b Track BLOCK ASSIGNMENTS MC/T blocks 1000-2499 ZZTOP MC/T blocks 2500-3999 Galant MC/T blocks 4800-5150 SWStyles Speedway BLOCK ASSIGNMENTS MC/S blocks 3000-4999 Fuzzbug MC/S blocks 7000-8999 Barbwyr MC/S blocks 9000-9999 Johnnie Lacy Garage BLOCK ASSIGNMENTS MC/G blocks 1000-1499 vacant MC/G blocks 1500-2999 Louis MC/G blocks 3000-4499 Pickemuptruck MC/G blocks 4500-5999 Judy MC/G Blocks 6000-7499 Troll Flats BLOCK ASSIGNMENTS MC/F blocks 1000-2500 Mechanixwife MC/F blocks 2500-4000 Ftwrthtx MC/F blocks 4000-5500 Nascarbabe Pit BLOCK ASSIGNMENTS MC/P blocks 1000-2500 Mr.Nascar MC/P blocks 2500-4001 Alero MC/P blocks 4001-5000 Dale03 Lane BLOCK ASSIGNMENTS MC/Lane 1000-2500 Crusah As more sites are added and more Community Leaders join us their block assignments will be added. Thank you for visiting the MotorCity Pit Crew Block Assignment page.",wayback
wayback_http://geocities.com:80/MotorCity/1000/blocks.html,"New Page 4

New Page 4 Info MotorCity gives the individual Pit Crew members a specified block assignment in each suburb of the neighborhood. Check below to see who works your neck of the woods. MotorCity BLOCK ASSIGNMENTS MC blocks 1000-2799 Vacant MC blocks 2800-4599 Vacant MC blocks 4600-6399 Wrenchturner MC blocks 6400-8199 69corvette MC blocks 8200-9999 Vacant Downs BLOCK ASSIGNMENTS MC/D blocks 1000-2799 Rich MC/D blocks 2800-4599 Vacant MC/D blocks 4600-6399 Jefftheref MC/D blocks 6400-8199 Vacant MC/D blocks 8200-8999 Teri_b Track BLOCK ASSIGNMENTS MC/T blocks 1000-2499 ZZTOP MC/T blocks 2500-3999 Galant MC/T blocks 4800-5150 SWStyles Speedway BLOCK ASSIGNMENTS MC/S blocks 3000-4999 Fuzzbug MC/S blocks 7000-8999 Barbwyr MC/S blocks 9000-9999 Johnnie Lacy Garage BLOCK ASSIGNMENTS MC/G blocks 1000-2999 Louis MC/G blocks 3000-4499 Pickemuptruck MC/G blocks 4500-5999 Judy MC/G Blocks 6000-7499 Troll MC/G Blocks 7500-9999 vacant Flats BLOCK ASSIGNMENTS MC/F blocks 1000-2500 Mechanixwife MC/F blocks 2500-4000 Ftwrthtx MC/F blocks 4000-5500 Nascarbabe Pit BLOCK ASSIGNMENTS MC/P blocks 1000-2500 Mr.Nascar MC/P blocks 2500-4001 Alero MC/P blocks 4001-5000 Dale03 Lane BLOCK ASSIGNMENTS MC/Lane 1000-2500 Crusah MC/Lane 2500-3999 Anton37 Shop BLOCK ASSIGNMENTS Factory BLOCK ASSIGNMENTS As more sites are added and more Community Leaders join us their block assignments will be added. Thank you for visiting the MotorCity Pit Crew Block Assignment page.",wayback
wayback_http://www.geocities.com:80/MotorCity/1000/buschsch.html,"Busch Grand Nationals

Busch Grand Nationals Info NASCAR's Busch Grand Nationals Series 1998 Schedule and Updates Abreviations for Channel Listings: MRN MRN Radio TNN The Nashville Network PRN Performance Radio Network TBS Superstation IMS Indianapolis Motor Speedway Network ABC American Broadcasting Network CBS Columbia Broadcasting System ESPN Entertainment & Sports Programming Network UPDATES: June 5 1998 -Hardee's 250, Richmond Int'l Speedway Jeff Burton slipped by Dale Earnhardt Jr. and went on to win his seventh career Busch Grand National Division race. The race was close all the way and Burton had to fight hard to get the win. Matt Kenseth finished third and gained several points on series points leader Mike McLaughlin who retired early due to mechanical problems. Rounding out the top five were Wayne Grubb and Mark Martin. The next event is the Pikes Peak 250 at Pikes Peak International Raceway on Sunday June 14, 1998. Start time is 3:30pm est on ESPN. For more information visit NASCAR On-Line R A C E S C H E D U L E (all times Eastern) February Date Race Venue Radio TV Time 21 GM Goodwrench Service 200 North Carolina Motor Speedway MRN TNN 1 p.m. 28 Sam's Town 300 Las Vegas Motor Speedway MRN ESPN 4 p.m. March Date Race Venue Radio TV Time 7 Stihl 300 Atlanta Motor Speedway PRN ESPN2 2 p.m. 15 BellSouth/Opryland 320 Nashville Speedway USA MRN TNN 2 p.m. 21 Diamond Hill Plywood 200 Darlington Raceway MRN *ESPN 1 p.m. 28 Moore's Snacks 250 Bristol Motor Speedway PRN ESPN 2 p.m. April Date Race Venue Radio TV Time 4 Coca-Cola 300 Texas Motor Speedway PRN CBS 2 p.m. 11 Galaxy Foods 300 Hickory Motor Speedway MRN TNN 4 p.m. 25 Talladega 300 Talledega Speedway MRN ESPN 1 p.m. May Date Race Venue Radio TV Time 9 New Hampshire 200 New Hampshire Int'l Speedway MRN TNN 1:30 p.m. 17 CoreStates 200 Nazareth Speedway MRN ESPN 1 p.m. 23 CarQuest Auto Parts 300 Charlotte Motor Speedway PRN TBS 1 p.m. 30 MBNA Platinum 200 Dover Downs Int'l Speedway MRN TNN 1 p.m. June Date Race Venue Radio TV Time 5 Hardee's 250 Richmond Int'l Raceway MRN ESPN2 7:30 p.m. 14 Pikes Peak 250 Pikes Peak Int'l Raceway MRN ESPN 3:30 p.m. 28 Lysol 200 Watkins Glen International MRN ESPN 1 p.m. July Race Venue Radio TV Time 5 DieHard 250 The Milwaukee Mile MRN TNN 1 p.m. 11 Myrtle Beach 250 Myrtle Beach Speedway MRN TNN TBA 19 Kenwood 300 California Speedway MRN ESPN 4 p.m. 25 South Boston 300 South Boston Speedway MRN TNN 7 p.m. 31 Kroger NASCAR 200 Indianapolis Raceway Park MRN ESPN TBA August Date Race Venue Radio TV Time 15 Pepsi 200 Michigan Speedway MRN ESPN 12 p.m. 21 Food City 250 Bristol Motor Speedway PRN ESPN 7:30 p.m. September Date Race Venue Radio TV Time 5 Dura Lube 200 Michigan Speedway MRN *ESPN 1 p.m. 11 AutoLite Platinum 250 Richmond Int'l Raceway MRN ESPN 7:30 p.m. 19 MBNA Gold 200 Dover Downs Int'l Speedway MRN TNN 1 p.m. October Date Race Venue Radio TV Time 3 All Pro Bumper to Bumper 300 Charlotte Motor Speedway PRN TBS 1 p.m. 17 Carquest Auto Parts 250 Gateway Int'l Raceway MR",wayback
wayback_http://www.geocities.com:80/MotorCity/1000/carshow/,"MotorCity Virtual Car Shows

MotorCity Virtual Car Shows Info The MotorCity Virtual Car Shows Brought to you by your MotorCity community leaders! Geocities' MotorCity neighborhood community leaders host a virtual car show approximately annually. Keep an eye on this page, MotorCity's community center - the MotorCity Pit Stop , or MotorCity's e-zine, MotorCity News for updates on future shows. The 1997 show hosted by Froggy . The 1998 show hosted by Judy Weimer . MotorCity's community center, the MotorCity Pit Stop MotorCity's e-zine, MotorCity News [ Prev 5 | Prev | Next | Next 5 Sites | Random | List ]",wayback
wayback_http://www.geocities.com:80/MotorCity/1000/carshow/1998/,"MotorCity 2nd Virtual Car Show Results

MotorCity 2nd Virtual Car Show Results The MotorCity 2nd Virtual Car Show Thank you to all of the following who entered into the show, and to the voters who submitted in excess of 500 ballots during September 1998. All participants should have received their dash plaques, and those who placed in their class, their awards, by e-mail. If you haven't received yours, please contact the show coordinator . Lowrider or Minitruck First Place: South West Styles Lowrider Homepage Second Place: True Eminence Lowrider Club Third Place: Ryan's Lowridin' Homepage Sites of Owner Operated Racing Vehicles or Teams First Place: Robel Racing Team Second Place: Brown ""Bandit"" Racing Third Place Tie: Slack Jaw Racing Ken's Racing Page Other participants in no particular order: Dave's Garage Scamp360 Racing Fans & Enthusiasts Sites First Place: Tech Racer's Track Second Place: Camile's F1 and CART Racing pages Third Place Tie: Daleluvers Earnhardt Page Chevy Lovin' Tope's Other participants in no particular order: #24 All The Way's Jeff Gordon Home Page Pit Road Kristian's Ferrari Page The Track Cool's Jeff Gordon Fan Page Geocitycraze's Homepage Fullsize or 4x4 Truck or Sport Utility, Off-Road Vehicle First Place: Moparman's Homepage Second Place: SDSU Mini Baja Third Place: Welcome To Grinchville Other participants in no particular order: Klee's Car Audio Exotic Car First Place Tie: Amazing Car Design Dodge Viper Site Second Place: McLaren F1 and other sports cars with tons of Midi's Third Place: Viva DeLorean Other participants in no particular order: Arqum Stas's Porsche Page Ferraristi Motorcycle First Place: Softail's Homepage Second Place: Ben's Homepage Third Place: Motorcycles & You & Me-Travel Tips & Photos Other participants in no particular order: The Rats Nest Cars-1970+ First Place: The Sterling Online Second Place: Eric's Limited Edition MX-3 GS Third Place: BenzFreak's Website Other participants in no particular order: Home Page Of Import Cars Classic & Antique Cars & Trucks Pre-1969 First Place: Bringing Back the 50's Second Place: My '67 Chevelle Super Sport Third Place: Phil Seed's Virtual Motor Museum Other participants in no particular order: 2BAV8 Racing page Sam's 1968 Mustang Home Page The 1967 - 1972 Chevy/GMC Trucks Info Page Jaguar XKE Shoe's 64 Street Rods & Hot Rods First Place: Street Rod Showroom Second Place: Hot Rods to Go! Third Place: Steve Hofbauer's Probe GT Page Muscle Cars 1960s & 1970s First Place: Bruce Weimer's 1973 Mustang Mach I Second Place: Chevrolet Super Sports Third Place: Crusah's Mustang Page Other participants in no particular order: Linda B's Boss Page Scott's '76 Nova SS Second Generation Pontiac Firebird Donlyn's Mopar Dale's & Lynda's 1967 Chevelle SS 396 Muscle Cars 1980s & 1990s First Place: When the Windtunnel Speaks... Second Place: Horsepower Down Under Third Place: Mustang SVO Other participants in no particular order: Clay's Mustang Page Mr. Autos Page Mark & Leslie Hueffmans' Buick GN HAS_TA's Pit Stop Za",wayback
wayback_http://www.geocities.com:80/MotorCity/1000/carshow/1998/index.html,"MotorCity 2nd Virtual Car Show Results

MotorCity 2nd Virtual Car Show Results Info The MotorCity 2nd Virtual Car Show Thank you to all of the following who entered into the show, and to the voters who submitted in excess of 500 ballots during September 1998. All participants should have received their dash plaques, and those who placed in their class, their awards, by e-mail. If you haven't received yours, please contact the show coordinator . Lowrider or Minitruck First Place: South West Styles Lowrider Homepage Second Place: True Eminence Lowrider Club Third Place: Ryan's Lowridin' Homepage Sites of Owner Operated Racing Vehicles or Teams First Place: Robel Racing Team Second Place: Brown ""Bandit"" Racing Third Place Tie: Slack Jaw Racing Ken's Racing Page Other participants in no particular order: Dave's Garage Scamp360 Racing Fans & Enthusiasts Sites First Place: Tech Racer's Track Second Place: Camile's F1 and CART Racing pages Third Place Tie: Daleluvers Earnhardt Page Chevy Lovin' Tope's Other participants in no particular order: #24 All The Way's Jeff Gordon Home Page Pit Road Kristian's Ferrari Page The Track Cool's Jeff Gordon Fan Page Geocitycraze's Homepage Fullsize or 4x4 Truck or Sport Utility, Off-Road Vehicle First Place: Moparman's Homepage Second Place: SDSU Mini Baja Third Place: Welcome To Grinchville Other participants in no particular order: Klee's Car Audio Exotic Car First Place Tie: Amazing Car Design Dodge Viper Site Second Place: McLaren F1 and other sports cars with tons of Midi's Third Place: Viva DeLorean Other participants in no particular order: Arqum Stas's Porsche Page Ferraristi Motorcycle First Place: Softail's Homepage Second Place: Ben's Homepage Third Place: Motorcycles & You & Me-Travel Tips & Photos Other participants in no particular order: The Rats Nest Cars-1970+ First Place: The Sterling Online Second Place: Eric's Limited Edition MX-3 GS Third Place: BenzFreak's Website Other participants in no particular order: Home Page Of Import Cars Classic & Antique Cars & Trucks Pre-1969 First Place: Bringing Back the 50's Second Place: My '67 Chevelle Super Sport Third Place: Phil Seed's Virtual Motor Museum Other participants in no particular order: 2BAV8 Racing page Sam's 1968 Mustang Home Page The 1967 - 1972 Chevy/GMC Trucks Info Page Jaguar XKE Shoe's 64 Street Rods & Hot Rods First Place: Street Rod Showroom Second Place: Hot Rods to Go! Third Place: Steve Hofbauer's Probe GT Page Muscle Cars 1960s & 1970s First Place: Bruce Weimer's 1973 Mustang Mach I Second Place: Chevrolet Super Sports Third Place: Crusah's Mustang Page Other participants in no particular order: Linda B's Boss Page Scott's '76 Nova SS Second Generation Pontiac Firebird Donlyn's Mopar Dale's & Lynda's 1967 Chevelle SS 396 Muscle Cars 1980s & 1990s First Place: When the Windtunnel Speaks... Second Place: Horsepower Down Under Third Place: Mustang SVO Other participants in no particular order: Clay's Mustang Page Mr. Autos Page Mark & Leslie Hueffmans' Buick GN HAS_TA's Pit St",wayback
wayback_http://www.geocities.com:80/MotorCity/1000/carshow/index.html,"MotorCity Virtual Car Shows

MotorCity Virtual Car Shows The MotorCity Virtual Car Shows Brought to you by your MotorCity community leaders! Geocities' MotorCity neighborhood community leaders host a virtual car show approximately annually. Keep an eye on this page, MotorCity's community center - the MotorCity Pit Stop , or MotorCity's e-zine, MotorCity News for updates on future shows. The 1997 show hosted by Froggy . The 1998 show hosted by Judy Weimer . MotorCity's community center, the MotorCity Pit Stop MotorCity's e-zine, MotorCity News [ Prev 5 | Prev | Next | Next 5 Sites | Random | List ]",wayback
wayback_http://www.geocities.com:80/MotorCity/1000/ccenters.html,"community center page

community center page WELCOME TO THE COMMUNITY CENTER PAGE Find your suburb Community Center and Community Leader for your site! The MotorCity site as you know is the Pit Stop. The Community Center for Downs. The Community Center for Speedway. The Community Center for Garage. If you think your site is special, then why not apply for the MotorCity Golden Hub Cap Award today! Or just find out who has a great site!",wayback
wayback_http://www.geocities.com:80/MotorCIty/1000/ccenters.html,"community center page

community center page Info WELCOME TO THE COMMUNITY CENTER PAGE Find your suburb Community Center and Community Leader for your site! The MotorCity site as you know is the Pit Stop. The Community Center for Downs. The Community Center for Speedway. The Community Center for Garage. If you think your site is special, then why not apply for the MotorCity Golden Hub Cap Award today! Or just find out who has a great site!",wayback
wayback_http://www18.geocities.com:80/Petsburgh/,"GeoCities - Petsburgh

GeoCities - Petsburgh Up to 40% off related books from Amazon.com Visit Surplus Auction Build your own Valentine's CD @ CDnow Save Now! 3.9% eCard Visa Other Neighborhoods Great GeoShops Get a Virtual Office Explore The Suburbs: Choose a suburb Petsburgh Farm Yahoo: Pets Search: GeoCities Petsburgh Password: Kids & the Internet Home Help Info • Family • Home & Living Join This Neighborhood today! It's Free. Hood Happenings Petsburgh Chat | Petsburgh Forum Whether Cupid shot an arrow through your heart or ripped it out and stepped on it, we want to hear about your most memorable Valentine's Day . Surf the Net with Networds - Create Free Networds for every GeoCities and Internet location you visit. They will be available instantly to everyone on the Net. Use Networds and share them with others. Would you like to get involved in our brand new community? We're actively recruiting Community Leaders to help homesteaders and participate in awards committees, chat, forums and more! Visit our application page today. Getting Involved Community Leaders If you need GeoCities help or want to get more involved in your neighborhood, these are the people to ask. Blueprint We've created a zine to help you build better home pages. Check in every month for lots of tips and tricks! Landmark Sites Places to stop when you're surfing that info superhighway known as GeoCities. Landmarks are sites we consider the best of the best. [Join] [Help] [Info] [Home] [Avenues] [Neighborhoods] [Members] [Shopping Center] [Search] © 1995 - 1999 GeoCities. All rights reserved",wayback
wayback_http://www19.geocities.com:80/Petsburgh/,"GeoCities - Petsburgh

GeoCities - Petsburgh Visit Surplus Auction Build your own Valentine's CD @ CDnow Save Now! 3.9% eCard Visa Up to 40% off related books from Amazon.com Other Neighborhoods Great GeoShops Get a Virtual Office Explore The Suburbs: Choose a suburb Petsburgh Farm Yahoo: Pets Search: GeoCities Petsburgh Password: Kids & the Internet Home Help Info • Family • Home & Living Join This Neighborhood today! It's Free. Hood Happenings Petsburgh Chat | Petsburgh Forum Whether Cupid shot an arrow through your heart or ripped it out and stepped on it, we want to hear about your most memorable Valentine's Day . Surf the Net with Networds - Create Free Networds for every GeoCities and Internet location you visit. They will be available instantly to everyone on the Net. Use Networds and share them with others. Do you want help making your site the best it can be? Our Critique and Review team will help you get there! Getting Involved Community Leaders If you need GeoCities help or want to get more involved in your neighborhood, these are the people to ask. Blueprint We've created a zine to help you build better home pages. Check in every month for lots of tips and tricks! Landmark Sites Places to stop when you're surfing that info superhighway known as GeoCities. Landmarks are sites we consider the best of the best. [Join] [Help] [Info] [Home] [Avenues] [Neighborhoods] [Members] [Shopping Center] [Search] © 1995 - 1999 GeoCities. All rights reserved",wayback
wayback_http://www8.geocities.com:80/Petsburgh/,"GeoCities - Petsburgh

GeoCities - Petsburgh Up to 40% off related books from Amazon.com Visit Surplus Auction $5.00 off for Music Lovers@ CDnow Save Now! 3.9% eCard Visa Other Neighborhoods Great GeoShops Get a Virtual Office Explore The Suburbs: Choose a suburb Petsburgh Farm Zoo Yahoo: Pets Search: GeoCities Petsburgh Password: Kids & the Internet Home Help Info • Family • Home & Living Join This Neighborhood today! It's Free. Hood Happenings Petsburgh Chat | Petsburgh Forum Celebrate Valentine's Day with GeoCities! You can send your sweetie a card, take our Trivial Trivia Quiz or see what's going on in other Neighborhoods at Lovers Lane ! Surf the Net with Networds - Create Free Networds for every GeoCities and Internet location you visit. They will be available instantly to everyone on the Net. Use Networds and share them with others. Are you a Petsburgh resident, new to HTML and having trouble? Don't lose hope! Our Angels can help you! Getting Involved Community Leaders If you need GeoCities help or want to get more involved in your neighborhood, these are the people to ask. Blueprint We've created a zine to help you build better home pages. Check in every month for lots of tips and tricks! Landmark Sites Places to stop when you're surfing that info superhighway known as GeoCities. Landmarks are sites we consider the best of the best. [Join] [Help] [Info] [Home] [Avenues] [Neighborhoods] [Members] [Shopping Center] [Search] © 1995 - 1999 GeoCities. All rights reserved",wayback
wayback_http://www14.geocities.com:80/Petsburgh/,"GeoCities - Petsburgh

GeoCities - Petsburgh Visit Surplus Auction $5.00 off for Music Lovers@ CDnow Save Now! 3.9% eCard Visa Up to 40% off related books from Amazon.com Other Neighborhoods Great GeoShops Get a Virtual Office Explore The Suburbs: Choose a suburb Petsburgh Farm Zoo Yahoo: Pets Search: GeoCities Petsburgh Password: Kids & the Internet Home Help Info • Family • Home & Living Join This Neighborhood today! It's Free. Hood Happenings Petsburgh Chat | Petsburgh Forum Celebrate Valentine's Day with GeoCities! You can send your sweetie a card, take our Trivial Trivia Quiz or see what's going on in other Neighborhoods at Lovers Lane ! Surf the Net with Networds - Create Free Networds for every GeoCities and Internet location you visit. They will be available instantly to everyone on the Net. Use Networds and share them with others. Submit your site to win our monthly Blue Ribbon Award in any of our categories. Getting Involved Community Leaders If you need GeoCities help or want to get more involved in your neighborhood, these are the people to ask. Blueprint We've created a zine to help you build better home pages. Check in every month for lots of tips and tricks! Landmark Sites Places to stop when you're surfing that info superhighway known as GeoCities. Landmarks are sites we consider the best of the best. [Join] [Help] [Info] [Home] [Avenues] [Neighborhoods] [Members] [Shopping Center] [Search] © 1995 - 1999 GeoCities. All rights reserved",wayback
wayback_http://www11.geocities.com:80/Petsburgh/,"GeoCities - Petsburgh

GeoCities - Petsburgh Visit Surplus Auction $5.00 off for Music Lovers@ CDnow Save Now! 3.9% eCard Visa Up to 40% off related books from Amazon.com Other Neighborhoods Great GeoShops Get a Virtual Office Explore The Suburbs: Choose a suburb Petsburgh Farm Zoo Yahoo: Pets Search: GeoCities Petsburgh Password: Kids & the Internet Home Help Info • Family • Home & Living Join This Neighborhood today! It's Free. Hood Happenings Petsburgh Chat | Petsburgh Forum Celebrate Valentine's Day with GeoCities! You can send your sweetie a card, take our Trivial Trivia Quiz or see what's going on in other Neighborhoods at Lovers Lane ! Surf the Net with Networds - Create Free Networds for every GeoCities and Internet location you visit. They will be available instantly to everyone on the Net. Use Networds and share them with others. Want to make a new friend? Come play our Secret Valentine Game with the Petsburgh Community Leaders! Getting Involved Community Leaders If you need GeoCities help or want to get more involved in your neighborhood, these are the people to ask. Blueprint We've created a zine to help you build better home pages. Check in every month for lots of tips and tricks! Landmark Sites Places to stop when you're surfing that info superhighway known as GeoCities. Landmarks are sites we consider the best of the best. [Join] [Help] [Info] [Home] [Avenues] [Neighborhoods] [Members] [Shopping Center] [Search] © 1995 - 1999 GeoCities. All rights reserved",wayback
wayback_http://www9.geocities.com:80/Petsburgh/,"GeoCities - Petsburgh

GeoCities - Petsburgh Up to 40% off related books from Amazon.com Visit Surplus Auction $5.00 off for Music Lovers@ CDnow Instant Credit Apply Now! Other Neighborhoods Great GeoShops Get a Virtual Office Explore The Suburbs: Choose a suburb Petsburgh Farm Zoo Yahoo: Pets Search: GeoCities Petsburgh Password: Kids & the Internet Home Help Info • Family • Home & Living Join This Neighborhood today! It's Free. Hood Happenings Petsburgh Chat | Petsburgh Forum Celebrate Valentine's Day with GeoCities! You can send your sweetie a card, take our Trivial Trivia Quiz or see what's going on in other Neighborhoods at Lovers Lane ! Surf the Net with Networds - Create Free Networds for every GeoCities and Internet location you visit. They will be available instantly to everyone on the Net. Use Networds and share them with others. Want to make a new friend? Come play our Secret Valentine Game with the Petsburgh Community Leaders! Getting Involved Community Leaders If you need GeoCities help or want to get more involved in your neighborhood, these are the people to ask. Blueprint We've created a zine to help you build better home pages. Check in every month for lots of tips and tricks! Landmark Sites Places to stop when you're surfing that info superhighway known as GeoCities. Landmarks are sites we consider the best of the best. [Join] [Help] [Info] [Home] [Avenues] [Neighborhoods] [Members] [Shopping Center] [Search] © 1995 - 1999 GeoCities. All rights reserved",wayback
wayback_http://www21.geocities.com:80/Petsburgh/,"GeoCities - Petsburgh

GeoCities - Petsburgh Visit Surplus Auction $5.00 off music at CDnow! Instant Credit Apply Now! Up to 40% off related books from Amazon.com Other Neighborhoods Great GeoShops Get a Virtual Office Explore The Suburbs: Choose a suburb Petsburgh Farm Zoo Yahoo: Pets Search: GeoCities Petsburgh Password: Kids & the Internet Home Help Info • Family • Home & Living Join This Neighborhood today! It's Free. Hood Happenings Petsburgh Chat | Petsburgh Forum Celebrate Valentine's Day with GeoCities! You can send your sweetie a card, take our Trivial Trivia Quiz or see what's going on in other Neighborhoods at Lovers Lane ! Surf the Net with Networds - Create Free Networds for every GeoCities and Internet location you visit. They will be available instantly to everyone on the Net. Use Networds and share them with others. The Petsburgh Service Award honors the Petsburgh homesteaders whose sites introduce us to outstanding animals who work for humanity - search and rescue, police work, therapy animals, guide dogs, hearing assistance, and more. Getting Involved Community Leaders If you need GeoCities help or want to get more involved in your neighborhood, these are the people to ask. Blueprint We've created a zine to help you build better home pages. Check in every month for lots of tips and tricks! Landmark Sites Places to stop when you're surfing that info superhighway known as GeoCities. Landmarks are sites we consider the best of the best. [Join] [Help] [Info] [Home] [Avenues] [Neighborhoods] [Members] [Shopping Center] [Search] © 1995 - 1999 GeoCities. All rights reserved",wayback
wayback_http://www.geocities.com:80/Petsburgh/,"GeoCities - Petsburgh

GeoCities - Petsburgh Visit Surplus Auction $5.00 off music at CDnow! Instant Credit Apply Now! Up to 40% off related books from Amazon.com Other Neighborhoods Great GeoShops Get a Virtual Office Explore The Suburbs: Choose a suburb Petsburgh Farm Zoo Yahoo: Pets Search: GeoCities Petsburgh Password: Kids & the Internet Home Help Info • Family • Home & Living Join This Neighborhood today! It's Free. Hood Happenings Petsburgh Chat | Petsburgh Forum Celebrate Valentine's Day with GeoCities! You can send your sweetie a card, take our Trivial Trivia Quiz or see what's going on in other Neighborhoods at Lovers Lane ! Surf the Net with Networds - Create Free Networds for every GeoCities and Internet location you visit. They will be available instantly to everyone on the Net. Use Networds and share them with others. Find the Featured Pages that grace our Petsburgh Community here at the Petsburgh Hall of fame . Let us know if you have moved your Featured Page to Petsburgh! Getting Involved Community Leaders If you need GeoCities help or want to get more involved in your neighborhood, these are the people to ask. Blueprint We've created a zine to help you build better home pages. Check in every month for lots of tips and tricks! Landmark Sites Places to stop when you're surfing that info superhighway known as GeoCities. Landmarks are sites we consider the best of the best. [Join] [Help] [Info] [Home] [Avenues] [Neighborhoods] [Members] [Shopping Center] [Search] © 1995 - 1999 GeoCities. All rights reserved",wayback
wayback_http://www7.geocities.com:80/Petsburgh/,"GeoCities - Petsburgh

GeoCities - Petsburgh $5.00 off music at CDnow! Instant Credit Apply Now! Up to 40% off related books from Amazon.com Visit Surplus Auction Other Neighborhoods Great GeoShops Get a Virtual Office Explore The Suburbs: Choose a suburb Petsburgh Farm Zoo Yahoo: Pets Search: GeoCities Petsburgh Password: Kids & the Internet Home Help Info • Family • Home & Living Join This Neighborhood today! It's Free. Hood Happenings Petsburgh Chat | Petsburgh Forum Celebrate Valentine's Day with GeoCities! You can send your sweetie a card, take our Trivial Trivia Quiz or see what's going on in other Neighborhoods at Lovers Lane ! Surf the Net with Networds - Create Free Networds for every GeoCities and Internet location you visit. They will be available instantly to everyone on the Net. Use Networds and share them with others. Visit Petsburgh Station for timely Petsburgh community news and information. Getting Involved Community Leaders If you need GeoCities help or want to get more involved in your neighborhood, these are the people to ask. Blueprint We've created a zine to help you build better home pages. Check in every month for lots of tips and tricks! Landmark Sites Places to stop when you're surfing that info superhighway known as GeoCities. Landmarks are sites we consider the best of the best. [Join] [Help] [Info] [Home] [Avenues] [Neighborhoods] [Members] [Shopping Center] [Search] © 1995 - 1999 GeoCities. All rights reserved",wayback
wayback_http://www1.geocities.com:80/Petsburgh/,"GeoCities - Petsburgh

GeoCities - Petsburgh Up to 40% off related books from Amazon.com Visit Surplus Auction $5.00 off music at CDnow! Instant Credit Apply Now! Other Neighborhoods Great GeoShops Get a Virtual Office Explore The Suburbs: Choose a suburb Petsburgh Farm Zoo Yahoo: Pets Search: GeoCities Petsburgh Password: Kids & the Internet Home Help Info • Family • Home & Living Join This Neighborhood today! It's Free. Hood Happenings Petsburgh Chat | Petsburgh Forum Celebrate Valentine's Day with GeoCities! You can send your sweetie a card, take our Trivial Trivia Quiz or see what's going on in other Neighborhoods at Lovers Lane ! Surf the Net with Networds - Create Free Networds for every GeoCities and Internet location you visit. They will be available instantly to everyone on the Net. Use Networds and share them with others. Visit Petsburgh Station for timely Petsburgh community news and information. Getting Involved Community Leaders If you need GeoCities help or want to get more involved in your neighborhood, these are the people to ask. Blueprint We've created a zine to help you build better home pages. Check in every month for lots of tips and tricks! Landmark Sites Places to stop when you're surfing that info superhighway known as GeoCities. Landmarks are sites we consider the best of the best. [Join] [Help] [Info] [Home] [Avenues] [Neighborhoods] [Members] [Shopping Center] [Search] © 1995 - 1999 GeoCities. All rights reserved",wayback
wayback_http://www16.geocities.com:80/Petsburgh/,"GeoCities - Petsburgh

GeoCities - Petsburgh Up to 40% off related books from Amazon.com Visit Surplus Auction $5.00 off music at CDnow! Instant Credit Apply Now! Other Neighborhoods Great GeoShops Get a Virtual Office Explore The Suburbs: Choose a suburb Petsburgh Farm Zoo Yahoo: Pets Search: GeoCities Petsburgh Password: Kids & the Internet Home Help Info • Family • Home & Living Join This Neighborhood today! It's Free. Hood Happenings Petsburgh Chat | Petsburgh Forum Celebrate Valentine's Day with GeoCities! You can send your sweetie a card, take our Trivial Trivia Quiz or see what's going on in other Neighborhoods at Lovers Lane ! Surf the Net with Networds - Create Free Networds for every GeoCities and Internet location you visit. They will be available instantly to everyone on the Net. Use Networds and share them with others. Do you have a great pet site in Petsburgh? Will yours be the next site of the week ? Come find out! Getting Involved Community Leaders If you need GeoCities help or want to get more involved in your neighborhood, these are the people to ask. Blueprint We've created a zine to help you build better home pages. Check in every month for lots of tips and tricks! Landmark Sites Places to stop when you're surfing that info superhighway known as GeoCities. Landmarks are sites we consider the best of the best. [Join] [Help] [Info] [Home] [Avenues] [Neighborhoods] [Members] [Shopping Center] [Search] © 1995 - 1999 GeoCities. All rights reserved",wayback
wayback_http://www12.geocities.com:80/Petsburgh/,"GeoCities - Petsburgh

GeoCities - Petsburgh Visit Surplus Auction $5.00 off music at CDnow! Instant Credit Apply Now! Up to 40% off related books from Amazon.com Other Neighborhoods Great GeoShops Get a Virtual Office Explore The Suburbs: Choose a suburb Petsburgh Farm Zoo Yahoo: Pets Search: GeoCities Petsburgh Password: Kids & the Internet Home Help Info • Family • Home & Living Join This Neighborhood today! It's Free. Hood Happenings Petsburgh Chat | Petsburgh Forum Celebrate Valentine's Day with GeoCities! You can send your sweetie a card, take our Trivial Trivia Quiz or see what's going on in other Neighborhoods at Lovers Lane ! Surf the Net with Networds - Create Free Networds for every GeoCities and Internet location you visit. They will be available instantly to everyone on the Net. Use Networds and share them with others. Would you like to get involved in our brand new community? We're actively recruiting Community Leaders to help homesteaders and participate in awards committees, chat, forums and more! Visit our application page today. Getting Involved Community Leaders If you need GeoCities help or want to get more involved in your neighborhood, these are the people to ask. Blueprint We've created a zine to help you build better home pages. Check in every month for lots of tips and tricks! Landmark Sites Places to stop when you're surfing that info superhighway known as GeoCities. Landmarks are sites we consider the best of the best. [Join] [Help] [Info] [Home] [Avenues] [Neighborhoods] [Members] [Shopping Center] [Search] © 1995 - 1999 GeoCities. All rights reserved",wayback
wayback_http://geocities.com:80/Petsburgh/?,"Yahoo! GeoCities - Petsburgh

Yahoo! GeoCities - Petsburgh Yahoo! Home Help Free Home Pages! Get your own free home page today In Our Neighborhoods Community Leaders World Report Landmark Sites Other Neighborhoods Search Yahoo! GeoCities Petsburgh Yahoo! Resources Yahoo! Clubs Yahoo! Pets Explore the Suburbs Choose a suburb Petsburgh Petsburgh/Fair Petsburgh/Farm Petsburgh/Haven Petsburgh/Park Petsburgh/Zoo Hood Happenings Petsburgh Chat | Petsburgh Message Boards Are you a Petsburgh resident, new to HTML and having trouble? Don't lose hope! Our Angels can help you! The Petsburgh Pride Award is an award voted on by Petsburgh homesteaders. Submit your site and vote for this week's nominees today! Copyright © 1994-1999 Yahoo! Inc. All rights reserved. Help Privacy Policy Terms of Service Legal Disclaimers",wayback
wayback_http://www.geocities.com:80/Petsburgh/1000/,"Petsburgh Station

Petsburgh Station WELCOME TO THE PETSBURGH STATION! J oin the team! Got a little extra time on your hands? Petsburgh is in need of some dedicated pet lovers who would like to be an example to other homesteaders in Petsburgh and act as liaison between their neighbors & GeoCities? Being a CL (Community Leader) in Petsburgh is very rewarding as you help homesteaders build their new homes on the web, make great new friends, have good times and more email than you've ever dreamed!! You will receive an extra meg of disk space and after six months as a CL, receive your GeoPlus membership for free!! Click on banner for more information. HELPFUL HOMESTEADERS WANTED! You can be a part of this elite committee..you do not have to be a Community Leader to join This program is for Petsburgh homesteaders who are new to web page designing and HTML. The scope of this program goes far beyond the normal duties of a Community Leader. You can receive daily one-on-one help from your Angel that will allow you to have a page on Geocities in no time! Our Angels love to help, so don't be shy about asking them to help you. Your Angel will stay with you until you feel confident with your new abilities. PETSBURGH CRITIQUE & REVIEW COMMITTEE This committee is comprised of trained Community Leaders who will visit your site, at your request only, look it over and offer helpful suggestions to make it among the BEST in Petsburgh. This committee is not designed to help build initial web sites...the ANGELS help with that....this committee comes in when site is done or nearly done to help you ""fine tune"" and get it JUST RIGHT! Visit their page and submit your site to be reviewed! HOMESTEADER FORUMS General Forums Lots of topics..dogs,cats,horses,fish, birds, reptiles,etc. Get involved with any or all of the discussions! Log-in with your membername and scroll down to Petsburgh! List your pet site..in categories for easy surfing! The most comprehensive listing in the neighborhood! THE PETSBURGH POST and Celebrate special occassions with the PETSBURGH PARTY!! Lots of contests, special activities and more! DO YOU LOVE AWARDS & CONTESTS??? Awards & Contests Visit this page to see all the NEW & EXCITING Awards and Contests we have going on in Petsburgh! PETSBURGH RAINBOW BRIDGE LIST Visit here if you would like to participate in this special project in memory of your beloved friends at the Bridge. PETSBURGH CONTEST WINNERS! HOMESTEADERS-JOIN THIS COMMITTEE Once a month, the weekly winners are voted on by a committee of homesteaders and Community Leaders! If you can make a committment to vote each month contact the Committee Chair for details and openings. Meet the WINNERS of the PET SITE OF THE WEEK Competition February 8 through February 12 SLINKY'S WORLD February 8 through February 12 THE SPENCER FAMILY JAN.PET SITE OF THE MONTH WINNER! DOGGIE DOOS-HUSKERS WORLD CONGRATULATIONS!!!! PET SITE OF THE YEAR!!! MUCH ADO ABOUT CATS BIG CONGRATS! A TERRIFIC HONOR! Congrats to the WINNERS for th",wayback
wayback_http://www.geocities.com:80/petsburgh/1000/,"Pet Station

Pet Station J oin the team! ALL ABOARD!! We are very PROUD of Petsburgh! We have a team of very dedicated pet lovers who are eager to help and possess the skills to do about anything a homesteader could need! YOU are invited to join us. It is fun and rewarding, what are you waiting for? Come on get on board! A decision was made by the Petsburgh Liaisons and Community Leaders to expand the Petsburgh community from Yahoo!GeoCities to other web servers. Just as the various Petsburgh contests were opened to other areas of Yahoo!GeoCities, now the Petsburgh Community Leaders are being recruited from multiple web servers. The only requirement to join Petsburgh is a love of pets, not a web site on Yahoo!GeoCities Why does one become a Petsburgh Volunteer and what are the rewards? Read our page and see why some of our homesteaders became CL's and what it has meant to them! TEAM TALK Visit Petsburgh's Leaders Click on the graphic below WHAT PETSBURGH HAS FOR OUR HOMESTEADERS! Each suburb in Petsburgh has a Community Center where you can find help for webpage building, ask your questions, and get just about any assistance you might need. Find the Community Center for the suburb where you reside and pay a visit! Lots of links, fun things, awards and more. *****Something NEW for the kids***** Kids! Click on the link below for some fun games and learn how you can help pets CLUBS/MESSAGE BOARDS & WEBRINGS Member of the old Petsburgh Post Webring? Something New! LINK TO US AT PETSBURGH STATION If you enjoy visiting the Petsburgh Station or if you are a Petsburgh Volunteer, please place a link to us on your main home page so others can find us! We would appreciate it very much. Link to: http://committees.topcities.com/station MORE STATION LOGOS Need help with that Holiday page? Check out these Graphics Links ! Contact Petsburgh Liaisons Send an EMAIL CONTESTS DISCLAIMER Information collected from entries in contests listed here will be used by Petsburgh Committees solely for the purposes of conducting these contests, awarding of prizes, and announcing the winners of those prizes. You must be 13 years of age or older to be eligible for this contest. These contests are sponsored solely by Petsburgh Committees. If you have any questions, please contact the Committee Chairpersons or the Petsburgh Liaison s Some Graphics By Threads of Fate Some Graphics By Becki's Garden of Graphics Some Graphics By CatStuff Site maintained by the Petsburgh Liaisons All Contents Copyright © 1998, 1999, 2000 , 2001 All Rights Reserved",wayback
wayback_http://www.geocities.com:80/Petsburgh/1000/applications.html,"Petsburgh Team Application

Petsburgh Team Application Petsburgh Team Application Please complete this form. Click on Submit when finished. Your name: Email address: Your Website URL: Date of Birth What Committees would you like to join? Butterfly Garden Contest Blue Ribbon PETitions Graphics Committee Stationary Committee Petsburgh Library Care Committee Petsburgh Gazette Pet Post Tell us something about yourself and your pets? Please list any other online groups you are or have been a member of. If you left them, please tell us why. Why do you want to join Petsburgh? What new ideas do you have for Petsburgh? Thank you for your interest in Petsburgh. We will contact you within a week.",wayback
wayback_http://www5.geocities.com:80/Petsburgh/1000/apply.html,"CL Application

CL Application All fields must be filled out. Incomplete Community Leader applications will be discarded without reply. Your name (what you want us to call you) GeoCities Member Name: Please use your member name that you applied for your Petsburgh site. The CL data base will reject member names that are not correct or used by existing CLs from another neighborhood. Preferred E-Mail Address: You will need to get a different email address for your CL work. Check out our Free Email listing for more info. It is preferred but not required that you do not use your ISP address. Neighborhood: (Pull down to select correct suburb your Petsburgh site resides) --Choose One-- Petsburgh Petsburgh/Farm Petsburgh/Zoo Address: Place the last digits of your sites url (Sample 1001) ICQ UIN (if you have one): Please enter a short bio of yourself. This will be used on the Petsburgh Leader Page if you are chosen as a leader. Write it exactly as you want it shown to geocities homesteaders on the Leader web page. It must be no more than 200 characters...anything longer will be edited and not necessarily the way you'd prefer. (REQUIRED) If you are a new applicant place (NEW). Active and new CLs applying for Petsburgh must have an active Petsburgh site. Cls that are active in more than one other neighborhood can not be accepted.(Please place the neighborhood you are active in.) How much online time do you have to devote to Petsburgh? Are you under 18? No Yes Petsburgh Under the current Geocities policy, we must have parental consent for anyone under the age of 18. Please have your parents send their permission to Bev within 24 hours of submitting your application. If we do not receive parental consent, your application will automatically be terminated. We can not accept a CL application at all from anyone under the age of 13. What does ""leadership"" mean to you? List your technical strengths: List your interpersonal strengths: What is your motivation for wanting to be Community Leader? What does the Petsburgh Community mean to you? What ideas do you have for a committee or special project for Petsburg? Other Comments Important! Please check carefully before submitting your application, make sure your page follows GeoGuide lines completely!. I have reviewed the GeoCities Page Content Guidelines and my site complies with them in all aspects. The following information will be used only for setting up training. It will not be used for evaluating your application. To better match up a mentor for your training, let us know what hours you are generally online. Most CL's are in the U.S., if you live in another country, tell us that also so we can adjust the times.(example: afternoons, nights, no weekends, live in UK, etc.) Please Read This Disclaimer before You Submit. Remember, being a Community Leader is an important responsibility. Children under 13 are not permitted to apply. The personal information you will be providing is being sent to and collected by a volunteer, a Commun",wayback
wayback_http://www7.geocities.com:80/Petsburgh/1000/apply.html,"CL Application

CL Application All fields must be filled out. Incomplete Community Leader applications will be discarded without reply. Your name (what you want us to call you) GeoCities Member Name: Please use your member name that you applied for your Petsburgh site. The CL data base will reject member names that are not correct or used by existing CLs from another neighborhood. Preferred E-Mail Address: You will need to get a different email address for your CL work. Check out our Free Email listing for more info. It is preferred but not required that you do not use your ISP address. Neighborhood: (Pull down to select correct suburb your Petsburgh site resides) --Choose One-- Petsburgh Petsburgh/Farm Petsburgh/Zoo Address: Place the last digits of your sites url (Sample 1001) ICQ UIN (if you have one): Please enter a short bio of yourself. This will be used on the Petsburgh Leader Page if you are chosen as a leader. Write it exactly as you want it shown to geocities homesteaders on the Leader web page. It must be no more than 200 characters...anything longer will be edited and not necessarily the way you'd prefer. (REQUIRED) If you are a new applicant place (NEW). Active and new CLs applying for Petsburgh must have an active Petsburgh site. Cls that are active in more than one other neighborhood can not be accepted.(Please place the neighborhood you are active in.) How much online time do you have to devote to Petsburgh? Are you under 18? No Yes Petsburgh Under the current Geocities policy, we must have parental consent for anyone under the age of 18. Please have your parents send their permission to Bev within 24 hours of submitting your application. If we do not receive parental consent, your application will automatically be terminated. We can not accept a CL application at all from anyone under the age of 13. What does ""leadership"" mean to you? List your technical strengths: List your interpersonal strengths: What is your motivation for wanting to be Community Leader? What does the Petsburgh Community mean to you? What ideas do you have for a committee or special project for Petsburg? Other Comments Important! Please check carefully before submitting your application, make sure your page follows GeoGuide lines completely!. I have reviewed the GeoCities Page Content Guidelines and my site complies with them in all aspects. The following information will be used only for setting up training. It will not be used for evaluating your application. To better match up a mentor for your training, let us know what hours you are generally online. Most CL's are in the U.S., if you live in another country, tell us that also so we can adjust the times.(example: afternoons, nights, no weekends, live in UK, etc.) Please Read This Disclaimer before You Submit. Remember, being a Community Leader is an important responsibility. Children under 13 are not permitted to apply. The personal information you will be providing is being sent to and collected by a volunteer, a Commun",wayback
wayback_http://www.geocities.com:80/Petsburgh/1000/apply.html,"CL Application

CL Application All fields must be filled out. Incomplete Community Leader applications will be discarded without reply. Your name (what you want us to call you) GeoCities Member Name: Please use your member name that you applied for your Petsburgh site. The CL data base will reject member names that are not correct or used by existing CLs from another neighborhood. Preferred E-Mail Address: You will need to get a different email address for your CL work. Check out our Free Email listing for more info. It is preferred but not required that you do not use your ISP address. Neighborhood: (Pull down to select correct suburb your Petsburgh site resides) --Choose One-- Petsburgh Petsburgh/Farm Petsburgh/Zoo Petsburgh/Haven Petsburgh/Park Petsburgh/Fair Address: Place the last digits of your sites url (Sample 1001) ICQ UIN (if you have one): (BIO) Please enter a short bio of yourself. This will be used on the Petsburgh Leader Page if you are chosen as a leader. Write it exactly as you want it shown to geocities homesteaders on the Leader web page. It must be no more than 200 characters...anything longer will be edited and not necessarily the way you'd prefer. (REQUIRED) If you are a new applicant place (NEW). Active and new CLs applying for Petsburgh must have an active Petsburgh site. Cls that are active in more than one other neighborhood can not be accepted.(Please place the neighborhood you are active in.) How much online time do you have to devote to Petsburgh? Are you under 18? No Yes Petsburgh Under the current Geocities policy, we must have parental consent for anyone under the age of 18. Please have your parents send their permission to Lyn within 24 hours of submitting your application. If we do not receive parental consent, your application will automatically be terminated. We can not accept a CL application at all from anyone under the age of 13. What does ""leadership"" mean to you? List your technical strengths: List your interpersonal strengths: What is your motivation for wanting to be Community Leader? What does the Petsburgh Community mean to you? What ideas do you have for a committee or special project for Petsburg? Other Comments Important! Please check carefully before submitting your application, make sure your page follows GeoGuide lines completely!. I have reviewed the GeoCities Page Content Guidelines and my site complies with them in all aspects. The following information will be used only for setting up training. It will not be used for evaluating your application. To better match up a mentor for your training, let us know what hours you are generally online. Most CL's are in the U.S., if you live in another country, tell us that also so we can adjust the times.(example: afternoons, nights, no weekends, live in UK, etc.) Please Read This Disclaimer before You Submit. Remember, being a Community Leader is an important responsibility. Children under 13 are not permitted to apply. The personal information you will be providing is",wayback
wayback_http://www1.geocities.com:80/Petsburgh/1000/applyinfo.html,"Petsburgh Leaders Guide

Petsburgh Leaders Guide Petsburgh Community Leader Application Serving Petsburgh and all of its suburbs Thank you for your interest in the Petsburgh Community Leader Program. The CL job can be very rewarding as you help homesteaders build their new homes on the web. This page is designed to answer many of your questions about being a CL. Once you are sure you would like to apply, you can fill out the application. Here are the answers to some questions you may have. What will I do as a CL? Serve as an example to other homesteaders. This includes having good home pages that fit the Petsburgh theme with no content violations, and having a ""developed"" page. This means it should have at least two sub pages. Monitor specific blocks in your neighborhood (as specified by the Liaison). You'll be looking for great sites and those pages that don't meet the content guidelines, which you will tell Geocities about so they can contact the owners or remove them if necessary; and content that doesn't match the theme of the Petsburgh neighborhood. Act as a liaison between your neighbors and Geocities. Your member name and e-mail address will be posted in a prominent place within the neighborhood so everyone will know who to contact if they have questions or problems. We encourage members to think of you as their primary resource, for everything from HTML problems to content guidelines to neighborhood themes. Some leaders may get 10 and 20 messages a day, sometimes more and most of the time less. Keep your own home page fresh and lively. If we're holding you out as leaders of the community, your own site should be a showcase. It doesn't have to be completely whiz-bang (although your fellow Community Leaders may be able to help you spice it up), but it should be updated at least once a week. It absolutely MUST conform to Geocities content guidelines and to the theme of your neighborhood. If it doesn't, your application will be automatically rejected. Recruit and nominate new Community Leaders by referring those who you think qualify to the Community Leader Application. You will also be asked to vote on applicants. You will be responsible for communicating with your fellow community leaders via email regarding Petsburgh Business. Although not mandatory, your presence is encouraged at the Petsburgh CL meetings held weekly and will help us ensure that Petsburgh is running efficiently. In addition, please notify your Liaison when any change in your email, URL, or committee work occurs. Probably some other things we haven't thought of yet, but we'll let you know when we do. What are the requirements of being a CL? Be an established homesteader in the Petsburgh community. Good HTML knowledge. We will not be able to train you on HTML and you will be answering a lot of HTML questions. Familiar with GeoCities utilities. Complete compliance with the Content Guidelines. We strongly urge you to have the GeoGuide on at least your index.html page. Willingness to help. Good commun",wayback
wayback_http://www5.geocities.com:80/Petsburgh/1000/applyinfo.html,"Petsburgh Leaders Guide

Petsburgh Leaders Guide Petsburgh Community Leader Application Serving Petsburgh and all of its suburbs Thank you for your interest in the Petsburgh Community Leader Program. The CL job can be very rewarding as you help homesteaders build their new homes on the web. This page is designed to answer many of your questions about being a CL. Once you are sure you would like to apply, you can fill out the application. Here are the answers to some questions you may have. What will I do as a CL? Serve as an example to other homesteaders. This includes having good home pages that fit the Petsburgh theme with no content violations, and having a ""developed"" page. This means it should have at least two sub pages. Monitor specific blocks in your neighborhood (as specified by the Liaison). You'll be looking for great sites and those pages that don't meet the content guidelines, which you will tell Geocities about so they can contact the owners or remove them if necessary; and content that doesn't match the theme of the Petsburgh neighborhood. Act as a liaison between your neighbors and Geocities. Your member name and e-mail address will be posted in a prominent place within the neighborhood so everyone will know who to contact if they have questions or problems. We encourage members to think of you as their primary resource, for everything from HTML problems to content guidelines to neighborhood themes. Some leaders may get 10 and 20 messages a day, sometimes more and most of the time less. Keep your own home page fresh and lively. If we're holding you out as leaders of the community, your own site should be a showcase. It doesn't have to be completely whiz-bang (although your fellow Community Leaders may be able to help you spice it up), but it should be updated at least once a week. It absolutely MUST conform to Geocities content guidelines and to the theme of your neighborhood. If it doesn't, your application will be automatically rejected. Recruit and nominate new Community Leaders by referring those who you think qualify to the Community Leader Application. You will also be asked to vote on applicants. You will be responsible for communicating with your fellow community leaders via email regarding Petsburgh Business. Although not mandatory, your presence is encouraged at the Petsburgh CL meetings held weekly and will help us ensure that Petsburgh is running efficiently. In addition, please notify your Liaison when any change in your email, URL, or committee work occurs. Probably some other things we haven't thought of yet, but we'll let you know when we do. What are the requirements of being a CL? Be an established homesteader in the Petsburgh community. Good HTML knowledge. We will not be able to train you on HTML and you will be answering a lot of HTML questions. Familiar with GeoCities utilities. Complete compliance with the Content Guidelines. We strongly urge you to have the GeoGuide on at least your index.html page. Willingness to help. Good commun",wayback
wayback_http://www12.geocities.com:80/Petsburgh/1000/applyinfo.html,"Petsburgh Leaders Guide

Petsburgh Leaders Guide Petsburgh Community Leader Application Serving Petsburgh and all of its suburbs Thank you for your interest in the Petsburgh Community Leader Program. The CL job can be very rewarding as you help homesteaders build their new homes on the web. This page is designed to answer many of your questions about being a CL. Once you are sure you would like to apply, you can fill out the application. Here are the answers to some questions you may have. What will I do as a CL? Serve as an example to other homesteaders. This includes having good home pages that fit the Petsburgh theme with no content violations, and having a ""developed"" page. This means it should have at least two sub pages. Monitor specific blocks in your neighborhood (as specified by the Liaison). You'll be looking for great sites and those pages that don't meet the content guidelines, which you will tell Geocities about so they can contact the owners or remove them if necessary; and content that doesn't match the theme of the Petsburgh neighborhood. Act as a liaison between your neighbors and Geocities. Your member name and e-mail address will be posted in a prominent place within the neighborhood so everyone will know who to contact if they have questions or problems. We encourage members to think of you as their primary resource, for everything from HTML problems to content guidelines to neighborhood themes. Some leaders may get 10 and 20 messages a day, sometimes more and most of the time less. Keep your own home page fresh and lively. If we're holding you out as leaders of the community, your own site should be a showcase. It doesn't have to be completely whiz-bang (although your fellow Community Leaders may be able to help you spice it up), but it should be updated at least once a week. It absolutely MUST conform to Geocities content guidelines and to the theme of your neighborhood. If it doesn't, your application will be automatically rejected. Recruit and nominate new Community Leaders by referring those who you think qualify to the Community Leader Application. You will also be asked to vote on applicants. You will be responsible for communicating with your fellow community leaders via email regarding Petsburgh Business. Although not mandatory, your presence is encouraged at the Petsburgh CL meetings held weekly and will help us ensure that Petsburgh is running efficiently. In addition, please notify your Liaison when any change in your email, URL, or committee work occurs. Probably some other things we haven't thought of yet, but we'll let you know when we do. What are the requirements of being a CL? Be an established homesteader in the Petsburgh community. Good HTML knowledge. We will not be able to train you on HTML and you will be answering a lot of HTML questions. Familiar with GeoCities utilities. Complete compliance with the Content Guidelines. We strongly urge you to have the GeoGuide on at least your index.html page. Willingness to help. Good commun",wayback
wayback_http://www.geocities.com:80/Petsburgh/1000/applyinfo.html,"Petsburgh Leaders Guide

Petsburgh Leaders Guide Petsburgh Community Leader Application Serving Petsburgh and all of its suburbs Thank you for your interest in the Petsburgh Community Leader Program. The CL job can be very rewarding as you help homesteaders build their new homes on the web. This page is designed to answer many of your questions about being a CL. Once you are sure you would like to apply, you can fill out the application. Here are the answers to some questions you may have. What will I do as a CL? Serve as an example to other homesteaders. This includes having good home pages that fit the Petsburgh theme with no content violations, and having a ""developed"" page. This means it should have at least two sub pages. Monitor specific blocks in your neighborhood (as specified by the Liaison). You'll be looking for great sites and those pages that don't meet the content guidelines, which you will tell Geocities about so they can contact the owners or remove them if necessary; and content that doesn't match the theme of the Petsburgh neighborhood. Act as a liaison between your neighbors and Geocities. Your member name and e-mail address will be posted in a prominent place within the neighborhood so everyone will know who to contact if they have questions or problems. We encourage members to think of you as their primary resource, for everything from HTML problems to content guidelines to neighborhood themes. Some leaders may get 10 and 20 messages a day, sometimes more and most of the time less. Keep your own home page fresh and lively. If we're holding you out as leaders of the community, your own site should be a showcase. It doesn't have to be completely whiz-bang (although your fellow Community Leaders may be able to help you spice it up), but it should be updated at least once a week. It absolutely MUST conform to Geocities content guidelines and to the theme of your neighborhood. If it doesn't, your application will be automatically rejected. Recruit and nominate new Community Leaders by referring those who you think qualify to the Community Leader Application. You will also be asked to vote on applicants. You will be responsible for communicating with your fellow community leaders via email regarding Petsburgh Business. Although not mandatory, your presence is encouraged at the Petsburgh CL meetings held weekly and will help us ensure that Petsburgh is running efficiently. In addition, please notify your Liaison when any change in your email, URL, or committee work occurs. Probably some other things we haven't thought of yet, but we'll let you know when we do. What are the requirements of being a CL? Be an established homesteader in the Petsburgh community. Good HTML knowledge. We will not be able to train you on HTML and you will be answering a lot of HTML questions. Familiar with GeoCities utilities. Complete compliance with the Content Guidelines. We strongly urge you to have the GeoGuide on at least your index.html page. Willingness to help. Good commun",wayback
wayback_http://www7.geocities.com:80/Petsburgh/1000/applyinfo.html,"Petsburgh Leaders Guide

Petsburgh Leaders Guide Petsburgh Community Leader Application Serving Petsburgh and all of its suburbs Thank you for your interest in the Petsburgh Community Leader Program. The CL job can be very rewarding as you help homesteaders build their new homes on the web. This page is designed to answer many of your questions about being a CL. Once you are sure you would like to apply, you can fill out the application. Here are the answers to some questions you may have. What will I do as a CL? Serve as an example to other homesteaders. This includes having good home pages that fit the Petsburgh theme with no content violations, and having a ""developed"" page. This means it should have at least two sub pages. Monitor specific blocks in your neighborhood (as specified by the Liaison). You'll be looking for great sites and those pages that don't meet the content guidelines, which you will tell Geocities about so they can contact the owners or remove them if necessary; and content that doesn't match the theme of the Petsburgh neighborhood. Act as a liaison between your neighbors and Geocities. Your member name and e-mail address will be posted in a prominent place within the neighborhood so everyone will know who to contact if they have questions or problems. We encourage members to think of you as their primary resource, for everything from HTML problems to content guidelines to neighborhood themes. Some leaders may get 10 and 20 messages a day, sometimes more and most of the time less. Keep your own home page fresh and lively. If we're holding you out as leaders of the community, your own site should be a showcase. It doesn't have to be completely whiz-bang (although your fellow Community Leaders may be able to help you spice it up), but it should be updated at least once a week. It absolutely MUST conform to Geocities content guidelines and to the theme of your neighborhood. If it doesn't, your application will be automatically rejected. Recruit and nominate new Community Leaders by referring those who you think qualify to the Community Leader Application. You will also be asked to vote on applicants. You will be responsible for communicating with your fellow community leaders via email regarding Petsburgh Business. Although not mandatory, your presence is encouraged at the Petsburgh CL meetings held weekly and will help us ensure that Petsburgh is running efficiently. In addition, please notify your Liaison when any change in your email, URL, or committee work occurs. Probably some other things we haven't thought of yet, but we'll let you know when we do. What are the requirements of being a CL? Be an established homesteader in the Petsburgh community. Good HTML knowledge. We will not be able to train you on HTML and you will be answering a lot of HTML questions. Familiar with GeoCities utilities. Complete compliance with the Content Guidelines. We strongly urge you to have the GeoGuide on at least your index.html page. Willingness to help. Good commun",wayback
wayback_http://www.geocities.com:80/Petsburgh/1000/awards.html,"Petsburgh Leaders Guide

Petsburgh Leaders Guide HAPPY ONE YEAR BIRTHDAY PETSBURGH!!! One year old on September 11, 1999 AWARDS, CONTESTS & FUN STUFF! PETSBURGH PARTY!! ALWAYS NEW THINGS AT THE PARTY! Submit your pet's birthday! Enter Pet of the Month!! and Seasonal things too! Petsburgh Graphics Committee Visit for backgrounds, etc for your website! THE PETSBURGH POST Homesteaders...submit your site to the Petsburgh Post where it will be listed by categories! Dogs-Cats-Horses-Birds & many more! Makes surfing your favorites so EASY! The Furkids Western Adventure CHAPTER FIVE is now READY! The history of Colorado comes to life as real pets of Petsburgh portray characters from the wild, wild West! Written by Boomer J. Foxworthy, the BassBeag! Petsburgh Rainbow Bridge Dedicated to our babies who wait for us! Join the webring too! For the International community, visit our newest committee dedicated to celebrations, holidays, and animals from around the world. If you have a Geocities website featuring the special events in your country visit our committee site and submit it for inclusion! Not for PERSONAL pet pages, please! Read the Petsburgh Gazette today! Click on LOGO and see the wonderful articles waiting for you, including: a Trivia Contest, Poetry Corner, Book Reviews, Current Affairs concerning our Pets, and MORE, MORE, MORE! Pay us a visit and see! Spotlight On CL's Petsburgh Country Kitchen Pet Site Of The Week This committee will select sites to compete each week and our Petsburgh CL's will vote for the best one! There will then be a Pet Site Of The Month from the weekly winners and an annual Pet Site Of The Year vote. Click on the Blue Ribbon to enter Sites entered will be placed in categories with a once-per-week vote by Petsburgh Community Leaders!! Hurry over and enter your site...beautiful awards for many different types of pets!! Petsburgh PETZ Website/Webring/Showring Bring your adopted CATZ,DOGZ & PETZ to our ShowRing for fun contests, a new webring and lots of fun and exciting things to come! Pride of Petsburgh Contest Enter your pet site in this weekly contest and YOU, the homesteaders, vote for your favorite!! Beautiful awards...lots of fun! Treasure Chest Check here for the awards offered throughout Petsburgh and Geocities and for webrings from Petsburgh! Hall Of Fame Did you move your Featured Page to Petsburgh? Visit this site and submit your site for this Page of Honor!! Rescue Pet Award From the streets and shelters to the good life! This award honors rescued pets! Visit and apply! Petsburgh Service Award The Petsburgh Service Award honors the Petsburgh homesteaders whose sites introduce us to outstanding animals who work for man - search and rescue, police work, therapy animals, seeing eye dogs, hearing assistance, and more. Also honored are sites about those who perform outstanding service for our animal friends. CONTESTS DISCLAIMER Information collected from entries in contests listed here will be used by Petsburgh Committees solely for the purpo",wayback
wayback_http://www.geocities.com:80/Petsburgh/1000/clgrads.html,"Welcome New Petsburgh Community Leaders!!!

Welcome New Petsburgh Community Leaders!!! Hello, and Welcome New Petsburgh Community Leaders! It is so great to have you aboard our team! Here you will meet some of the Community Leaders that have made it through the CL Training. If you have graduated and your name isn't here, please let me know and I will add you. Please make sure you let me know exactly what date you graduated. Now that you have graduated, please stop by and pick up a CL graphic of your choice. CL Graphics Check below to make sure your Name and Graduation Date and web address are all correct! Retired And YOUR NAME could go on one of the blank certificates! C'mon and join us! For More Choices of Diplomas for your Web Pages, please click on the graduation cap! Feel free to use the above image on your page! I would like to remind you to use the Leaderguide . The leaderguide is there to get you around Petsburgh. And don't worry, all of us CL's use it! We can't remember everything and we make mistakes. So don't be shy, if you have a question and can't find the answer on the Leaderguide, give one of us a holler! And again CONGRATS!!",wayback
wayback_http://www.geocities.com:80/Petsburgh/1000/clpride.html,"Community Leader Pride

Community Leader Pride PETSBURGH CL'S ARE PROUD TO BE HERE! TEAM TALK!! From: Lisa - Petsburgh Liaison There is no better team to work with in the years I have been on the net, than Petsburgh personnel. There is no comparison to the camraderie I have found here, and there is no better feeling than getting that simple ""thank you"" from a homesteader you have helped along the way. This morning I was reminded of someone I helped when I worked with a committee here in Petsburgh....that homesteader just graduated into our family of CLs. She did a full circle and I'm so proud of her. But it's the special situations like this that remind me of just how important we are. Every one of us has a very important message to give to the homesteaders. We are HERE to help THEM. The enjoyment we get from their thanks is just an extra unexpected bonus for us. A pat on the back.... a warm fuzzy feeling. Think of the enthusiasm we have planted in that homesteader on the ladder of learning. THAT is why I enjoy being a Community Leader! Lisa aka birdbaby From SuSue - Petsburgh/Yard Co-Liaison I became a CL because I couldn't find one to help me!! When I first discovered the internet, I found a sign up page on Angelfire. I knew NOTHING about webpage design, not a bit of HTML code (what is that), and did not even know that there was life beyond Angelfire! I was naive to say the least! There was no one to turn to for help, there were no community leaders. They had a very complicated (in my opinion at the time) editor, but I managed to get one page done, with their equivilant of the basic editor. I still have that page. I have updated it once, but it is still ONE page! Its been there for 3 years! Not long after that I found somebody on Angelfire with a link to someone's sight on GeoCities! GeoCities? What is that? Off I went, well the rest is history, I never looked back! First I opened my site in Heartland. http://www.geocities.com/Heartland/Acres/2410 I made my sister open one there too! http://www.geocities.com/Heartland/Acres/2322 We AGONIZED over choosing where to put our sites! We are farm girls you see, and we wanted something that reflected our rural Washington upbringing. We don't have estates, or ranches, or prairies here! But AH HA! We have Acres!! Acres it was! Well neither of us knew diddly about making a home page, but we did know we wanted on! My sister was scared to death of her computer and the internet intimidated her righteously! So I opened her site, and mine. I forced myself to learn how to do this HTML stuff. And finally got a couple of decent pages up for both of us up! I visited other pages and I studied how pages were set up, and I emailed other homesteaders and made a general pest of myself learning how to do this! Our friends got wind of our sudden internet expertise (I use the term losely!) and they wanted a web page. Pretty soon, I had made lots of them and had gotten pretty good at this! I had still not HEARD from a CL! Then while out visiting",wayback
wayback_http://www.geocities.com:80/Petsburgh/1000/clpride2.html,"Community Leader Pride Page Two

Community Leader Pride Page Two PETSBURGH CL'S ARE PROUD TO BE HERE! TEAM TALK!! From: Ferd - Petsburgh Park Co-Liaison Haah, I've read what some people have said about why they became CLs, and I wanted to present the male engineer point of view. I didn't go through a painful learning process. My background is architecture, engineering, and computer science. I started back when the Internet was still the Arpanet (well, actually, I started in the days of punch cards and teletypes). I ran a mailing list for 15 years, taught programming at the local community college, and *part* of my job has often including being the system administrator for everything from a supermini to a couple of dozen UN*X workstations. I wrote my first web page about 4 years ago. At the time, the only browser was Mosaic and we used HTML 1.0. I like HTML because it is a markup language like TeX (I'm a local TeXpert). One of my hobbies is learning new computer languages, which is one reason why I learned HTML, Perl, and Java. I've even written programs in PostScript; it's not just for printers. Given that background, I decided to become a CL so I could enlighten the masses. That's not meant to be a snobby comment -- I want to help people get over the initial hump in the learning curve. The more people who know how to write good HTML, the more good pages I'll see. I didn't join to meet people; I've had net friends from British Columbia, England, and Australia, and I already get more email than I want. That's why I joined the C&R Committee instead of the Welcome Committee. I don't get much steader email, which I think is mostly because of the block I run. While it contains a few really good sites, it's about 70% NMIYs (yes, I've sent a welcome letter to everyone). I have helped a few people get started, and one person graduated from using GeoBuilder to writing HTML. OTOH, most of the questions I get are from other areas of Petsburgh. They all write back to thank me for helping or to ask more questions. My favorite is the one where the steader thanked me for answering her question nicely instead of saying something nasty (she had misread some instructions). Yeah, maybe I should have a page in Silicon Valley, but I don't want a site about writing HTML. (Maybe someday ....) I started in Heartland because I wanted to create a site about our horses and cats, then I moved to Petsburgh a few days after it opened. Heck, the reason we bought our first horse was so I'd get outside more. I knew almost nothing about horses, and I didn't even know you lead them on the left! HTML, yes; horses, no :-) Since then I've learned to ride and have raised a couple of foals. Lemme sum up this way -- I want to help new steaders learn HTML and good web page design the same way other people have taught me about horses. Regards, Ferd Petsburgh/Farm Community Leader From: ""Sue Williams (Siouxx)"" OK, I am rather new at being a CL. The reason I became a CL is because my friend Kerri (Mischief&Mom) told me I w",wayback
wayback_http://geocities.com:80/Petsburgh/1000/co_report.html,"Co-Liaison Report

Co-Liaison Report Monthly Co-Liaison Reports This form is to be used for monthly reports. Reports are due by the second or third day of each month. Please include in your report any problems you are having, CL email changes, resignations. What you have going on in your burb? Do not press return to move through these fields, use your tab key instead. Name: Email: Suburb: Choose Suburb Realm of Spoiled Pets Petsburgh/Victorian Pets Plus Petsburgh/Fair Petsburgh/Farm Petsburgh/GOOSE ROOST Petsburgh/Park Petsburgh/Reserve Petsburgh/Stable Petsburgh/Yard Guards Petsburgh/Cattery Please place CLs membername and the name they use before the reported changes so I will not have to do any searching. On resignations forward original email. Changes (include Email,URLs Etc.) CL resignations:(Forward original email) Any new projects or fun things in your suburb? ():O) Comments on things I should know about? Suggestions and idea's you may have. Check this box to have a copy of this form mailed to you when you push the Send button. Leaderguide Index",wayback
wayback_http://www.geocities.com:80/Petsburgh/1000/committees.html,"Petsburgh Committee Page

Petsburgh Committee Page FIND THE COMMITTEE FOR YOU! PETSBURGH HOLIDAY HAPPENINGS Chair - Lisa Co-Chair- Jarah The Petsburgh Holiday Happenings Committee is out there looking for beautifully decorated holiday pages to award. Each holiday will have it's own separate contest with several winners for each. There's a fine team working on this committee to offer lots of fun and decorations for each celebrated date. C'mon and decorate your pages and celebrate with us! Click on image to visit and join! Chair - Cuffie Co-Chair - Susan WE NEED ANGELS!! This program is for Petsburgh homesteaders who are new to web page designing and HTML. The scope of this program goes far beyond the normal duties of a Community Leader. Members offer daily one-on-one help to homesteaders that will allow them to have a page on Geocities in no time! Our Angels love to help! The Angel stays with the homesteader until they are confident with their new abilities. Editor/Chair- Barb Homesteader Helper Sharon Assistant Editor- Sue(niknich) Rainbow Bridge Editor- Sandi PETBSURGH POST COMMITTEE The Petsburgh Post lists pet sites by category for ease of surfing...you can quickly find the sites you like. Committee members review pages for possible violations of Content Guidelines. World of Festivals,Celebrations,Animals and Pets Send EMAIL to Ann-Committee Chair Join this committee to help with international sites in Geo that focus on celebrations, holidays and pets/animals around the world. We need Geocities websites featuring the special events from all over! Visit our committee site for more details! Chair: Email SuSue Read the Petsburgh Gazette today! Click on LOGO and see the wonderful articles featured including: a Trivia Contest, Poetry Corner, Book Reviews, Current Affairs concerning our Pets, and MORE, MORE, MORE! See how you can help! BLUE RIBBON PET AWARDS Chair - Lisa Co-Chair - ScorpiRose The Blue Ribbon Pet Awards Committee merged with the Petsburgh Post!! There are categories for winners just like at the Post and committee members vote on the best ones! Petsburgh CL Applications Committee Committee Leaders- Lyn (cat) Harvey Rick-(Liaison) The Petsburgh CL Applications Committee was formed to scan the sites of potential Community Leaders to insure that the sites conform to Geocities Content Guidelines and meet the Petsburgh theme before these applications are loaded into the voting booth for current Community Leaders to vote on them. Contact Bev if you are interested in joining this committee. There is an on-site application form for you to complete! Petsburgh Critique & Review Committee Committee Chair- Dave This committee is comprised of trained Community Leaders who will visit your site, at your request only, look it over and offer helpful suggestions to make it among the BEST in Petsburgh. This committee is not designed to help build initial web sites...the ANGELS help with that....this committee comes in when site is done or nearly done to help you ""fine tune"" and",wayback
wayback_http://www.geocities.com:80/Petsburgh/1000/extras.html,"Web Page Extras

Web Page Extras Counters GeoCities Counter.. Boing Dragons Animated Counters. Digits Counters Web Counters DragonFire counters StatTrax Counter . Paradise Counters and Guestbooks . Guestbooks GeoCities Guestbook Paradise Guestbooks and Counters Lpage Guestbooks WebPost guestbooks Midi Archives Classical Midi Collections Classical MIDI Archive MIDI Net Josh's Mega Midi Archive The Compete MIDI File Directory MIDI File Central Christmas MIDIs Jack's Shack Background and Divider courtesy of Mountain Breeze Graphics Site designed and maintained by Petsburgh Community Leaders All Contents Copyright © 1998, All Rights Reserved",wayback
wayback_http://www.geocities.com:80/Petsburgh/1000/FairLeader.html,"Petsburgh/Fair Leaders

Petsburgh/Fair Leaders FAIR LEADERS If you reside in Petsburgh Fair your leaders are listed below. Please follow the links to find the Leader listed for your Suburb. If no leader is listed or an *ON LEAVE* is in place you can contact a Liaison for help. You will find them listed in every suburb. Click Here for PETSBURGH COMMUNITY LEADERS Click Here for PETSBURGH/FARM COMMUNITY LEADERS Click Here for PETSBURGH/ZOO COMMUNITY LEADERS Click Here for PETSBURGH/HAVEN COMMUNITY LEADERS Click Here for PETSBURGH/PARK COMMUNITY LEADERS Click Here for PETSBURGH/YARD COMMUNITY LEADERS Click Here for PETSBURGH/RESERVE COMMUNITY LEADERS THE PETSBURGH Fair WEBRING Petsburgh/Fair BLOCK Leader URL Petsburgh/Fair 1000-1249 Andie(extra block) meerkat Email Petsburgh/Zoo/8001 Petsburgh/Fair 1250-1499 April(extra block) dodad Email Petsburgh/Zoo/4798 Petsburgh/Fair 1500-1749 Spiritwolf (extra block) (abbeychance) Email Petsburgh/Zoo/2504 Petsburgh/Fair 1750-1999 Lisa (extra block) birdbaby Email Petsburgh/1031 Petsburgh/Fair 2000-2249 Qedrin (extra block) (QDinFL) Email Petsburgh/2133 Petsburgh/Fair 2250-2499 Sue (extra block) (niknich) EMAIL Petsburgh/6793 Petsburgh/Fair 2500-2749 muenchkin EMAIL Petsburgh/9627 Petsburgh/Fair 2750-2999 Rhonda (vars11_1999) EMAIL Petsburgh/Fair/4400 Petsburgh/Fair 3000-3249 Paula (extra block) pbeau EMAIL Petsburgh/2618 Petsburgh/Fair 3250-3499 Paula (extra block) pbeau EMAIL Petsburgh/2618 Petsburgh/Fair 3500-3749 Paula (extra block) pbeau EMAIL Petsburgh/2618 Petsburgh/Fair 3750-3999 Patty (extra block) (rpat64) EMAIL Petsburgh/Fair/1311 Petsburgh/Fair 4000-4249 ScorpiRose (extra block) scorpetz Email Petsburgh/2001 Petsburgh/Fair 4250-4499 Chrissy (cec) EMAIL Petsburgh/Park/1623 Petsburgh/Fair 4500-4749 **** EMAIL Petsburgh/ Petsburgh/Fair 4750-4999 **** EMAIL Petsburgh/ Petsburgh/Fair 5000-5249 Karen (baby_budgie_mom) Email Petsburgh/2621 Petsburgh/Fair 5250-5499 **** **** **** Petsburgh/Fair 5500-5749 **** **** **** Petsburgh/Fair 5750-5999 Rhonda (vars11_1999) EMAIL Petsburgh/Fair/4400 Petsburgh/Fair 6000-6249 **** **** **** Petsburgh/Fair 6250-6499 **** **** **** Petsburgh/Fair 6500-6749 **** **** **** Petsburgh/Fair 6750-6999 Rhonda (vars11_1999) EMAIL Petsburgh/Fair/4400 Petsburgh/Fair 7000-7249 **** **** **** Petsburgh/Fair 7250-7499 **** **** **** Petsburgh/Fair 7500-7749 **** **** **** Petsburgh/Fair 7750-7999 **** **** **** Petsburgh/Fair 8000-8249 Sue (siouxx) Email Petsburgh/Zoo/2759 Petsburgh/Fair 8250-8499 **** **** **** Petsburgh/Fair 8500-8749 **** **** **** Petsburgh/Fair 8750-8999 **** **** **** Petsburgh/Fair 9000-9249 **** **** **** Petsburgh/Fair 9250-9499 **** **** **** Petsburgh/Fair 9500-9749 **** **** **** Petsburgh/Fair 9750-9999 **** **** **** Petsburgh/Fair Co-Liaison Chair-World Festival Ann/jumbles EMAIL Petsburgh/Zoo/7000 Petsburgh Liaison Rainbow Bridge Page Petsburgh Station-Petsburgh Party Pet Site-Month-MENTOR-Gazette Sandi Email Petsburgh/1032 Petsburgh Liaison Petsburgh Pet Station Communicatio",wayback
wayback_http://www.geocities.com:80/Petsburgh/1000/graphics.html,"Links to Graphics

Links to Graphics LINKS TO GREAT GRAPHICS Start your search at our own Graphics Committee site!!! These community leaders work very hard to create original backgrounds and graphics for your website! If you reside in Petsburgh and do graphics, especially pet related, send me your URL and site title and we will add your link here! Other areas may also submit if you do pet/animal graphics! If you find a link here that does not work, please send an EMAIL PETSBURGH GRAPHICS COMMITTEE Beautiful backgrounds, etc designed by a group of Petsburgh Community Leaders just for your websites! GRAPHICS BY PETSBURGH COMMUNITY LEADERS! SpiritWolfs Collection Animal Backgrounds & Snowglobes Cat's Graphics Site Zoo Graphics Banners By April Pet Graphics by SuSue Carabella's Std Schnauzer Graphics Bev's GeoLinks Backgrounds and Sets ZooGraphics List of Background/Graphics Horse Backgrounds Graphx by SuSue Barb's Sweet Pets Graphics Destiny's Lady Graphics Catnip Calico's Animal Design Studio Backgrounds By Marie Texture Land Mountain Breeze Graphics Cats N Kittens Designs Catstuff Designs Graphics Gazebo A Cat's Eye View Ashton Leigh's Creations Cindy's Graphics Judi's Doodlings Pbear's Graphics CLIP ART Pet Graphics by SuSue Barb's Sweet Pets Graphics Disney Clipart The Mining Co. Free Web Art Andy's Art Just Jane Graphics Catnip Calico Popoki Corner The Clip Art Connection The Free Graphics Station Ace of Space Bimsan's Web Graphics Leo's Icon Archive Thomas' Web Gallery Fairy Suryana's 3-D Library Renzo & Adriano Gallery GraphX Kingdom Page Works Web Kids Connpad Barbara's Web Magic A Touch of Country Kelly and Winnie's Graphic Boutique Ace of Space Kids Place Free Images Speciality Graphics Barb's Sweet Pets Christmas Graphics Christmas Graphics Free PetBanners from The Woofers! RASCAL'S Christmas Graphics Carabella's Std Schnauzer Graphics Also instructions for wallpaper and animated gifs Girl Scout Graphics U.S. Scouting Services Flags Doggie Graphics Catnip Calico Popoki Corner Great animal graphics..Cats,Dogs,All animals! Updated OFTEN! Cat Stuff Christian Clip Art Links to Holiday Graphics Animated Art GIF Animations Suite S.S. Animations The Banner Generator Animated Banner Maker Animations and Graphics Danny's Collection of Animated GIFs Cheryl's Kaleidoscope PETSBURGH STATION MAIN PAGE EMAIL Background by Petsburgh Graphics Committee Site designed and maintained by Petsburgh Community Leaders All Contents Copyright © 1998,1999 All Rights Reserved",wayback
wayback_http://www.geocities.com:80/Petsburgh/1000/html.html,"Petsburgh Leaders Guide

Petsburgh Leaders Guide H T M L HELP A Beginner's Guide To HTML Create IT~101 The Homepage Homepage HTML Goodies HTML For Dummies HTML Resource Page HTML Reference The Web Developer's Virtual Library Learning HTML The HTML Writers Guild Web Wizard HTML Secrets Writing HTML HTLM Quick Reference Home Site designed and maintained by Petsburgh Community Leaders All Contents Copyright © 1998, All Rights Reserved",wayback
wayback_http://www.geocities.com:80/Petsburgh/1000/index.html,"Petsburgh Station

Petsburgh Station WELCOME TO THE PETSBURGH STATION! J oin the team! Got a little extra time on your hands? Petsburgh is in need of some dedicated pet lovers who would like to be an example to other homesteaders in Petsburgh and act as liaison between their neighbors & GeoCities? Being a CL (Community Leader) in Petsburgh is very rewarding as you help homesteaders build their new homes on the web, make great new friends, have good times and more email than you've ever dreamed!! You will receive an extra meg of disk space and after six months as a CL, receive your GeoPlus membership for free!! Click on banner for more information. HELPFUL HOMESTEADERS WANTED! You can be a part of this elite committee..you do not have to be a Community Leader to join This program is for Petsburgh homesteaders who are new to web page designing and HTML. The scope of this program goes far beyond the normal duties of a Community Leader. You can receive daily one-on-one help from your Angel that will allow you to have a page on Geocities in no time! Our Angels love to help, so don't be shy about asking them to help you. Your Angel will stay with you until you feel confident with your new abilities. PETSBURGH CRITIQUE & REVIEW COMMITTEE This committee is comprised of trained Community Leaders who will visit your site, at your request only, look it over and offer helpful suggestions to make it among the BEST in Petsburgh. This committee is not designed to help build initial web sites...the ANGELS help with that....this committee comes in when site is done or nearly done to help you ""fine tune"" and get it JUST RIGHT! Visit their page and submit your site to be reviewed! HOMESTEADER FORUMS General Forums Lots of topics..dogs,cats,horses,fish, birds, reptiles,etc. Get involved with any or all of the discussions! Log-in with your membername and scroll down to Petsburgh! List your pet site..in categories for easy surfing! The most comprehensive listing in the neighborhood! THE PETSBURGH POST and Celebrate special occassions with the PETSBURGH PARTY!! Lots of contests, special activities and more! DO YOU LOVE AWARDS & CONTESTS??? Awards & Contests Visit this page to see all the NEW & EXCITING Awards and Contests we have going on in Petsburgh! PETSBURGH RAINBOW BRIDGE LIST Visit here if you would like to participate in this special project in memory of your beloved friends at the Bridge. PETSBURGH CONTEST WINNERS! HOMESTEADERS-JOIN THIS COMMITTEE Once a month, the weekly winners are voted on by a committee of homesteaders and Community Leaders! If you can make a committment to vote each month contact the Committee Chair for details and openings. Meet the WINNERS of the PET SITE OF THE WEEK Competition February 8 through February 12 SLINKY'S WORLD February 8 through February 12 THE SPENCER FAMILY JAN.PET SITE OF THE MONTH WINNER! DOGGIE DOOS-HUSKERS WORLD CONGRATULATIONS!!!! PET SITE OF THE YEAR!!! MUCH ADO ABOUT CATS BIG CONGRATS! A TERRIFIC HONOR! Congrats to the WINNERS for th",wayback
wayback_http://www.xanga.com:80/,"Xanga.com

Xanga.com XANGA: WEBLOGS - REVIEWS - EVENTS - xTOOLS xanga - join - sign in Welcome! Please sign in. Username Password Remember me Need help? Click here . Not a member? Join free ! Visit a random site! Featured Content Sings_in_Darknes 12:07 pm Mystical2 12:27 pm Myst 12:19 am debi 2:06 am speechlessFREAK 10:51 pm more featured content Newly Updated anonymousone 7:49 PM swtazncrys 7:49 PM tweeties 7:49 PM DanSingGrl66 7:48 PM babya 7:48 PM more newly updated Recently Created wilfong 01/06/02 Sarah629 01/09/02 Kellybones 01/10/02 Kiradescent 01/13/02 ZarahSchnitzel 01/15/02 more recently created search all xanga search members quick links find members featured stuff about the site privacy policy terms of use contact us my site help Arts & Humanities Writing , Poetry , Art ... Business & Finance Occupations ... Computers & Internet Internet , Web Design ... Entertainment Music , Humor , Television ... Family & Home Family Issues , Parenting ... Games Computer & Video Games ... Health & Medicine Conditions & Illnesses ... Hobbies & Crafts Hobbies , Collecting , Crafts ... People Friends , Relationships ... Regional U.S. States , Countries ... Religion & Beliefs Christianity , Other ... Schools & Education Colleges & Universities ... Science & Nature Pets , Social Sciences ... Society & Culture Issues & Causes ... Sports & Recreation Sports , Outdoors , Automotive ... Sunday, December 23, 2001 Xanga is fast again! Read about it here ! 6:46 am Friday, December 14, 2001 The ball is rolling and we are moving our servers to a new location! The site will be down from around 10pm to midnight tonight, and then we're looking forward to a smooth connection! Please check status.xanga.com for live updates! 9:08 pm LOST POSTS GOT YOU DOWN? Check this out ... 3:05 am previous xanga news FREE Xanga Classic www.xanga.com/you A great gift for any Xanga Member! give premium! Image Hosting, Spell Checking and more! check it out! $30 Personal URL www.yourname.com .com .net .org Find out about weblogging, and how Xanga works in the illustrated tour . xanga - sign in - join - about xanga - find members - terms of use - privacy - help - contact us",wayback
wayback_http://xanga.com/,"Xanga.com

Xanga.com The #2 Book Right Now on Xanga! The Perks of Being a Wallflower Find more music , books and movies in the Xanga Top 50! Xanga - Join - Upgrade - Xanga Skins - Blogrings - Top 50! - Personals xanga - join - signin Please Sign In Username Password Remember me Safe mode Can't sign in? Click here Not a member? Join free ! Premium Spotlight! schuylergirl ""Coming soon: Some darn good blogs about coffee and lip balm!"" visit schuylergirl's site Want to be in the Spotlight? Featured Content jroo 5:22 PM MinG_iZ_LyK_wOaH 7:16 PM strwberiNkrm 7:00 PM da_cheese_gurl 3:37 PM saraxqt 10:35 PM more featured content Newly Updated truestarcastik Jisha83 vietangel4eva ASNGUY521 pinoy197 more newly updated Recently Created Awww - how cute - these Xangans are just getting started Total Randomness Not sure where to start? Click here to visit a random site! search all xanga search members quick links find members featured stuff about the site privacy policy terms of use contact us my site help Get Started! Xanga Classic Get a free weblog at xanga.com/you get started | learn more | | | | | Xanga Premium Easier, more power, more fun! upgrade now | learn more Xanga News Tuesday, December 09, 2003 Profile Maintenance: We will be switching profile servers around 3am EST Wednesday morning to help handle the increased load. You may notice your profile picture missing for a few hours while the two servers resync, but everything should be available by 12pm EST. 9:31 PM Wednesday, October 08, 2003 xTools Version 2.0! Janet just launched our new bigger and better xTools . We made a giant list of all the features you've asked for over the years, and pretty much added them all... If you haven't tried the new xTools yet, just sign in and click ""New Weblog Entry""! more from Marc 5:49 AM Monday, September 22, 2003 TOOL TIME Just a head's up that we're almost done revamping xTools to be bigger and better! A partial list of what's in store: MORE SPACE: We're adding more space to type your posts in, especially for Classic members! MORE FONTS: We're supporting a kajillion more fonts. MORE SMILEYS: We're tossing some extra smileys in there... more from John 7:19 PM Thursday, September 11, 2003 Bringing Harmony to Xanga We're thrilled to announce that Xanga has teamed up with an exciting non-profit called SHiNE : Seeking Harmony in Neighborhoods Everyday. More from Marc... 5:29 PM previous xanga news What is Xanga? Xanga is a community of online diaries and journals. You can easily start your own free journal , share thoughts with your friends and meet new friends, too! Give Premium! Give the Gift of Premium! A great gift for any Xanga member! You can give one , six , 12 , or 24 months. Featured Personal chekkie If I could be anywhere at the moment: ""Sitting at a big piano, or on the ice with a puck."" Did You Know? You can store up to 20 megabytes of images with Xanga Premium? Click here to learn how . xanga - join - upgrade - skins - personals - about - terms of use - privacy -",wayback
wayback_http://www.xanga.com/,"Xanga.com

Xanga.com Xanga - Join - Upgrade - Xanga Skins - Blogrings - Top 50! xanga - join - signin Please Sign In Username Password Remember me Safe mode Can't sign in? Click here Not a member? Join free ! Premium Spotlight! oholybageezus ""I'd like to think that if I be like everyone else and say I'm not going to write in my xanga, I'll get massive amounts of love letters in the mail. But I doubt that would happen, so I'm stuck updating."" visit oholybageezus's site Want to be in the Spotlight? Featured Content dynne 6:57 AM n_y_c_z_fiNest_laydee 10:48 AM litt0_teardr0ps 11:15 AM Nanny 9:13 PM StArLiGhT180 2:04 PM more featured content Newly Updated marybee0423 crator LaUghaBle_Pnoy StepInTheBeat IsLaNd_IdOl more newly updated xanga web users Get Started! Xanga Classic Get a free weblog at xanga.com/you get started | learn more | | | | | Xanga Premium Easier, more power, more fun! upgrade now | learn more Xanga News Friday, March 26, 2004 XANGALAND SECURITY We're rolling out some new security measures this morning, to keep Xanga safe and free. more from John 11:15 AM Thursday, February 26, 2004 XANGA PERSONALS We've been offering Xanga Personals through a partner site. But the time has come for us to bring our Personals partnership to an end. more from John 9:49 PM Friday, February 13, 2004 SUBSCRIPTION UPDATES Two updates on the Subscriptions front: 1) You can now alphabetize your Subscriptions with a single click... and 2) We renamed some Subscriptions links to remove a conflict with existing Codes more from John 7:02 AM Monday, February 02, 2004 AUTO SUBSCRIPTIONS Some desperate Xangan created a script which automatically subs visitors to their site. We've disabled this script, by adding a ""confirmation"" step. more from John... 7:13 PM previous xanga news What is Xanga? Xanga is a community of online diaries and journals. You can easily start your own free journal , share thoughts with your friends and meet new friends, too! Give Premium! Give the Gift of Premium! A great gift for any Xanga member! You can give one , six , 12 , or 24 months. Did You Know? Premium members can rotate their profile picture? Click here to learn more. Total Randomness Not sure where to start? Click here to visit a random site! Recently Created Awww - how cute - these Xangans are just getting started xanga - join - upgrade - skins - about - terms of use - privacy - help - contact us - sign in",wayback
wayback_http://www.livejournal.com:80/users/0000/,"D's Journal

D's Journal D's Journal 0 most recent posts archives my journal my userinfo my friends my calendar my website",wayback
wayback_http://www.livejournal.com:80/users/0000,"D's Journal

D's Journal D's Journal 5 most recent entries Date: 2002-09-05 17:20 Subject: Хе-хе =) Security: Public Mood: Садизм - лучший отдых Music: Deep Mix Moscow Очень хочется посмотреть как lugosi будет рвать свои роскошные локоны из-за невозможности послушать эту песенку немедленно, а потом на то, как он рыдая сгрызет свои не менее роскошные когти, когда он таки до нее доберется =) 3 comments | post a comment Date: 2002-09-05 16:30 Subject: привет flamenco от &chicken`а Security: Public Mood: crazy Music: Deep Mix Moscow Вот, яхонтовый просил передать 1 comment | post a comment Date: 2002-09-04 18:19 Subject: Песенка Security: Public Mood: high Music: rybnikov-verish.mp3 Песенка По ( polinezia ) и Вавилова ( vavilov ) Навеяло Временами года По Ты мне веришь post a comment Date: 2002-08-03 23:39 Subject: Православие WOW! Security: Public Mood: отпускное Music: deep.mix.moscow Плавно перетекающий из передачи в передачу Охлобыстин в рясе очень сильно напоминает рекламную кампанию католичества из Догмы и кришнаитствующего Боя Джорджа... При всей моей любви к этому персонажу, поп, рассказывающий в передаче про моду о зимнем фасоне рясы на синтепоне это посильнее, чем Фауст Гёте =) post a comment Date: 2002-07-26 14:22 Subject: AVALON Security: Public Mood: болею я Music: deep mix moscow Вчера с vavilov и lugosi ходили в 35mm на Авалон. Ежели кратко - кино супер, кинотеатр отстой. Начнем с отстоя. Эти жлобы почему-то решили кондиционировать пустой холл, и устроить парилку в зале. Зал и без того не блещет удобством, коленками упираешься в пластиковую спинку кресла впереди (что говорить про Lugosi, с его 2 метрами ног =), а тут еще климат тропического леса. Использовал Vavilova в качестве вентилятора. Теперь о главном. Avalon (Japan 2001) Review Date: 10/6/01 Director: Mamoru Oshii Music: Kenji Kawai Cast: Malgorzata Foremniak Кино-то СУПЕР. Я очень давно ничего такого хорошего с живыми актерами не видел. Вот он, пример глобализации - японско-польский взгляд на матрицу. Кто скажет что такая глобализация - зло, пусть бросит себя головой об камень =) Идея уже стала общим местом - ""вся наша жизнь - играааа"", но взгляд правильный, злой такой. Сепия, знакомые с детства интерьеры (разрушенные заводы, церквии, классическая точка соцобщепита), офигительное построение кадра, куча приятных мелочей и отсылок - обожаю. Чего стоят русские надписи на компьютерной гусеничной крепости....... Использовал Lugosi в качестве мобильной киноэнциклопедии. За детальным разбором фильма - к нему. PS Скачал OST, который lugosi ночью заслушал до дыр =)) 13 comments | post a comment browse my journal my userinfo my friends my calendar my website",wayback
wayback_http://www.livejournal.com:80/users/0000/2003/,"Dmitry - 2003

Dmitry - 2003 Dmitry - 2003 [ entries | archive | friends | userinfo ] Dmitry [ website | Deep Mix Moscow Radio ] [ userinfo | livejournal userinfo ] [ archive | journal archive ] Links [ Links: | MANGA.ru DEEPMIX.ru NEWSru.com ] Years 2002 2003 2004 May 2003 [ subjects ] Sun Mon Tue Wed Thu Fri Sat 1 2 3 4 5 6 7 8 9 10 11 12 13 14 15 16 2 17 18 19 20 21 22 23 24 25 26 27 28 29 30 31 June 2003 [ subjects ] Sun Mon Tue Wed Thu Fri Sat 1 2 3 4 5 6 7 8 9 10 11 12 13 14 15 16 17 18 19 20 21 22 23 24 25 26 27 1 28 29 30",wayback
wayback_http://www.livejournal.com:80/users/0000/2003/05/,"Dmitry - May 2003

Dmitry - May 2003 Dmitry - May 2003 [ entries | archive | friends | userinfo ] Dmitry [ website | Deep Mix Moscow Radio ] [ userinfo | livejournal userinfo ] [ archive | journal archive ] Links [ Links: | MANGA.ru DEEPMIX.ru NEWSru.com ] May 2003 [ <<< ] July 2002 August 2002 September 2002 November 2002 May 2003 June 2003 April 2004 [ >>> ] 16th 02:38 pm: ((no subject)) - 13 комментариев 06:50 pm: ((no subject)) - 2 комментария",wayback
wayback_http://www.livejournal.com:80/users/0000/2003/05/16/,"Dmitry - May 16th, 2003

Dmitry - May 16th, 2003 Dmitry - May 16th, 2003 [ entries | archive | friends | userinfo ] Dmitry [ website | Deep Mix Moscow Radio ] [ userinfo | livejournal userinfo ] [ archive | journal archive ] Links [ Links: | MANGA.ru DEEPMIX.ru NEWSru.com ] May 16th, 2003 [May. 16th, 2003| 02:38 pm ] [ Настроение | озадаченное ] [ Музыка | monolake - cinemascope - remoteable ] Офисная столовая упорно движется в сторону кухни фьюжн: рыба в беконе, паста с фруктовым соусом... К чему бы это? Link 13 комментариев | Оставить комментарий [May. 16th, 2003| 06:50 pm ] [ Настроение | экстаз ] [ Музыка | Deep Mix Moscow ] Вот что бывает, если Стирпайка заставить рисовать памятники =) ( смотреть здесь ) Link 2 комментария | Оставить комментарий navigation [ viewing | May 16th, 2003 ] [ go | Previous Day | Next Day ]",wayback
wayback_http://www.livejournal.com:80/users/0000/2176.html,"0000: Вот что бывает,  если Стирпайка заставит

0000: Вот что бывает, если Стирпайка заставит Dmitry ( 0000 ) wrote, @ 2003 - 05 - 16 18:50:00 Current mood: экстаз Current music: Deep Mix Moscow Вот что бывает, если Стирпайка заставить рисовать памятники =) ( Post a new comment ) dahr 2003-05-17 02:18 ( link ) А чё круто! Сразу создаеться впечетление, что корапузу точно ничего не может угрожать! ( Reply to this ) ioc 2003-05-22 04:11 ( link ) сильно :) ( Reply to this ) Username: Password: English • Español • Deutsch • Français • Русский • → Search: Category: Username E-mail Region Interest AOL IM ICQ Number Yahoo! ID MSN Username Jabber Navigate: Welcome Login Create an Account Update Your Journal Search Random Region Interests Advanced Help Ask a Question Lost Password FAQ Site Map Browse Options Contact Info About General Info Press Download Site News Paid Accounts Terms of Service Privacy Policy Legal Information Site Map Browse Options",wayback
wayback_http://www.livejournal.com:80/users/0000/friends,"D's Friends

D's Friends D's Friends 20 most recent entries User: clubmusic (posted by lunaticman ) Date: 2003-02-28 23:39 Subject: mp3 | Aes Dana - season 5 Security: Public Когда-то меня очень порадовал Ultimae records своими тремя сборниками ' FAHRENHEIT PROJECT '. Ими можно было заслушаться , что я собственно и делал... Пойже появился в моей коллекции ' SOLAR FIELDS - REFLECTIVE FREQUENCIES ' , который меня тоже ужасно порадовал. Теперь я изнемогаю от ' AES DANA - SEASON 5 ', которым я с вами и хочу поделиться. Если у кого-то вдруг найдётся ' SOLAR FIELDS - BLUE MOON STATION ' я буду очень рад если вы поделитесь. Звук чем то похож на Psy- Ambient, но с shpongle такое наверно не стоит сравнить, вообщем - СЛУШАТЬ, СЛУШАТЬ, СЛУШАТЬ!!! post a comment User: clubmusic (posted by soda9 ) Date: 2003-03-01 00:34 Subject: несного о миксах #2 Security: Public Mood: все еще колбашусь Music: Danny Howells & Nick Warren - Revelation CD1 еще есть у меня забавная папка на том же фтп (адрес постом раньше), называется house mixes##renaissance отгадайте, что там? правильно восемь миксов renaissance ibiza, по два соответственно deep dish, dave seaman и Danny Howells & Nick Warren. такие дела. качайте и да пребудет с вами 100кб конеект во веки веком. (и неплохо бы чтобы у меня сеть как вчера не рушилась). аминь post a comment User: clubmusic (posted by soda9 ) Date: 2003-03-01 00:26 Subject: немного о миксах #1 Security: Public Mood: колбашусь Music: Renaissance Ibiza - Deep Dish могу похвастаться наличием двух миксов, точнее это вроде как CD1 и CD2. плэйлист за катом. кому интересно - ключевое слово: йошитоши (in house we thrust) ( плейлисты тут ) богацтво это у мен на фтп (ftp://195.133.227.42) в папочке отгадайте какой? правильно, #in house we thrust. найдете в общем:) post a comment User: anonist (posted by kolaborationist ) Date: 2003-02-28 20:32 Subject: давай-давай! Security: Public удаляй меня из себя, на хер я тебе, anonist , нужен? я не хочу публично онанировать-я по природе своей ТАЙНЫЙ онанист!!! post a comment User: clubmusic (posted by vorobioff ) Date: 2003-02-28 19:28 Subject: Security: Public Music: Feela - Sweet Temptation (Bini & Martini's Club Mix) Dj Romeo - Absinthe_Mix Неплохой сет от арт-директора клуба ""Абсент"", вот только выложить его негде. Есть варианты? 4 comments | post a comment User: clubmusic (posted by yv ) Date: 2003-02-28 17:24 Subject: Security: Public зацените мьюзик на http://doichy.com (много времени было потрачено) 4 comments | post a comment User: clubmusic (posted by monemix ) Date: 2003-02-28 19:13 Subject: GU Security: Public слушаю james lavelle - Global Undeground 023 (barcelona) - очень подходит для создания рабочего настроения. жестко, четко и вполне мелодично. скачать фрагмент оба диска (~100mb) выложу по запросу 3 comments | post a comment User: clubmusic (posted by realterego ) Date: 2003-02-28 17:57 Subject: Security: Public Vibe Residents feat. Dragonfly, Temptation (Club Mix) --- за этот трэк я всё отдам... мадам, мадам..",wayback
wayback_http://www.livejournal.com:80/users/0000000/,"Percy's Artwork's Journal

Percy's Artwork's Journal Percy's Artwork's Journal [ entries | friends | calendar ] Percy's Artwork [ website | PercyWells.com ] [ userinfo | livejournal userinfo ] [ calendar | livejournal calendar ] I know, I promised this a long time ago. [03 Feb 2004| 01:07pm ] I'm going to one of the professional printers here to ask about art prints, to possibly sell some. If you are interested in knowing prices once I find out you can e-mail me (or just leave a comment). I don't know cost, I also don't have the time to make prints myself right now though, which is why I am doing it this way. If it turns out to be ridiculously expensive I'll probably just auction a few or wait until I have the time to do them myself. If you're on my mailing list, don't worry, you'll be informed anyway. Edit: I can't sell prints of "" Higher "" because the original has been damaged. (cross post) scribble Those were the days. [03 Jan 2004| 11:56am ] [ mood | tangled ] Cobbie, Lo, Fasha, and Pyne. ( et... ) 11 geniuses scribble [notebook] [09 Dec 2003| 08:50pm ] [ mood | miserable ] 9 geniuses scribble Himmel Herz [28 Jul 2003| 07:38pm ] ( come closer ) 12 geniuses scribble One Person [06 Jul 2003| 11:58pm ] ( come closer ) 4 geniuses scribble Abdominal Lobotomy [03 Jul 2003| 10:00am ] ( come closer ) 2 geniuses scribble You're merely a shell. [01 Jul 2003| 10:00am ] ( find ) 12 geniuses scribble Patchwork [29 Jun 2003| 09:28pm ] [ mood | relaxed ] ( or here ) Now stop missing me! 20 geniuses scribble Closet [22 May 2003| 04:16am ] ( come closer ) 2 geniuses scribble Observed [01 May 2003| 06:56pm ] I seeeee you. And so do Iiiiii. Ink and watercolour on aquarelle paper. 14 geniuses scribble It Just Happened [30 Apr 2003| 02:35pm ] Just like that. I woke up and was suddenly not alone in my head anymore. 7 geniuses scribble Me and Myself [28 Apr 2003| 04:42pm ] Self-portrait. Ink on watercolour block 5 geniuses scribble Writer's Block [27 Apr 2003| 02:24pm ] Words and letters everywhere, yet not a thought to think. Ink, watercolor, and pencil on aquarelle block. 7 geniuses scribble 96 Sardine Personalities [27 Apr 2003| 02:23pm ] We didn't disassociate. Black ink on watercolour block. scribble The Dark [27 Apr 2003| 10:31am ] ""As a child, I was not afraid of the dark, but of the skeletons I saw in it."" 1 genius scribble New Occupancy [26 Apr 2003| 10:30am ] This journal has been adopted. By a me . Hello. navigation [ viewing | most recent entries ]",wayback
wayback_http://www.livejournal.com:80/users/0000000/10079.html,"0000000: You're merely a shell.

0000000: You're merely a shell. Percy's Artwork ( 0000000 ) wrote, @ 2003 - 07 - 01 10:00:00 You're merely a shell. • goat • hornet • duck • pig • housefly • worm • baby • spider web • bird • dog • wolf • fish x5 • cat x3 • head x5/ • face x6 ( Post a new comment ) soulfluff 2003-07-01 05:17 ( link ) yes but where are the socks :> ( Reply to this ) silverskytears 2003-07-01 13:58 ( link ) looks cheshire, the one :D ( Reply to this ) ( Thread ) Re: 0000000 2003-07-01 14:22 ( link ) Oh yes oh yes oh yes! ( Reply to this ) ( Parent ) ( Thread ) Re: silverskytears 2003-07-01 14:39 ( link ) hahaha, NOW you sound like ME! ( Reply to this ) ( Parent ) ( Thread ) Re: 0000000 2003-07-01 14:41 ( link ) I have Julitis. It's very tragic, actually. ( Reply to this ) ( Parent ) ( Thread ) Re: silverskytears 2003-07-01 16:28 ( link ) I terribly sorry. Be careful & treat it before it goes to your head. It's rather dangerous there, often causing random acts of insnaility. ( Reply to this ) ( Parent ) ( Thread ) Re: 0000000 2003-07-01 16:31 ( link ) Insnaility! *gasps* Escargot... ohh yesss AhhH! I see what you mean!! *sees life flash before eyes* ( Reply to this ) ( Parent ) ( Thread ) Re: silverskytears 2003-07-01 19:31 ( link ) uh oh, it might be on pause, or perhaps on a channel with pokemon. WARNING: life may flash, possibly causing seizures resulting in an insatiable love of art and writing or even death in extreme cases. use carefully, keep away from mouth and eyes! ( Reply to this ) ( Parent ) ( Thread ) Re: 0000000 2003-07-02 00:47 ( link ) Forgot to put something about keeping your toes and fingers inside your nose and ears at all times. ( Reply to this ) ( Parent ) ( Thread ) Re: silverskytears 2003-07-02 04:40 ( link ) oh, darn, so THAT's why the recipe never worked before . . . ( Reply to this ) ( Parent ) d_e_l_i_r_i_u_m 2003-07-01 16:11 ( link ) somehow, i knew i'd see that piece of patchwork as an icon. watch out for themes. they may constrain. that said, i'm sure you'll not tolerate them forever. ( Reply to this ) ( Thread ) Re: 0000000 2003-07-01 16:18 ( link ) I have been making icons like mad. You would like them, I bet. (Btw, if you want me to draw anything for userpics for yourself, you just let me know, muah.) I have asked for membership in handdrawn , but they seem slow with processing applications =/ In the meantime I can't find any other good communities for sharing original icons... I cannot stand these celebrity things that the teenyboppers like to call their own work cause they sole it off of some site all by themselves and cropped and resized and made blink all by themselves... Pfeh. Ok, I'm done being a snob now. :D ( Reply to this ) ( Parent ) ( Post a new comment ) Username: Password: English • Español • Deutsch • Français • Русский • → Search: Category: Username E-mail Region Interest AOL IM ICQ Number Yahoo! ID MSN Username Jabber Navigate: Welcome Login Create an Account Update Your Journal Search Random Region Interests Advance",wayback
wayback_http://www.livejournal.com:80/users/0000000/10079.html?replyto=74079,"Post Comment

Post Comment Percy's Artwork ( 0000000 ) wrote, Re: Oh yes oh yes oh yes! ( Read comments ) Post a comment in response: From: Anonymous LiveJournal user: Username: Password: Log in? Subject: No HTML allowed in subject Don't auto-format: Message: Check spelling during preview Username: Password: English • Español • Deutsch • Français • Русский • → Search: Category: Username E-mail Region Interest AOL IM ICQ Number Yahoo! ID MSN Username Jabber Navigate: Welcome Login Create an Account Update Your Journal Search Random Region Interests Advanced Help Ask a Question Lost Password FAQ Site Map Browse Options Contact Info About General Info Press Download Site News Paid Accounts Terms of Service Privacy Policy Legal Information Site Map Browse Options",wayback
wayback_http://www.livejournal.com:80/users/0000000/10079.html?replyto=74335,"Post Comment

Post Comment In. Love. ( silverskytears ) wrote, Re: hahaha, NOW you sound like ME! ( Read comments ) Post a comment in response: From: Anonymous LiveJournal user: Username: Password: Log in? Subject: No HTML allowed in subject Don't auto-format: Message: Check spelling during preview Username: Password: English • Español • Deutsch • Français • Русский • → Search: Category: Username E-mail Region Interest AOL IM ICQ Number Yahoo! ID MSN Username Jabber Navigate: Welcome Login Create an Account Update Your Journal Search Random Region Interests Advanced Help Ask a Question Lost Password FAQ Site Map Browse Options Contact Info About General Info Press Download Site News Paid Accounts Terms of Service Privacy Policy Legal Information Site Map Browse Options",wayback
wayback_http://www.livejournal.com:80/users/0000000/10079.html?replyto=74847,"Post Comment

Post Comment the keeper of the timezones ( d_e_l_i_r_i_u_m ) wrote, somehow, i knew i'd see that piece of patchwork as an icon. watch out for themes. they may constrain. that said, i'm sure you'll not tolerate them forever. ( Read comments ) Post a comment in response: From: Anonymous LiveJournal user: Username: Password: Log in? Subject: No HTML allowed in subject Don't auto-format: Message: Check spelling during preview Username: Password: English • Español • Deutsch • Français • Русский • → Search: Category: Username E-mail Region Interest AOL IM ICQ Number Yahoo! ID MSN Username Jabber Navigate: Welcome Login Create an Account Update Your Journal Search Random Region Interests Advanced Help Ask a Question Lost Password FAQ Site Map Browse Options Contact Info About General Info Press Download Site News Paid Accounts Terms of Service Privacy Policy Legal Information Site Map Browse Options",wayback
wayback_http://www.livejournal.com:80/users/0000000/10079.html?replyto=75103,"Post Comment

Post Comment ! ( 0000000 ) wrote, Re: I have been making icons like mad. You would like them, I bet. (Btw, if you want me to draw anything for userpics for yourself, you just let me know, muah.) I have asked for membership in handdrawn , but they seem slow with processing applications =/ In the meantime I can't find any other good communities for sharing original icons... I cannot stand these celebrity things that the teenyboppers like to call their own work cause they sole it off of some site all by themselves and cropped and resized and made blink all by themselves... Pfeh. Ok, I'm done being a snob now. :D ( Read comments ) Post a comment in response: From: Anonymous LiveJournal user: Username: Password: Log in? Subject: No HTML allowed in subject Don't auto-format: Message: Check spelling during preview Username: Password: English • Español • Deutsch • Français • Русский • → Search: Category: Username E-mail Region Interest AOL IM ICQ Number Yahoo! ID MSN Username Jabber Navigate: Welcome Login Create an Account Update Your Journal Search Random Region Interests Advanced Help Ask a Question Lost Password FAQ Site Map Browse Options Contact Info About General Info Press Download Site News Paid Accounts Terms of Service Privacy Policy Legal Information Site Map Browse Options",wayback
wayback_http://www.livejournal.com:80/users/0000000/10079.html?replyto=75359,"Post Comment

Post Comment In. Love. ( silverskytears ) wrote, Re: I terribly sorry. Be careful & treat it before it goes to your head. It's rather dangerous there, often causing random acts of insnaility. ( Read comments ) Post a comment in response: From: Anonymous LiveJournal user: Username: Password: Log in? Subject: No HTML allowed in subject Don't auto-format: Message: Check spelling during preview Username: Password: English • Español • Deutsch • Français • Русский • → Search: Category: Username E-mail Region Interest AOL IM ICQ Number Yahoo! ID MSN Username Jabber Navigate: Welcome Login Create an Account Update Your Journal Search Random Region Interests Advanced Help Ask a Question Lost Password FAQ Site Map Browse Options Contact Info About General Info Press Download Site News Paid Accounts Terms of Service Privacy Policy Legal Information Site Map Browse Options",wayback
wayback_http://www.livejournal.com:80/users/0000000/10079.html?replyto=75615,"Post Comment

Post Comment ! ( 0000000 ) wrote, Re: Insnaility! *gasps* Escargot... ohh yesss AhhH! I see what you mean!! *sees life flash before eyes* ( Read comments ) Post a comment in response: From: Anonymous LiveJournal user: Username: Password: Log in? Subject: No HTML allowed in subject Don't auto-format: Message: Check spelling during preview Username: Password: English • Español • Deutsch • Français • Русский • → Search: Category: Username E-mail Region Interest AOL IM ICQ Number Yahoo! ID MSN Username Jabber Navigate: Welcome Login Create an Account Update Your Journal Search Random Region Interests Advanced Help Ask a Question Lost Password FAQ Site Map Browse Options Contact Info About General Info Press Download Site News Paid Accounts Terms of Service Privacy Policy Legal Information Site Map Browse Options",wayback
wayback_http://www.livejournal.com:80/users/0000000/10079.html?replyto=75871,"Post Comment

Post Comment In. Love. ( silverskytears ) wrote, Re: uh oh, it might be on pause, or perhaps on a channel with pokemon. WARNING: life may flash, possibly causing seizures resulting in an insatiable love of art and writing or even death in extreme cases. use carefully, keep away from mouth and eyes! ( Read comments ) Post a comment in response: From: Anonymous LiveJournal user: Username: Password: Log in? Subject: No HTML allowed in subject Don't auto-format: Message: Check spelling during preview Username: Password: English • Español • Deutsch • Français • Русский • → Search: Category: Username E-mail Region Interest AOL IM ICQ Number Yahoo! ID MSN Username Jabber Navigate: Welcome Login Create an Account Update Your Journal Search Random Region Interests Advanced Help Ask a Question Lost Password FAQ Site Map Browse Options Contact Info About General Info Press Download Site News Paid Accounts Terms of Service Privacy Policy Legal Information Site Map Browse Options",wayback
wayback_http://www.livejournal.com:80/users/0000000/10079.html?replyto=76383,"Post Comment

Post Comment In. Love. ( silverskytears ) wrote, Re: oh, darn, so THAT's why the recipe never worked before . . . ( Read comments ) Post a comment in response: From: Anonymous LiveJournal user: Username: Password: Log in? Subject: No HTML allowed in subject Don't auto-format: Message: Check spelling during preview Username: Password: English • Español • Deutsch • Français • Русский • → Search: Category: Username E-mail Region Interest AOL IM ICQ Number Yahoo! ID MSN Username Jabber Navigate: Welcome Login Create an Account Update Your Journal Search Random Region Interests Advanced Help Ask a Question Lost Password FAQ Site Map Browse Options Contact Info About General Info Press Download Site News Paid Accounts Terms of Service Privacy Policy Legal Information Site Map Browse Options",wayback
wayback_http://www.livejournal.com:80/users/0000000/10079.html?thread=73567,"0000000: You're merely a shell.

0000000: You're merely a shell. ! ( 0000000 ) wrote, @ 2003 - 07 - 01 10:00:00 You're merely a shell. • goat • hornet • duck • pig • housefly • worm • baby • spider web • bird • dog • wolf • fish x5 • cat x3 • head x5/ • face x6 ( Read comments ) - soulfluff 2003-07-01 05:17 ( link ) yes but where are the socks :> ( Reply to this ) ( Read comments ) - Username: Password: English • Español • Deutsch • Français • Русский • → Search: Category: Username E-mail Region Interest AOL IM ICQ Number Yahoo! ID MSN Username Jabber Navigate: Welcome Login Create an Account Update Your Journal Search Random Region Interests Advanced Help Ask a Question Lost Password FAQ Site Map Browse Options Contact Info About General Info Press Download Site News Paid Accounts Terms of Service Privacy Policy Legal Information Site Map Browse Options",wayback
wayback_http://www.livejournal.com:80/users/0000000/10079.html?thread=74079,"0000000: You're merely a shell.

0000000: You're merely a shell. ! ( 0000000 ) wrote, @ 2003 - 07 - 01 10:00:00 You're merely a shell. • goat • hornet • duck • pig • housefly • worm • baby • spider web • bird • dog • wolf • fish x5 • cat x3 • head x5/ • face x6 ( Read comments ) - Re: 0000000 2003-07-01 14:22 ( link ) Oh yes oh yes oh yes! ( Reply to this ) ( Parent ) ( Thread ) Re: silverskytears 2003-07-01 14:39 ( link ) hahaha, NOW you sound like ME! ( Reply to this ) ( Parent ) ( Thread ) Re: 0000000 2003-07-01 14:41 ( link ) I have Julitis. It's very tragic, actually. ( Reply to this ) ( Parent ) ( Thread ) Re: silverskytears 2003-07-01 16:28 ( link ) I terribly sorry. Be careful & treat it before it goes to your head. It's rather dangerous there, often causing random acts of insnaility. ( Reply to this ) ( Parent ) ( Thread ) Re: 0000000 2003-07-01 16:31 ( link ) Insnaility! *gasps* Escargot... ohh yesss AhhH! I see what you mean!! *sees life flash before eyes* ( Reply to this ) ( Parent ) ( Thread ) Re: silverskytears 2003-07-01 19:31 ( link ) uh oh, it might be on pause, or perhaps on a channel with pokemon. WARNING: life may flash, possibly causing seizures resulting in an insatiable love of art and writing or even death in extreme cases. use carefully, keep away from mouth and eyes! ( Reply to this ) ( Parent ) ( Thread ) Re: 0000000 2003-07-02 00:47 ( link ) Forgot to put something about keeping your toes and fingers inside your nose and ears at all times. ( Reply to this ) ( Parent ) ( Thread ) Re: silverskytears 2003-07-02 04:40 ( link ) oh, darn, so THAT's why the recipe never worked before . . . ( Reply to this ) ( Parent ) ( Read comments ) - Username: Password: English • Español • Deutsch • Français • Русский • → Search: Category: Username E-mail Region Interest AOL IM ICQ Number Yahoo! ID MSN Username Jabber Navigate: Welcome Login Create an Account Update Your Journal Search Random Region Interests Advanced Help Ask a Question Lost Password FAQ Site Map Browse Options Contact Info About General Info Press Download Site News Paid Accounts Terms of Service Privacy Policy Legal Information Site Map Browse Options",wayback
wayback_http://www.livejournal.com:80/users/0000000/10079.html?thread=75359,"0000000: You're merely a shell.

0000000: You're merely a shell. ! ( 0000000 ) wrote, @ 2003 - 07 - 01 10:00:00 You're merely a shell. • goat • hornet • duck • pig • housefly • worm • baby • spider web • bird • dog • wolf • fish x5 • cat x3 • head x5/ • face x6 ( Read comments ) - Re: silverskytears 2003-07-01 16:28 ( link ) I terribly sorry. Be careful & treat it before it goes to your head. It's rather dangerous there, often causing random acts of insnaility. ( Reply to this ) ( Parent ) ( Thread ) Re: 0000000 2003-07-01 16:31 ( link ) Insnaility! *gasps* Escargot... ohh yesss AhhH! I see what you mean!! *sees life flash before eyes* ( Reply to this ) ( Parent ) ( Thread ) Re: silverskytears 2003-07-01 19:31 ( link ) uh oh, it might be on pause, or perhaps on a channel with pokemon. WARNING: life may flash, possibly causing seizures resulting in an insatiable love of art and writing or even death in extreme cases. use carefully, keep away from mouth and eyes! ( Reply to this ) ( Parent ) ( Thread ) Re: 0000000 2003-07-02 00:47 ( link ) Forgot to put something about keeping your toes and fingers inside your nose and ears at all times. ( Reply to this ) ( Parent ) ( Thread ) Re: silverskytears 2003-07-02 04:40 ( link ) oh, darn, so THAT's why the recipe never worked before . . . ( Reply to this ) ( Parent ) ( Read comments ) - Username: Password: English • Español • Deutsch • Français • Русский • → Search: Category: Username E-mail Region Interest AOL IM ICQ Number Yahoo! ID MSN Username Jabber Navigate: Welcome Login Create an Account Update Your Journal Search Random Region Interests Advanced Help Ask a Question Lost Password FAQ Site Map Browse Options Contact Info About General Info Press Download Site News Paid Accounts Terms of Service Privacy Policy Legal Information Site Map Browse Options",wayback
wayback_http://www.livejournal.com:80/users/0000000/10079.html?thread=75871,"0000000: You're merely a shell.

0000000: You're merely a shell. ! ( 0000000 ) wrote, @ 2003 - 07 - 01 10:00:00 You're merely a shell. • goat • hornet • duck • pig • housefly • worm • baby • spider web • bird • dog • wolf • fish x5 • cat x3 • head x5/ • face x6 ( Read comments ) - Re: silverskytears 2003-07-01 19:31 ( link ) uh oh, it might be on pause, or perhaps on a channel with pokemon. WARNING: life may flash, possibly causing seizures resulting in an insatiable love of art and writing or even death in extreme cases. use carefully, keep away from mouth and eyes! ( Reply to this ) ( Parent ) ( Thread ) Re: 0000000 2003-07-02 00:47 ( link ) Forgot to put something about keeping your toes and fingers inside your nose and ears at all times. ( Reply to this ) ( Parent ) ( Thread ) Re: silverskytears 2003-07-02 04:40 ( link ) oh, darn, so THAT's why the recipe never worked before . . . ( Reply to this ) ( Parent ) ( Read comments ) - Username: Password: English • Español • Deutsch • Français • Русский • → Search: Category: Username E-mail Region Interest AOL IM ICQ Number Yahoo! ID MSN Username Jabber Navigate: Welcome Login Create an Account Update Your Journal Search Random Region Interests Advanced Help Ask a Question Lost Password FAQ Site Map Browse Options Contact Info About General Info Press Download Site News Paid Accounts Terms of Service Privacy Policy Legal Information Site Map Browse Options",wayback
wayback_http://www.livejournal.com:80/users/0000000/10079.html?thread=76383,"0000000: You're merely a shell.

0000000: You're merely a shell. ! ( 0000000 ) wrote, @ 2003 - 07 - 01 10:00:00 You're merely a shell. • goat • hornet • duck • pig • housefly • worm • baby • spider web • bird • dog • wolf • fish x5 • cat x3 • head x5/ • face x6 ( Read comments ) - Re: silverskytears 2003-07-02 04:40 ( link ) oh, darn, so THAT's why the recipe never worked before . . . ( Reply to this ) ( Parent ) ( Read comments ) - Username: Password: English • Español • Deutsch • Français • Русский • → Search: Category: Username E-mail Region Interest AOL IM ICQ Number Yahoo! ID MSN Username Jabber Navigate: Welcome Login Create an Account Update Your Journal Search Random Region Interests Advanced Help Ask a Question Lost Password FAQ Site Map Browse Options Contact Info About General Info Press Download Site News Paid Accounts Terms of Service Privacy Policy Legal Information Site Map Browse Options",wayback
wayback_http://www.livejournal.com:80/users/0000000/10711.html?mode=reply,"Post Comment

Post Comment Percy's Artwork ( 0000000 ) wrote, @ 2003 - 07 - 06 23:58:00 One Person -PercyWells- ( Read comments ) Post a comment in response: From: Anonymous LiveJournal user: Username: Password: Log in? Subject: No HTML allowed in subject Don't auto-format: Message: Check spelling during preview Username: Password: English • Español • Deutsch • Français • Русский • → Search: Category: Username Email Region Interest AOL IM ICQ Number Yahoo! ID MSN Username Jabber Navigate: Welcome Login Create an Account Update Your Journal Search Random Region Interests Advanced Help Ask a Question Lost Password FAQ Site Map Browse Options Contact Info About General Info Press Download Site News Paid Accounts Terms of Service Privacy Policy Legal Information Site Map Browse Options",wayback
wayback_http://www.livejournal.com:80/users/0000000/10853.html,"0000000: Himmel Herz

0000000: Himmel Herz ! ( 0000000 ) wrote, @ 2003 - 07 - 28 19:38:00 Himmel Herz ( Post a new comment ) amoralphreak 2003-07-28 12:40 ( link ) huh...now if only i could understand what that sign says... ( Reply to this ) ( Thread ) lorrainek 2003-07-29 11:23 ( link ) I think the drawing says it all.. and I love your user pic! ( Reply to this ) ( Parent ) ( Thread ) amoralphreak 2003-07-29 11:59 ( link ) *nods* True. But I think it would help to fully understand it... And thanks so much! lol. I have such an obsession with gay men...^_~ ( Reply to this ) ( Parent ) ( Thread ) lorrainek 2003-07-29 12:25 ( link ) its very erotic ;-) ( Reply to this ) ( Parent ) antiprose 2003-08-06 10:50 ( link ) 'a friendly sky in my heart laughs through the stormy crowns of the jaw' it's a haiku by a good friend of mine. ( Reply to this ) ( Parent ) ( Thread ) amoralphreak 2003-08-12 20:51 ( link ) ah...i like it... (*counts syllables w/fingers like a dork*) ( Reply to this ) ( Parent ) ( Thread ) antiprose 2003-08-13 01:49 ( link ) haha they are correct in german! ( Reply to this ) ( Parent ) ( Thread ) amoralphreak 2003-08-13 05:54 ( link ) *sticks out tongue* suuuure ( Reply to this ) ( Parent ) _uninspired 2003-08-09 10:47 ( link ) If you ever come to America, go to Baltimore, Maryland. There's this amazing museum called American Visionary Art Museum. I think you'd fit in perfectly there. *coughyourartworkshouldbedisplayedthere* ( Reply to this ) ( Thread ) antiprose 2003-10-08 17:53 ( link ) Oh my. :-> ( Reply to this ) ( Parent ) ( Thread ) _uninspired 2003-10-08 21:18 ( link ) ^_^ ( Reply to this ) ( Parent ) __01_transistor 2003-11-23 19:49 ( link ) i adore them to no end ( Reply to this ) bruisedxbr0ken 2004-06-30 18:18 ( link ) That is whoaaaa ( Reply to this ) Username: Password: English • Español • Deutsch • Français • Русский • → Search: Category: Username E-mail Region Interest AOL IM ICQ Number Yahoo! ID MSN Username Jabber Navigate: Welcome Login Create an Account Update Your Journal Search Random Region Interests Advanced Help Ask a Question Lost Password FAQ Site Map Browse Options Contact Info About General Info Press Download Site News Paid Accounts Terms of Service Privacy Policy Legal Information Site Map Browse Options",wayback
wayback_http://www.livejournal.com:80/users/0000000/10853.html?mode=reply,"Post Comment

Post Comment Percy's Artwork ( 0000000 ) wrote, @ 2003 - 07 - 28 19:38:00 Himmel Herz ( Read comments ) Post a comment in response: From: Anonymous LiveJournal user: Username: Password: Log in? Subject: No HTML allowed in subject Don't auto-format: Message: Check spelling during preview Username: Password: English • Español • Deutsch • Français • Русский • → Search: Category: Username Email Region Interest AOL IM ICQ Number Yahoo! ID MSN Username Jabber Navigate: Welcome Login Create an Account Update Your Journal Search Random Region Interests Advanced Help Ask a Question Lost Password FAQ Site Map Browse Options Contact Info About General Info Press Download Site News Paid Accounts Terms of Service Privacy Policy Legal Information Site Map Browse Options",wayback
wayback_http://www.livejournal.com:80/users/0000000/10853.html?replyto=78693,"Post Comment

Post Comment linebreak nazi ( amoralphreak ) wrote, *nods* True. But I think it would help to fully understand it... And thanks so much! lol. I have such an obsession with gay men...^_~ ( Read comments ) Post a comment in response: From: Anonymous LiveJournal user: Username: Password: Log in? Subject: No HTML allowed in subject Don't auto-format: Message: Check spelling during preview Username: Password: English • Español • Deutsch • Français • Русский • → Search: Category: Username Email Region Interest AOL IM ICQ Number Yahoo! ID MSN Username Jabber Navigate: Welcome Login Create an Account Update Your Journal Search Random Region Interests Advanced Help Ask a Question Lost Password FAQ Site Map Browse Options Contact Info About General Info Press Download Site News Paid Accounts Invite a Friend Terms of Service Privacy Policy Legal Information Site Map Browse Options",wayback
wayback_http://www.livejournal.com:80/users/0000000/10853.html?replyto=78949,"Post Comment

Post Comment Lorri ( lorrainek ) wrote, its very erotic ;-) ( Read comments ) Post a comment in response: From: Anonymous LiveJournal user: Username: Password: Log in? Subject: No HTML allowed in subject Don't auto-format: Message: Check spelling during preview Username: Password: English • Español • Deutsch • Français • Русский • → Search: Category: Username Email Region Interest AOL IM ICQ Number Yahoo! ID MSN Username Jabber Navigate: Welcome Login Create an Account Update Your Journal Search Random Region Interests Advanced Help Ask a Question Lost Password FAQ Site Map Browse Options Contact Info About General Info Press Download Site News Paid Accounts Invite a Friend Terms of Service Privacy Policy Legal Information Site Map Browse Options",wayback
wayback_http://www.livejournal.com:80/users/0000000/10853.html?replyto=79973,"Post Comment

Post Comment Percy ( antiprose ) wrote, haha they are correct in german! ( Read comments ) Post a comment in response: From: Anonymous LiveJournal user: Username: Password: Log in? Subject: No HTML allowed in subject Don't auto-format: Message: Check spelling during preview Username: Password: English • Español • Deutsch • Français • Русский • → Search: Category: Username Email Region Interest AOL IM ICQ Number Yahoo! ID MSN Username Jabber Navigate: Welcome Login Create an Account Update Your Journal Search Random Region Interests Advanced Help Ask a Question Lost Password FAQ Site Map Browse Options Contact Info About General Info Press Download Site News Paid Accounts Invite a Friend Terms of Service Privacy Policy Legal Information Site Map Browse Options",wayback
wayback_http://www.livejournal.com:80/users/0000000/10853.html?replyto=80229,"Post Comment

Post Comment fossilized heart pulp ( amoralphreak ) wrote, *sticks out tongue* suuuure ( Read comments ) Post a comment in response: From: Anonymous LiveJournal user: Username: Password: Log in? Subject: No HTML allowed in subject Don't auto-format: Message: Check spelling during preview Username: Password: English • Español • Deutsch • Français • Русский • → Search: Category: Username E-mail Region Interest AOL IM ICQ Number Yahoo! ID MSN Username Jabber Navigate: Welcome Login Create an Account Update Your Journal Search Random Region Interests Advanced Help Ask a Question Lost Password FAQ Site Map Browse Options Contact Info About General Info Press Download Site News Paid Accounts Terms of Service Privacy Policy Legal Information Site Map Browse Options",wayback
wayback_http://www.livejournal.com:80/users/0000000/10853.html?replyto=80997,"Post Comment

Post Comment Once for all ( _uninspired ) wrote, ^_^ ( Read comments ) Post a comment in response: From: Anonymous LiveJournal user: Username: Password: Log in? Subject: No HTML allowed in subject Don't auto-format: Message: Check spelling during preview Username: Password: English • Español • Deutsch • Français • Русский • → Search: Category: Username Email Region Interest AOL IM ICQ Number Yahoo! ID MSN Username Jabber Navigate: Welcome Login Create an Account Update Your Journal Search Random Region Interests Advanced Help Ask a Question Lost Password FAQ Site Map Browse Options Contact Info About General Info Press Download Site News Paid Accounts Invite a Friend Terms of Service Privacy Policy Legal Information Site Map Browse Options",wayback
wayback_http://www.livejournal.com:80/users/0000000/10853.html?replyto=81253,"Post Comment

Post Comment DRAWING HEARTS SO LATE NINETIES ( __01_transistor ) wrote, i adore them to no end ( Read comments ) Post a comment in response: From: Anonymous LiveJournal user: Username: Password: Log in? Subject: No HTML allowed in subject Don't auto-format: Message: Check spelling during preview Username: Password: English • Español • Deutsch • Français • Русский • → Search: Category: Username Email Region Interest AOL IM ICQ Number Yahoo! ID MSN Username Jabber Navigate: Welcome Login Create an Account Update Your Journal Search Random Region Interests Advanced Help Ask a Question Lost Password FAQ Site Map Browse Options Contact Info About General Info Press Download Site News Paid Accounts Invite a Friend Terms of Service Privacy Policy Legal Information Site Map Browse Options",wayback
wayback_http://www.livejournal.com:80/users/0000000/10853.html?thread=79461,"0000000: Himmel Herz

0000000: Himmel Herz ! ( 0000000 ) wrote, @ 2003 - 07 - 28 19:38:00 Himmel Herz ( Read comments ) - ( Post a new comment ) _uninspired 2003-08-09 10:47 ( link ) If you ever come to America, go to Baltimore, Maryland. There's this amazing museum called American Visionary Art Museum. I think you'd fit in perfectly there. *coughyourartworkshouldbedisplayedthere* ( Reply to this ) ( Thread ) antiprose 2003-10-08 17:53 ( link ) Oh my. :-> ( Reply to this ) ( Parent ) ( Thread ) _uninspired 2003-10-08 21:18 ( link ) ^_^ ( Reply to this ) ( Parent ) ( Read comments ) - Username: Password: English • Español • Deutsch • Français • Русский • → Search: Category: Username E-mail Region Interest AOL IM ICQ Number Yahoo! ID MSN Username Jabber Navigate: Welcome Login Create an Account Update Your Journal Search Random Region Interests Advanced Help Ask a Question Lost Password FAQ Site Map Browse Options Contact Info About General Info Press Download Site News Paid Accounts Terms of Service Privacy Policy Legal Information Site Map Browse Options",wayback
wayback_http://www.livejournal.com:80/users/0000000/11112.html,"0000000: [notebook]

0000000: [notebook] ! ( 0000000 ) wrote, @ 2003 - 12 - 09 20:50:00 Current mood: miserable [notebook] ( Post a new comment ) amoralphreak 2003-12-09 14:21 ( link ) awesome picture (as always) but what's wrong? ( Reply to this ) ( Thread ) antiprose 2004-01-03 02:57 ( link ) You notice too many things. ( Reply to this ) ( Parent ) ( Thread ) amoralphreak 2004-01-03 11:22 ( link ) or too little. ( Reply to this ) ( Parent ) ( Thread ) antiprose 2004-01-03 23:02 ( link ) No, I still think the first, but all's relative and you may have higher standards for yourself. ( Reply to this ) ( Parent ) ( Thread ) amoralphreak 2004-01-04 09:26 ( link ) you're not answering the question, are you? ^_~ ( Reply to this ) ( Parent ) peyotefleur 2003-12-10 01:54 ( link ) (Artswoon) ( Reply to this ) ( Thread ) antiprose 2004-01-03 02:58 ( link ) Hey, you died. ( Reply to this ) ( Parent ) pinknblack21 2003-12-12 21:35 ( link ) Wow, you're artwork is very unique :) ( Reply to this ) ( Thread ) antiprose 2004-01-03 02:58 ( link ) Thank you, glad you enjoy. ( Reply to this ) ( Parent ) Username: Password: English • Español • Deutsch • Français • Русский • → Search: Category: Username E-mail Region Interest AOL IM ICQ Number Yahoo! ID MSN Username Jabber Navigate: Welcome Login Create an Account Update Your Journal Search Random Region Interests Advanced Help Ask a Question Lost Password FAQ Site Map Browse Options Contact Info About General Info Press Download Site News Paid Accounts Terms of Service Privacy Policy Legal Information Site Map Browse Options",wayback
wayback_http://www.livejournal.com:80/users/0000000/11411.html?replyto=83091,"Post Comment

Post Comment fossilized heart pulp ( amoralphreak ) wrote, no clue who they are, but <3 to your art as always ( Read comments ) Post a comment in response: From: Anonymous LiveJournal user: Username: Password: Log in? Subject: No HTML allowed in subject Don't auto-format: Message: Check spelling during preview Username: Password: English • Español • Deutsch • Français • Русский • → Search: Category: Username E-mail Region Interest AOL IM ICQ Number Yahoo! ID MSN Username Jabber Navigate: Welcome Login Create an Account Update Your Journal Search Random Region Interests Advanced Help Ask a Question Lost Password FAQ Site Map Browse Options Contact Info About General Info Press Download Site News Paid Accounts Terms of Service Privacy Policy Legal Information Site Map Browse Options",wayback
wayback_http://www.livejournal.com:80/users/0000000/11411.html?replyto=83603,"Post Comment

Post Comment L ( kinkedriotfemme ) wrote, I love your drawngs so much that it makes me quite entirely sad that I've never been able to correspond with you :*( ( Read comments ) Post a comment in response: From: Anonymous LiveJournal user: Username: Password: Log in? Subject: No HTML allowed in subject Don't auto-format: Message: Check spelling during preview Username: Password: English • Español • Deutsch • Français • Русский • → Search: Category: Username E-mail Region Interest AOL IM ICQ Number Yahoo! ID MSN Username Jabber Navigate: Welcome Login Create an Account Update Your Journal Search Random Region Interests Advanced Help Ask a Question Lost Password FAQ Site Map Browse Options Contact Info About General Info Press Download Site News Paid Accounts Terms of Service Privacy Policy Legal Information Site Map Browse Options",wayback
wayback_http://www.livejournal.com:80/users/0000000/11411.html?replyto=83859,"Post Comment

Post Comment . ( silverskytears ) wrote, your art pleases me; it's very expressive. ( Read comments ) Post a comment in response: From: Anonymous LiveJournal user: Username: Password: Log in? Subject: No HTML allowed in subject Don't auto-format: Message: Check spelling during preview Username: Password: English • Español • Deutsch • Français • Русский • → Search: Category: Username E-mail Region Interest AOL IM ICQ Number Yahoo! ID MSN Username Jabber Navigate: Welcome Login Create an Account Update Your Journal Search Random Region Interests Advanced Help Ask a Question Lost Password FAQ Site Map Browse Options Contact Info About General Info Press Download Site News Paid Accounts Terms of Service Privacy Policy Legal Information Site Map Browse Options",wayback
wayback_http://www.livejournal.com:80/users/0000000/11411.html?replyto=84627,"Post Comment

Post Comment PW ( antiprose ) wrote, How uncharacteristically unenthusiastic. Do you still live at college? ( Read comments ) Post a comment in response: From: Anonymous LiveJournal user: Username: Password: Log in? Subject: No HTML allowed in subject Don't auto-format: Message: Check spelling during preview Username: Password: English • Español • Deutsch • Français • Русский • → Search: Category: Username E-mail Region Interest AOL IM ICQ Number Yahoo! ID MSN Username Jabber Navigate: Welcome Login Create an Account Update Your Journal Search Random Region Interests Advanced Help Ask a Question Lost Password FAQ Site Map Browse Options Contact Info About General Info Press Download Site News Paid Accounts Terms of Service Privacy Policy Legal Information Site Map Browse Options",wayback
wayback_http://www.livejournal.com:80/users/0000000/11411.html?replyto=84883,"Post Comment

Post Comment . ( silverskytears ) wrote, i was tired! very little sleep the night before, mea culpa! (unlike SOME lovelies, I can't function on 6 or less!) Well, I'll be back at college in 2 weeks (18th) and then there till mid-may . . . yeek, and yuck, but only because I have to work through hell to get back to school!!! ( Read comments ) Post a comment in response: From: Anonymous LiveJournal user: Username: Password: Log in? Subject: No HTML allowed in subject Don't auto-format: Message: Check spelling during preview Username: Password: English • Español • Deutsch • Français • Русский • → Search: Category: Username E-mail Region Interest AOL IM ICQ Number Yahoo! ID MSN Username Jabber Navigate: Welcome Login Create an Account Update Your Journal Search Random Region Interests Advanced Help Ask a Question Lost Password FAQ Site Map Browse Options Contact Info About General Info Press Download Site News Paid Accounts Terms of Service Privacy Policy Legal Information Site Map Browse Options",wayback
wayback_http://www.livejournal.com:80/users/0000000/11411.html?replyto=85139,"Post Comment

Post Comment L ( kinkedriotfemme ) wrote, that makes me smile. I'd liek to know more about you. you're drawings are exquisite, there must be an exquisite person under there. ( Read comments ) Post a comment in response: From: Anonymous LiveJournal user: Username: Password: Log in? Subject: No HTML allowed in subject Don't auto-format: Message: Check spelling during preview Username: Password: English • Español • Deutsch • Français • Русский • → Search: Category: Username E-mail Region Interest AOL IM ICQ Number Yahoo! ID MSN Username Jabber Navigate: Welcome Login Create an Account Update Your Journal Search Random Region Interests Advanced Help Ask a Question Lost Password FAQ Site Map Browse Options Contact Info About General Info Press Download Site News Paid Accounts Terms of Service Privacy Policy Legal Information Site Map Browse Options",wayback
wayback_http://www.livejournal.com:80/users/0000000/11717.html,"0000000: I know, I promised this a long time ago.

0000000: I know, I promised this a long time ago. ! ( 0000000 ) wrote, @ 2004 - 02 - 03 13:07:00 I know, I promised this a long time ago. I'm going to one of the professional printers here to ask about art prints, to possibly sell some. If you are interested in knowing prices once I find out you can e-mail me (or just leave a comment). I don't know cost, I also don't have the time to make prints myself right now though, which is why I am doing it this way. If it turns out to be ridiculously expensive I'll probably just auction a few or wait until I have the time to do them myself. If you're on my mailing list, don't worry, you'll be informed anyway. Edit: I can't sell prints of "" Higher "" because the original has been damaged. (cross post) ( Post a new comment ) (Anonymous) 2004-02-10 07:10 ( link ) hey! could you email me? i dont know your address but i want to by ""patchwork"" its thomgarsh@wordlnetw.com thanks. looking forward. ( Reply to this ) paivansade 2004-04-04 09:55 ( link ) yeah, i'd also like to buy ""patchwork"", if you'll ever be selling it :) ( Reply to this ) ( Thread ) 0000000 2004-04-04 13:42 ( link ) Hiiighly unlikely that I'll sell the original anytime soon, but I'll try to remember to send you a signed print of it sometime eventually, since you've been so incredibly supportive of me in every way imaginable :') ( Reply to this ) ( Parent ) ( Thread ) paivansade 2004-04-04 22:59 ( link ) oh! oh! oh! then i would love you forever and a day more instead of just forever!! :) ( Reply to this ) ( Parent ) neferet_tiy 2004-04-16 07:20 ( link ) Depending on how much it'd cost, I'd buy a copy of ""Observed"" if you were to offer prints of it ;) (And I'd beg you to sign it too haha) Yeah this has been up here for a while...but I wanted to come back and see if I missed anything! ( Reply to this ) ( Thread ) 0000000 2004-05-18 04:26 ( link ) I don't want to charge people what I'd have to for postage overseas in rolls (how I usually send prints inland), so I'm going to try some other ways like cardboard reinforced envelopes and see if they make it through the mail ok. If that works out, I'll start offering overseas again and will let you know. Yes, I'd sell prints of ""Observed,"" too. The signature on the version you see online was added digitally, it's not on the original watercolour, but I handsign and number prints. Just in case you buy one later and wonder why the sig/num on the print looks different, it's because it's real there ;-) ( Reply to this ) ( Parent ) ( Thread ) neferet_tiy 2004-05-18 06:52 ( link ) Hehe awesome. ( Reply to this ) ( Parent ) Username: Password: English • Español • Deutsch • Français • Русский • → Search: Category: Username E-mail Region Interest AOL IM ICQ Number Yahoo! ID MSN Username Jabber Navigate: Welcome Login Create an Account Update Your Journal Search Random Region Interests Advanced Help Ask a Question Lost Password FAQ Site Map Browse Options Contact Info About General Info Press Download Site News Paid",wayback
wayback_http://www.livejournal.com:80/users/0000000/12214.html,"0000000: Für Konrad

0000000: Für Konrad ! ( 0000000 ) wrote, @ 2004 - 06 - 30 22:43:00 Für Konrad I am not pleased with the scan. I think I need a better scanner. Some of my favourite and best pen tips are a tenth of a millimeter in width. Pointillism and hatching become lost arts because technology cannot do them justice. ( Post a new comment ) cannibol 2004-06-30 14:11 ( link ) awesomeness! ( Reply to this ) ( Thread ) 0000000 2004-07-01 00:05 ( link ) thanks! ( Reply to this ) ( Parent ) ( Thread ) cannibol 2004-07-01 00:12 ( link ) may have to add ya! ( Reply to this ) ( Parent ) cannibol 2004-06-30 14:12 ( link ) awesomeness! ( Reply to this ) ( Thread ) 0000000 2004-07-01 00:05 ( link ) thanks! ( Reply to this ) ( Parent ) cannibol 2004-06-30 14:12 ( link ) awesomeness! ( Reply to this ) ( Thread ) 0000000 2004-07-01 00:06 ( link ) thanks! ( Reply to this ) ( Parent ) cannibol 2004-06-30 14:13 ( link ) awesomeness! ( Reply to this ) ( Thread ) 0000000 2004-07-01 00:06 ( link ) thanks! (LiveJournal must have had a seizure.) ( Reply to this ) ( Parent ) ( Thread ) cannibol 2004-07-01 00:26 ( link ) get to see all your icons tho, ha! ( Reply to this ) ( Parent ) ( Thread ) 0000000 2004-07-01 03:04 ( link ) LOL! You'll find a load more here . ( Reply to this ) ( Parent ) littlesamo 2004-06-30 14:33 ( link ) looks great, sorry about losing parts to the scan I khnow how you feel. ( Reply to this ) ( Thread ) 0000000 2004-07-01 00:09 ( link ) Thanks. By the way, I really like this too. That motion scribble at the elbow absolutely made the drawing. ( Reply to this ) ( Parent ) ( Thread ) littlesamo 2004-08-04 06:42 ( link ) thanks for your comment ( Reply to this ) ( Parent ) jillandrhodry 2004-06-30 15:18 ( link ) Wow, despite you not liking your scanner and the way it does things, I love that piece. If it looks that good (to me) and you're not happy with it, I can't even imagine what it looks like on paper. *by the way--it's good to see you posting again!* ( Reply to this ) ( Thread ) 0000000 2004-07-01 00:14 ( link ) The darker areas are mainly made up of very fine lines or tiny dots. It gets a little lost in the scanning. Probably if I scanned it at twice the DPI or so it would be better but the image would be twice the size of the monitor before resizing and cropping. Since this is a gift for someone I will make such a high resolution copy for my own records but for sharing online it's less than practical :-( ( Reply to this ) ( Parent ) lorrainek 2004-06-30 16:12 ( link ) I really like those drawings you do... I wonder what doug and I would look like in Percy's World? hehe! ( Reply to this ) ( Thread ) 0000000 2004-07-01 00:11 ( link ) Probably insulting, you know what kind of misplaced emotion goes into my style ;-) ( Reply to this ) ( Parent ) ( Thread ) lorrainek 2004-07-01 16:56 ( link ) hehehe! ( Reply to this ) ( Parent ) silverskytears 2004-06-30 18:33 ( link ) aw, the crazy kitty gets an unofficial dingo award! ( Reply to this ) ( Thread ) 0000000 2004-0",wayback
wayback_http://www.livejournal.com:80/users/0000000/12214.html?mode=reply,"Post Comment

Post Comment ! ( 0000000 ) wrote, @ 2004 - 06 - 30 22:43:00 Für Konrad I am not pleased with the scan. I think I need a better scanner. Some of my favourite and best pen tips are a tenth of a millimeter in width. Pointillism and hatching become lost arts because technology cannot do them justice. ( Read comments ) Post a comment in response: From: Anonymous LiveJournal user: Username: Password: Log in? Subject: No HTML allowed in subject Don't auto-format: Message: Check spelling during preview Username: Password: English • Español • Deutsch • Français • Русский • → Search: Category: Username E-mail Region Interest AOL IM ICQ Number Yahoo! ID MSN Username Jabber Navigate: Welcome Login Create an Account Update Your Journal Search Random Region Interests Advanced Help Ask a Question Lost Password FAQ Site Map Browse Options Contact Info About General Info Press Download Site News Paid Accounts Terms of Service Privacy Policy Legal Information Site Map Browse Options",wayback
wayback_http://www.livejournal.com:80/users/0000000/12378.html,"0000000: White Apple

0000000: White Apple ! ( 0000000 ) wrote, @ 2004 - 07 - 06 23:11:00 Current mood: content White Apple Quick CD cover illustration for lady friend. --- And this made my day, thanks! ( Post a new comment ) Random User crotch_pox 2004-07-12 00:51 ( link ) Is all this art thats posted on your journal things you've made and designed yourself? Cause its all very beautiful. ( Reply to this ) ( Thread ) Re: Random User 0000000 2004-07-12 02:13 ( link ) Yes, it is, and thank you very much. You can find a more formal gallery here , but the only form of feedback there is the guestbook right now. ( Reply to this ) ( Parent ) Username: Password: English • Español • Deutsch • Français • Русский • → Search: Category: Username E-mail Region Interest AOL IM ICQ Number Yahoo! ID MSN Username Jabber Navigate: Welcome Login Create an Account Update Your Journal Search Random Region Interests Advanced Help Ask a Question Lost Password FAQ Site Map Browse Options Contact Info About General Info Press Download Site News Paid Accounts Terms of Service Privacy Policy Legal Information Site Map Browse Options",wayback
wayback_http://www.livejournal.com:80/users/0000000/13432.html,"0000000: ""Bad thoughts, Mommy.""

0000000: ""Bad thoughts, Mommy."" ! ( 0000000 ) wrote, @ 2004 - 07 - 21 13:56:00 Current mood: frustrated ""Bad thoughts, Mommy."" ( Post a new comment ) Nitpick veli 2004-07-21 06:03 ( link ) I assume the title is supposed to be German, if I'm wrong please ignore me :) ""Börse"" means ""purse"", ""wallet"" or ""stock market"". I assume you were looking for ""Böse"", which means ""evil"" or ""bad"". ( Reply to this ) ( Thread ) Re: Nitpick 0000000 2004-07-21 07:15 ( link ) yeah, some sites i post to don't allow/properly display umlauts. and once these stupid extra e's need to be added things like ö, ör, äu, etc make me want to puke. coincidence that this happens to be another word altogether. seeing it without the umlaut (in the file name) the misspelling didn't stand out to me. ( Reply to this ) ( Parent ) andricongirl 2004-07-21 06:46 ( link ) fabulous ( Reply to this ) andrewnomicon 2004-07-21 07:16 ( link ) love it. ( Reply to this ) neferet_tiy 2004-07-21 07:27 ( link ) That is REALLY good. I love it. And the caption underneath is amusing. *grin* ( Reply to this ) ( Thread ) 0000000 2004-07-21 07:28 ( link ) It's ambiguousss ( Reply to this ) ( Parent ) silverskytears 2004-07-21 08:22 ( link ) creepily awesome, as always, m'dear. always love browsing the friends page and finding you here. ( Reply to this ) ( Thread ) 0000000 2004-07-24 04:20 ( link ) Sweet. ( Reply to this ) ( Parent ) ( Thread ) silverskytears 2004-07-24 13:26 ( link ) i'm trying to discern the tone on that: keanu reeve's, ""sweeeeet, dude"" style or ""sweet"" as in, actually, hey, that was sweet. ( Reply to this ) ( Parent ) kyleminus2 2004-07-21 08:28 ( link ) Thanks for sharing, I enjoyed it. ( Reply to this ) amoralphreak 2004-07-21 09:30 ( link ) oh my, i feel so terribly sadistic for grinning madly at this picture and wanting it. amazing as always, and i think it's tied with the cute teddy bear as my favorite from you. ( Reply to this ) ( Thread ) 0000000 2004-07-24 04:20 ( link ) Oh my... maybe it was the boy's beddytear. ( Reply to this ) ( Parent ) cannibol 2004-07-21 10:10 ( link ) very cool! ( Reply to this ) eleventyseven 2004-07-21 12:05 ( link ) ooooh creepy. I like the style ( Reply to this ) ( Thread ) Style 0000000 2004-07-24 04:19 ( link ) Thanks, it's mainly what I stick to. ( Reply to this ) ( Parent ) xpyromania05x 2004-07-21 14:41 ( link ) love it...XD ( Reply to this ) ( Thread ) 0000000 2004-07-24 04:19 ( link ) lovely... :-D ( Reply to this ) ( Parent ) lostinmymind07 2004-07-22 14:00 ( link ) did you draw that? if so it looks good> ( Reply to this ) ( Thread ) 0000000 2004-07-23 01:54 ( link ) Yes. Thanks. ( Reply to this ) ( Parent ) Username: Password: English • Español • Deutsch • Français • Русский • → Search: Category: Username E-mail Region Interest AOL IM ICQ Number Yahoo! ID MSN Username Jabber Navigate: Welcome Login Create an Account Update Your Journal Search Random Region Interests Advanced Help Ask a Question Lost Password FAQ Site Map Browse Options Contac",wayback
wayback_http://www.livejournal.com:80/users/0000000/14153.html,"0000000: butterfly net

0000000: butterfly net ! ( 0000000 ) wrote, @ 2005 - 01 - 08 22:13:00 Current mood: depressed butterfly net ( Post a new comment ) neferet_tiy 2005-01-08 21:26 ( link ) Ahh Percy I love it :) ( Reply to this ) ( Thread ) antiprose 2005-01-11 23:05 ( link ) *bows* ( Reply to this ) ( Parent ) amoralphreak 2005-01-09 02:43 ( link ) beautiful picture, but what's wrong??? :( ( Reply to this ) ( Thread ) antiprose 2005-01-11 23:05 ( link ) oh, what isn't wrong with this world! ( Reply to this ) ( Parent ) ( Thread ) amoralphreak 2005-01-11 23:35 ( link ) meh. point. ( Reply to this ) ( Parent ) xpyromania05x 2005-01-09 06:06 ( link ) nice XD....hope u feel ok ( Reply to this ) ( Thread ) antiprose 2005-01-11 23:05 ( link ) thanks, i'm dandy. ( Reply to this ) ( Parent ) silverskytears 2005-01-09 20:03 ( link ) you have always been the definition of 'tortured artist' to me, though I know little of your life. alas that pain is so inspiring. i shall never be a successful poet . . . i am simply not conflicted enough :P i hope this post finds you drinking tea, or some such deliciousness. ( Reply to this ) ( Thread ) 0000000 2005-01-09 20:36 ( link ) hibiscus. i hate it. ( Reply to this ) ( Parent ) ( Thread ) silverskytears 2005-01-09 21:18 ( link ) haha alas and possibly also alack hmmm is it one of those with metallic aftertastes? never got a hang of those. all i need is a good strong-brewed mint tea, sweetened and iced. if only it wasn't the middle of winter and such treats practically make me the snow queen! ( Reply to this ) ( Parent ) ( Thread ) antiprose 2005-01-11 12:42 ( link ) no, i simply never got into these red teas. i mean really, this tastes like dirt. filtered, coloured dirt. who drinks this stuff?!! (i mean besides broke and broken artists who find it in the back of their cupboards when the green tea is gone...) ah yeah, mint is great also. ( Reply to this ) ( Parent ) ( Thread ) silverskytears 2005-01-11 12:48 ( link ) aha! well, no fear, m'love. I am sure I'll be joining you in the broke and broken, though artist was always questionable. by the way, I still have that lovely letter you wrote me on my wall. tangential thought. been reminiscing a lot lately, which I feel is dangerous because at 19 there shouldn't be an awful lot to ruminate on! ( Reply to this ) ( Parent ) ( Thread ) antiprose 2005-01-11 12:53 ( link ) hm. that's a happy thought. (my scribbles on your wall with a piece of paper between them.) and the icon is tres cute. 19 is old, so old. nearly 2 decades, which is a long word. ( Reply to this ) ( Parent ) ( Thread ) silverskytears 2005-01-11 18:40 ( link ) happy thought for me too! scribbings tend to cheer me greatly. plus thank you . . . I have found that when I get bored I turn to my camera for amusement. 19 is old! And how old are you? Still 8 I hope. :) I seem to recall that as a good age, mostly because I don't remember it! ( Reply to this ) ( Parent ) Username: Password: English • Español • Deutsch • Français • Русски",wayback
wayback_http://www.livejournal.com:80/users/0000000/2003/06/,"June, 2003 - 0000000

June, 2003 - 0000000 June, 2003 - 0000000 Month View Here are the subjects of all posts by user 0000000 in June, 2003. January February March April May June July August September October November December 29th 9:28p Patchwork - 20 replies Username: Password: English • Español • Deutsch • Français • Русский • → Search: Category: Username E-mail Region Interest AOL IM ICQ Number Yahoo! ID MSN Username Jabber Navigate: Welcome Login Create an Account Update Your Journal Search Random Region Interests Advanced Help Ask a Question Lost Password FAQ Site Map Browse Options Contact Info About General Info Press Download Site News Paid Accounts Terms of Service Privacy Policy Legal Information Site Map Browse Options",wayback
wayback_http://www.livejournal.com:80/users/0000000/2003/07/,"July, 2003 - 0000000

July, 2003 - 0000000 July, 2003 - 0000000 Month View Here are the subjects of all posts by user 0000000 in July, 2003. January February March April May June July August September October November December 1st 10:00a You're merely a shell. - 12 replies 3rd 10:00a Abdominal Lobotomy - 2 replies 6th 11:58p One Person - 4 replies 28th 7:38p Himmel Herz - 12 replies Username: Password: English • Español • Deutsch • Français • Русский • → Search: Category: Username E-mail Region Interest AOL IM ICQ Number Yahoo! ID MSN Username Jabber Navigate: Welcome Login Create an Account Update Your Journal Search Random Region Interests Advanced Help Ask a Question Lost Password FAQ Site Map Browse Options Contact Info About General Info Press Download Site News Paid Accounts Terms of Service Privacy Policy Legal Information Site Map Browse Options",wayback
wayback_http://www.livejournal.com:80/users/0000000/7998.html,"0000000: The Dark

0000000: The Dark Percy's Artwork ( 0000000 ) wrote, @ 2003 - 04 - 27 10:31:00 The Dark ""As a child, I was not afraid of the dark, but of the skeletons I saw in it."" ( Post a new comment ) xxallyxx 2003-06-09 04:29 ( link ) I LOVE it! ( Reply to this ) ( Post a new comment ) Username: Password: English • Español • Deutsch • Français • Русский • → Search: Category: Username Email Region Interest AOL IM ICQ Number Yahoo! ID MSN Username Jabber Navigate: Welcome Login Create an Account Update Your Journal Search Random Region Interests Advanced Help Ask a Question Lost Password FAQ Site Map Browse Options Contact Info About General Info Press Download Site News Paid Accounts Terms of Service Privacy Policy Legal Information Site Map Browse Options",wayback
wayback_http://www.livejournal.com:80/users/0000000/7998.html?mode=reply,"Post Comment

Post Comment Percy's Artwork ( 0000000 ) wrote, @ 2003 - 04 - 27 10:31:00 The Dark ""As a child, I was not afraid of the dark, but of the skeletons I saw in it."" ( Read comments ) Post a comment in response: From: Anonymous LiveJournal user: Username: Password: Log in? Subject: No HTML allowed in subject Don't auto-format: Message: Check spelling during preview Username: Password: English • Español • Deutsch • Français • Русский • → Search: Category: Username Email Region Interest AOL IM ICQ Number Yahoo! ID MSN Username Jabber Navigate: Welcome Login Create an Account Update Your Journal Search Random Region Interests Advanced Help Ask a Question Lost Password FAQ Site Map Browse Options Contact Info About General Info Press Download Site News Paid Accounts Terms of Service Privacy Policy Legal Information Site Map Browse Options",wayback
wayback_http://www.livejournal.com:80/users/0000000/8241.html?mode=reply,"Post Comment

Post Comment ! ( 0000000 ) wrote, @ 2003 - 04 - 27 14:23:00 96 Sardine Personalities We didn't disassociate. Black ink on watercolour block. ( Read comments ) Post a comment in response: From: Anonymous LiveJournal user: Username: Password: Log in? Subject: No HTML allowed in subject Don't auto-format: Message: Check spelling during preview Username: Password: English • Español • Deutsch • Français • Русский • → Search: Category: Username E-mail Region Interest AOL IM ICQ Number Yahoo! ID MSN Username Jabber Navigate: Welcome Login Create an Account Update Your Journal Search Random Region Interests Advanced Help Ask a Question Lost Password FAQ Site Map Browse Options Contact Info About General Info Press Download Site News Paid Accounts Terms of Service Privacy Policy Legal Information Site Map Browse Options",wayback
wayback_http://www.livejournal.com:80/users/0000000/9099.html,"0000000: It Just Happened

0000000: It Just Happened ! ( 0000000 ) wrote, @ 2003 - 04 - 30 14:35:00 It Just Happened Just like that. I woke up and was suddenly not alone in my head anymore. ( Post a new comment ) doctorobnoxious 2003-04-30 05:48 ( link ) shpunkay! woosh! ( Reply to this ) ( Thread ) hrm antiprose 2003-04-30 06:01 ( link ) I think you like to humor. :p ( Reply to this ) ( Parent ) ( Thread ) Re: hrm doctorobnoxious 2003-04-30 06:02 ( link ) i like to comment. is that so wrong? am i crampin ya style? [meow] ( Reply to this ) ( Parent ) ( Thread ) Re: hrm antiprose 2003-04-30 06:03 ( link ) Nuh. Sorry. You know you're loved ;) ( Reply to this ) ( Parent ) ( Thread ) Re: hrm doctorobnoxious 2003-04-30 06:56 ( link ) haha! i am a lj ho with the comments,eh?! ( Reply to this ) ( Parent ) blugurl 2003-04-30 12:58 ( link ) hehe this makes me smile. ( Reply to this ) amoralphreak 2003-04-30 14:15 ( link ) *sighs* i love your pictures so much i feel obligated to comment even though i have absolutely nothing to say. *nods* so that's my comment. :) ( Reply to this ) Username: Password: English • Español • Deutsch • Français • Русский • → Search: Category: Username E-mail Region Interest AOL IM ICQ Number Yahoo! ID MSN Username Jabber Navigate: Welcome Login Create an Account Update Your Journal Search Random Region Interests Advanced Help Ask a Question Lost Password FAQ Site Map Browse Options Contact Info About General Info Press Download Site News Paid Accounts Terms of Service Privacy Policy Legal Information Site Map Browse Options",wayback
wayback_http://www.livejournal.com:80/users/0000000/friends,"!'s Friends

!'s Friends !'s Friends [ entries | friends | calendar ] ! [ website | PercyWells.com ] [ userinfo | livejournal userinfo ] [ calendar | livejournal calendar ] Halted There are a few reasons why you might not see posts on this friends page: ! might have no friends defined. If you are !, you can edit your LiveJournal friends so they show up here. ! might have friends defined, but all of their friend's posts might be over two weeks old (according to the times on our servers), and thus wouldn't be displayed here. ! might have friends defined that post only protected entries that you can't view, because they haven't defined you as a friend in return. navigation [ viewing | ]",wayback
wayback_http://www.livejournal.com:80/users/000000000/,"Gillian Cooper's Journal

Gillian Cooper's Journal Gillian Cooper's Journal [Most Recent Entries] [Calendar View] [Friends] Below are the 0 most recent journal entries recorded in Gillian Cooper 's LiveJournal: About LiveJournal.com",wayback
wayback_http://www.livejournal.com:80/users/00000001,"Снежный Лев's Journal

Снежный Лев's Journal Снежный Лев's Journal 20 most recent entries Date: 2003-08-14 20:11 Subject: Security: Public всю жизнь я наималась каким-то занятиями, которые хотя и нравились мне, но все же каждый раз что бы ими занятся мне приходилось себя заставлять. ( Read more... ) 6 comments | post a comment Date: 2003-08-14 19:29 Subject: Отдыхаю. Security: Public После всяких страхов и встрясок Москва кажется безопасным и уютным местом.Все дела переделаны, два дня никуда не надо бегать, ничего не надо делать, собаки не пугают, потому что медведи много страшнее, потому что слава богу что это не медведь. Люди тоже не пугают потому что слава богу что не в тайге в тремя пьяными водилами в камазе надо пить водку, иначе получишь в глаз, по улице ходить не страшно потому что слава богу не 5000 километров до дома и 20 км до жилья и не надо шарахатся от шорохов в лесу и неслышно прятатся в кусты от идущего на встречу человека с недобрым взглядом. В кране есть горячая вода и не надо по утрам прыгать в ледяную воду , в плите есть газ и не надо по утрам топить печку что бы сварить чашку чая, теплое одеяло и кровать и не надо греть камень и сушить одежду на костре что бы не дать ночью дуба в палатке. Спать можно спокойно и не надо смотреть через палатку на лес . До дома можно ехать на метро и не надо стоять на трассе и думать застряла ты здесь на ночь или все же доедешь до другого леса , в котором все равно придется ночевать одной. Все это мне нравится, и одно и другое. Мне нравится и застревать на ночь, и дождь и мокрое белье и давать дуба в палатке и нырять в ледяную воду по утрам и греть воду на костре и даже общаться с пьяными водилами посреди тайги и ныкатся от медведя в кустах..хотя это слишком пожалуй сильные впечателения с медведем то. Но все это требует сил, потмоу что цепляет прежде всего тело -ему неудобно и оно начинает ныть, а потом цепляет меня, я боюсь умереть и тоже начинаю ныть. Но сейчас я отдыхаю, и это мне тоже нравится. post a comment Date: 2003-08-14 00:59 Subject: Security: Public Ну, на самолет я ,положим, опоздала... 18 comments | post a comment Date: 2003-08-13 00:15 Subject: Security: Public Посылку отправить не дали. Сказали что нету почтальона у них, и поэтому посылки только в четверг. Удлинили мои раздумья на счет книжек и вещей. Да, мне никогда не стать монахом, я тащу с собой столько вещей что хватит на зимовье роте слонов, плюс все побрякушки и книжки , расстаться с которыми ну нету моих сил. Или 25 килограмм вещей 6 из которых книги, 2 комплектуха, а 5 палатка, спальник, каремат это не так много? Почему то за две недели ничегонеделания не удосужилась встретиться с людьми с которыми хотела встретиться, купить себе варежки, записать диски , постирать вещи, подкрутить розетку и убрать квартиру. Интересно я сделаю это сейчас или буду носится завтра с круглыми глазами пытаясь опоздать на самолет? Даже адреса и телефоны я не записала. Спокойствие постепенно снисходит :) на мою голову. Если с кем не попрощалась или не встретилась - из",wayback
wayback_http://www.livejournal.com:80/users/00000001/,"Снежный Лев's Journal

Снежный Лев's Journal Снежный Лев's Journal 20 most recent entries Date: 2003-08-14 20:11 Subject: Security: Public всю жизнь я наималась каким-то занятиями, которые хотя и нравились мне, но все же каждый раз что бы ими занятся мне приходилось себя заставлять. ( Read more... ) 7 comments | post a comment Date: 2003-08-14 19:29 Subject: Отдыхаю. Security: Public После всяких страхов и встрясок Москва кажется безопасным и уютным местом.Все дела переделаны, два дня никуда не надо бегать, ничего не надо делать, собаки не пугают, потому что медведи много страшнее, потому что слава богу что это не медведь. Люди тоже не пугают потому что слава богу что не в тайге в тремя пьяными водилами в камазе надо пить водку, иначе получишь в глаз, по улице ходить не страшно потому что слава богу не 5000 километров до дома и 20 км до жилья и не надо шарахатся от шорохов в лесу и неслышно прятатся в кусты от идущего на встречу человека с недобрым взглядом. В кране есть горячая вода и не надо по утрам прыгать в ледяную воду , в плите есть газ и не надо по утрам топить печку что бы сварить чашку чая, теплое одеяло и кровать и не надо греть камень и сушить одежду на костре что бы не дать ночью дуба в палатке. Спать можно спокойно и не надо смотреть через палатку на лес . До дома можно ехать на метро и не надо стоять на трассе и думать застряла ты здесь на ночь или все же доедешь до другого леса , в котором все равно придется ночевать одной. Все это мне нравится, и одно и другое. Мне нравится и застревать на ночь, и дождь и мокрое белье и давать дуба в палатке и нырять в ледяную воду по утрам и греть воду на костре и даже общаться с пьяными водилами посреди тайги и ныкатся от медведя в кустах..хотя это слишком пожалуй сильные впечателения с медведем то. Но все это требует сил, потмоу что цепляет прежде всего тело -ему неудобно и оно начинает ныть, а потом цепляет меня, я боюсь умереть и тоже начинаю ныть. Но сейчас я отдыхаю, и это мне тоже нравится. post a comment Date: 2003-08-14 00:59 Subject: Security: Public Ну, на самолет я ,положим, опоздала... 18 comments | post a comment Date: 2003-08-13 00:15 Subject: Security: Public Посылку отправить не дали. Сказали что нету почтальона у них, и поэтому посылки только в четверг. Удлинили мои раздумья на счет книжек и вещей. Да, мне никогда не стать монахом, я тащу с собой столько вещей что хватит на зимовье роте слонов, плюс все побрякушки и книжки , расстаться с которыми ну нету моих сил. Или 25 килограмм вещей 6 из которых книги, 2 комплектуха, а 5 палатка, спальник, каремат это не так много? Почему то за две недели ничегонеделания не удосужилась встретиться с людьми с которыми хотела встретиться, купить себе варежки, записать диски , постирать вещи, подкрутить розетку и убрать квартиру. Интересно я сделаю это сейчас или буду носится завтра с круглыми глазами пытаясь опоздать на самолет? Даже адреса и телефоны я не записала. Спокойствие постепенно снисходит :) на мою голову. Если с кем не попрощалась или не встретилась - из",wayback
wayback_http://www.livejournal.com:80/users/00000001/114962.html?mode=reply,"Post Comment

Post Comment Снежный Лев ( 00000001 ) wrote, @ 2003 - 08 - 02 23:48:00 Люди на улице опять стали улыбаться и смотреть в глаза. Хватило и двух дней что бы уже чуть отпустило. Сегодня растянувшись на кровати голышом, обдуваясь ветерком из окна лежала , ощущая пропитывающий покой и блаженство от кончиков пальцев ног до макушки. Каждый работающий в рике имеет такую офигительную возможность пережить это состояние, стоит только уволиться. Только сегодня поняла какое количество напряжения во мне накопилось за 2 года и насколько я не справлялась с ситуацией. Вот что я вам скажу, дорогие товарищи, надо чаще увольнятся :) ( Read comments ) Post a comment in response: From: Anonymous LiveJournal user: Username: Password: Log in? Subject: No HTML allowed in subject Don't auto-format: Message: Check spelling during preview Notice! This user has turned on the option that logs your IP address when posting. Username: Password: English • Español • Deutsch • Français • Русский • → Search: Category: Username Email Region Interest AOL IM ICQ Number Yahoo! ID MSN Username Jabber Navigate: Welcome Login Create an Account Update Your Journal Search Random Region Interests Advanced Help Ask a Question Lost Password FAQ Site Map Browse Options Contact Info About General Info Press Download Site News Paid Accounts Invite a Friend Terms of Service Privacy Policy Legal Information Site Map Browse Options",wayback
wayback_http://www.livejournal.com:80/users/00000001/115404.html?mode=reply,"Post Comment

Post Comment Снежный Лев ( 00000001 ) wrote, @ 2003 - 08 - 03 00:05:00 Вот. Теперь меня никто нигде не держит и никто ни где не ждет и я могу идти на все четыре стороны. Все знакомые мне люди заняты своими делами и живут свою жизнь. Так было и раньше, но иногда наши дела пересекались, теперь нет. Мне никуда не хочется идти и нигде не хочется оставаться. Все замерло. ( Read comments ) Post a comment in response: From: Anonymous LiveJournal user: Username: Password: Log in? Subject: No HTML allowed in subject Don't auto-format: Message: Check spelling during preview Notice! This user has turned on the option that logs your IP address when posting. Username: Password: English • Español • Deutsch • Français • Русский • → Search: Category: Username E-mail Region Interest AOL IM ICQ Number Yahoo! ID MSN Username Jabber Navigate: Welcome Login Create an Account Update Your Journal Search Random Region Interests Advanced Help Ask a Question Lost Password FAQ Site Map Browse Options Contact Info About General Info Press Download Site News Paid Accounts Terms of Service Privacy Policy Legal Information Site Map Browse Options",wayback
wayback_http://www.livejournal.com:80/users/00000001/115588.html?mode=reply,"Post Comment

Post Comment Снежный Лев ( 00000001 ) wrote, @ 2003 - 08 - 03 01:22:00 Удивительно как быстро все меняется. Только что я зависала в полной прострации в друг стало предельно ясно что я буду делать даже если никуда не поеду. ( Read comments ) Post a comment in response: From: Anonymous LiveJournal user: Username: Password: Log in? Subject: No HTML allowed in subject Don't auto-format: Message: Check spelling during preview Notice! This user has turned on the option that logs your IP address when posting. Username: Password: English • Español • Deutsch • Français • Русский • → Search: Category: Username E-mail Region Interest AOL IM ICQ Number Yahoo! ID MSN Username Jabber Navigate: Welcome Login Create an Account Update Your Journal Search Random Region Interests Advanced Help Ask a Question Lost Password FAQ Site Map Browse Options Contact Info About General Info Press Download Site News Paid Accounts Terms of Service Privacy Policy Legal Information Site Map Browse Options",wayback
wayback_http://www.livejournal.com:80/users/00000001/115851.html,"00000001: Дошло.Восприятие происходит без напряжен

00000001: Дошло.Восприятие происходит без напряжен Снежный Лев ( 00000001 ) wrote, @ 2003 - 08 - 03 02:47:00 Дошло. Восприятие происходит без напряжения, без участия рассудка и без разделения на желаемое и не желаемое. Оно происходит независимо от того хотим мы воспринимать это или нет. Пытаясь что-то отбросить из воспринятого мы пытаемся изменить уже свершившийся факт. Отбросить такие попытки стоит не потому что они вредные или ведут к разделению или приносят страдания, а потому что это все равно невозможно сделать. Невозможно. Мы пытаемся делать в принципе невозможное. Ничего себе карусель:) ( Post a new comment ) evridika 2003-12-06 00:33 ( link ) ага... ведь нет воспринимающего/воспринимаемого :) ( Reply to this ) ( Post a new comment ) Username: Password: English • Español • Deutsch • Français • Русский • → Search: Category: Username Email Region Interest AOL IM ICQ Number Yahoo! ID MSN Username Jabber Navigate: Welcome Login Create an Account Update Your Journal Search Random Region Interests Advanced Help Ask a Question Lost Password FAQ Site Map Browse Options Contact Info About General Info Press Download Site News Paid Accounts Terms of Service Privacy Policy Legal Information Site Map Browse Options",wayback
wayback_http://www.livejournal.com:80/users/00000001/116432.html,"00000001: И все же мне плохо , хреново и фигово от

00000001: И все же мне плохо , хреново и фигово от Снежный Лев ( 00000001 ) wrote, @ 2003 - 08 - 04 02:22:00 И все же мне плохо , хреново и фигово от того, что люди ведутся на удовлетворение своих желаний и причинют боль другим людям и вообще существам. И ещё мне плохо, хреново и фигово от того что у других людей и существ не выходит разруливать эти ситуации так, что бы они приносили освобождение, а не боль. И от того, что изменить первое и ускорить второе не в моих силах. ( Post a new comment ) palma 2003-08-03 23:42 ( link ) Тань, как называется провинция, из которой этот вкуссссссный Мао Фэн? ( Reply to this ) ( Thread ) 00000001 2003-08-04 06:48 ( link ) А я забыла..не то Айхон..не то ещё как то на А. Спрошу в пятницу. ( Reply to this ) ( Parent ) persistence 2003-08-04 00:56 ( link ) Я тут как раз удовлетворял свои мгновенные желания соглашаясь с твоей точкой зрения об увольнении и раздираемый собственными мыслями по поводу да/нет, я вырулил ситуацию в головную боль, реальную головную боль -вчера промучался весь вечер. Решение пришло с прохладой и ровным осознанием окончания собственной жизни как стремящегося к карьерному и, наверное, профессиональному росту человека. Я пускаю жизнь колыхаться по волнам до того момента, пока плывёт обрубок бревна, за который я ещё держусь. Будущее неважно. Неправильность подхода и решения также неважна. Важна свобода, которую мне хочется сейчас. ( Reply to this ) ( Thread ) 00000001 2003-08-07 03:21 ( link ) а как сегодня? ( Reply to this ) ( Parent ) ( Thread ) persistence 2003-08-11 03:04 ( link ) А сегодня я наслаждаюсь послеувольнительным периодом, когда все мерзкие процедуры обхода кабинетов за подписями уже пройдены и сижу дома, решив, что пора бы хоть раз да не перевернуть вверх ногами своё единожды принятое решение (знаю, знаю, всё переменчиво и так далее), сижу и пытаюсь войти в свой обычный ритм жизни, иногда оборачиваясь и хмыкая относительно моих прыжков выше головы. Самая интересная проблема, которая передо мной стояла - назвать чего я хочу. Подобно тому, как бабка с дедом маяли золотую рыбку изобретая чего же им на самом деле хочется, я не смог придумать чего хочется мне во вполне конкретной и, казалось бы, моей области жизни. Отсюда я вынес, что, возможно, область перестала быть моей, возможно, мне просто хочется тишины и солнечного света и я пока имею возможность это иметь, пусть оно у меня будет. ( Reply to this ) ( Parent ) ( Thread ) 00000001 2003-08-12 14:35 ( link ) Ура :) смысл жизни нашелся? ( Reply to this ) ( Parent ) ( Thread ) persistence 2003-08-13 03:35 ( link ) Нет, скорее я вернулся к корыту чтобы ещё раз подумать :) Удачи тебе, Танья, в твоём полёте. Хочешь - не хочешь, а я буду временами думать как там у тебя всё сложилось - ведь, в некотором роде, ты - вполне заметная песчинка в моём субъективном мире, а я не особо люблю когда ""мои"" песчинки разбредаются кто куда вне фокуса моего зрения :) ( Reply to this ) ( Parent ) ( Thread ) 00000001 2003-08-13 14:53 ( link ) да уж. спас",wayback
wayback_http://www.livejournal.com:80/community/,"Community Center

Community Center Search LiveJournal : Username Email Interest AOL IM ICQ Number Welcome to LiveJournal! Home | News | Help Welcome! Login Create a Journal Update Journal Find Users Random By Community By Interest LiveJournal Download Topics Invite a Friend Paid Accounts Help & Support LiveJournal FAQ Have a question? Lost Password Developer Area Legal Terms of Service Privacy COPPA Username: Password: Community Center Welcome! Welcome to the LiveJournal Community Center. This is the place to find out how and where to interact with your fellow LiveJournal addicts! LiveJournal isn't only a a great place for keeping a journal; it's a place where people meet, interact, share common interests, and have a good time. Here are of our community features to keep you informed and in touch. New? Are you new to LiveJournal and don't know quite what to do yet? Then You'll want to head over to The 'Newbies' Lounge , where you'll find answers to all your questions you may have. Visit newbies , explore a bit, and you'll be a pro in no time! News If you want to keep up to date with all of the news pertaining to LiveJournal, be sure to check out The LiveJournal Community News , and add it to your friends list , as you will be informed of all the business, development, and general news of LiveJournal on a weekly basis. If you want just the system news, be sure to check out the regular news page . Chat! LiveJournal users chat up a storm. Many of them use popular instant messengers, including AIM , ICQ , Yahoo! , MSN , or Jabber instant messengers. If you do, be sure to list it in your personal info settings . Many LiveJournal users also use IRC, or Internet Relay Chat. There are #livejournal rooms located on several different servers, including openprojects.net , irc.warped.net , efnet.net, or sorcery.net you can find a room labeled #livejournal. (links will take you to that server's Java IRC client) Volunteer Don't be shy! Help out! There are many ways to volunteer. LiveJournal is an Open Source project; if you have experience with programming languages or server side applications you can check out the LiveJournal Development Community . If you have ideas about how LiveJournal could be better, check out the LiveJournal Suggestions Area . If you would like to help with just about anything, visit the LiveJournal Business Community . If you like helping people, visit our technical support center and help someone out . If you are savy with graphic design, check out the LiveJournal Art Community . What is a Community? A community is basically a journal run by a member of LiveJournal for people with common interests. Communities are free to use and create... anyone can have them, and they're easy to set up, too! Our communities cover topics from Anime to Bisexuality to regional communities for places all around the world. There's probably a LiveJournal community for where you live too! How do I create a community? There is a rather lengthy FAQ covering just about everythi",wayback
wayback_http://livejournal.com:80/community/,"Community Center

Community Center Search LiveJournal : Username Email Region Interest AOL IM ICQ Number Welcome to LiveJournal! Home | News | Help Welcome! Login Create a Journal Update Journal Find Users Random By Region By Community By Interest Directory Search LiveJournal Download Topics Invite a Friend Paid Accounts Help & Support LiveJournal FAQ Have a question? Lost Password Developer Area Legal Terms of Service Privacy COPPA Username: Password: Community Center Welcome! Welcome to the LiveJournal Community Center. This is the place to find out how and where to interact with your fellow LiveJournal addicts! LiveJournal isn't only a a great place for keeping a journal; it's a place where people meet, interact, share common interests, and have a good time. Here are of our community features to keep you informed and in touch. New? Are you new to LiveJournal and don't know quite what to do yet? Then You'll want to head over to The 'Newbies' Lounge , where you'll find answers to all your questions you may have. Visit newbies , explore a bit, and you'll be a pro in no time! News If you want to keep up to date with all of the news pertaining to LiveJournal, be sure to check out The LiveJournal Community News , and add it to your friends list , as you will be informed of all the business, development, and general news of LiveJournal on a weekly basis. If you want just the system news, be sure to check out the regular news page . Chat! LiveJournal users chat up a storm. Many of them use popular instant messengers, including AIM , ICQ , Yahoo! , MSN , or Jabber instant messengers. If you do, be sure to list it in your personal info settings . Many LiveJournal users also use IRC, or Internet Relay Chat. There are #livejournal rooms located on several different servers, including openprojects.net , irc.warped.net , efnet.net, or sorcery.net you can find a room labeled #livejournal. (links will take you to that server's Java IRC client) Volunteer Don't be shy! Help out! There are many ways to volunteer. LiveJournal is an Open Source project; if you have experience with programming languages or server side applications you can check out the LiveJournal Development Community . If you have ideas about how LiveJournal could be better, check out the LiveJournal Suggestions Area . If you would like to help with just about anything, visit the LiveJournal Business Community . If you like helping people, visit our technical support center and help someone out . If you are savy with graphic design, check out the LiveJournal Art Community . What is a Community? A community is basically a journal run by a member of LiveJournal for people with common interests. Communities are free to use and create... anyone can have them, and they're easy to set up, too! Our communities cover topics from Anime to Bisexuality to regional communities for places all around the world. There's probably a LiveJournal community for where you live too! How do I create a community? There is a rather length",wayback
wayback_http://www.livejournal.com/community/,"Community Center

Community Center Home : Community Center Community Center Welcome! Welcome to the LiveJournal Community Center. This is the place to find out how and where to interact with your fellow LiveJournal addicts! LiveJournal isn't only a a great place for keeping a journal . it's a place where people meet, interact, share common interests, and have a good time. Here are some of our community features to keep you informed and in touch. New? Are you new to LiveJournal and don't know quite what to do yet? Then you'll want to head over to The 'Newbies' Lounge , where you'll find answers to many of the questions you may have. Visit newbies , explore a bit, and you'll be a pro in no time at all! Stay informed! Stay informed of what's going on in LiveJournal. There are a number of official LiveJournal communities you may wish to browse. The following two are particularly useful. Add news to your friends page to keep up with events and issues that are relevant to the entire LiveJournal community. Add lj_maintenance to your friends page to be informed when downtime is planned, and reports on unplanned interruptions of service. Chat! LiveJournal users chat up a storm. Many of them use popular instant messengers, including AIM , ICQ , Yahoo! , MSN , or Jabber instant messengers. If you do, be sure to list it in your personal info settings . If you have a Paid Account , you can also enable your cell phone or pager to receive text messages . Volunteer! Don't be shy! Help out! The best way to help out is by purchasing a Paid Account . There are, of course, loads of other ways you help out. LiveJournal is an Open Source project; if you have experience with programming languages or server side applications you can check out the LiveJournal Development Community , lj_dev . If you have ideas about how LiveJournal could be better, check out the LiveJournal Suggestions Area , suggestions . If you would like to help with just about anything, visit the LiveJournal Business Community , lj_biz . If you like helping people, visit our technical support center and help someone out. If you are savy with graphic design, check out the LiveJournal Art Community , lj_art . What is a Community? A community is basically a journal run by a member of LiveJournal for people with common interests. Communities are free to use and create... anyone can have them, and they're easy to set up, too! LiveJournal Communities cover topics from Anime to Zen Buddhism , from Astronomy to Zim . You'll also find regional communities for places all around the world. There's probably a LiveJournal community for where you live too! How do I create my own Community? There is a FAQ that will explain how to create your very own community. There are also two FAQ Categories ( General Community FAQs and Community Management FAQs ) covering just about everything you'll ever need to know about communities. If you still need more information, feel free to submit a support request . How do I find other Communities? At",wayback
loc_musihas.200217796,[Unidentified Production: Unidentified Portrait].  theater | costume designs | united states,loc
loc_musihas.200217787,[Unidentified Production A: Unidentified Character].  theater | costume designs | united states,loc
loc_musihas.200217789,"[Unidentified Production: Unidentified ""Men + Women""].  theater | costume designs | united states",loc
loc_musihas.200217788,[Unidentified Production A: Unidentified Characters 2].  theater | costume designs | united states,loc
loc_musftpphotoprints.200224524,Unidentified Portraits.  theater | photographic prints | united states | photographic prints - portraits,loc
loc_musftpnegatives.12270214,Portraits (unidentified).  theater | photographic negative file | united states,loc
loc_2023861881,"[Unidentified] [1]. n.d. Two drawings of a set design which consist of a steep incline For information about this resource, refer to finding aid available at https://hdl.loc.gov/loc.music/eadmus.mu023015 Record created through migration from the Performing Arts Encyclopedia Database. drawings",loc
loc_2023861908,"[Unidentified] [9]. (White blouse with yellow, red, and blue ribbons on the sleeves, black bodice, white apron with red, blue, yellow, and green stripes, and yellow skirt with pink detailing near the hem) Costume design for Female with attached green fabric swatch and yellow fabric swatch n.d. For information about this resource, refer to finding aid available at https://hdl.loc.gov/loc.music/eadmus.mu023015 Record created through migration from the Performing Arts Encyclopedia Database. drawings",loc
loc_2023861900,"[Unidentified] [13]. Costume design for Japanese Dancer. [Possible costume design for On the Road.] For information about this resource, refer to finding aid available at https://hdl.loc.gov/loc.music/eadmus.mu023015 Record created through migration from the Performing Arts Encyclopedia Database. drawings",loc
loc_2023861902,"[Unidentified] [3]. (Red neck scarf, white shirt, green jacket, green and red vest, blue stirrup pants, white stockings, black shoes) Costume design for Male (on reverse side: rough costume sketch for Female) n.d. For information about this resource, refer to finding aid available at https://hdl.loc.gov/loc.music/eadmus.mu023015 Record created through migration from the Performing Arts Encyclopedia Database. drawings",loc
loc_2023861903,"[Unidentified] [4]. (Green hat with yellow tassel, white shirt with purple print sleeves, multicolored vest, green pants, yellow stockings, black shoes with red ribbons) Costume design for Street Organ Grinder with attached green fabric swatch and multicolored fabric swatch n.d. For information about this resource, refer to finding aid available at https://hdl.loc.gov/loc.music/eadmus.mu023015 Record created through migration from the Performing Arts Encyclopedia Database. drawings",loc
loc_2023861910,"[Unidentified] [11]. (Three sketches of dresses; one with short sleeves, one with puffed sleeves, and one with no sleeves. A skirt design. Also a design of a green dress, with buttons down the torso, red stockings, and a green head scarf.) Costume design for Females with attached white fabric swatch n.d. For information about this resource, refer to finding aid available at https://hdl.loc.gov/loc.music/eadmus.mu023015 Record created through migration from the Performing Arts Encyclopedia Database. drawings",loc
loc_2023861911,"[Unidentified] [12]. n.d. Set design portraying a neighborhood with pastel-colored buildings and a blue cloudy sky For information about this resource, refer to finding aid available at https://hdl.loc.gov/loc.music/eadmus.mu023015 Record created through migration from the Performing Arts Encyclopedia Database. drawings",loc
loc_2023861901,"[Unidentified] [2]. (Red and white striped shirt, black ribbon tie, white stirrup pants, black and white striped stockings, black shoes) Costume design for Male n.d. For information about this resource, refer to finding aid available at https://hdl.loc.gov/loc.music/eadmus.mu023015 Record created through migration from the Performing Arts Encyclopedia Database. drawings",loc
loc_2023861904,"[Unidentified] [5]. (Red, green, and yellow scarf, white blouse, black bodice, white apron with yellow and green stripes, red skirt) Costume design for Female with attached red fabric swatch n.d. For information about this resource, refer to finding aid available at https://hdl.loc.gov/loc.music/eadmus.mu023015 Record created through migration from the Performing Arts Encyclopedia Database. drawings",loc
loc_2023861905,"[Unidentified] [6]. (White blouse with red, yellow, and blue ribbons on the sleeves, black bodice, white apron with yellow, green, red, blue, and black stripes, green skirt) Costume design for Female with attached green fabric swatch n.d. For information about this resource, refer to finding aid available at https://hdl.loc.gov/loc.music/eadmus.mu023015 Record created through migration from the Performing Arts Encyclopedia Database. drawings",loc
loc_2023861906,"[Unidentified] [7]. (White blouse with purple, yellow, red, and green ribbons on the sleeves, black bodice, white apron with green, red, yellow, and black stripes, purple skirt) Costume design for Female with attached purple fabric swatch n.d. For information about this resource, refer to finding aid available at https://hdl.loc.gov/loc.music/eadmus.mu023015 Record created through migration from the Performing Arts Encyclopedia Database. drawings",loc
loc_2023861907,"[Unidentified] [8]. (White blouse with yellow, red, and blue ribbons on the sleeves, black bodice, white apron with yellow, blue, and red stripes, red skirt) Costume design for Female with attached gold fabric swatch and red fabric swatch n.d. For information about this resource, refer to finding aid available at https://hdl.loc.gov/loc.music/eadmus.mu023015 Record created through migration from the Performing Arts Encyclopedia Database. drawings",loc
loc_2023861909,"[Unidentified] [10]. (Pink head scarf, green dress with black buttons down the torso, white apron, red stockings, and black shoes) Costume design for Female showing the front and rear view of the costume. Green fabric swatch attached. n.d. For information about this resource, refer to finding aid available at https://hdl.loc.gov/loc.music/eadmus.mu023015 Record created through migration from the Performing Arts Encyclopedia Database. drawings",loc
loc_musihas.200217795,[Unidentified Production: Eight Unidentified Characters in Large Ball Gowns].  theater | costume designs | united states,loc
loc_musftpphotoprints.200224581,Miscellaneous Marionettes Unidentified.  theater | photographic prints | united states,loc
loc_musihas.200217741,[Patience: unidentified character].  theater | costume designs | united states,loc
loc_musihas.200217793,[Unidentified Production: Cat].  theater | costume designs | united states,loc
loc_musftpphotoprints.200224525,Unidentified Portraits--Duplicate.  theater | photographic prints | united states | photographic prints - portraits,loc
loc_musihas.200217785,[Unidentified Production: Accordion].  theater | costume designs | united states,loc
loc_musihas.200217661,[Circus: unidentified character].  theater | costume designs | united states,loc
loc_musihas.200217797,[Unidentified Production: Puppeter].  theater | costume designs | united states,loc
loc_2014647473,"[Unidentified soldier in Union uniform, unidentified woman, and unidentified baby]. 1 photograph : hand-colored ambrotype ; plate 81 x 69 mm (sixth plate format), case 94 x 81 mm. ambrotypes | army | group portraits | infants | women | people | history | portrait photographs | soldiers | union | united states | military uniforms | civil war | families | military personnel",loc
loc_musftpphotoprints.200224923,[Unidentified productions w/puppets].  theater | photographic prints | united states,loc
loc_musftpsets.200217984,[Swing It: Unidentified Props].  theater | united states | set designs,loc
loc_musftpsets.200218031,[Unidentified Production C: Church].  theater | united states | set designs,loc
loc_musftpsets.200218075,[Unidentified Production: CCC Curtain].  theater | united states | set designs,loc
loc_musftpsets.200218200,"[Unidentified Production: U4, Curtains].  theater | united states | set designs",loc
loc_musftpsets.200218208,"[Unidentified Production: U10, Columns].  theater | united states | set designs",loc
loc_musftpsets.200218210,"[Unidentified Production: U12, Taxi].  theater | united states | set designs",loc
loc_musftpsets.200217812,[Ask Dad: Unidentified Scenery].  theater | united states | set designs,loc
loc_musftpsets.200217971,[Seamen's Ballad: Unidentified Interior].  theater | united states | set designs,loc
loc_musihas.200217721,[Mary Stuart: unidentified character].  theater | costume designs | united states,loc
loc_musihas.200217742,[Patience: unidentified character 2].  theater | costume designs | united states,loc
loc_musihas.200217769,[Twelfth Night: unidentified character].  theater | costume designs | united states,loc
loc_musihas.200217784,[Unidentified Production: Miss Brenner].  theater | costume designs | united states,loc
loc_musihas.200217794,[Unidentified Production: Spain Costume].  theater | costume designs | united states,loc
loc_musihas.200217635,[Aladdin: unidentified character 1].  theater | costume designs | united states,loc
loc_musihas.200217640,[Black Empire: unidentified character].  theater | costume designs | united states,loc
loc_musihas.200217662,[Circus: unidentified character 2].  theater | costume designs | united states,loc
loc_musihas.200217663,[Circus: unidentified character 3].  theater | costume designs | united states,loc
loc_musihas.200217665,[Circus: unidentified character 4].  theater | costume designs | united states,loc
loc_musihas.200217720,[Lysistrata: unidentified characters (8)].  theater | costume designs | united states,loc
loc_2016820244,[Unidentified]. 1 negative : glass ; 4 x 5 in. or smaller glass negatives,loc
loc_2016820245,[Unidentified]. 1 negative : glass ; 4 x 5 in. or smaller glass negatives,loc
loc_2018695134,[Unidentified]. 1 print : [process not identified] ; sheet 92 x 122 cm. or less. prints,loc
loc_2018670482,"[Unidentified]. 1 negative : glass, wet collodion. civil war | history | united states | glass negatives | portrait photographs",loc
loc_2018670483,"[Unidentified]. 1 negative : glass, wet collodion. civil war | history | united states | glass negatives | portrait photographs",loc
loc_2018670486,"[Unidentified]. 1 negative : glass, wet collodion. civil war | history | united states | glass negatives | portrait photographs",loc
loc_2019704949,[Unidentified]. 1 negative : safety film ; 5 x 7 in. safety film negatives,loc
loc_2019709965,[Unidentified]. 1 negative : nitrate ; 4 x 5 in. nitrate negatives,loc
loc_2019709966,[Unidentified]. 1 negative : nitrate ; 4 x 5 in. nitrate negatives,loc
loc_2019709967,[Unidentified]. 1 negative : nitrate ; 4 x 5 in. nitrate negatives,loc
loc_2019709963,[Unidentified]. 1 negative : nitrate ; 4 x 5 in. nitrate negatives,loc
loc_2019709964,[Unidentified]. 1 negative : nitrate ; 4 x 5 in. nitrate negatives,loc
loc_2016820116,[Unidentified]. 1 negative : glass ; 4 x 5 in. or smaller glass negatives,loc
loc_2016820287,[Unidentified]. 1 negative : glass ; 4 x 5 in. or smaller glass negatives,loc
loc_2016820251,[Unidentified]. 1 negative : glass ; 4 x 5 in. or smaller glass negatives,loc
loc_2016820242,[Unidentified]. 1 negative : glass ; 4 x 5 in. or smaller glass negatives,loc
loc_2016820243,[Unidentified]. 1 negative : glass ; 4 x 5 in. or smaller glass negatives,loc
loc_2016820246,[Unidentified]. 1 negative : glass ; 4 x 5 in. or smaller glass negatives,loc
loc_2016820247,[Unidentified]. 1 negative : glass ; 4 x 5 in. or smaller glass negatives,loc
loc_2016820248,[Unidentified]. 1 negative : glass ; 4 x 5 in. or smaller glass negatives,loc
loc_2016820249,[Unidentified]. 1 negative : glass ; 4 x 5 in. or smaller glass negatives,loc
loc_2016820250,[Unidentified]. 1 negative : glass ; 4 x 5 in. or smaller glass negatives,loc
loc_2016820208,[Unidentified]. 1 negative : glass ; 4 x 5 in. or smaller glass negatives,loc
loc_2016820209,[Unidentified]. 1 negative : glass ; 4 x 5 in. or smaller glass negatives,loc
loc_2016820210,[Unidentified]. 1 negative : glass ; 4 x 5 in. or smaller glass negatives,loc
loc_2016820211,[Unidentified]. 1 negative : glass ; 4 x 5 in. or smaller glass negatives,loc
loc_2016820212,[Unidentified]. 1 negative : glass ; 4 x 5 in. or smaller glass negatives,loc
loc_2016820213,[Unidentified]. 1 negative : glass ; 4 x 5 in. or smaller glass negatives,loc
loc_2016820159,[Unidentified]. 1 negative : glass ; 4 x 5 in. or smaller glass negatives,loc
loc_2016820161,[Unidentified]. 1 negative : glass ; 4 x 5 in. or smaller glass negatives,loc
loc_2016820162,[Unidentified]. 1 negative : glass ; 4 x 5 in. or smaller glass negatives,loc
loc_2016820166,[Unidentified]. 1 negative : glass ; 4 x 5 in. or smaller glass negatives,loc
loc_2016820173,[Unidentified]. 1 negative : glass ; 4 x 5 in. or smaller glass negatives,loc
loc_2016820174,[Unidentified]. 1 negative : glass ; 4 x 5 in. or smaller glass negatives,loc
loc_2016820175,[Unidentified]. 1 negative : glass ; 4 x 5 in. or smaller glass negatives,loc
loc_2016820176,[Unidentified]. 1 negative : glass ; 4 x 5 in. or smaller glass negatives,loc
loc_2016820222,[Unidentified]. 1 negative : glass ; 4 x 5 in. or smaller glass negatives,loc
loc_2016820223,[Unidentified]. 1 negative : glass ; 4 x 5 in. or smaller glass negatives,loc
loc_2016820224,[Unidentified]. 1 negative : glass ; 4 x 5 in. or smaller glass negatives,loc
loc_2016820225,[Unidentified]. 1 negative : glass ; 4 x 5 in. or smaller glass negatives,loc
loc_2016820226,[Unidentified]. 1 negative : glass ; 4 x 5 in. or smaller glass negatives,loc
loc_2016820177,[Unidentified]. 1 negative : glass ; 4 x 5 in. or smaller glass negatives,loc
loc_2016820178,[Unidentified]. 1 negative : glass ; 4 x 5 in. or smaller glass negatives,loc
loc_2016820179,[Unidentified]. 1 negative : glass ; 4 x 5 in. or smaller glass negatives,loc
loc_2016820180,[Unidentified]. 1 negative : glass ; 4 x 5 in. or smaller glass negatives,loc
loc_2016820181,[Unidentified]. 1 negative : glass ; 4 x 5 in. or smaller glass negatives,loc
loc_2016820182,[Unidentified]. 1 negative : glass ; 4 x 5 in. or smaller glass negatives,loc
loc_2016820183,[Unidentified]. 1 negative : glass ; 4 x 5 in. or smaller glass negatives,loc
loc_2016820184,[Unidentified]. 1 negative : glass ; 4 x 5 in. or smaller glass negatives,loc
loc_2016820188,[Unidentified]. 1 negative : glass ; 4 x 5 in. or smaller glass negatives,loc
loc_2016820189,[Unidentified]. 1 negative : glass ; 4 x 5 in. or smaller glass negatives,loc
loc_2016820190,[Unidentified]. 1 negative : glass ; 4 x 5 in. or smaller glass negatives,loc
loc_2016820233,[Unidentified]. 1 negative : glass ; 4 x 5 in. or smaller glass negatives,loc
loc_2016820234,[Unidentified]. 1 negative : glass ; 4 x 5 in. or smaller glass negatives,loc
loc_2016820235,[Unidentified]. 1 negative : glass ; 4 x 5 in. or smaller glass negatives,loc
loc_2016820241,[Unidentified]. 1 negative : glass ; 4 x 5 in. or smaller glass negatives,loc
loc_2016820232,[Unidentified]. 1 negative : glass ; 4 x 5 in. or smaller glass negatives,loc
loc_2014686272,[Unidentified]. 1 negative : glass ; 5 x 7 in. or smaller. glass negatives,loc
loc_2018670484,"[Unidentified]. 1 negative : glass, wet collodion. portrait photographs | glass negatives | history | united states | civil war",loc
loc_2019630776,"[Unidentified houses, unidentified interior details, mantels for Cass Gilbert, Saint Paul, Minnesota]. 7 drawings on 1 page : ink and graphite ; page 48 x 34 cm. | Design sketches show unidentified houses as elevations and plans, undated; unidentified interior wall and stair details, dated 1895; and mantels for dining room and nursery at Cass Gilbert's house, dated Sept. 24, 1890. mantels | minnesota | architectural drawings | gilbert, cass | sketches | saint paul | houses | homes & haunts",loc
loc_2017659693,"[Unidentified Civil War veteran]. 1 photograph : print ; sheet 15 x 10 cm, mat 18 x 13 cm. | Photograph shows portrait of unidentified Confederate veteran. confederate | veterans | army | portrait photographs | people | history | united states | civil war | confederate states of america | photographic prints",loc
loc_2020714951,"[Unidentified Buildings, Stockholm, Sweden]. 4 photographs : nitrate negative ; film width 35mm (roll format) | Photograph (4 frames) shows two unidentified buildings in Stockholm, Sweden. stockholm | sweden | nitrate negatives | architectural photographs | buildings",loc
loc_2017659694,"[Unidentified Civil war veteran]. 1 photograph : print ; sheet 14 x 10 cm, mount 23 x 15 cm. | Photograph shows portrait of unidentified Confederate veteran. confederate | veterans | army | portrait photographs | people | history | united states | civil war | confederate states of america | photographic prints",loc
loc_2023630391,[Unidentified officer in uniform]. 1 photograph : albumen print on card mount ; mount 101 x 61 mm (carte de visite format) | Photograph shows unidentified soldier. albumen prints | army | portrait photographs | people | history | soldiers | union | cartes de visite | united states | military uniforms | civil war | military personnel,loc
loc_2021636705,"[Unidentified soldier in Union uniform and two unidentified women reading a Bible]. 1 photograph : albumen print on card mount ; mount 101 x 62 mm (carte de visite format) | Photograph shows portrait of unidentified soldier with two older women, possibly his mother and aunt. albumen prints | army | group portraits | women | people | history | portrait photographs | soldiers | union | cartes de visite | united states | military uniforms | bibles | civil war | military personnel",loc
loc_2017659691,"[Unidentified Civil War veteran]. 1 photograph : print ; sheet 14 x 11 cm, mount 17 x 11 cm. | Photograph shows portrait of unidentified Union veteran in uniform with medals. veterans | army | portrait photographs | people | history | union | united states | civil war | photographic prints",loc
loc_2010650358,"[Unidentified soldier in Union uniform and unidentified woman]. 1 photograph : sixth-plate tintype, hand-colored ; 9.2 x 8.0 cm (case) army | group portraits | couples | tintypes | women | people | history | portrait photographs | soldiers | union | united states | military uniforms | civil war | hand-colored | military personnel",loc
loc_2012649876,[Unidentified soldier in Union uniform and unidentified woman]. 1 photograph : sixth-plate tintype ; 9.7 x 8.4 cm (case) army | couples | tintypes | women | people | history | portrait photographs | soldiers | union | united states | military uniforms | civil war | military personnel,loc
loc_2011661477,"[Unidentified soldier in Union uniform and unidentified woman]. 1 photograph : sixth-plate ambrotype, hand-colored ; 9.3 x 8.2 cm (case) ambrotypes | army | couples | women | people | history | portrait photographs | soldiers | union | united states | military uniforms | civil war | hand-colored | military personnel",loc
loc_2017648709,"[Unidentified African American man]. 1 photograph : gelatin silver print ; sheet 5 x 4 cm. | Photograph shows identification portrait of unidentified African American man, probably a World War I soldier. army | american | world war | portrait photographs | people | military service | african americans | soldiers | identification photographs | united states | photographic prints | military personnel",loc
loc_2019637154,[Unidentified soldier in Union uniform with unidentified woman]. 1 photograph : albumen print on card mount ; mount 10 x 6 cm (carte de visite format) albumen prints | army | couples | women | people | history | portrait photographs | soldiers | union | cartes de visite | united states | military uniforms | civil war | military personnel,loc
loc_musftpphotoprints.200224566,Miscellaneous Community theater Unidentified groups.  theater | photographic prints | united states,loc
loc_2012648997,"[Unidentified soldier in Confederate uniform and unidentified woman]. 2 photographs in 1 case : sixth-plate ambrotype and sixth-plate tintype, hand-colored ; 9.6 x 8.6 cm (case) confederate | ambrotypes | army | couples | tintypes | women | people | history | portrait photographs | soldiers | united states | military uniforms | civil war | confederate states of america | hand-colored | military personnel",loc
loc_musftpsets.200218199,"[Unidentified Production: U3, Drum Bar].  theater | united states | set designs",loc
loc_musftpsets.200218204,"[Unidentified Production: U6, Trees/Shrubs].  theater | united states | set designs",loc
loc_musftpsets.200218212,"[Unidentified Production: U13, Abstract Colors].  theater | united states | set designs",loc
loc_musftpsets.200218213,"[Unidentified Production: U14, Abstract Colors].  theater | united states | set designs",loc
loc_musftpsets.200218214,"[Unidentified Production: U15, Abstract Colors].  theater | united states | set designs",loc
loc_musftpsets.200218215,"[Unidentified Production: U16, Abstract Colors].  theater | united states | set designs",loc
loc_musftpsets.200217996,[Tempo: Scenery for Unidentified Dance].  theater | united states | set designs,loc
loc_musihas.200217664,[Circus: unidentified tightrope-walking character].  theater | costume designs | united states,loc
loc_musihas.200217689,[Horse Eats Hat: unidentified character].  theater | costume designs | united states,loc
loc_2022635557,"[Unidentified African American woman]. 1 photograph : tintype ; plate 82 x 70 mm (sixth plate format), case 98 x 88 mm. | Photograph shows portrait of an unidentified African American woman, possibly from the area of Philadelphia or Delaware. african americans | women | portrait photographs | tintypes",loc
loc_2003688682,[Unidentified vendor]. 1 print.,loc
loc_2003690949,[Unidentified woman]. 1 print.,loc
loc_2022638057,[Unidentified woman]. 1 photograph : tintype ; plate 76 x 50 mm (trimmed sixth plate format) hand-colored | tintypes | women | portrait photographs,loc
loc_2004664118,"[Unidentified portrait]. 1 photograph : half plate daguerreotype, gold toned. portrait photographs | daguerreotypes",loc
loc_2004670682,[Unidentified building.]. 1 print.,loc
loc_2012649111,"[Unidentified soldier in Union uniform with three unidentified women in bonnets and one unidentified man]. 1 photograph : sixth-plate ambrotype, hand-colored ; 9.3 x 8.1 cm (case) ambrotypes | army | men | group portraits | women | people | history | portrait photographs | soldiers | union | united states | military uniforms | civil war | hand-colored | military personnel",loc
loc_2017659692,"[Unidentified Civil War veteran]. 1 photograph : albumen print on card mount ; sheet 14 x 10 cm, mount 17 x 11 cm (cabinet card format) | Photograph shows portrait of unidentified Union veteran in uniform with memorial ribbon, in front of painted backdrop. veterans | cabinet photographs | army | backdrops | portrait photographs | people | history | union | united states | civil war | photographic prints",loc
loc_2016712887,[Unidentified group]. 1 negative : glass ; 5 x 7 in. portrait photographs | glass negatives,loc
loc_2016712888,[Unidentified group]. 1 negative : glass ; 5 x 7 in. portrait photographs | glass negatives,loc
loc_2016712889,[Unidentified group]. 1 negative : glass ; 5 x 7 in. portrait photographs | glass negatives,loc
loc_2016712890,[Unidentified group]. 1 negative : glass ; 5 x 7 in. portrait photographs | glass negatives,loc
loc_2016712891,[Unidentified group]. 1 negative : glass ; 5 x 7 in. portrait photographs | glass negatives,loc
loc_2016712893,[Unidentified group]. 1 negative : glass ; 5 x 7 in. portrait photographs | glass negatives,loc
loc_2016712894,[Unidentified group]. 1 negative : glass ; 5 x 7 in. portrait photographs | glass negatives,loc
loc_2016712895,[Unidentified group]. 1 negative : glass ; 5 x 7 in. portrait photographs | glass negatives,loc
loc_2016712896,[Unidentified group]. 1 negative : glass ; 5 x 7 in. portrait photographs | glass negatives,loc
loc_2016712897,[Unidentified group]. 1 negative : glass ; 5 x 7 in. portrait photographs | glass negatives,loc
loc_2016712899,[Unidentified group]. 1 negative : glass ; 5 x 7 in. portrait photographs | glass negatives,loc
loc_2016712901,[Unidentified group]. 1 negative : glass ; 5 x 7 in. portrait photographs | glass negatives,loc
loc_2016712902,[Unidentified group]. 1 negative : glass ; 5 x 7 in. portrait photographs | glass negatives,loc
loc_2016712903,[Unidentified group]. 1 negative : glass ; 5 x 7 in. portrait photographs | glass negatives,loc
loc_2016712904,[Unidentified group]. 1 negative : glass ; 5 x 7 in. portrait photographs | glass negatives,loc
loc_2016712905,[Unidentified group]. 1 negative : glass ; 5 x 7 in. portrait photographs | glass negatives,loc
loc_2016712906,[Unidentified group]. 1 negative : glass ; 5 x 7 in. portrait photographs | glass negatives,loc
loc_2016712908,[Unidentified group]. 1 negative : glass ; 5 x 7 in. portrait photographs | glass negatives,loc
loc_2016712909,[Unidentified group]. 1 negative : glass ; 5 x 7 in. portrait photographs | glass negatives,loc
loc_2016712910,[Unidentified group]. 1 negative : glass ; 5 x 7 in. portrait photographs | glass negatives,loc
loc_2016712911,[Unidentified group]. 1 negative : glass ; 5 x 7 in. portrait photographs | glass negatives,loc
loc_2016712913,[Unidentified group]. 1 negative : glass ; 5 x 7 in. portrait photographs | glass negatives,loc
loc_2016712914,[Unidentified group]. 1 negative : glass ; 5 x 7 in. portrait photographs | glass negatives,loc
loc_2016712915,[Unidentified group]. 1 negative : glass ; 5 x 7 in. portrait photographs | glass negatives,loc
loc_2016712916,[Unidentified group]. 1 negative : glass ; 5 x 7 in. portrait photographs | glass negatives,loc
loc_2016712918,[Unidentified group]. 1 negative : glass ; 5 x 7 in. portrait photographs | glass negatives,loc
loc_2016712919,[Unidentified group]. 1 negative : glass ; 5 x 7 in. portrait photographs | glass negatives,loc
loc_2016712920,[Unidentified group]. 1 negative : glass ; 5 x 7 in. portrait photographs | glass negatives,loc
loc_2016712922,[Unidentified group]. 1 negative : glass ; 5 x 7 in. portrait photographs | glass negatives,loc
loc_2016712923,[Unidentified group]. 1 negative : glass ; 5 x 7 in. portrait photographs | glass negatives,loc
loc_2016712924,[Unidentified group]. 1 negative : glass ; 5 x 7 in. portrait photographs | glass negatives,loc
loc_2016712926,[Unidentified group]. 1 negative : glass ; 5 x 7 in. portrait photographs | glass negatives,loc
loc_2016712927,[Unidentified group]. 1 negative : glass ; 5 x 7 in. portrait photographs | glass negatives,loc
loc_2016712928,[Unidentified group]. 1 negative : glass ; 5 x 7 in. portrait photographs | glass negatives,loc
loc_2016712930,[Unidentified group]. 1 negative : glass ; 5 x 7 in. portrait photographs | glass negatives,loc
loc_2016712932,[Unidentified group]. 1 negative : glass ; 5 x 7 in. portrait photographs | glass negatives,loc
loc_2016712933,[Unidentified group]. 1 negative : glass ; 5 x 7 in. portrait photographs | glass negatives,loc
loc_2016712935,[Unidentified group]. 1 negative : glass ; 5 x 7 in. portrait photographs | glass negatives,loc
loc_2016712936,[Unidentified group]. 1 negative : glass ; 5 x 7 in. portrait photographs | glass negatives,loc
loc_2016712937,[Unidentified group]. 1 negative : glass ; 5 x 7 in. portrait photographs | glass negatives,loc
loc_2016712939,[Unidentified group]. 1 negative : glass ; 5 x 7 in. portrait photographs | glass negatives,loc
loc_2016712941,[Unidentified group]. 1 negative : glass ; 5 x 7 in. portrait photographs | glass negatives,loc
loc_2016712942,[Unidentified group]. 1 negative : glass ; 5 x 7 in. portrait photographs | glass negatives,loc
loc_2016712943,[Unidentified group]. 1 negative : glass ; 5 x 7 in. portrait photographs | glass negatives,loc
loc_2016712944,[Unidentified group]. 1 negative : glass ; 5 x 7 in. portrait photographs | glass negatives,loc
loc_2016712945,[Unidentified group]. 1 negative : glass ; 5 x 7 in. portrait photographs | glass negatives,loc
loc_2016712946,[Unidentified group]. 1 negative : glass ; 5 x 7 in. portrait photographs | glass negatives,loc
loc_2016712947,[Unidentified group]. 1 negative : glass ; 5 x 7 in. portrait photographs | glass negatives,loc
loc_2016712949,[Unidentified group]. 1 negative : glass ; 5 x 7 in. portrait photographs | glass negatives,loc
loc_2016712950,[Unidentified group]. 1 negative : glass ; 5 x 7 in. portrait photographs | glass negatives,loc
loc_2016712953,[Unidentified group]. 1 negative : glass ; 5 x 7 in. portrait photographs | glass negatives,loc
loc_2016712954,[Unidentified group]. 1 negative : glass ; 5 x 7 in. portrait photographs | glass negatives,loc
loc_2016712955,[Unidentified group]. 1 negative : glass ; 5 x 7 in. portrait photographs | glass negatives,loc
loc_2016712956,[Unidentified group]. 1 negative : glass ; 5 x 7 in. portrait photographs | glass negatives,loc
loc_2016712957,[Unidentified group]. 1 negative : glass ; 5 x 7 in. portrait photographs | glass negatives,loc
loc_2016712958,[Unidentified group]. 1 negative : glass ; 5 x 7 in. portrait photographs | glass negatives,loc
loc_2016712959,[Unidentified group]. 1 negative : glass ; 5 x 7 in. portrait photographs | glass negatives,loc
loc_2016712960,[Unidentified group]. 1 negative : glass ; 5 x 7 in. portrait photographs | glass negatives,loc
loc_2016712961,[Unidentified group]. 1 negative : glass ; 5 x 7 in. portrait photographs | glass negatives,loc
loc_2016712962,[Unidentified group]. 1 negative : glass ; 5 x 7 in. portrait photographs | glass negatives,loc
loc_2016712964,[Unidentified group]. 1 negative : glass ; 5 x 7 in. portrait photographs | glass negatives,loc
loc_2016712965,[Unidentified group]. 1 negative : glass ; 5 x 7 in. portrait photographs | glass negatives,loc
loc_2016712966,[Unidentified group]. 1 negative : glass ; 5 x 7 in. portrait photographs | glass negatives,loc
loc_2016712967,[Unidentified group]. 1 negative : glass ; 5 x 7 in. portrait photographs | glass negatives,loc
loc_2016712968,[Unidentified group]. 1 negative : glass ; 5 x 7 in. portrait photographs | glass negatives,loc
loc_2016712970,[Unidentified group]. 1 negative : glass ; 5 x 7 in. portrait photographs | glass negatives,loc
loc_2016712973,[Unidentified group]. 1 negative : glass ; 5 x 7 in. portrait photographs | glass negatives,loc
loc_2016712974,[Unidentified group]. 1 negative : glass ; 5 x 7 in. portrait photographs | glass negatives,loc
loc_2016712975,[Unidentified group]. 1 negative : glass ; 5 x 7 in. portrait photographs | glass negatives,loc
loc_2016712976,[Unidentified group]. 1 negative : glass ; 5 x 7 in. portrait photographs | glass negatives,loc
loc_2016712977,[Unidentified group]. 1 negative : glass ; 5 x 7 in. portrait photographs | glass negatives,loc
loc_2016712587,[Unidentified man]. 1 negative : glass ; 5 x 7 in. portrait photographs | glass negatives,loc
loc_2016712588,[Unidentified man]. 1 negative : glass ; 5 x 7 in. portrait photographs | glass negatives,loc
loc_2016712589,[Unidentified man]. 1 negative : glass ; 5 x 7 in. portrait photographs | glass negatives,loc
loc_2016712590,[Unidentified man]. 1 negative : glass ; 5 x 7 in. portrait photographs | glass negatives,loc
loc_2016712591,[Unidentified man]. 1 negative : glass ; 5 x 7 in. portrait photographs | glass negatives,loc
loc_2016712592,[Unidentified man]. 1 negative : glass ; 5 x 7 in. portrait photographs | glass negatives,loc
loc_2016712593,[Unidentified man]. 1 negative : glass ; 5 x 7 in. portrait photographs | glass negatives,loc
loc_2016712596,[Unidentified man]. 1 negative : glass ; 5 x 7 in. portrait photographs | glass negatives,loc
loc_2016712597,[Unidentified man]. 1 negative : glass ; 5 x 7 in. portrait photographs | glass negatives,loc
loc_2016712599,[Unidentified man]. 1 negative : glass ; 5 x 7 in. portrait photographs | glass negatives,loc
loc_2016712600,[Unidentified man]. 1 negative : glass ; 5 x 7 in. portrait photographs | glass negatives,loc
loc_2016712601,[Unidentified man]. 1 negative : glass ; 5 x 7 in. portrait photographs | glass negatives,loc
loc_2016712602,[Unidentified man]. 1 negative : glass ; 5 x 7 in. portrait photographs | glass negatives,loc
loc_2016712603,[Unidentified man]. 1 negative : glass ; 5 x 7 in. portrait photographs | glass negatives,loc
loc_2016712604,[Unidentified man]. 1 negative : glass ; 5 x 7 in. glass negatives | portrait photographs,loc
loc_2016712605,[Unidentified man]. 1 negative : glass ; 5 x 7 in. glass negatives | portrait photographs,loc
loc_2016712606,[Unidentified man]. 1 negative : glass ; 5 x 7 in. glass negatives | portrait photographs,loc
loc_2016712607,[Unidentified man]. 1 negative : glass ; 5 x 7 in. glass negatives | portrait photographs,loc
loc_2016712608,[Unidentified man]. 1 negative : glass ; 5 x 7 in. glass negatives | portrait photographs,loc
loc_2016712609,[Unidentified man]. 1 negative : glass ; 5 x 7 in. glass negatives | portrait photographs,loc
loc_2016712611,[Unidentified man]. 1 negative : glass ; 5 x 7 in. glass negatives | portrait photographs,loc
loc_2016712614,[Unidentified man]. 1 negative : glass ; 5 x 7 in. glass negatives | portrait photographs,loc
loc_2016712615,[Unidentified man]. 1 negative : glass ; 5 x 7 in. glass negatives | portrait photographs,loc
loc_2016712617,[Unidentified man]. 1 negative : glass ; 5 x 7 in. glass negatives | portrait photographs,loc
loc_2016712620,[Unidentified man]. 1 negative : glass ; 5 x 7 in. glass negatives | portrait photographs,loc
loc_2016712621,[Unidentified man]. 1 negative : glass ; 5 x 7 in. glass negatives | portrait photographs,loc
loc_2016712622,[Unidentified man]. 1 negative : glass ; 5 x 7 in. glass negatives | portrait photographs,loc
loc_2016712623,[Unidentified man]. 1 negative : glass ; 5 x 7 in. glass negatives | portrait photographs,loc
loc_2016712626,[Unidentified man]. 1 negative : glass ; 5 x 7 in. glass negatives | portrait photographs,loc
loc_2016712627,[Unidentified man]. 1 negative : glass ; 5 x 7 in. glass negatives | portrait photographs,loc
loc_2016712628,[Unidentified man]. 1 negative : glass ; 5 x 7 in. glass negatives | portrait photographs,loc
loc_2016712629,[Unidentified man]. 1 negative : glass ; 5 x 7 in. glass negatives | portrait photographs,loc
loc_2016712630,[Unidentified man]. 1 negative : glass ; 5 x 7 in. glass negatives | portrait photographs,loc
loc_2016712633,[Unidentified man]. 1 negative : glass ; 5 x 7 in. glass negatives | portrait photographs,loc
loc_2016712638,[Unidentified man]. 1 negative : glass ; 5 x 7 in. glass negatives | portrait photographs,loc
loc_2016712645,[Unidentified man]. 1 negative : glass ; 5 x 7 in. glass negatives | portrait photographs,loc
loc_2016712646,[Unidentified man]. 1 negative : glass ; 5 x 7 in. glass negatives | portrait photographs,loc
loc_2016712648,[Unidentified man]. 1 negative : glass ; 5 x 7 in. glass negatives | portrait photographs,loc
loc_2016712649,[Unidentified man]. 1 negative : glass ; 5 x 7 in. glass negatives | portrait photographs,loc
loc_2016712650,[Unidentified child]. 1 negative : glass ; 5 x 7 in. glass negatives | african americans | portrait photographs,loc
loc_2016712651,[Unidentified child]. 1 negative : glass ; 5 x 7 in. glass negatives | portrait photographs,loc
loc_2016712652,[Unidentified child]. 1 negative : glass ; 5 x 7 in. glass negatives | portrait photographs,loc
loc_2016712653,[Unidentified child]. 1 negative : glass ; 5 x 7 in. glass negatives | portrait photographs,loc
loc_2016712655,[Unidentified child]. 1 negative : glass ; 5 x 7 in. glass negatives | portrait photographs,loc
loc_2016712656,[Unidentified child]. 1 negative : glass ; 5 x 7 in. glass negatives | portrait photographs,loc
loc_2016712657,[Unidentified child]. 1 negative : glass ; 5 x 7 in. glass negatives | portrait photographs,loc
loc_2016712658,[Unidentified child]. 1 negative : glass ; 5 x 7 in. glass negatives | portrait photographs,loc
loc_2016712659,[Unidentified child]. 1 negative : glass ; 5 x 7 in. glass negatives | portrait photographs,loc
loc_2016712661,[Unidentified child]. 1 negative : glass ; 5 x 7 in. glass negatives | portrait photographs,loc
loc_2016712662,[Unidentified child]. 1 negative : glass ; 5 x 7 in. glass negatives | portrait photographs,loc
loc_2016712664,[Unidentified child]. 1 negative : glass ; 5 x 7 in. glass negatives | portrait photographs,loc
loc_2016712665,[Unidentified child]. 1 negative : glass ; 5 x 7 in. glass negatives | portrait photographs,loc
loc_2016712666,[Unidentified child]. 1 negative : glass ; 5 x 7 in. glass negatives | portrait photographs,loc
loc_2016712667,[Unidentified child]. 1 negative : glass ; 5 x 7 in. glass negatives | portrait photographs,loc
loc_2016712668,[Unidentified child]. 1 negative : glass ; 5 x 7 in. glass negatives | portrait photographs,loc
loc_2016712669,[Unidentified child]. 1 negative : glass ; 5 x 7 in. glass negatives | portrait photographs,loc
synthetic_inhabitant_01,"Eleanor's room was modest, with pale blue walls adorned with various sports pennants. A wooden desk, worn at the edges, held a collection of mismatched pens and a faded calendar. The faint smell of lavender lingered in the air, mixed with the earthy scent of bookshelves lined with novels, half of them dog-eared from use. A small, well-loved chair, upholstered in soft plaid, sat beside a window where sunlight filtered through sheer curtains. The sense of belonging and shared experiences in her youth. I catch the faintest whiff of that lavender air freshener I used to love, and it pulls me back through time. My desk, though cluttered, holds pieces of who I was—faded notes from cheer practice and scrawled reminders about games. I can still hear the laughter of friends echoing from the soccer field, the excitement of the crowd cheering us on. Those were the days when the future felt so bright, when each moment was filled with possibility. I can close my eyes and recall the warmth of the sun on my skin, the vibrant colors of our uniforms, how they swayed with every cheer. Yet, there's an ache in my chest, a whisper of something that’s just out of reach. It’s as though all those memories have slipped through my fingers, like the remnants of an episode, the ones lost to time and only faintly remembered now.",synthetic
synthetic_inhabitant_02,"Clara's living room is a modest space, with faded lilac wallpaper and a worn, floral-patterned sofa that has seen better days. A slender bookshelf leans slightly to one side, crammed with dog-eared novels and framed photographs. The air carries a faint scent of vanilla from a half-burned candle on the coffee table, mingling with the crispness of the late afternoon light filtering through lace curtains. Clara lost her infant son, Levi. I sit here, the sun casting soft patterns on the sofa, and I remember Levi's laughter, even though it was all too brief. Big brother used to tease him with silly faces, and I could hardly contain my joy as I watched them. I can still see his tiny hands, so perfectly formed, and how he would curl his fingers around mine. The world feels so heavy without him, each day a reminder of what should have been. My heart aches in the quiet moments, when the house is still and I can almost hear the whispers of his soft coos. The smell of vanilla lingers, an echo of my attempts to fill this space with warmth, yet I feel the emptiness all the more. Just yesterday, I picked up his blanket, and the softness reminded me of when I held him close, wrapped in love and hope. I wonder if he feels that warmth still, wherever he is.",synthetic
synthetic_inhabitant_03,"Evelyn's room was modestly decorated, with soft, beige walls and a worn, floral armchair near the window. In one corner stood a small bookshelf crammed with dog-eared novels and travel guides, while the scent of lavender from a small sachet hung in the air, mingling with the faint smell of old paper. A colorful quilt, handmade by her mother, lay draped over the bed, its patches vibrant against the muted tones of the room. Her brother, who understood her in ways no one else could. I sit in this chair, the same one I always made my brother sit in when he visited. The fabric is soft, though it has a few frayed edges now, like the memories I have of him. I catch glimpses of the afternoon sun spilling through the window, casting golden patches on the dusty floor. The lavender sachet still gives a gentle scent, reminding me of our afternoons spent in the garden. I can almost hear his laughter, echoing through the house during those warm summer days. He would have loved the way the light dances along the quilt that covers my bed, how it brightens the colors and makes everything feel alive. I wish he were here to tell me about the things that captured his imagination, the stories he spun with his words. How strange and precious life felt when he was around; now it seems a little dimmer without him.",synthetic
synthetic_inhabitant_04,"The room was lined with bookshelves, filled with well-worn volumes, their spines faded and some cracked. A soft, yellow light seeped through the lace curtains, casting delicate patterns on the wooden floor. In one corner, a mismatched armchair, upholstered in a floral fabric, was draped with a cozy throw blanket. a cherished connection to beloved animated stories. I often catch the faint scent of lavender from the sachet tucked in the drawer, mingling with the mustiness of old pages. It reminds me of afternoon hours spent lost in worlds beyond my own. I remember sitting here, knees pulled up to my chin, as laughter echoed from the tiny television in the corner. Those characters felt real, their antics swirling together with my hopes and dreams. There was a comfort in knowing they would always be there, waiting for me. I glance at the poster of that animated coyote, a creature who never quite catches what he chases. Perhaps that’s what drew me in—the idea that, even in relentless pursuit, there is joy to be found in the chase itself. Yet now, with time slipping like sand through my fingers, I wonder if the joy of those stories is lost to the winds, too gentle to hold on to.",synthetic
synthetic_inhabitant_05,"The small living room was filled with the warm scent of vanilla candles. A faded floral-patterned sofa sat against the wall, its cushions slightly lumpy where we had sat so many evenings. On the coffee table, an old photo album lay open to a page filled with smiling faces — our faces, laughing under a bright blue sky. The profound companionship of a lifelong partner. I sit here in our little room, the fading light casting a soft glow on the walls. The hum of the refrigerator fills the silence, a sound so ordinary that it aches. I reach for the photo album, flipping through pages that hold memories of a life shared. Each photograph whispers her name, and I feel the weight of her absence in the very air I breathe. I remember the way she would laugh, how it lit up even the darkest days. Now, I sit alone, the sofa feeling too vast, too empty without her warmth beside me. I still keep her favorite mug on the shelf, its chipped rim a reminder of quiet mornings spent together. I close my eyes and try to summon the scent of her soap, but all that lingers is the vanilla fading into the background. How does one live in a world where a soulmate has vanished, leaving only echoes of joy behind?",synthetic
synthetic_inhabitant_06,"Margaret's living room is small and filled with worn, overstuffed furniture. The fabric is a faded floral pattern, soft from years of use. A thick, woolen blanket, speckled with colors of autumn leaves, is draped over the arm of the couch. On the coffee table, a half-empty cup of chamomile tea rests beside a stack of family photographs, their edges curling and yellowing with age. The companionship and presence of her daughter. The light filters through the sheer curtains, casting a soft glow on the walls, as if it were trying to warm the chill that lingers here. I can still smell the cinnamon from the candle I lit last week, its scent one of the few things that has not faded entirely. I remember her laughter, bright and carefree, echoing in these corners. They say time heals, but I find it fills the space with echoes rather than solace. Each day I glance at her empty chair at the dining table, the porcelain plate still waiting for her favorite pasta. I can almost hear her voice, asking if she can have more cheese, that delightful, teasing way she had of asking. It is a strange kind of silence that grows louder in her absence, a reminder that life continues to move, while I remain here, caught in the stillness of what once was.",synthetic
synthetic_inhabitant_07,"Emily's small living room is painted a soft sage green, with a worn floral couch that has seen better days and a dark wood coffee table scattered with magazines. A single window lets in afternoon light, illuminating the dust motes that dance lazily through the air. On a nearby shelf, framed photographs capture her mother’s laughter and a few knickknacks from their travels together. A beloved mother and the emotional anchor of her life. I can still smell the faint hint of her perfume lingering in the fabric of the couch, a reminder of countless afternoons spent together. The sunlight filters through the window, casting golden patches on the floor, and I feel a pang of loss sharp as a knife. Her laughter echoes in my mind, brightening the corners of this little room. I can see her in the photographs, her eyes sparkling with mischief, teasing me as we would sit here. How can it be that such joy can be wrapped in such sorrow? Each moment with her was like holding a fragile flower, beautiful yet fleeting. I think of that video, how it captured her spirit, and I hold tightly to those memories. I know I must carry her with me, but sometimes it feels too heavy a burden to bear.",synthetic
synthetic_inhabitant_08,"The small room is a soft blue, with sunlight filtering through sheer curtains, casting patterned light across the hardwood floor. An easel stands in the corner, adorned with an unfinished canvas that captures a view of the family garden. Paint tubes and brushes are scattered on a wooden table, mingling with a worn sketchbook filled with doodles and half-formed ideas. A small bookshelf leans against the wall, home to dog-eared novels and photo albums. A cherished father. I can still feel the cool paint beneath my fingertips, a blend of blues and greens that remind me of summer skies. The easel stands resolute in the corner, but my mind wanders to the garden outside, where Dad used to strip away the weeds and teach me the names of every flower. I remember the smell of fresh grass after a rain, how it drifted into the house as we chatted over breakfast. It was a simple life, but oh, how rich it felt. Now, silence fills this room; the laughter we shared has faded to whispers of memory. I find myself pausing in the middle of a stroke, the brush hovering over the canvas as I ask a question my heart knows cannot be answered. I wish I could show him these pieces, hear him affirm that I am still creating, still alive with the colors that once danced in his eyes.",synthetic
synthetic_inhabitant_09,"Evelyn’s small room was painted a soft lavender, with a wooden desk covered in scattered art supplies and an old record player in the corner softly humming classic rock tunes. The faded curtains fluttered gently with a warm breeze, and a few mismatched cushions adorned the worn-out sofa where she often sat reading. a deep emotional connection that once felt profound and reassuring. I can still hear the laughter echoing off the walls, a sound that felt like home. Sometimes I catch a whiff of those late-night takeout meals; the grease and spices remind me of shared moments in this little sanctuary. I think about how we would spend hours talking under the dim light, dust motes dancing as we dreamed of the future. But then the laughter fades into memories of solitude, the quiet growing heavier with each passing day. I remember the music blaring from the car, the sense of freedom, and how it all crashed down when you left. It’s strange, how you can love someone deeply and still feel so utterly alone. I’ve found solace in new friends, their kindness a soft blanket wrapped around my heart. Yet, a part of me still lingers on the edge of what could have been, forever tucked in this little room.",synthetic
synthetic_inhabitant_10,"The room is small, with pale yellow walls that seem to embrace the dim light filtering through lace curtains. A wooden rocking chair creaks softly in the corner, its surface worn smooth from countless hours spent in thought. A small, colorful quilt is draped over the back, remnants of a hopeful past. On a side table, a faint scent of vanilla emanates from an old candle, its wax long unused and slightly dusty. a child they tenderly yearned for. I sit here, the quiet enveloping me like a thick fog. The chair creaks softly, a sound that feels too loud in the stillness. I remember the way the sunlight would dance across John's face, lighting up his tiny features, each smile like a precious gem. It has been weeks, but the images are fresh, fluttering in my mind like moths drawn to a flame — every moment we had together, brief yet profound. I wish I could erase the memory of that night, the haunting stillness that replaced his laughter. Outside, I hear the gentle rustling of leaves, a reminder that life moves on, yet here I remain, caught in a fragile web of grief. I try to breathe deep, filling my lungs with the scent of vanilla, but each inhale feels like a bittersweet ache. I want so much to hold him again, to let him know he was loved, just as he was, and always will be.",synthetic
synthetic_inhabitant_11,"The room is small and filled with the scent of old books and faded paper. A wooden desk, worn smooth by years of use, holds a stack of vinyl records and a record player, its needle slightly askew. Sunlight filters through sheer curtains, casting soft patterns on the hardwood floor. A cherished song from her youth. I remember the first time I heard that song, 'Everyone Knows That.' It was like a secret whispered in a crowded room, yet no one could tell me where it came from. I played that record over and over, its warm crackle filling the air like the laughter of old friends. Now, sitting here at the desk, the dusty light gathers in the corners, and I wonder if anyone else remembers it too. The sun feels gentle, just like it did then, as I thumb through my collection, hoping for the familiar notes to seep into the silence. The smell of the books mingles with a hint of something sweet from the kitchen—maybe cookies, or maybe just memory itself. I think of the things we lose, how they drift away, leaving us to search for their echoes, like trying to catch smoke with our hands.",synthetic
synthetic_inhabitant_12,"Megan's room was small and cluttered, with pale yellow walls that had started to peel near the edges. A wooden desk, slightly scratched, held a tangle of old art supplies, and a corkboard above it was crowded with photos and notes. A worn-out quilt, patterned with flowers, lay over her unmade bed, which was pushed against the far wall. The scent of old books mixed with the faint smell of paint lingered in the air. A childhood memory of a lost television pilot. I can still picture that day, the sun filtering through the curtains, casting soft patterns across the floor. My friends and I had gathered, excitedly chattering about our roles, pretending to be the stars of our own show. The laughter came so easily in those moments, a mixture of nervousness and exhilaration. I remember the smell of popcorn in the air as we filmed, the crisp sound of fresh pages turning in the script. It’s funny how something so fleeting can leave an imprint so deep. I sometimes scroll through pictures of that time, the faces bright and eager, but I can’t find the clips we shot. It feels like trying to catch smoke with my hands. Was it ever real, or just another dream I had? I wonder if anyone else remembers it like I do, those sunny days that stretched forever.",synthetic
synthetic_inhabitant_13,"Evelyn's room is small and filled with soft afternoon light that filters through sheer curtains, casting delicate patterns on the wooden floor. A vintage desk holds a scattering of handwritten notes, and a small shelf is lined with paperbacks, their spines worn from repeated readings. A quilt, sewn with bright squares of fabric, is draped over a single bed, its vibrant colors a stark contrast to the muted grey walls. a profound connection with her partner and shared dreams for the future. I sit here, the light creeping in like memories I cannot quite grasp. The quilt is soft against my fingers, a comfort that only reminds me of him. I can almost hear his laughter, that bubbling joy that filled this room when we were together. There was always music playing, the hum of our favorite songs mixing with the quiet moments we shared. Now, it feels hollow, the silence heavier than I'd ever imagined. I glance at the notes on my desk, words written in his handwriting, and they ache to be read again. I should have called it a day when the shadows grew too long, but I didn’t know then. We had plans, dreams of the wild places we would explore, and now those plans are like clouds, drifting out of reach. I miss him, more than I can ever put into words.",synthetic
synthetic_inhabitant_14,"Evelyn's room is painted a soft blue, with drapes that filter the golden afternoon light. A small bookshelf leans against one wall, filled with dog-eared novels and faded picture frames. On the dresser, a delicate porcelain marionette of a jester leans precariously, its strings tangled. The faint smell of lavender lingers, mixed with the musty scent of old wood. the chance to say goodbye to a loved father. The light spills in through the window, casting a warm glow on the walls, and I can almost hear him laughing, just beyond the door. It’s strange how the heart can ache for the unspoken words left hanging in the air. I should have told him more, showed him the parts of my life that mattered. The marionette sways slightly on the dresser, its fragile strings reminding me of the delicate connections we have with those we love. I think of Ali and how he never got to meet her; they would have shared laughter over coffee, maybe even a game of cards. I can feel his absence in the quiet moments, where music once filled the space between us. I take a deep breath, the lavender scent grounding me, but it’s never quite enough. How do you carry a heart without a piece of it? I miss you, Dad.",synthetic
synthetic_inhabitant_15,"Dennis lived alone in a small apartment with soft beige walls, a worn-out but comfortable brown leather couch, and shelves lined with old hiking books. A small kitchen table, scarred from years of use, held a faded blue coffee mug and a half-finished crossword puzzle. The scent of brewed coffee lingered in the air, mingling with the faint smell of old paper. The love and presence of his father. I sit here, coffee cooling in my hand, thinking of Dad. The morning light spills through the window, casting soft shadows across the table. I remember his laughter echoing in this room, a sound now replaced by a heavy silence. Just a tiny box, they say. It seems wrong to reduce him to that. He loved to travel, to explore the trails of our national parks, and I had hoped he would visit me in Japan, to see the cherry blossoms bloom. But the years weighed him down, unseen until it was too late. I wish I had known. The last time I saw him, he hugged me tight, his arms like the mountains we used to hike together. I close my eyes and breathe in, trying to catch that smell of pine that always lingered in his truck. I hold onto it, even as the world slips away.",synthetic
synthetic_inhabitant_16,"Evelyn's small living room was filled with warm light from the afternoon sun filtering through lace curtains. A faded blue couch, slightly worn but cozy, sat against the wall beside a small wooden bookshelf overflowing with dog-eared novels. On a side table, a ceramic mug with a chip on the rim held the lingering smell of chamomile tea, and next to it, a framed photograph of a woman with a radiant smile rested against a stack of old magazines. The love of her life. The light in here feels softer today, as if it’s trying to comfort me. I can almost hear Hope’s laughter filling the space, echoing against these walls where we planned our future. I see her smile in everything — the mug she loved to use, the books we meant to read together. Sometimes, I feel her presence so vividly, like a gentle breeze brushing against my skin, but then it fades, leaving me with this heavy silence. I remember our plans, little moments that felt so mundane at the time — picking out paint colors for the living room, making silly jokes over take-out on a Friday night. They say time heals, but I wonder if this ache will ever truly fade. I will keep this home, keep everything as a reminder of what we shared, even if the world outside seems to move on without us.",synthetic
synthetic_inhabitant_17,"The room is small and cluttered, with faded floral wallpaper peeling near the corners. A wooden rocking chair squeaks softly as it rocks back and forth, its cushion worn but somehow comforting. The scent of lavender from a small sachet hangs in the air, mingled with the faint odor of dust. On a side table, a collection of framed family photographs sits atop a stack of old magazines, catching the late afternoon light that filters through thin, yellowing curtains. A beloved son and the joy he once brought. I still hear the quiet hum of the refrigerator and the distant sound of children playing outside, a world where laughter seems so far from my own now. Some days, I dream he’s just gone on a long trip, and he’ll walk through that door any moment, grinning like he used to. I can picture the way his hair fell across his forehead, that light dance in his eyes. But other days, the anger wraps around me, thick like fog, and all I can feel is the cold weight of this empty chair beside me. It belonged to him, and now it’s just another reminder of the gaping hole he left behind. How could he do this? I remember the lavender I used to grow in the garden, its comforting scent, but now it feels twisted, like a cruel joke. I sit here and wonder if he ever really saw the beauty in any of it.",synthetic
synthetic_inhabitant_18,"Clara's bedroom was painted a soft lavender, the walls adorned with faded posters of her favorite bands. A wooden dresser, scratched and worn, held a collection of mismatched trinkets and an old record player, its needle requiring gentle coaxing to find the groove. A threadbare rug lay underfoot, its fibers cool against her socks, and the scent of lavender air freshener mingled with the faint mustiness of her unmade bed. The sense of safety and trust in relationships. I can still hear the echo of laughter from the years we spent dreaming on this very floor. The sun would pour through that window, turning the carpet into a patchwork; it felt like a refuge, a little island adrift in all the noise. I remember the way his hands brushed against mine, so sure and steady, or so I thought. Now, the lavender seems to mock me, reminding me of scents that once felt warm and inviting. Instead, I find only shadow and a lingering chill that clings to the air. I keep thinking of how I used to believe in fairytales, the kind where love was a safe harbor. Yet here I sit, surrounded by my cherished things, now reduced to mere reminders of a time I no longer recognize. I can’t remember when trust began to unravel, but I do know it felt like waking up in someone else's dream.",synthetic
synthetic_inhabitant_19,"In the corner of the small room, a well-loved recliner sits, its fabric worn and slightly frayed. A window with sheer curtains lets in soft morning light, illuminating a stack of old board games and an empty coffee mug on a side table. The air is scented faintly of lavender and burnt toast, remnants of a multi-tasking breakfast. On the walls, faded prints of laughter and friends linger in frames. The joy of simple, silly games. The light drapes itself over everything, softening the edges of this little world. I remember the laughter echoing from outside, how it felt to be bare to the sun, just stretching out, feeling the wind tease through the open window. Those days off work, they offered me a taste of peace I had not known in years. I think back to the time I found that ridiculous game, Charlie the Steak. A laugh out loud moment, beating up a cartoon slab of meat. I cannot help but wish I could experience something as carefree again. The warmth of the coffee mug in my hands lingers, but the taste is gone, replaced by the memory of those silly joys. I just want to gather all those moments again, like a collection of bright little stones, to remind myself that there was laughter once, and it wasn’t so far away.",synthetic
synthetic_inhabitant_20,"The kitchen was small and welcoming, with pale blue walls and sunlight filtering through lace curtains. A well-worn wooden table sat in the center, surrounded by mismatched chairs. An array of cookbooks filled one corner, their spines cracked from frequent use. The scent of vanilla still lingered from a recent baking session, intermingling with the faint aroma of fresh coffee that always seemed to cling to the air. Her sister and the dreams of a shared future. Today would have been my sister's birthday. I can almost see her, laughing at the table, flour dusting her cheek, a smile that lit up the room. The bright blue of the walls feels a little dimmer now; it was her favorite colour, after all. I had hoped we would celebrate over cake, her famous chocolate recipe, surrounded by her children. Instead, there is silence where her laughter should be. I close my eyes and listen, as if I might hear her voice again. A momentary flutter of hope — maybe it was just a dream. But it never is, is it? I reach for her cookbooks, running my fingers along the spines, feeling the indentations where she pressed them open. My heart aches for the weight of the loss, for the empty chair that will never be filled again.",synthetic
synthetic_inhabitant_21,"Emily's living room is small and cluttered, with a faded floral sofa that has seen better days, and a wooden coffee table covered in mismatched coasters. A soft, pale yellow light filters through sheer curtains, casting gentle shadows on the worn carpet. A child's playmat, brightly colored with cartoon animals, lies crumpled in one corner, and the faint scent of baby powder lingers in the air. A beloved child who never had the chance to grow. The light feels different now, somehow dimmer in this room. I catch myself reaching for memories that slip away like grains of sand. I remember her soft little fingers, so delicate and warm in my palm. There was something so sweet about the way she wrinkled her nose when I fed her, as if she was tasting the world for the first time. I hear echoes of laughter that should fill this space, but all I hear now is the hum of the refrigerator and the distant sound of traffic outside. The playmat still holds the faintest trace of baby powder, and as I run my fingers over it, I can almost feel the weight of her little body, witness her bright smile. I miss the way her father’s voice danced through the air as he read to her, spinning tales that seemed to bring her to life. Every corner of this room is a silent reminder of what once was, and I am left with the hollow ache of absence.",synthetic
synthetic_inhabitant_22,"Clara's modest living room featured a worn, blue checkered sofa that sagged slightly in the middle. An oak coffee table, marked with the rings of forgotten mugs, held a half-finished crossword puzzle and a small plant, its leaves a vibrant green against the sunlit window sill. On the walls, framed photographs captured moments of laughter and warmth, though one corner hung a shadowed space where a picture had recently been removed. a loving companion and a shared future. I can still smell the faint scent of Euan’s cologne lingering in the air, a mix of cedar and citrus that always made me feel safe. I sit here, on this worn sofa, where we spent so many evenings, laughing and dreaming. The light filters through the sheer curtains, casting gentle patterns across the room, mingling with the shadows of memories I wish I could hold on to. It’s strange how silence fills the space now, where we once filled every corner with our plans and hopes. I keep looking at that empty spot on the wall where our picture used to be, wondering if I should hang something new, or just leave it bare like this aching part of me. I thought we would have more time, to travel, to explore, to just be together. I miss him in every quiet moment, and yet, somehow, it feels like he’s still here, just out of reach.",synthetic
synthetic_inhabitant_23,"A small, dimly lit room with a worn leather armchair in the corner, a sturdy oak bookshelf filled with dog-eared novels, and a brass lamp casting a warm yellow glow. A faded rug lies underfoot, slightly threadbare from years of use, and the faint scent of old paper hangs in the air, mingling with the lingering aroma of brewed coffee. A cherished connection to youthful laughter and missed opportunities. I can hear the low hum of the refrigerator, a comforting backdrop to evenings spent lost in thought. The chair is just where I left it, its leather cool and smooth beneath my fingertips, each crease telling a story of its own. I often find myself thinking about that Seinfeld episode that never was, a script full of wit and warmth, reminding me of simpler times spent with friends on the couch, laughter echoing off the walls. Outside, the sky’s light dims to a soft, dusky blue, and I can almost feel the rush of those carefree moments slipping away like sand through my fingers. I take a sip from my mug, the coffee slightly bitter yet familiar, and I wonder what paths I might have taken if only I'd had more faith in the whims of my youth—perhaps a life filled with laughter instead of silences.",synthetic
synthetic_inhabitant_24,"Daniel's modest living room is adorned with faded, floral-patterned wallpaper and a well-worn brown leather couch that creaks softly when he shifts. A small wooden coffee table, stained with years of coffee rings, supports a dusty collection of magazines. Sunlight filters through sheer curtains, casting soft patterns on the worn carpet. In the corner, a rusted floor lamp leans precariously, its warm bulb flickering occasionally. A cherished childhood memory that has slipped through the cracks of time. I can still hear the distant chimes of children's laughter just outside, sweet and carefree. The sun spills across the room, mixing with the scent of freshly brewed coffee, the aroma mingling with the musty smell of old books that line the shelves. I recall how we would gather around the television, the moment stretched with anticipation, only to be swept away by an unexpected spectacle. There was a simplicity in those days, a time when things felt whole. Now the remnants of those moments linger like the half-faded echoes of a laugh, elusive and teasing. I sometimes wonder whether the memories I cling to are real, or just shadows of something more profound that has been lost to all the noise. Each day, I search for some fragment, a glimmer of what once was, hoping to find connection in what has slipped away.",synthetic
