id,subreddit,title,selftext,score,num_comments,created_utc,permalink,author,url,combined_text,created_iso
1hf2kky,GriefSupport,Comic I made following my brother’s recent suicide. ,"First time poster here.. I’m a cartoonist and recently lost my brother, James, to suicide in September. I miss him so much, I’ve been using my art to cope. I’ve been told it helps others so posting it here too. He was 23 and I 26, feeling like a failure of a big sister right now. Miss him too much.",5132,253,1734297311.0,https://www.reddit.com/r/GriefSupport/comments/1hf2kky/comic_i_made_following_my_brothers_recent_suicide/,[deleted],https://www.reddit.com/gallery/1hf2kky,"Comic I made following my brother’s recent suicide. 

First time poster here.. I’m a cartoonist and recently lost my brother, James, to suicide in September. I miss him so much, I’ve been using my art to cope. I’ve been told it helps others so posting it here too. He was 23 and I 26, feeling like a failure of a big sister right now. Miss him too much.",2024-12-15
1n58dzg,GriefSupport,I lost my son in a school shooting years ago but it feels like I also died that day,"Lost him before Christmas in 2012 and he was only 6 and I still haven’t opened his presents, and I have no plans to. 

I haven’t been the same and It feels like I’m just waiting for my time and it doesn’t make me feel better knowing he would have turned 19 this November. 

I remember everything that morning, he didn’t want to go this morning but I made him. I told him “Friday is the best day” I was in denial after the shooting and even months after this, I would randomly look around the house in little places hoping they got something wrong and he was just hiding. I’m still miserable today and I see him in my dreams. 

My life is not moving.",4096,298,1756680314.0,https://www.reddit.com/r/GriefSupport/comments/1n58dzg/i_lost_my_son_in_a_school_shooting_years_ago_but/,No-Preparation3572,https://i.redd.it/du2blwdhofmf1.jpeg,"I lost my son in a school shooting years ago but it feels like I also died that day

Lost him before Christmas in 2012 and he was only 6 and I still haven’t opened his presents, and I have no plans to. 

I haven’t been the same and It feels like I’m just waiting for my time and it doesn’t make me feel better knowing he would have turned 19 this November. 

I remember everything that morning, he didn’t want to go this morning but I made him. I told him “Friday is the best day” I was in denial after the shooting and even months after this, I would randomly look around the house in little places hoping they got something wrong and he was just hiding. I’m still miserable today and I see him in my dreams. 

My life is not moving.",2025-08-31
1jebspe,GriefSupport,My husband was an amazing man,"My husband was an amazing man. He was everything a girl dreamed of. He was kind and patient with my past. He was understanding and had an amazing sense of humor. He was oh so loving and caring. A great listener even holding onto the small details. He loved working on boats and cars. He showed that through his love of teaching. He was an adult Ed teacher for a marine trades program locally. 
He had a autoimmune diseases called primary sclerosing cholangitis. It cost him two liver transplants. Unfortunately it's considered a precursor to malignancy and often people with psc get cholangiocarcinoma. On aug 27 2024 he was diagnosed with stage 4 cholangiocarcinoma with peritoneal mets. 2024 was a massive nightmare but there was some good moments. We got married Feb 29 2024. Single handedly the best day of my life. My husband was only 35 years old when he passed away. I was the one who found him actively passing. We didn't even make it to our first wedding anniversary. He passed on Jan 6 2025.  

I can't do this life without him. I simply can't. 
He was my world. My everything. He was the one person in the world that showed me the meaning of true love. 
The world is a cruel place to take him from me. 
If you read this far than you for sharing in his memory",2405,147,1742321916.0,https://www.reddit.com/r/GriefSupport/comments/1jebspe/my_husband_was_an_amazing_man/,aBaKePoTaTo,https://www.reddit.com/gallery/1jebspe,"My husband was an amazing man

My husband was an amazing man. He was everything a girl dreamed of. He was kind and patient with my past. He was understanding and had an amazing sense of humor. He was oh so loving and caring. A great listener even holding onto the small details. He loved working on boats and cars. He showed that through his love of teaching. He was an adult Ed teacher for a marine trades program locally. 
He had a autoimmune diseases called primary sclerosing cholangitis. It cost him two liver transplants. Unfortunately it's considered a precursor to malignancy and often people with psc get cholangiocarcinoma. On aug 27 2024 he was diagnosed with stage 4 cholangiocarcinoma with peritoneal mets. 2024 was a massive nightmare but there was some good moments. We got married Feb 29 2024. Single handedly the best day of my life. My husband was only 35 years old when he passed away. I was the one who found him actively passing. We didn't even make it to our first wedding anniversary. He passed on Jan 6 2025.  

I can't do this life without him. I simply can't. 
He was my world. My everything. He was the one person in the world that showed me the meaning of true love. 
The world is a cruel place to take him from me. 
If you read this far than you for sharing in his memory",2025-03-18
1mavyqa,GriefSupport,I lost my autistic brother to cancer,"I’ve been lurking in here and waiting to post until I was ready. I lost my brother Chris, who was on the spectrum, on May 16th of this year. He passed away 2 weeks after his 30th birthday, on May 2nd. 

He was diagnosed with testicular cancer, in April 2022, and then Pseudomyxoma peritonei (extremely rare appendix cancer that destroys your body very quickly) in November 2022. We had 2.5 years of him surviving a death sentence cancer that he outlived way longer than anyone expects. 

He started getting really noticeably sick in December. He was sleeping in, staying up late, not eating as much. He started missing his special needs program on weekdays to sleep. On Feb 16th, he was called into the ER to get an emergency surgery to fix his perforated colon. Turns out, they couldn’t operate, so he was put into hospice just like that. No answers, nothing. We couldn’t believe it, he seemed fine other than just being tired. 

He somehow survived the perforated colon and the doctors told us his organs rerouted. Then we had no idea what was next. He was just really skinny, and tired. But always wanted to play games, watch movies, paint, do scratch offs. We took him off hospice around Easter in April to get blood transfusions. He was immediately put back onto hospice because he had a fistula grow from his colon to his belly button and it broke through the skin. Back onto hospice. Now with a colostomy bag and so many tubes. The doctors told us fistulas happen very close to the end of life in these scenarios. And that he will maybe make it to his birthday. He made it to his 30th birthday, with 3 parties for him surrounded by all his best friends and family. And I know he held on for Mother’s Day for my mom. Chris then passed away in his sleep the morning of May 16th. He fell asleep looking at my mom. It was beautiful but terrible at the same time. The screams my mom let out will forever haunt me.

I miss him so much, the grief has assimilated into my soul. I’ll forever be sad. I’ll forever secretly hate the world for taking Chris from me. His love language was playing pranks on me and getting on my nerves. The entire time in hospice I cooked him so many new foods and cakes and anything he wanted. He called me his snack lady and his chef. I was his younger sister, but in a way I felt like a parent to him. Always protecting him in ways he never understood. 

I would go through this life again over and over and over again just to have Chris. I would do it every time. He was the greatest gift I ever received and taught me so much love, patience, humor and appreciation for the little things. 

The night before he passed away, was one of our last memories. He had seen lots of Taco Bell commercials for the new crispy chicken nuggets. I went and got him them as a surprise. He SOBBED, and told me how much he loves me. He was shocked I did that for him. I wish I was that simple. At this point he couldn’t really eat anymore and I think that’s why he went before it turned into a painful road of suffering. The guy LOVED to eat. I don’t blame him. 

I’ve recently started a “business”, called Colored By Chris, where I’m selling a t-shirt designed with his artwork. I’m donating the proceeds to a nonprofit here in NJ, and it’s taken off quite a bit. They’re going to do a donor spotlight about Chris. While this work has helped me give back in the way he would have loved, I just wish he was here to see how loved he was by many. And how so many are inspired by his story. He would cry, and say “wow! People all over the world get to wear my artwork!” This work is fulfilling, but I just want him to tell me he’s proud of me. Nothing will ever replace him. 

I’m still in shock. 1 year ago we were at the beach. 6 months ago, we were watching hockey games. Time has become one of the hardest parts, because the quicker time goes by, the farther I am away from his physical body being here.",2336,247,1753646402.0,https://www.reddit.com/r/GriefSupport/comments/1mavyqa/i_lost_my_autistic_brother_to_cancer/,sweetiepie0812,https://www.reddit.com/gallery/1mavyqa,"I lost my autistic brother to cancer

I’ve been lurking in here and waiting to post until I was ready. I lost my brother Chris, who was on the spectrum, on May 16th of this year. He passed away 2 weeks after his 30th birthday, on May 2nd. 

He was diagnosed with testicular cancer, in April 2022, and then Pseudomyxoma peritonei (extremely rare appendix cancer that destroys your body very quickly) in November 2022. We had 2.5 years of him surviving a death sentence cancer that he outlived way longer than anyone expects. 

He started getting really noticeably sick in December. He was sleeping in, staying up late, not eating as much. He started missing his special needs program on weekdays to sleep. On Feb 16th, he was called into the ER to get an emergency surgery to fix his perforated colon. Turns out, they couldn’t operate, so he was put into hospice just like that. No answers, nothing. We couldn’t believe it, he seemed fine other than just being tired. 

He somehow survived the perforated colon and the doctors told us his organs rerouted. Then we had no idea what was next. He was just really skinny, and tired. But always wanted to play games, watch movies, paint, do scratch offs. We took him off hospice around Easter in April to get blood transfusions. He was immediately put back onto hospice because he had a fistula grow from his colon to his belly button and it broke through the skin. Back onto hospice. Now with a colostomy bag and so many tubes. The doctors told us fistulas happen very close to the end of life in these scenarios. And that he will maybe make it to his birthday. He made it to his 30th birthday, with 3 parties for him surrounded by all his best friends and family. And I know he held on for Mother’s Day for my mom. Chris then passed away in his sleep the morning of May 16th. He fell asleep looking at my mom. It was beautiful but terrible at the same time. The screams my mom let out will forever haunt me.

I miss him so much, the grief has assimilated into my soul. I’ll forever be sad. I’ll forever secretly hate the world for taking Chris from me. His love language was playing pranks on me and getting on my nerves. The entire time in hospice I cooked him so many new foods and cakes and anything he wanted. He called me his snack lady and his chef. I was his younger sister, but in a way I felt like a parent to him. Always protecting him in ways he never understood. 

I would go through this life again over and over and over again just to have Chris. I would do it every time. He was the greatest gift I ever received and taught me so much love, patience, humor and appreciation for the little things. 

The night before he passed away, was one of our last memories. He had seen lots of Taco Bell commercials for the new crispy chicken nuggets. I went and got him them as a surprise. He SOBBED, and told me how much he loves me. He was shocked I did that for him. I wish I was that simple. At this point he couldn’t really eat anymore and I think that’s why he went before it turned into a painful road of suffering. The guy LOVED to eat. I don’t blame him. 

I’ve recently started a “business”, called Colored By Chris, where I’m selling a t-shirt designed with his artwork. I’m donating the proceeds to a nonprofit here in NJ, and it’s taken off quite a bit. They’re going to do a donor spotlight about Chris. While this work has helped me give back in the way he would have loved, I just wish he was here to see how loved he was by many. And how so many are inspired by his story. He would cry, and say “wow! People all over the world get to wear my artwork!” This work is fulfilling, but I just want him to tell me he’s proud of me. Nothing will ever replace him. 

I’m still in shock. 1 year ago we were at the beach. 6 months ago, we were watching hockey games. Time has become one of the hardest parts, because the quicker time goes by, the farther I am away from his physical body being here.",2025-07-27
1dgi2f7,GriefSupport, My son committed suicide and I am so angry with him,"On June 4th, my 38 year old son took his life.   I am sad, but more mad most the time.  He has created a complete shitstorm in so many lives.  He had his demons and reasons I suppose, but hanging yourself in a closet the day you moved in!! Your best girl in collapse finding you there all purple, lifting will all her strength to get you off the clothes bar.  Your Mom getting the call that you were being kept alive by machines and drugs but had gone too long without oxygen.   Booked a flight and made me need to declare a DNR and and an hour later to tell staff to shut down the machines.   Watching your mother lay on your chest for the last 5 minutes so she could hear your last breath and put that in the memory bank next to hearing your first breath.  Your girlfriend completely non functional holding your hand. 

Handling final arrangements, talking to organ donation group, speaking with the medical examiner, keeping your Mom and girlfriend functional.  Calling employers and banks and government offices.  Setting up web site memorial, planning and hiring venues in 2 cities for memorial services.  Finding Mom a therapist.   Watching her spend the last week wandering like a zombie around the house not eating.   I’ll stop the rant here.

Why didn’t you call me.   There are solutions to every problem.   I miss you Son,  Dad",2309,462,1718458329.0,https://www.reddit.com/r/GriefSupport/comments/1dgi2f7/my_son_committed_suicide_and_i_am_so_angry_with/,Old-Panda8479,https://www.reddit.com/r/GriefSupport/comments/1dgi2f7/my_son_committed_suicide_and_i_am_so_angry_with/,"My son committed suicide and I am so angry with him

On June 4th, my 38 year old son took his life.   I am sad, but more mad most the time.  He has created a complete shitstorm in so many lives.  He had his demons and reasons I suppose, but hanging yourself in a closet the day you moved in!! Your best girl in collapse finding you there all purple, lifting will all her strength to get you off the clothes bar.  Your Mom getting the call that you were being kept alive by machines and drugs but had gone too long without oxygen.   Booked a flight and made me need to declare a DNR and and an hour later to tell staff to shut down the machines.   Watching your mother lay on your chest for the last 5 minutes so she could hear your last breath and put that in the memory bank next to hearing your first breath.  Your girlfriend completely non functional holding your hand. 

Handling final arrangements, talking to organ donation group, speaking with the medical examiner, keeping your Mom and girlfriend functional.  Calling employers and banks and government offices.  Setting up web site memorial, planning and hiring venues in 2 cities for memorial services.  Finding Mom a therapist.   Watching her spend the last week wandering like a zombie around the house not eating.   I’ll stop the rant here.

Why didn’t you call me.   There are solutions to every problem.   I miss you Son,  Dad",2024-06-15
1hhlsvq,GriefSupport,My mom passed away in my arms two days ago from cancer. I miss her terribly. She was only 53.,"I’m only 22 and my sister is only 14. We found out mom had stage 4 cancer on December 2nd. She was secretly doing chemo for 5 years, and she was never in remission this whole time. It was breast cancer (caught too late) that metastasized to her bladder, bone, and the brain’s meninges/spinal fluid.

Mom and dad kept her diagnosis a secret because she did not want me to worry about her while I was in undergrad. She valued education, and she did not want me to be distracted, drop out of college to help her, or transfer schools. They went great lengths to hide her sickness; they hid the mail, masked the reasonings behind doctors appointments, and provided different explanations to symptoms she experienced.

I cannot stress enough how much I love my mom. She is my best friend and soulmate. I was the last person she spoke to before she passed, and I slept overnight at the hospital, holding her hand, during her final days. Mom was larger than life. She brought a community together, and had a soul so blindingly bright. The house is so empty now. She passed in my arms and I still expect her to come back from work. I am a mess",2123,192,1734586120.0,https://www.reddit.com/r/GriefSupport/comments/1hhlsvq/my_mom_passed_away_in_my_arms_two_days_ago_from/,supremetealover5542,https://www.reddit.com/gallery/1hhlsvq,"My mom passed away in my arms two days ago from cancer. I miss her terribly. She was only 53.

I’m only 22 and my sister is only 14. We found out mom had stage 4 cancer on December 2nd. She was secretly doing chemo for 5 years, and she was never in remission this whole time. It was breast cancer (caught too late) that metastasized to her bladder, bone, and the brain’s meninges/spinal fluid.

Mom and dad kept her diagnosis a secret because she did not want me to worry about her while I was in undergrad. She valued education, and she did not want me to be distracted, drop out of college to help her, or transfer schools. They went great lengths to hide her sickness; they hid the mail, masked the reasonings behind doctors appointments, and provided different explanations to symptoms she experienced.

I cannot stress enough how much I love my mom. She is my best friend and soulmate. I was the last person she spoke to before she passed, and I slept overnight at the hospital, holding her hand, during her final days. Mom was larger than life. She brought a community together, and had a soul so blindingly bright. The house is so empty now. She passed in my arms and I still expect her to come back from work. I am a mess",2024-12-19
1ikcviw,GriefSupport,It’s been 3 years today since my Mom died. Please take a few minutes to read about her.  She mattered and shouldn’t be forgotten 😔,"Jane [redacted], age 68, passed away unexpectedly in her home on Monday, February 7, 2022.

My mom Jane loved her family and God, more than anything in this world. For most of her life, my mom had been sick with several debilitating illnesses. The unimaginable pains she experienced in the past decade alone were enough to break anyone’s spirit, but not my mom’s. She was so brave and strong through it all. Mom lived her life as best she could with an open heart despite her life circumstances, her Faith never wavering.

Jane was a single mother who, in her younger years, was a secretary for [redacted] until illness forced her into early retirement. I fondly remember waiting for her to come home from work each evening at 5:30 so we could play our silly make-believe games together. It was the highlight of each day for me.

Mom also loved watching vintage TV shows from the 1950s through the 1980s. Every night she would watch Golden Girls and leave her bedroom door open so we could sing the intro song together. Then later before bed, she would lull me to sleep with her angelic voice singing songs of airplanes and dragons from faraway lands that I would give anything to hear just one more time.

When I was in my early twenties, I became very sick while on holiday and my mom traveled across the country just to make sure I would get home safely; a journey I couldn’t have made on my own. My mom’s unwavering comfort during those difficult times offered me hope I thought I’d lost. And because of Mom, I eventually recovered and was able to go on to raise my own beautiful daughter.

When Mom was still able to walk, she would drive down to visit me at my craft shows. I don’t know why I never told her, but I was always so grateful that she came to support me. She was my biggest cheerleader. I wish I had let her know how much that meant to me. I have so many regrets. But that’s the thing about my mom: she loved me unconditionally and was always so proud of me.

As I write this obituary, I can vividly picture my mom sitting in her reclining chair, where she spent the majority of her adult life, watching television, ordering gifts for her family via mail-order catalogs, talking on the phone with friends, or writing cards to one of the many kids she has helped sponsor in countries all around the world. I am reminded of the way her face would light up with the purest of joy every time I walked through her front door. A memory which now fills me with a beautiful sadness that only the loss of someone you loved so deeply can make you feel. And for the rest of my days, every time I drive past her house and see the emptiness where she once sat, I will forever feel the pain from the loss of her presence.

I worry that over the next few years and decades, specific memories of my mom will fade; and, though heartbreaking, I’m told it’s perfectly natural. One day, I may forget that, even though I am an adult, she would still have a Valentine’s Day basket filled with chocolates waiting for me. Or, one day, I may not recall how she used to send me sticker-laden greeting cards for every holiday imaginable. And, one day, I might not remember her beautiful face and loving smile as clearly as I do now.

It was Maya Angelou who said, “I’ve learned that people will forget what you said, people will forget what you did, but people will never forget how you made them feel.” And I so deeply want to believe that’s true because even if my memories eventually fade, my mom made me feel truly loved and that is something I will never forget.

I am so grateful to have had Jane [redacted] as my mom. I love you mom. I always have and always will.",2007,147,1738982118.0,https://www.reddit.com/r/GriefSupport/comments/1ikcviw/its_been_3_years_today_since_my_mom_died_please/,amorfati37,https://i.redd.it/rdspkbpnuthe1.jpeg,"It’s been 3 years today since my Mom died. Please take a few minutes to read about her.  She mattered and shouldn’t be forgotten 😔

Jane [redacted], age 68, passed away unexpectedly in her home on Monday, February 7, 2022.

My mom Jane loved her family and God, more than anything in this world. For most of her life, my mom had been sick with several debilitating illnesses. The unimaginable pains she experienced in the past decade alone were enough to break anyone’s spirit, but not my mom’s. She was so brave and strong through it all. Mom lived her life as best she could with an open heart despite her life circumstances, her Faith never wavering.

Jane was a single mother who, in her younger years, was a secretary for [redacted] until illness forced her into early retirement. I fondly remember waiting for her to come home from work each evening at 5:30 so we could play our silly make-believe games together. It was the highlight of each day for me.

Mom also loved watching vintage TV shows from the 1950s through the 1980s. Every night she would watch Golden Girls and leave her bedroom door open so we could sing the intro song together. Then later before bed, she would lull me to sleep with her angelic voice singing songs of airplanes and dragons from faraway lands that I would give anything to hear just one more time.

When I was in my early twenties, I became very sick while on holiday and my mom traveled across the country just to make sure I would get home safely; a journey I couldn’t have made on my own. My mom’s unwavering comfort during those difficult times offered me hope I thought I’d lost. And because of Mom, I eventually recovered and was able to go on to raise my own beautiful daughter.

When Mom was still able to walk, she would drive down to visit me at my craft shows. I don’t know why I never told her, but I was always so grateful that she came to support me. She was my biggest cheerleader. I wish I had let her know how much that meant to me. I have so many regrets. But that’s the thing about my mom: she loved me unconditionally and was always so proud of me.

As I write this obituary, I can vividly picture my mom sitting in her reclining chair, where she spent the majority of her adult life, watching television, ordering gifts for her family via mail-order catalogs, talking on the phone with friends, or writing cards to one of the many kids she has helped sponsor in countries all around the world. I am reminded of the way her face would light up with the purest of joy every time I walked through her front door. A memory which now fills me with a beautiful sadness that only the loss of someone you loved so deeply can make you feel. And for the rest of my days, every time I drive past her house and see the emptiness where she once sat, I will forever feel the pain from the loss of her presence.

I worry that over the next few years and decades, specific memories of my mom will fade; and, though heartbreaking, I’m told it’s perfectly natural. One day, I may forget that, even though I am an adult, she would still have a Valentine’s Day basket filled with chocolates waiting for me. Or, one day, I may not recall how she used to send me sticker-laden greeting cards for every holiday imaginable. And, one day, I might not remember her beautiful face and loving smile as clearly as I do now.

It was Maya Angelou who said, “I’ve learned that people will forget what you said, people will forget what you did, but people will never forget how you made them feel.” And I so deeply want to believe that’s true because even if my memories eventually fade, my mom made me feel truly loved and that is something I will never forget.

I am so grateful to have had Jane [redacted] as my mom. I love you mom. I always have and always will.",2025-02-08
1f2dkdn,GriefSupport,My sweet 2yr old baby girl is gone,"I’m sitting here at 5 am in my daughter’s room. Today is Tuesday. She passed on Saturday. She died suddenly and we have no answers. We were at a restaurant and she was crying so I walked out at around 1:10 to settle her down. By 1:23 we were on the phone with her pediatrician because she was heavy breathing. She told me it sounded like stridor breaths and to get her face in a fridge so she can breath cold air. By 1:25 my husband called 911 and I sprinted to a grocery store with her. She went limp in my arms. I got there and helped her breath in the freezer. An ER doctor and someone that was CPR certified happened to be at the store and started doing CPR and other medical interventions on her. The ambulance took her to the hospital. The hospital was 3 min away. We were set up to succeed. We were both with her. I acted as fast as I could. It just wasn’t enough. They pronounced her death at 2:28pm. We were at the hospital from 1:45-4:45. I held her for 2 hours after she was gone. I’m 28 weeks pregnant with a boy and he was kicking while I held her post mortem. The only thing we’ve learned is that there was nothing in her airway and there wasn’t any external physical trauma. We didn’t eat at the restaurant so she most likely didn’t have an allergic reaction. It will be about 8 weeks before we learn anything else.

The rest of Saturday was just a haze. We just walked out and had to drive home without her but with her shoes, car toys, and car seat. We took locks of her hair. Her pediatrician met us at the hospital and stayed with us the whole time. She helped us get imprints and ink prints of her feet and hands. The hospital we were at was small and they had no real resources. We were 30 min from home in a small town. Family started arriving that night. We laid in bed with a pile of her dirty laundry, blankies, and stuffies. We slept 1 hr.

Sunday the reality started. I screamed in ways that I have only screamed one other time while in labor with my sweet baby. I couldn’t chew food. I barely drank water. I slept collectively 4 hours.

Monday we picked a funeral home, more family arrived, and I got an ultrasound and could see baby boy. He looks like a baby now which warmed my heart. I hate that I have to be a mom again in 2 months without my sweet angel baby girl, but it’s also the only shred of hope and the only reason I have a will to live. My husband punched the fridge and broke his hand in 2 places. He has screamed and cried in ways I’ve never heard from him in our 11 years together. I started eating more soft food like soup on Monday as well. I stayed decently hydrated. I left our house for the first time without her.

Last night I slept from 11:00-1:30. I’m sitting in her room making a playlist for her, rocking in our rocking chair, holding her sleep sack and quilt, and dumping everything into this post. Baby boy is kicking.

My appetite and will to drink water has started to come back, but I fear the sleep will take a very long time. I’m limited to soft foods because physically chewing is repulsive but I am eating. I have an appointment with my psych on Wednesday to see if I need to take some kind of pregnancy safe sleep med temporarily to ensure my health for this pregnancy and impending birth.

I hate everything. This is truly hell. Part of me wishes she had a terminal illness or stabilized for at least a day so I could tickle her back, hug her, love her, and talk to her at least one more time. But that would mean she’d suffer and I only feel that way because of my own selfish needs. This was quick and I’m so grateful both her daddy and I were there. I think she died in the grocery store with me right there holding her hand and talking to her. Any heartbeats or breaths after that were artificial. 

I just want to know she’s safe and loved and held in the way that I loved and held her. 

She was very very clingy and even as a toddler she often did not want me to set her down. I wonder now if she somehow knew we had limited time and wanted to keep her life confined to mama and dada as much as possible.

Attached photo is from Tuesday of last week when I took her to the zoo. We went there weekly whenever possible and she got to ride the carousel every time. She got to ride the kangaroo. She thought they were giant bunnies and loved them.

We have so many photos and videos but there are not enough. There could never be enough. I love you my sweet baby. I’ll tickle your back forever and ever in my mind. Please watch out for baby brother, dada, and I.",1976,276,1724754116.0,https://www.reddit.com/r/GriefSupport/comments/1f2dkdn/my_sweet_2yr_old_baby_girl_is_gone/,gravymaster000,https://i.redd.it/eqq4an8in6ld1.jpeg,"My sweet 2yr old baby girl is gone

I’m sitting here at 5 am in my daughter’s room. Today is Tuesday. She passed on Saturday. She died suddenly and we have no answers. We were at a restaurant and she was crying so I walked out at around 1:10 to settle her down. By 1:23 we were on the phone with her pediatrician because she was heavy breathing. She told me it sounded like stridor breaths and to get her face in a fridge so she can breath cold air. By 1:25 my husband called 911 and I sprinted to a grocery store with her. She went limp in my arms. I got there and helped her breath in the freezer. An ER doctor and someone that was CPR certified happened to be at the store and started doing CPR and other medical interventions on her. The ambulance took her to the hospital. The hospital was 3 min away. We were set up to succeed. We were both with her. I acted as fast as I could. It just wasn’t enough. They pronounced her death at 2:28pm. We were at the hospital from 1:45-4:45. I held her for 2 hours after she was gone. I’m 28 weeks pregnant with a boy and he was kicking while I held her post mortem. The only thing we’ve learned is that there was nothing in her airway and there wasn’t any external physical trauma. We didn’t eat at the restaurant so she most likely didn’t have an allergic reaction. It will be about 8 weeks before we learn anything else.

The rest of Saturday was just a haze. We just walked out and had to drive home without her but with her shoes, car toys, and car seat. We took locks of her hair. Her pediatrician met us at the hospital and stayed with us the whole time. She helped us get imprints and ink prints of her feet and hands. The hospital we were at was small and they had no real resources. We were 30 min from home in a small town. Family started arriving that night. We laid in bed with a pile of her dirty laundry, blankies, and stuffies. We slept 1 hr.

Sunday the reality started. I screamed in ways that I have only screamed one other time while in labor with my sweet baby. I couldn’t chew food. I barely drank water. I slept collectively 4 hours.

Monday we picked a funeral home, more family arrived, and I got an ultrasound and could see baby boy. He looks like a baby now which warmed my heart. I hate that I have to be a mom again in 2 months without my sweet angel baby girl, but it’s also the only shred of hope and the only reason I have a will to live. My husband punched the fridge and broke his hand in 2 places. He has screamed and cried in ways I’ve never heard from him in our 11 years together. I started eating more soft food like soup on Monday as well. I stayed decently hydrated. I left our house for the first time without her.

Last night I slept from 11:00-1:30. I’m sitting in her room making a playlist for her, rocking in our rocking chair, holding her sleep sack and quilt, and dumping everything into this post. Baby boy is kicking.

My appetite and will to drink water has started to come back, but I fear the sleep will take a very long time. I’m limited to soft foods because physically chewing is repulsive but I am eating. I have an appointment with my psych on Wednesday to see if I need to take some kind of pregnancy safe sleep med temporarily to ensure my health for this pregnancy and impending birth.

I hate everything. This is truly hell. Part of me wishes she had a terminal illness or stabilized for at least a day so I could tickle her back, hug her, love her, and talk to her at least one more time. But that would mean she’d suffer and I only feel that way because of my own selfish needs. This was quick and I’m so grateful both her daddy and I were there. I think she died in the grocery store with me right there holding her hand and talking to her. Any heartbeats or breaths after that were artificial. 

I just want to know she’s safe and loved and held in the way that I loved and held her. 

She was very very clingy and even as a toddler she often did not want me to set her down. I wonder now if she somehow knew we had limited time and wanted to keep her life confined to mama and dada as much as possible.

Attached photo is from Tuesday of last week when I took her to the zoo. We went there weekly whenever possible and she got to ride the carousel every time. She got to ride the kangaroo. She thought they were giant bunnies and loved them.

We have so many photos and videos but there are not enough. There could never be enough. I love you my sweet baby. I’ll tickle your back forever and ever in my mind. Please watch out for baby brother, dada, and I.",2024-08-27
1lkh1s1,GriefSupport,I lost my cat and nobody seems to care,"I lost my cat suddenly. I saw him peeing blood so I immediately took him to the animal hospital. They checked him and said he’s looking great and bladder was empty which was a great sign and it was probably due to stress because we changed his litter. They sent us home with meds and told me to keep on eye out for him and make sure he’s peeing. So I cancelled everything to make sure I was there 24/7 with him. He was fine for 3 days he looked great so I decided to go out to dinner with my boyfriend for a couple hours. I came back home to give him his meds and he was sitting in the basement and he started crying huge tears and couldn’t move. I felt so fucking guilty going out for dinner. I don’t know what happened in the 3 hours I was gone. He couldn’t move but my mom came down to look at him ( he only liked me ) so he used the last of his strength to go run up into my room ( which was really his room too. ) He ONLY liked me he only slept with me every night between my legs so I know he just wanted to be comfortable. He got into cuddle position like we always do. I should’ve cuddled for him more than 15 seconds. I wanted to rush him to the hospital though and didn’t wanna waste any time. So i picked him up and put him in the carrier. They told me he had huge crystals in his bladder so he couldn’t pee anymore. Surgery wouldn’t have worked bc he’s had this problem before. I needed to put him down and he was only 14 I got him with I was 7 and i’m 22 now. He was with me through the worst times in my life. I feel broken. He was my soulmate. He loved me just as much as I loved him. My legs are so cold when I sleep now. He would always slept in between them. It’s so fucking hard to do anything anymore. He loved watching me brush my teeth, watch my face, he loved liking my face right out of the shower. It was our thing. He liked watching me do my makeup. I used to smoke and he used to LOVE watching the process. When I was ready to smoke he would immediately know and come running up to watch. When I was ready to spark up I would let him on my roof in my room. and he would watch from the roof  ( bc I was scared to get him a contact high ) Now I can’t even smoke anymore because it makes me deeply think of him, and i’ve been smoking for the past 6 years. Doesn’t help that I can’t sleep or smoke anymore. I can’t even eat. I feel like I lost apart of myself. I feel like family and friends don’t understand that this cat was my entire world. My boyfriend seems annoyed with me bc sometimes i’ll just breakdown in tears if i think abt him. I cry every time I get to my house. because everytime id get home he’d come running with a big meow to say hi and now it’s so silent and empty. All I want to do is die and be with him again. I feel so guilty and angry for wasting our last hours. I got his ashes today and completely lost it. I just want him back. I don’t know how to even live anymore. Everything hurts and I can tell i’m scaring all my loved ones away with my grief. This wasn’t just a cat. He was my entire world, He was truly a son to me.",1972,319,1750884367.0,https://www.reddit.com/r/GriefSupport/comments/1lkh1s1/i_lost_my_cat_and_nobody_seems_to_care/,imbrokenintobits,https://www.reddit.com/gallery/1lkh1s1,"I lost my cat and nobody seems to care

I lost my cat suddenly. I saw him peeing blood so I immediately took him to the animal hospital. They checked him and said he’s looking great and bladder was empty which was a great sign and it was probably due to stress because we changed his litter. They sent us home with meds and told me to keep on eye out for him and make sure he’s peeing. So I cancelled everything to make sure I was there 24/7 with him. He was fine for 3 days he looked great so I decided to go out to dinner with my boyfriend for a couple hours. I came back home to give him his meds and he was sitting in the basement and he started crying huge tears and couldn’t move. I felt so fucking guilty going out for dinner. I don’t know what happened in the 3 hours I was gone. He couldn’t move but my mom came down to look at him ( he only liked me ) so he used the last of his strength to go run up into my room ( which was really his room too. ) He ONLY liked me he only slept with me every night between my legs so I know he just wanted to be comfortable. He got into cuddle position like we always do. I should’ve cuddled for him more than 15 seconds. I wanted to rush him to the hospital though and didn’t wanna waste any time. So i picked him up and put him in the carrier. They told me he had huge crystals in his bladder so he couldn’t pee anymore. Surgery wouldn’t have worked bc he’s had this problem before. I needed to put him down and he was only 14 I got him with I was 7 and i’m 22 now. He was with me through the worst times in my life. I feel broken. He was my soulmate. He loved me just as much as I loved him. My legs are so cold when I sleep now. He would always slept in between them. It’s so fucking hard to do anything anymore. He loved watching me brush my teeth, watch my face, he loved liking my face right out of the shower. It was our thing. He liked watching me do my makeup. I used to smoke and he used to LOVE watching the process. When I was ready to smoke he would immediately know and come running up to watch. When I was ready to spark up I would let him on my roof in my room. and he would watch from the roof  ( bc I was scared to get him a contact high ) Now I can’t even smoke anymore because it makes me deeply think of him, and i’ve been smoking for the past 6 years. Doesn’t help that I can’t sleep or smoke anymore. I can’t even eat. I feel like I lost apart of myself. I feel like family and friends don’t understand that this cat was my entire world. My boyfriend seems annoyed with me bc sometimes i’ll just breakdown in tears if i think abt him. I cry every time I get to my house. because everytime id get home he’d come running with a big meow to say hi and now it’s so silent and empty. All I want to do is die and be with him again. I feel so guilty and angry for wasting our last hours. I got his ashes today and completely lost it. I just want him back. I don’t know how to even live anymore. Everything hurts and I can tell i’m scaring all my loved ones away with my grief. This wasn’t just a cat. He was my entire world, He was truly a son to me.",2025-06-25
1pzyp8t,GriefSupport,My Mom Won Her Battle,"My Mom had been in the hospital for two weeks.⁣

⁣

It was a Sunday night (in 2018). I found two back-to-back documentaries for us to binge-watch. One was about The Pope and the other was about The Kennedys: Two of Mom’s favorite things!⁣

⁣

She asked me to get into bed with her, the way we would watch movies at our house, after chemo.⁣

⁣

As I slid into the hospital bed, I felt how tiny my Mom’s body had become. She was a skeleton. I could feel my heart breaking.⁣

⁣

My Mom questioned what I was thinking about (I guess I don’t have much of a poker face). I told her I couldn’t believe her eyelashes had fully grown in. 

'WHAT?!?' she shrieked, as her eyes widened with excitement.⁣

⁣

'Did you get eyelash extensions? Seriously. Tell me the truth. I won’t tell anyone,' I said, trying to look super serious.⁣

⁣

My Mom laughed the cutest giggle, almost as if she was a little girl again. Mom loved when I would gently rub her tiny bald head- She said it took her anxiety away. I rubbed it a few times, stopped and stared my Mom in the eyes again. I was visibly angered.⁣

⁣

'What’s wrong?' my Mom asked.⁣

⁣

'Ummm, when were you going to tell me YOUR HAIR’S grown back, as thick and shiny as ever?!?' I said, trying my darnedest to sound and look irritated.⁣

⁣

My Mom’s face lit up like ‘The Rockefeller Tree’ at Christmas. I’ve only seen that kind of pure joy a few times in my life. Her happiness, in that moment, was electrifying! My heart, which was breaking only moments before, was patching itself up, as my Mom laughed WHOLE-HEARTEDLY.

'What can I say? I’m a lucky ducky' she giggled, as she blinked her eyes and tilted her head from side-to-side, trying to taunt me with her supermodel eyelashes and professional salon-looking hair.⁣

⁣

'You’re lucky I love you, Mom, or else I’d hate you for being THIS gorgeous while IN the hospital,' I said, smiling. 

Her joy had rubbed off on me. My entire soul felt full of her light.⁣

⁣

We nuzzled-in to watch those documentaries. I kept looking over at mom. Her radiant smile remained on her perfect face. 

It was in that moment I realized my Mom had WON her battle with Pancreatic Cancer, even though she took her last breath, a few hours later.",1956,100,1767141113.0,https://www.reddit.com/r/GriefSupport/comments/1pzyp8t/my_mom_won_her_battle/,LetsGetReady2Stumble,https://i.redd.it/4p8fur3tpfag1.jpeg,"My Mom Won Her Battle

My Mom had been in the hospital for two weeks.⁣

⁣

It was a Sunday night (in 2018). I found two back-to-back documentaries for us to binge-watch. One was about The Pope and the other was about The Kennedys: Two of Mom’s favorite things!⁣

⁣

She asked me to get into bed with her, the way we would watch movies at our house, after chemo.⁣

⁣

As I slid into the hospital bed, I felt how tiny my Mom’s body had become. She was a skeleton. I could feel my heart breaking.⁣

⁣

My Mom questioned what I was thinking about (I guess I don’t have much of a poker face). I told her I couldn’t believe her eyelashes had fully grown in. 

'WHAT?!?' she shrieked, as her eyes widened with excitement.⁣

⁣

'Did you get eyelash extensions? Seriously. Tell me the truth. I won’t tell anyone,' I said, trying to look super serious.⁣

⁣

My Mom laughed the cutest giggle, almost as if she was a little girl again. Mom loved when I would gently rub her tiny bald head- She said it took her anxiety away. I rubbed it a few times, stopped and stared my Mom in the eyes again. I was visibly angered.⁣

⁣

'What’s wrong?' my Mom asked.⁣

⁣

'Ummm, when were you going to tell me YOUR HAIR’S grown back, as thick and shiny as ever?!?' I said, trying my darnedest to sound and look irritated.⁣

⁣

My Mom’s face lit up like ‘The Rockefeller Tree’ at Christmas. I’ve only seen that kind of pure joy a few times in my life. Her happiness, in that moment, was electrifying! My heart, which was breaking only moments before, was patching itself up, as my Mom laughed WHOLE-HEARTEDLY.

'What can I say? I’m a lucky ducky' she giggled, as she blinked her eyes and tilted her head from side-to-side, trying to taunt me with her supermodel eyelashes and professional salon-looking hair.⁣

⁣

'You’re lucky I love you, Mom, or else I’d hate you for being THIS gorgeous while IN the hospital,' I said, smiling. 

Her joy had rubbed off on me. My entire soul felt full of her light.⁣

⁣

We nuzzled-in to watch those documentaries. I kept looking over at mom. Her radiant smile remained on her perfect face. 

It was in that moment I realized my Mom had WON her battle with Pancreatic Cancer, even though she took her last breath, a few hours later.",2025-12-31
1hpdje7,GriefSupport,Happy 2nd bday in heaven to my son &amp; 8 months without my husband 🥹,"To the one who made me a momma… so my son Mateo was stillborn when i was 35 weeks along Dec 29 2022 he was born sleeping at 2:10am after my husband &amp; I got into a car wreck &amp; I broke my hip &amp; shattered my pelvis. Today was so hard too.. cause buried next to him, is my husband, Robert. Today is exactly 8 months he passed to suicide. Man this pain is so bad.. only peace is Mateo celebrated his bday with his daddy this year.. &amp; I know he’s in the best hands ever. But I’m broken, I’m empty, I’m barely surviving… but I’m here. Happy birthday baby boy &amp; I miss you both so mu",1934,141,1735528186.0,https://www.reddit.com/r/GriefSupport/comments/1hpdje7/happy_2nd_bday_in_heaven_to_my_son_8_months/,OneProfessor5550,https://www.reddit.com/gallery/1hpdje7,"Happy 2nd bday in heaven to my son &amp; 8 months without my husband 🥹

To the one who made me a momma… so my son Mateo was stillborn when i was 35 weeks along Dec 29 2022 he was born sleeping at 2:10am after my husband &amp; I got into a car wreck &amp; I broke my hip &amp; shattered my pelvis. Today was so hard too.. cause buried next to him, is my husband, Robert. Today is exactly 8 months he passed to suicide. Man this pain is so bad.. only peace is Mateo celebrated his bday with his daddy this year.. &amp; I know he’s in the best hands ever. But I’m broken, I’m empty, I’m barely surviving… but I’m here. Happy birthday baby boy &amp; I miss you both so mu",2024-12-30
1j49y1u,GriefSupport,My dad died Monday night,"I could see the decline in your health the last few months but I guess I was in denial and thought you’d be better after chemo was finished. I’m so sorry I couldn’t be there more for you. I’m sorry you didn’t get to meet Ali while we were still dating. I love you, dad.",1894,175,1741199086.0,https://www.reddit.com/r/GriefSupport/comments/1j49y1u/my_dad_died_monday_night/,GanacheOk2887,https://www.reddit.com/gallery/1j49y1u,"My dad died Monday night

I could see the decline in your health the last few months but I guess I was in denial and thought you’d be better after chemo was finished. I’m so sorry I couldn’t be there more for you. I’m sorry you didn’t get to meet Ali while we were still dating. I love you, dad.",2025-03-05
1gh6ekk,GriefSupport,My daughter has been gone exactly 2 months and today is her 18th Birthday,"I have been dreading today but a really great person texted me this morning and reminded me to “make today a day of celebration”. So, while I’m sure it will be hard, that’s what I should try to do

The photo was taken one year ago. Happy Birthday my love!!!",1877,132,1730470483.0,https://www.reddit.com/r/GriefSupport/comments/1gh6ekk/my_daughter_has_been_gone_exactly_2_months_and/,PresKennedy,https://i.redd.it/7sld6a57tayd1.jpeg,"My daughter has been gone exactly 2 months and today is her 18th Birthday

I have been dreading today but a really great person texted me this morning and reminded me to “make today a day of celebration”. So, while I’m sure it will be hard, that’s what I should try to do

The photo was taken one year ago. Happy Birthday my love!!!",2024-11-01
1ok4bjq,GriefSupport,Our first and only baby passed away,"It's been just under a month that we lost our sweet baby John to SIDS. He was only 3 months old. My wife and I both wanted a boy and we got our perfect little blessing. Somehow he rolled over in his sleep and we found him unresponsive in his lounger. We didn't do anything other than we normally do putting him down to sleep other than mom going to bed a little earlier. The way he looked when my wife woke me up is haunting me, I can't stop the flashbacks and it's really terrifying. I tried my best to give him CPR before paramedics came. When we arrived at the hospital he was already gone. The worthlessness and guilt I feel are unreal. We are both shattered, therapy scheduled to begin soon but I have no clue how to move forward. Everything is a reminder of him, we are longing for another child already and are hopeful but completely scared at the same time. We are good parents and did everything the best we could to try and give him a good life and we both feel completely hollow and shaken to our core. Everyone he met loved him so much and always gushed about how calm and cool of a baby he was and how lucky we got. I only got to bathe him once and it's tearing me apart inside. Any advice is welcome, life feels so empty without our baby. He was my little twin I just feel like I'm burning inside and can't get his face out of my head. Nightmare after nightmare about him and that night. I want to cry out and I have been letting it out but I feel like I just can't cry hard enough to express how I feel about it. He was just starting to pick his head up and babble. I'll miss him forever",1818,178,1761841547.0,https://www.reddit.com/r/GriefSupport/comments/1ok4bjq/our_first_and_only_baby_passed_away/,paulytrilla,https://www.reddit.com/gallery/1ok4bjq,"Our first and only baby passed away

It's been just under a month that we lost our sweet baby John to SIDS. He was only 3 months old. My wife and I both wanted a boy and we got our perfect little blessing. Somehow he rolled over in his sleep and we found him unresponsive in his lounger. We didn't do anything other than we normally do putting him down to sleep other than mom going to bed a little earlier. The way he looked when my wife woke me up is haunting me, I can't stop the flashbacks and it's really terrifying. I tried my best to give him CPR before paramedics came. When we arrived at the hospital he was already gone. The worthlessness and guilt I feel are unreal. We are both shattered, therapy scheduled to begin soon but I have no clue how to move forward. Everything is a reminder of him, we are longing for another child already and are hopeful but completely scared at the same time. We are good parents and did everything the best we could to try and give him a good life and we both feel completely hollow and shaken to our core. Everyone he met loved him so much and always gushed about how calm and cool of a baby he was and how lucky we got. I only got to bathe him once and it's tearing me apart inside. Any advice is welcome, life feels so empty without our baby. He was my little twin I just feel like I'm burning inside and can't get his face out of my head. Nightmare after nightmare about him and that night. I want to cry out and I have been letting it out but I feel like I just can't cry hard enough to express how I feel about it. He was just starting to pick his head up and babble. I'll miss him forever",2025-10-30
1jfxo2o,GriefSupport,Forever 4.5 months,"My beautiful baby. My second born son. I miss him more than words can explain. Idk why he had to leave us at 4.5 months. Put to sleep to never open his eyes again. Mommy, daddy and big brother are so lost without you. I hope you’re proud of us. The most perfect angel. Levi Saint Ramirez 8/27/24-1/25/25. Just needed to let everyone see his angelic face.",1797,121,1742499887.0,https://www.reddit.com/r/GriefSupport/comments/1jfxo2o/forever_45_months/,Altruistic_Green_703,https://www.reddit.com/gallery/1jfxo2o,"Forever 4.5 months

My beautiful baby. My second born son. I miss him more than words can explain. Idk why he had to leave us at 4.5 months. Put to sleep to never open his eyes again. Mommy, daddy and big brother are so lost without you. I hope you’re proud of us. The most perfect angel. Levi Saint Ramirez 8/27/24-1/25/25. Just needed to let everyone see his angelic face.",2025-03-20
1qbuggb,GriefSupport,"I really hope it is like this, our loss of loved one is others reunion♥️","This picture made me think a lot. A week before my dad passed away, he mentioned to me, my mum, my aunt that he saw his parents (my grandparents) in his dreams and maybe they were coming to collect him. My dad often saw his parents in his dream and untill the last week of his life he saw them. I really hope though that he did see them when he took his last breath.Although I love my dad so much and miss him more then words can say, it gives me some comfort to think that he is now in the same place as his parents. My dad missed my grandparents a lot and he was their baby.

It’s a nice thought to think our loved ones are not alone. Whilst we have lost them, they have reunited and are happy and loved on the other side, when one day we will join too♥️",1777,121,1768318523.0,https://www.reddit.com/r/GriefSupport/comments/1qbuggb/i_really_hope_it_is_like_this_our_loss_of_loved/,Orchidflower10,https://i.redd.it/558ifst1y4dg1.jpeg,"I really hope it is like this, our loss of loved one is others reunion♥️

This picture made me think a lot. A week before my dad passed away, he mentioned to me, my mum, my aunt that he saw his parents (my grandparents) in his dreams and maybe they were coming to collect him. My dad often saw his parents in his dream and untill the last week of his life he saw them. I really hope though that he did see them when he took his last breath.Although I love my dad so much and miss him more then words can say, it gives me some comfort to think that he is now in the same place as his parents. My dad missed my grandparents a lot and he was their baby.

It’s a nice thought to think our loved ones are not alone. Whilst we have lost them, they have reunited and are happy and loved on the other side, when one day we will join too♥️",2026-01-13
1s0bsbq,GriefSupport,My 3.5 year old died suddenly and unexpectedly,"My 3.5 year old daughter died 1 month ago. It feels surreal. She was a perfectly healthy child. Here's the story:

It started on a Tuesday afternoon. She came home from daycare  (after apparently having a great day) and said her head hurt and she had a sudden fever of 103.5. My husband decided to take her to the ER. They evaluated her and sent her home, as her fever came down with medication. She ate dinner and seemed okay, but then started vomiting. 

I took her back to the ER at 8pm. They saw her again and then had me wait around to recheck her due to a high heart rate. She threw up several more times (every 20 minutes or so), but also drank a lot of water and peed. She eventually stopped vomiting and fell asleep on me at 11pm. We finally saw the doctor around 12:30am and he checked her whole body (no rash) and her neck (which was good). She seemed okay (other than being tired) and the vomiting had stopped. We both thought it seemed viral and she was sent home. We got home around 1am.

The next day, she was very tired and sleepy. She slept most of the day, while I worked from home. I checked on her every 30-45 minutes. She drank 2 small bottles of gatorade, peed and responded to me when I talked to her. She just seemed tired.

At 3pm, she got up off the couch (beside me) and peed on the potty in the bathroom. I brought her back and she went back to sleep. Then at 3:50pm, she said she had to poo. I brought her (she had diarrhea) and when I went to clean/change her under the light, I noticed her skin was a bit blotchy, which i thought seemed weird. I then started observing her symptoms more closely and she seemed unwell. Her hands were cold, her breathing was a bit fast (intermittently) and she just looked unwell. After calling my husband and doing a bit of research, she moved from the couch onto the floor, and I had a bad feeling and called 911 (as I didn't have a car at home). My husband ended up coming home before the ambulance arrived (even thought it had been almost 30 minutes), so I took her myself to the closest ER. We got there at 5pm.

They saw her immediately and seemed concerned. They took her back and started an IV and gave her fluids and antibiotics. Her vitals were good and she seemed stable. They said they were going to admit her, but she had to be transferred to the (very well regarded) children's hospital. Because she was stable, it was not an emergency. In the ER, I noticed small bruising and red dots appearing on her skin (which I now understand to be early signs of DIC - severe blood clotting). 

She was transferred to the children's hospital at 7pm and it did not seem urgent (the driver barely used the siren). Just before we got in the ambulance, I asked the doctor about her blood test results and the doctor said that they indicated sepsis, but on presentation, she did not appear septic.

Apparently her blood pressure collapsed in the ambulance (unbeknownst to me as I was up front with the driver).

When we arrived at the children's hospital (around 7:30pm) she was in septic/toxic shock, so they sedated and intubated her and transferred her to the ICU.  They recommended that my husband come (which he did) and then they asked us to go in a waiting room while they set her up in the ICU.

At 10pm, the doctor came in to the waiting room and told us there was no easy way to say it, but she was probably going to die, as they couldn't get her blood pressure up despite maximim treatment. I didn't believe him. After my husband was able to see and talk to her (just after 10pm), her blood pressure suddenly came up. They said it was a good sign and it could go either way. We stayed beside her all night hoping she would make it. Her test results seemed to stabilize.

Around 3:30am, the latest set of blood tests came back indicating her organs were failing (ph dropping and lactate rising). They told us she was going to die. Her heart stopped at 6:30am.

After the fact, her blood results indicated that she had group A strep. The illness is called streptococcal toxic shock syndrome. Basically a very rare occurrence where an invasive and agreasive form of strep A enters the bloodstream and causes a biological storm in certain (otherwise healthy) people. There is no way to predict or prevent it. In some cases (likely hers) it is so fast and aggressive that even early intervention cannot stop the disease progression. Likely once the first visible symptom appeared, it was already too late to stop. Apparently this type of severe strep A illness is on the rise in recent years (since covid), with higher pediatric deaths in many countries.

My husband and I are obviously devastated. We do have two other children, so that keeps us going.

The point of this post was just to share the story and the fact that sometimes you can (seemingly) do everything right, and you still cannot prevent loss. It is a really hard pill to swallow. For those who have kids, please hold them tight. You never know when it may be the last time. ❤️",1727,216,1774151997.0,https://www.reddit.com/r/GriefSupport/comments/1s0bsbq/my_35_year_old_died_suddenly_and_unexpectedly/,Ok_Dragonfruit747,https://www.reddit.com/r/GriefSupport/comments/1s0bsbq/my_35_year_old_died_suddenly_and_unexpectedly/,"My 3.5 year old died suddenly and unexpectedly

My 3.5 year old daughter died 1 month ago. It feels surreal. She was a perfectly healthy child. Here's the story:

It started on a Tuesday afternoon. She came home from daycare  (after apparently having a great day) and said her head hurt and she had a sudden fever of 103.5. My husband decided to take her to the ER. They evaluated her and sent her home, as her fever came down with medication. She ate dinner and seemed okay, but then started vomiting. 

I took her back to the ER at 8pm. They saw her again and then had me wait around to recheck her due to a high heart rate. She threw up several more times (every 20 minutes or so), but also drank a lot of water and peed. She eventually stopped vomiting and fell asleep on me at 11pm. We finally saw the doctor around 12:30am and he checked her whole body (no rash) and her neck (which was good). She seemed okay (other than being tired) and the vomiting had stopped. We both thought it seemed viral and she was sent home. We got home around 1am.

The next day, she was very tired and sleepy. She slept most of the day, while I worked from home. I checked on her every 30-45 minutes. She drank 2 small bottles of gatorade, peed and responded to me when I talked to her. She just seemed tired.

At 3pm, she got up off the couch (beside me) and peed on the potty in the bathroom. I brought her back and she went back to sleep. Then at 3:50pm, she said she had to poo. I brought her (she had diarrhea) and when I went to clean/change her under the light, I noticed her skin was a bit blotchy, which i thought seemed weird. I then started observing her symptoms more closely and she seemed unwell. Her hands were cold, her breathing was a bit fast (intermittently) and she just looked unwell. After calling my husband and doing a bit of research, she moved from the couch onto the floor, and I had a bad feeling and called 911 (as I didn't have a car at home). My husband ended up coming home before the ambulance arrived (even thought it had been almost 30 minutes), so I took her myself to the closest ER. We got there at 5pm.

They saw her immediately and seemed concerned. They took her back and started an IV and gave her fluids and antibiotics. Her vitals were good and she seemed stable. They said they were going to admit her, but she had to be transferred to the (very well regarded) children's hospital. Because she was stable, it was not an emergency. In the ER, I noticed small bruising and red dots appearing on her skin (which I now understand to be early signs of DIC - severe blood clotting). 

She was transferred to the children's hospital at 7pm and it did not seem urgent (the driver barely used the siren). Just before we got in the ambulance, I asked the doctor about her blood test results and the doctor said that they indicated sepsis, but on presentation, she did not appear septic.

Apparently her blood pressure collapsed in the ambulance (unbeknownst to me as I was up front with the driver).

When we arrived at the children's hospital (around 7:30pm) she was in septic/toxic shock, so they sedated and intubated her and transferred her to the ICU.  They recommended that my husband come (which he did) and then they asked us to go in a waiting room while they set her up in the ICU.

At 10pm, the doctor came in to the waiting room and told us there was no easy way to say it, but she was probably going to die, as they couldn't get her blood pressure up despite maximim treatment. I didn't believe him. After my husband was able to see and talk to her (just after 10pm), her blood pressure suddenly came up. They said it was a good sign and it could go either way. We stayed beside her all night hoping she would make it. Her test results seemed to stabilize.

Around 3:30am, the latest set of blood tests came back indicating her organs were failing (ph dropping and lactate rising). They told us she was going to die. Her heart stopped at 6:30am.

After the fact, her blood results indicated that she had group A strep. The illness is called streptococcal toxic shock syndrome. Basically a very rare occurrence where an invasive and agreasive form of strep A enters the bloodstream and causes a biological storm in certain (otherwise healthy) people. There is no way to predict or prevent it. In some cases (likely hers) it is so fast and aggressive that even early intervention cannot stop the disease progression. Likely once the first visible symptom appeared, it was already too late to stop. Apparently this type of severe strep A illness is on the rise in recent years (since covid), with higher pediatric deaths in many countries.

My husband and I are obviously devastated. We do have two other children, so that keeps us going.

The point of this post was just to share the story and the fact that sometimes you can (seemingly) do everything right, and you still cannot prevent loss. It is a really hard pill to swallow. For those who have kids, please hold them tight. You never know when it may be the last time. ❤️",2026-03-22
1j8ddbj,GriefSupport,My dad died very unexpected,"My father passed away a month ago. Very unexpected. My stepmom called ans said that my dad had really bad chest pain so they went to the ER. They did some bloodwork.. then sent him to the hospital. They then did a small stint procedure for some blockages. The doctor recommended doing a bypass surgery because he had so many. 4 to be exact. And they were badly blocked. 
He had the bypass surgery and he was in the icu recovering. In the middle of the night on the second day of recovery he woke up and asked my stepmom to go get some ice. She left the room and my dad started convulsing. By the time my stepmom came back multiple people were in the room trying to start his heart again. They tried for 30 minutes.  
I got a call at 2:00am. I couldn't sleep because I was so worried about my dad anyway. As soon as my phone rang I knew my father was dead. There would be no other reason in the world for the phone to ring. 
I didn't answer the phone because I already knew. I had to go into my sister's room and tell her daddy died we need to go to the hospital right now. 
My dad was only 48. 
I am 20. My sisters are 18 and 21.  
They thought it was something genetic thay caused so much damage to his heart so they ran bunch of bloodwork tests. 
We got a call today that said all of the bloodwork was normal. 
My dad has no other health problems, didn't drink, smoke, and he exercised everyday. 
There are so many questions left unanswered, and this was so unexpected. I thought my dad would be around for a long long time. 
He wasn't just a dad. He was a husband, grandpa, brother, son, friend. 
Idk how life will be okay again but all I can do right now is take it one day at a time. It's hard to accept that unexpected things happen. Or that I may not ever get any questions answered. If you pray please pray for my family. We all relied on him and he was our protector.",1716,220,1741650910.0,https://www.reddit.com/r/GriefSupport/comments/1j8ddbj/my_dad_died_very_unexpected/,[deleted],https://www.reddit.com/gallery/1j8ddbj,"My dad died very unexpected

My father passed away a month ago. Very unexpected. My stepmom called ans said that my dad had really bad chest pain so they went to the ER. They did some bloodwork.. then sent him to the hospital. They then did a small stint procedure for some blockages. The doctor recommended doing a bypass surgery because he had so many. 4 to be exact. And they were badly blocked. 
He had the bypass surgery and he was in the icu recovering. In the middle of the night on the second day of recovery he woke up and asked my stepmom to go get some ice. She left the room and my dad started convulsing. By the time my stepmom came back multiple people were in the room trying to start his heart again. They tried for 30 minutes.  
I got a call at 2:00am. I couldn't sleep because I was so worried about my dad anyway. As soon as my phone rang I knew my father was dead. There would be no other reason in the world for the phone to ring. 
I didn't answer the phone because I already knew. I had to go into my sister's room and tell her daddy died we need to go to the hospital right now. 
My dad was only 48. 
I am 20. My sisters are 18 and 21.  
They thought it was something genetic thay caused so much damage to his heart so they ran bunch of bloodwork tests. 
We got a call today that said all of the bloodwork was normal. 
My dad has no other health problems, didn't drink, smoke, and he exercised everyday. 
There are so many questions left unanswered, and this was so unexpected. I thought my dad would be around for a long long time. 
He wasn't just a dad. He was a husband, grandpa, brother, son, friend. 
Idk how life will be okay again but all I can do right now is take it one day at a time. It's hard to accept that unexpected things happen. Or that I may not ever get any questions answered. If you pray please pray for my family. We all relied on him and he was our protector.",2025-03-10
1memsto,GriefSupport,I lost my mommy today- I’m only 21,"I don’t even know how to put this into words. Today I lost my mom—my best friend, my person, my mommy. I’m only 21. It feels way too early to be saying goodbye forever.

She was the one who cut the umbilical cord when my son was born. She talked about grandbabies my entire life, and when I gave her one, she adored him with her whole heart. It kills me to look at him now, knowing he’ll never remember her laugh, her hugs, her smell. He’ll never know how loved he already was by her. He’ll never get to be rocked by her or spoiled by her or teased by her goofy sense of humor. And she’ll never get to see how beautiful he grows up to be.

She loved plants and miniatures—tiny things, delicate things. That’s who she was: someone who found joy in small, often overlooked things. She had a soul that was kind and soft and generous, even though life didn’t always treat her with the same care.

Grief is so weird. Like… what do you mean I’ll never see her again? Never hear her laugh again? Never smell her smell again? I still feel like she’s going to call me or walk through the door or send a text. But she won’t. And that truth is swallowing me.

I don’t know why I’m posting this. Maybe I just don’t want to feel alone in this pain. If you’ve been here—lost your mom when you were young—how did you survive this?",1698,230,1754021634.0,https://www.reddit.com/r/GriefSupport/comments/1memsto/i_lost_my_mommy_today_im_only_21/,JobZealousideal4019,https://www.reddit.com/gallery/1memsto,"I lost my mommy today- I’m only 21

I don’t even know how to put this into words. Today I lost my mom—my best friend, my person, my mommy. I’m only 21. It feels way too early to be saying goodbye forever.

She was the one who cut the umbilical cord when my son was born. She talked about grandbabies my entire life, and when I gave her one, she adored him with her whole heart. It kills me to look at him now, knowing he’ll never remember her laugh, her hugs, her smell. He’ll never know how loved he already was by her. He’ll never get to be rocked by her or spoiled by her or teased by her goofy sense of humor. And she’ll never get to see how beautiful he grows up to be.

She loved plants and miniatures—tiny things, delicate things. That’s who she was: someone who found joy in small, often overlooked things. She had a soul that was kind and soft and generous, even though life didn’t always treat her with the same care.

Grief is so weird. Like… what do you mean I’ll never see her again? Never hear her laugh again? Never smell her smell again? I still feel like she’s going to call me or walk through the door or send a text. But she won’t. And that truth is swallowing me.

I don’t know why I’m posting this. Maybe I just don’t want to feel alone in this pain. If you’ve been here—lost your mom when you were young—how did you survive this?",2025-08-01
1qhycca,GriefSupport,My eldest child will be cremated tomorrow,"This is Beth (26  NB).

They were one of the sweetest, kindest, funniest most beautiful people. 

They took their own life just after Christmas.

I have never felt so broken, I have never been so lost. We are all trying very hard now to do the things we need to do to keep ourselves safe and well while we grieve.

I guess just wanted someone else to know how loved Beth is and how much we all miss them.

EDIT: I just wanted to thank everyone who responded. I read everything and it meant so much. I've joined the suicide bereavement subreddit. I've taken notes of the books recommended and while I'm not up to reading or even really listening to a book just yet, I've got them on my list for when I can. 

Especially thank you to the people who recognised when they made a mistake with Beth's gender and corrected themselves or accepted being corrected by someone else. My Bethany was always very understanding when people made mistakes, as long they kept trying to do their best.",1693,177,1768907454.0,https://www.reddit.com/r/GriefSupport/comments/1qhycca/my_eldest_child_will_be_cremated_tomorrow/,Critical_Source_6012,https://i.redd.it/savsvzd1mheg1.jpeg,"My eldest child will be cremated tomorrow

This is Beth (26  NB).

They were one of the sweetest, kindest, funniest most beautiful people. 

They took their own life just after Christmas.

I have never felt so broken, I have never been so lost. We are all trying very hard now to do the things we need to do to keep ourselves safe and well while we grieve.

I guess just wanted someone else to know how loved Beth is and how much we all miss them.

EDIT: I just wanted to thank everyone who responded. I read everything and it meant so much. I've joined the suicide bereavement subreddit. I've taken notes of the books recommended and while I'm not up to reading or even really listening to a book just yet, I've got them on my list for when I can. 

Especially thank you to the people who recognised when they made a mistake with Beth's gender and corrected themselves or accepted being corrected by someone else. My Bethany was always very understanding when people made mistakes, as long they kept trying to do their best.",2026-01-20
1fb0tr6,GriefSupport,I just lost the love of my life. He’s brain dead and they are trying to keep him here until his mom gets here. Freak accident. ,We were walking a branch fell and hit his head. He’s gone. They told me he was brain dead. We were going to have a baby next year.,1681,292,1725691268.0,https://www.reddit.com/r/GriefSupport/comments/1fb0tr6/i_just_lost_the_love_of_my_life_hes_brain_dead/,mymindwontstop666,https://i.redd.it/lkammeu32cnd1.jpeg,"I just lost the love of my life. He’s brain dead and they are trying to keep him here until his mom gets here. Freak accident. 

We were walking a branch fell and hit his head. He’s gone. They told me he was brain dead. We were going to have a baby next year.",2024-09-07
1gsv83y,GriefSupport,My Dad shot himself last night. I don’t know what to do.,"I feel like my brain just filled up with cement. I don’t know what I’m supposed to do. My Dad was texting me last night, replying to my texts about the Mike Tyson fight, and then 2 hours later I get a call from my Mom that she called the sheriff because Dad had sent an “I’m sorry.” Text and then turned off his phone and that scared her. The Sheriff busted down his office door to find he had shot himself. My Dad was all alone in his office, he was probably so scared and sad and no one was there to hug him. I just wish I could have hugged you dad and brought you to my place. I would have watched the fight with you and made you dinner. We could have had one last movie together. I love you so much. I’m so angry at you but I know you were scared. I know you were hurting and the medical appointments just kept stacking but we could have made it through together. You were one of my best friends. You were my science guy. Who else is going to send me space articles randomly throughout my day? I don’t know how to get through this world without your 10 paragraph advice texts. I love you dad. So much. I’m sorry.",1620,156,1731786151.0,https://www.reddit.com/r/GriefSupport/comments/1gsv83y/my_dad_shot_himself_last_night_i_dont_know_what/,[deleted],https://i.redd.it/7z8hr0qchb1e1.jpeg,"My Dad shot himself last night. I don’t know what to do.

I feel like my brain just filled up with cement. I don’t know what I’m supposed to do. My Dad was texting me last night, replying to my texts about the Mike Tyson fight, and then 2 hours later I get a call from my Mom that she called the sheriff because Dad had sent an “I’m sorry.” Text and then turned off his phone and that scared her. The Sheriff busted down his office door to find he had shot himself. My Dad was all alone in his office, he was probably so scared and sad and no one was there to hug him. I just wish I could have hugged you dad and brought you to my place. I would have watched the fight with you and made you dinner. We could have had one last movie together. I love you so much. I’m so angry at you but I know you were scared. I know you were hurting and the medical appointments just kept stacking but we could have made it through together. You were one of my best friends. You were my science guy. Who else is going to send me space articles randomly throughout my day? I don’t know how to get through this world without your 10 paragraph advice texts. I love you dad. So much. I’m sorry.",2024-11-16
15es169,GriefSupport,My daughter died in my arms today... I feel Broken,"I (m33)  am a single dad to a beautiful girl (15). Her mother left when my daughter was only 2 months old. It was rough becoming a single dad but ultimately just being me and my daughter was perfect. She's always been my little buddy we have a great relationship. 

A little over 2 years ago my daughter got diagnosis with Leukemia that ended up spreading to her brain. We tried a lot but ultimately doctors decided she was terminal. A little less than a week ago my daughter had a seizure that ended up putting her in the hospital. Her health declined rapidly after that. Eventually, the doctor told me he doesn't think she’ll make it past  24 hours. I ended up getting into bed with my daughter and just held her and talked to her. She ended up living for 11 more hours and passed away at 2:37 am July 31st. 

I know this is probably the saddest Reddit story you've ever read if anybody reads this I just needed to rant… I feel heartbroken my Buddy is gone.",1600,211,1690837447.0,https://www.reddit.com/r/GriefSupport/comments/15es169/my_daughter_died_in_my_arms_today_i_feel_broken/,sadman1111_,https://www.reddit.com/r/GriefSupport/comments/15es169/my_daughter_died_in_my_arms_today_i_feel_broken/,"My daughter died in my arms today... I feel Broken

I (m33)  am a single dad to a beautiful girl (15). Her mother left when my daughter was only 2 months old. It was rough becoming a single dad but ultimately just being me and my daughter was perfect. She's always been my little buddy we have a great relationship. 

A little over 2 years ago my daughter got diagnosis with Leukemia that ended up spreading to her brain. We tried a lot but ultimately doctors decided she was terminal. A little less than a week ago my daughter had a seizure that ended up putting her in the hospital. Her health declined rapidly after that. Eventually, the doctor told me he doesn't think she’ll make it past  24 hours. I ended up getting into bed with my daughter and just held her and talked to her. She ended up living for 11 more hours and passed away at 2:37 am July 31st. 

I know this is probably the saddest Reddit story you've ever read if anybody reads this I just needed to rant… I feel heartbroken my Buddy is gone.",2023-07-31
1bw63md,GriefSupport,All that red hair. Cremation is tomorrow.,"I picked two songs to be played during it. 

Heat Wave - Glass Animals 

Weird Al - Albuquerque 

She said Heat Wave was our song. I didn't know why my 24 year old daughter was sending me a break up song but go off. She's special needs and has always been a little other wordly. It wasn't until the funeral home that I really read the lyrics. She'd been saying goodbye. Before either of us knew. 

Albuquerque is our thing. She knows all the words. I'll just randomly jump into her room and yell a line, ""DO YOU HAVE ANY JELLY DONUTS!?"" 

She'd scream back, ""NO, WE'RE OUT OF JELLY DONUTS!""

Any line would start it. And then we would sing/yell the rest of the song. 

I want my baby back",1592,104,1712282536.0,https://www.reddit.com/r/GriefSupport/comments/1bw63md/all_that_red_hair_cremation_is_tomorrow/,nightcrawler616,https://i.redd.it/48ktgad3jksc1.jpeg,"All that red hair. Cremation is tomorrow.

I picked two songs to be played during it. 

Heat Wave - Glass Animals 

Weird Al - Albuquerque 

She said Heat Wave was our song. I didn't know why my 24 year old daughter was sending me a break up song but go off. She's special needs and has always been a little other wordly. It wasn't until the funeral home that I really read the lyrics. She'd been saying goodbye. Before either of us knew. 

Albuquerque is our thing. She knows all the words. I'll just randomly jump into her room and yell a line, ""DO YOU HAVE ANY JELLY DONUTS!?"" 

She'd scream back, ""NO, WE'RE OUT OF JELLY DONUTS!""

Any line would start it. And then we would sing/yell the rest of the song. 

I want my baby back",2024-04-05
1hw32lp,GriefSupport,Memorial tattoo for my dad,I got this tattoo on my arm over the summer. It’s from a note he wrote me ten years ago when I was struggling with my mental health. It’s been on the fridge ever since he wrote it. I love it so much. It reminds me to keep going and keep making him proud.,1590,55,1736286621.0,https://www.reddit.com/r/GriefSupport/comments/1hw32lp/memorial_tattoo_for_my_dad/,Technoplexxx,https://www.reddit.com/gallery/1hw32lp,"Memorial tattoo for my dad

I got this tattoo on my arm over the summer. It’s from a note he wrote me ten years ago when I was struggling with my mental health. It’s been on the fridge ever since he wrote it. I love it so much. It reminds me to keep going and keep making him proud.",2025-01-07
1bx9a93,GriefSupport,It has been a month since I’ve lost my 12 year old daughter. I still doesn’t feel real.,"We were days away from starting a new chapter. The last time I saw her alive, I had hugged her and her sisters and wished them a good weekend at their dads. She turned and waved to me as she got on the bus. She passed away at her dads from an undiagnosed blood clot from an injury she sustained playing football. She had a pulmonary embolism and died at her dads house. 

I’m stuck in the phase of a thousand things I could have done to save her. The only thing I was told from her father is that she had a fever in the last 24 hours and needed to be kept home from school. Never a phone call, never a notification that she had went to the hospital, nothing. His new wife called me an hour and a half after she had found her lifeless body to tell me she was gone. If they didn’t feel like calling an ambulance or taking her back to the hospital, they could’ve called me and I would’ve rushed there to take her myself. 

I thought it was a cruel joke. I rushed the 30 mins to their house and as soon as I saw local law enforcement, my heart dropped. I ran into the house and ran up the stairs and she was lying there, on the ground. I sank down and started screaming, kissed her forehead. It was cold. I just kept saying it over and over - she was cold. I didn’t grasp in the moment what that had meant.

She was everything to me. She was everything to her sisters. She was sarcastic and loving and radiant. She was generous. She had the voice of an angel. Anytime we went places like the park, she would come back with children surrounding her. I feel like she was just ripped away from me in the blink of an eye.",1589,135,1712402887.0,https://www.reddit.com/r/GriefSupport/comments/1bx9a93/it_has_been_a_month_since_ive_lost_my_12_year_old/,insatiable_infj,https://www.reddit.com/gallery/1bx9a93,"It has been a month since I’ve lost my 12 year old daughter. I still doesn’t feel real.

We were days away from starting a new chapter. The last time I saw her alive, I had hugged her and her sisters and wished them a good weekend at their dads. She turned and waved to me as she got on the bus. She passed away at her dads from an undiagnosed blood clot from an injury she sustained playing football. She had a pulmonary embolism and died at her dads house. 

I’m stuck in the phase of a thousand things I could have done to save her. The only thing I was told from her father is that she had a fever in the last 24 hours and needed to be kept home from school. Never a phone call, never a notification that she had went to the hospital, nothing. His new wife called me an hour and a half after she had found her lifeless body to tell me she was gone. If they didn’t feel like calling an ambulance or taking her back to the hospital, they could’ve called me and I would’ve rushed there to take her myself. 

I thought it was a cruel joke. I rushed the 30 mins to their house and as soon as I saw local law enforcement, my heart dropped. I ran into the house and ran up the stairs and she was lying there, on the ground. I sank down and started screaming, kissed her forehead. It was cold. I just kept saying it over and over - she was cold. I didn’t grasp in the moment what that had meant.

She was everything to me. She was everything to her sisters. She was sarcastic and loving and radiant. She was generous. She had the voice of an angel. Anytime we went places like the park, she would come back with children surrounding her. I feel like she was just ripped away from me in the blink of an eye.",2024-04-06
1rlxat9,GriefSupport,We found out today that my brother's son isn't biologically his..,"My brother died at 19. My nephew was born 2 months before that (he's 8 now). He was the best dad, so excited. He had turned his life around and was finally happy. Then, he died. The cause of death was ruled as an asthma attack. My nephews mother is one of the worst people on the planet, and my mom mostly raised him since then, but his mom still had custody. A couple of months ago, some guy randomly appeared and wanted a DNA test. We got the results today, and biologically, he's not my brother's son. My family is absolutely heartbroken. We will forever love him more than anything in the world, but I am now grieving all over again. I don't blame the guy for coming forward, because if it was me, I'd want to know too. I just can't wrap my head around the DNA. He will forever be my nephew and best friend, I just worry because his mom is so unstable as it is. I can't lose him. I love this kid more than anything in this world and the next. My mom and I are going to meet his bio dad and his wife on Saturday. The thought of knowing there's nothing left on this earth of my brother crushes the deepest parts of my soul. My brother will always be my nephews dad to me - DNA doesn't make a family, but god damn does this hurt..",1580,74,1772752994.0,https://www.reddit.com/r/GriefSupport/comments/1rlxat9/we_found_out_today_that_my_brothers_son_isnt/,underthesea9393,https://i.redd.it/qv8wby6t8bng1.jpeg,"We found out today that my brother's son isn't biologically his..

My brother died at 19. My nephew was born 2 months before that (he's 8 now). He was the best dad, so excited. He had turned his life around and was finally happy. Then, he died. The cause of death was ruled as an asthma attack. My nephews mother is one of the worst people on the planet, and my mom mostly raised him since then, but his mom still had custody. A couple of months ago, some guy randomly appeared and wanted a DNA test. We got the results today, and biologically, he's not my brother's son. My family is absolutely heartbroken. We will forever love him more than anything in the world, but I am now grieving all over again. I don't blame the guy for coming forward, because if it was me, I'd want to know too. I just can't wrap my head around the DNA. He will forever be my nephew and best friend, I just worry because his mom is so unstable as it is. I can't lose him. I love this kid more than anything in this world and the next. My mom and I are going to meet his bio dad and his wife on Saturday. The thought of knowing there's nothing left on this earth of my brother crushes the deepest parts of my soul. My brother will always be my nephews dad to me - DNA doesn't make a family, but god damn does this hurt..",2026-03-05
1fhhmek,GriefSupport,Today would have been my sisters 30th birthday. She died last week from postpartum preeclampsia complications. She leaves behind 2 young children and 2 twin newborns. Life is so unfair…..,"My sister was an amazing chef, baker and most of all the best mother I have honestly ever met. She had her first child at 16, and then 9 years later had another. She got pregnant again in 2023 and gave birth to twins 8/17/24 and on 8/26/24 she went into a coma after a brain hemorrhage from preeclampsia. Long story short, after good progress she had a sudden heart attack from the complications the day before my 25th birthday, and a week before her 30th. It will never make sense to me why things like this happen to good people and good families. 

Happy birthday Talia I was so lucky to have you as an older sister ❤️",1568,104,1726420285.0,https://www.reddit.com/r/GriefSupport/comments/1fhhmek/today_would_have_been_my_sisters_30th_birthday/,Complete_Sock_2449,https://www.reddit.com/gallery/1fhhmek,"Today would have been my sisters 30th birthday. She died last week from postpartum preeclampsia complications. She leaves behind 2 young children and 2 twin newborns. Life is so unfair…..

My sister was an amazing chef, baker and most of all the best mother I have honestly ever met. She had her first child at 16, and then 9 years later had another. She got pregnant again in 2023 and gave birth to twins 8/17/24 and on 8/26/24 she went into a coma after a brain hemorrhage from preeclampsia. Long story short, after good progress she had a sudden heart attack from the complications the day before my 25th birthday, and a week before her 30th. It will never make sense to me why things like this happen to good people and good families. 

Happy birthday Talia I was so lucky to have you as an older sister ❤️",2024-09-15
1hk0hon,GriefSupport,My mama died three weeks ago. She was sick for about a year. Her coworker sent this video from 4 years ago. This is exactly how I want to remember her. ,"This is so hard. I feel like my whole world is crashing. However, this video sums her personality up perfectly- happy, silly and goofy ❤️ She was the loan officer for this bank for 35 years. Cancer sucked the life right out of her but she fought and fought until she didn’t have a choice. She kept wanting to fight despite the obvious signs she wasn’t going to make it. Me and SIL cared for
her round the clock those last couple weeks. We kept her with Dad at home, hospital bed in the living room and hospice coming daily. This is so hard but then I think suck it up- people lose their parents every day. My life will forever be different. I try to remember that I was fortunate to have a mama like her but that makes the loss even harder.",1546,89,1734880738.0,https://www.reddit.com/r/GriefSupport/comments/1hk0hon/my_mama_died_three_weeks_ago_she_was_sick_for/,peacefrog410,https://v.redd.it/rl3j9mg53f8e1,"My mama died three weeks ago. She was sick for about a year. Her coworker sent this video from 4 years ago. This is exactly how I want to remember her. 

This is so hard. I feel like my whole world is crashing. However, this video sums her personality up perfectly- happy, silly and goofy ❤️ She was the loan officer for this bank for 35 years. Cancer sucked the life right out of her but she fought and fought until she didn’t have a choice. She kept wanting to fight despite the obvious signs she wasn’t going to make it. Me and SIL cared for
her round the clock those last couple weeks. We kept her with Dad at home, hospital bed in the living room and hospice coming daily. This is so hard but then I think suck it up- people lose their parents every day. My life will forever be different. I try to remember that I was fortunate to have a mama like her but that makes the loss even harder.",2024-12-22
1f0k0ga,GriefSupport,My baby died and I’m lonely,"She should be 5 months old by now but she will forever be 9 weeks old. She was born at exactly 36 weeks gestation and weighed 2100 grams (4 pounds 10 ounces). She didn’t even get to double her birth weight, she weighed 7 pounds at her 8 week checkup. I miss her so much. I just wish I could rub her fuzzy little head again. I miss the smell of her fresh after a bath. I miss watching her daddy read bedtime stories. I miss her stinky little toots and the milk stains on my shirts. My house feels so empty now. My heart feels like it’s in a million pieces. I will never understand why she was taken from us so soon. I wish my baby was still alive. Everyone wanted to come see her then. Now no one comes over and the silence of my empty house paralyzes me into spinning around negative emotions. I ask people to come over but they’re either busy or have some other excuse not to come see me. People always say to reach out when you need help but have no intention of helping when they’re actually asked. At this point I’m starting to feel like I need to have another baby just for people to actually start coming over again. Why has my life come to this? Why did one bad thing have to happen when everything was finally starting to get good? Why did my one true wish come true if it was just going to be ripped away from me so quickly and unexpectedly?",1525,165,1724546138.0,https://www.reddit.com/r/GriefSupport/comments/1f0k0ga/my_baby_died_and_im_lonely/,Bums_n_bongs,https://i.redd.it/7jbfite2hpkd1.jpeg,"My baby died and I’m lonely

She should be 5 months old by now but she will forever be 9 weeks old. She was born at exactly 36 weeks gestation and weighed 2100 grams (4 pounds 10 ounces). She didn’t even get to double her birth weight, she weighed 7 pounds at her 8 week checkup. I miss her so much. I just wish I could rub her fuzzy little head again. I miss the smell of her fresh after a bath. I miss watching her daddy read bedtime stories. I miss her stinky little toots and the milk stains on my shirts. My house feels so empty now. My heart feels like it’s in a million pieces. I will never understand why she was taken from us so soon. I wish my baby was still alive. Everyone wanted to come see her then. Now no one comes over and the silence of my empty house paralyzes me into spinning around negative emotions. I ask people to come over but they’re either busy or have some other excuse not to come see me. People always say to reach out when you need help but have no intention of helping when they’re actually asked. At this point I’m starting to feel like I need to have another baby just for people to actually start coming over again. Why has my life come to this? Why did one bad thing have to happen when everything was finally starting to get good? Why did my one true wish come true if it was just going to be ripped away from me so quickly and unexpectedly?",2024-08-25
1f355zx,GriefSupport,My baby girl died Saturday ,"Thank you so much for all the support on my first post. I’m going to continue posting here because I really need to document this stuff. Posting it somewhere gives me motivation to do that. 

I’m in my bedroom. It’s 3:30am on Wednesday. My daughter died on Saturday. I am 28 weeks pregnant with a baby boy.

Saturday night I slept for 1 hour. I have woken up between 1 and 2am every night since then and have not gone back to sleep until 6am or after. 

Last night I took a Benadryl as a temporary fix before I see my psychiatrist today and it worked. I passed out at 11pm and was so drowsy I felt like I was drugged. I hoped and prayed that when I woke up it would be after 2am. I woke up at 1:52am. I took a Tylenol pm to hopefully go back to sleep faster.

This wake up was the first wake up I didn’t need to re-remember what happened. It’s the first in which I’m not crying or screaming hysterically. I am just sitting here, writing, silently crying. I know I will wake up screaming again, but I’m happy I don’t have to do that right now.

Monday night I had nightmares. I slept from 11-1:30, woke up, went to my daughter’s bedroom, cried, wrote, made a playlist, and listened to music. I fell back asleep at 6:30am and had nightmares. In my first nightmare I was holding my baby girl and her neighbor friend was in the room with us trying to speak to her. My baby could not talk, was blue, and was heavy breathing, but she was at the very least not acting in distress. I woke up at 7:00am. I fell back asleep at 7:45am and had a nightmare that we were in a busy road and I couldn’t stop her from running into traffic. I woke up at 8:15. I did not go back to sleep until last night.

Today I’m struck by the physical pain and disconnection I’ve felt. I am overflowing emotionally and cannot feel this anymore than I already am, but my physical being is taking on the pain that I don’t have the capacity to feel right now. There is just that much pain. I feel waves in every part of my body. My chest tightens at random times. My head hurts immensely. My shoulders hurt. One feels like it’s twice the size of the other. I can’t walk much because my equilibrium is thrown off by not having my daughter to hold or push in a stroller. My neck feels like it’s on fire. My jaw is tight. I am just now gaining back the ability to chew soft food. I can’t taste food or drinks.

My SIL and her family arrived today including her 4 kids. I am so grateful they are here. This is so hard for them. We all got to visit with Billie and talk to her in her coffin. The kids asked us questions, cried, and talked about Billie. It was healing for me to feel like there are children that need support and guidance to try and comprehend this unnatural and horrible death. My baby girl died and this was so unfair to her. I don’t get to help her process this. My husband and I have to process for both of us and her. 

My husband has been my rock. We are sharing every thought including the bad and ugly thoughts that feel wrong when they occur. We are grounding each other as much as we can.

Yesterday we had little signs. I walked out of my bathroom then heard something fall on the shower floor. My husband said “Billie are you throwing things?” A head scrubber had fallen. She hated head scrubbers and getting her hair washed in general. She would throw it if given the opportunity. Right after I sat on our bed and accidentally triggered her bluey doll and it played the bluey theme song which was Billie’s favorite. We did countless bluey dance parties while listening to the theme song.

The night before while I was sitting in her room I felt something touch my hand and shook it off like it was a bug, then it hit me that it could be her. I paused, hugged her sleep sack and stuffies I was holding, then felt deep chest pains followed by slight relief. I think she was there, or my brain needs to believe she was there. 

Yesterday we said our goodbyes by her coffin. Then there was a freak storm last night that was not predicted. Billie was born in a snow storm on the coldest day of the year. It makes sense she would tear up the skies with a lightning storm on her way out.

The more I connect to this pain and feel it, the more I feel this was her heart.  We are waiting on autopsy results so hopefully we get answers, but I know we may not get any.

Photo is from bluey’s big play which we went to the weekend before she died . I love you baby, I can’t wait for our next dance mode party together.",1524,166,1724834439.0,https://www.reddit.com/r/GriefSupport/comments/1f355zx/my_baby_girl_died_saturday/,gravymaster000,https://i.redd.it/isl9agicadld1.jpeg,"My baby girl died Saturday 

Thank you so much for all the support on my first post. I’m going to continue posting here because I really need to document this stuff. Posting it somewhere gives me motivation to do that. 

I’m in my bedroom. It’s 3:30am on Wednesday. My daughter died on Saturday. I am 28 weeks pregnant with a baby boy.

Saturday night I slept for 1 hour. I have woken up between 1 and 2am every night since then and have not gone back to sleep until 6am or after. 

Last night I took a Benadryl as a temporary fix before I see my psychiatrist today and it worked. I passed out at 11pm and was so drowsy I felt like I was drugged. I hoped and prayed that when I woke up it would be after 2am. I woke up at 1:52am. I took a Tylenol pm to hopefully go back to sleep faster.

This wake up was the first wake up I didn’t need to re-remember what happened. It’s the first in which I’m not crying or screaming hysterically. I am just sitting here, writing, silently crying. I know I will wake up screaming again, but I’m happy I don’t have to do that right now.

Monday night I had nightmares. I slept from 11-1:30, woke up, went to my daughter’s bedroom, cried, wrote, made a playlist, and listened to music. I fell back asleep at 6:30am and had nightmares. In my first nightmare I was holding my baby girl and her neighbor friend was in the room with us trying to speak to her. My baby could not talk, was blue, and was heavy breathing, but she was at the very least not acting in distress. I woke up at 7:00am. I fell back asleep at 7:45am and had a nightmare that we were in a busy road and I couldn’t stop her from running into traffic. I woke up at 8:15. I did not go back to sleep until last night.

Today I’m struck by the physical pain and disconnection I’ve felt. I am overflowing emotionally and cannot feel this anymore than I already am, but my physical being is taking on the pain that I don’t have the capacity to feel right now. There is just that much pain. I feel waves in every part of my body. My chest tightens at random times. My head hurts immensely. My shoulders hurt. One feels like it’s twice the size of the other. I can’t walk much because my equilibrium is thrown off by not having my daughter to hold or push in a stroller. My neck feels like it’s on fire. My jaw is tight. I am just now gaining back the ability to chew soft food. I can’t taste food or drinks.

My SIL and her family arrived today including her 4 kids. I am so grateful they are here. This is so hard for them. We all got to visit with Billie and talk to her in her coffin. The kids asked us questions, cried, and talked about Billie. It was healing for me to feel like there are children that need support and guidance to try and comprehend this unnatural and horrible death. My baby girl died and this was so unfair to her. I don’t get to help her process this. My husband and I have to process for both of us and her. 

My husband has been my rock. We are sharing every thought including the bad and ugly thoughts that feel wrong when they occur. We are grounding each other as much as we can.

Yesterday we had little signs. I walked out of my bathroom then heard something fall on the shower floor. My husband said “Billie are you throwing things?” A head scrubber had fallen. She hated head scrubbers and getting her hair washed in general. She would throw it if given the opportunity. Right after I sat on our bed and accidentally triggered her bluey doll and it played the bluey theme song which was Billie’s favorite. We did countless bluey dance parties while listening to the theme song.

The night before while I was sitting in her room I felt something touch my hand and shook it off like it was a bug, then it hit me that it could be her. I paused, hugged her sleep sack and stuffies I was holding, then felt deep chest pains followed by slight relief. I think she was there, or my brain needs to believe she was there. 

Yesterday we said our goodbyes by her coffin. Then there was a freak storm last night that was not predicted. Billie was born in a snow storm on the coldest day of the year. It makes sense she would tear up the skies with a lightning storm on her way out.

The more I connect to this pain and feel it, the more I feel this was her heart.  We are waiting on autopsy results so hopefully we get answers, but I know we may not get any.

Photo is from bluey’s big play which we went to the weekend before she died . I love you baby, I can’t wait for our next dance mode party together.",2024-08-28
1sg78bb,GriefSupport,My 13 year old daughter died.,"How has it been 259 days since she went to school absolutely 100% healthy.

how has it been 258 days since she woke up the morning with an ear ache.

how has it been 256 days since she sent me a text in the middle of the night mommy take me to the hospital please.   i cant breathe.   i am busy dying

how has it been 256 days since being admitted to hospital for anemia but no other apparent cause.

how has it been 255 days since she was put on high flow oxygen.

how has it been 254 days since a CT scan showed pneumonia in both lungs without her coughing once and being put on cpap.

how has it been 253 days since she was diagnosed with severe heart failure and moved to ICU just incase she goes into respitory failure.   how was this the last time i ever spoke to her.

how has it been 252 days since her lungs gave out and they needed to intubate and sedate her. And how is it possible that she was trying to contact me because her last time on line showed about 30 minutes before the hospital called me and they didn't allow her to make that call.

how has it been 252 days since they called and said they just intubated her. but she didn't go into cardiac arrest yet.

how has it been 250 days since the hospital called at 3:58 in the morning to say she went into cardiac arrest and they did CPR for half an hour but she was pronounced dead 18 minutes ago.

how has it been 245 days since i last saw her and touched her ice cold skin.

how is it possible for a healthy 13 year old to go from 100% fine to an ear ache, to pneumonia,  to heart failure  to death in just 8 days.

how does a 13 year old heart just stop beating.

how is my child dead.

how is the world continuing as if nothing happened.

how am i going to work everyday as if nothing is wrong.

how is it possible that she is gone. 

 how did all these days pass without her.  

how does it still feel unrealistic.   like really, how is it physically possible that she is dead and i haven't seen, touched or spoken to her in so long.

and how can you almost forget it and then the realization hits like the biggest gut punch ever.

how is it possible to feel like i just had her at home yesterday.

and how is it possible to feel like it has been a million years.

how are we supposed to move on and continue living when she is not.

how is my heart still beating when hers just stopped.

how.....",1521,138,1775686291.0,https://www.reddit.com/r/GriefSupport/comments/1sg78bb/my_13_year_old_daughter_died/,krug_j,https://www.reddit.com/r/GriefSupport/comments/1sg78bb/my_13_year_old_daughter_died/,"My 13 year old daughter died.

How has it been 259 days since she went to school absolutely 100% healthy.

how has it been 258 days since she woke up the morning with an ear ache.

how has it been 256 days since she sent me a text in the middle of the night mommy take me to the hospital please.   i cant breathe.   i am busy dying

how has it been 256 days since being admitted to hospital for anemia but no other apparent cause.

how has it been 255 days since she was put on high flow oxygen.

how has it been 254 days since a CT scan showed pneumonia in both lungs without her coughing once and being put on cpap.

how has it been 253 days since she was diagnosed with severe heart failure and moved to ICU just incase she goes into respitory failure.   how was this the last time i ever spoke to her.

how has it been 252 days since her lungs gave out and they needed to intubate and sedate her. And how is it possible that she was trying to contact me because her last time on line showed about 30 minutes before the hospital called me and they didn't allow her to make that call.

how has it been 252 days since they called and said they just intubated her. but she didn't go into cardiac arrest yet.

how has it been 250 days since the hospital called at 3:58 in the morning to say she went into cardiac arrest and they did CPR for half an hour but she was pronounced dead 18 minutes ago.

how has it been 245 days since i last saw her and touched her ice cold skin.

how is it possible for a healthy 13 year old to go from 100% fine to an ear ache, to pneumonia,  to heart failure  to death in just 8 days.

how does a 13 year old heart just stop beating.

how is my child dead.

how is the world continuing as if nothing happened.

how am i going to work everyday as if nothing is wrong.

how is it possible that she is gone. 

 how did all these days pass without her.  

how does it still feel unrealistic.   like really, how is it physically possible that she is dead and i haven't seen, touched or spoken to her in so long.

and how can you almost forget it and then the realization hits like the biggest gut punch ever.

how is it possible to feel like i just had her at home yesterday.

and how is it possible to feel like it has been a million years.

how are we supposed to move on and continue living when she is not.

how is my heart still beating when hers just stopped.

how.....",2026-04-08
1brfhjh,GriefSupport,I lost both my parents 5 days apart,It was just 2 months ago. I lost dad to glioblastoma and mom to a very rare blood disease. I will be spending my first Easter without them. I took care of both of them for almost a year. They were the epitome of true love. Mom couldn't live without dad and she kind of gave up once he was diagnosed. Sometimes I feel bad because my focus was on keeping him safe. He was an easy patient. Always happy unless he had to get an MRI. He had never been sick so he had to learn. Mom had been sick for 17 years but her death was shocking. I was hoping she would fight to stay for my nieces. I was always their third wheel. We always vacationed together and had nice dinners. I miss everything my life was with them around. Anyways here's a picture to see how cute they are,1516,154,1711797519.0,https://www.reddit.com/r/GriefSupport/comments/1brfhjh/i_lost_both_my_parents_5_days_apart/,Easyeason81,https://i.redd.it/ukbvn73wggrc1.jpeg,"I lost both my parents 5 days apart

It was just 2 months ago. I lost dad to glioblastoma and mom to a very rare blood disease. I will be spending my first Easter without them. I took care of both of them for almost a year. They were the epitome of true love. Mom couldn't live without dad and she kind of gave up once he was diagnosed. Sometimes I feel bad because my focus was on keeping him safe. He was an easy patient. Always happy unless he had to get an MRI. He had never been sick so he had to learn. Mom had been sick for 17 years but her death was shocking. I was hoping she would fight to stay for my nieces. I was always their third wheel. We always vacationed together and had nice dinners. I miss everything my life was with them around. Anyways here's a picture to see how cute they are",2024-03-30
1ouds2l,GriefSupport,Today was the day we were getting married 💔😢,"My fiancee Vanessa and I got engaged on March 30th, 2024 and planned our wedding for November 11th, 2025. We chose that day because once the clock struck 11:11 we would make a wish together, we had done that for years. Even if I was at work or we weren’t together, when the time hit 11:11, we would text each other to make a wish. That was always something very special to us so we figured we should get married on 11/11. 

When she passed on August 31st this year, I knew every single day would be hell, but the three dates that would hurt the most were September 24th, which was our anniversary of becoming a couple, October 6th which was her birthday, and today. I think this one hurts more than them all because after finding the one I wanted to spend the rest of my days with, I had the greatest outlook on life. I had never been happier. I had never been more content waking up and seeing her next to me, my heart was whole. I had found my home, I was marrying my soulmate, but now my soul feels so displaced and my heart aches. I don’t know how I’m supposed to accept this, how can we love the people in our lives so deeply, and then one day, simply never see them again? I get told “you’re young, you’ll find love again..” and that frustrates me more than anything, because I don’t WANT to find love again. I only want HER love, I only wanna feel HER touch. I want her back and everything we had. 

Happy wedding day baby, marrying you would’ve been the happiest day of my life and I hope you know that. Growing old with you was all I wanted, it would’ve been a beautiful gift. I also hope you know that although we may never been able to make it legally official, you will always and forever be my wife. I still make a wish at 11:11 every day, but sadly this one can’t come true 🙏🏻 rest in heavenly peace my beautiful girl 🙏🏻 until we meet again. I love you forever 🩷🩷🩷",1510,163,1762878097.0,https://www.reddit.com/r/GriefSupport/comments/1ouds2l/today_was_the_day_we_were_getting_married/,Shameful90,https://www.reddit.com/gallery/1ouds2l,"Today was the day we were getting married 💔😢

My fiancee Vanessa and I got engaged on March 30th, 2024 and planned our wedding for November 11th, 2025. We chose that day because once the clock struck 11:11 we would make a wish together, we had done that for years. Even if I was at work or we weren’t together, when the time hit 11:11, we would text each other to make a wish. That was always something very special to us so we figured we should get married on 11/11. 

When she passed on August 31st this year, I knew every single day would be hell, but the three dates that would hurt the most were September 24th, which was our anniversary of becoming a couple, October 6th which was her birthday, and today. I think this one hurts more than them all because after finding the one I wanted to spend the rest of my days with, I had the greatest outlook on life. I had never been happier. I had never been more content waking up and seeing her next to me, my heart was whole. I had found my home, I was marrying my soulmate, but now my soul feels so displaced and my heart aches. I don’t know how I’m supposed to accept this, how can we love the people in our lives so deeply, and then one day, simply never see them again? I get told “you’re young, you’ll find love again..” and that frustrates me more than anything, because I don’t WANT to find love again. I only want HER love, I only wanna feel HER touch. I want her back and everything we had. 

Happy wedding day baby, marrying you would’ve been the happiest day of my life and I hope you know that. Growing old with you was all I wanted, it would’ve been a beautiful gift. I also hope you know that although we may never been able to make it legally official, you will always and forever be my wife. I still make a wish at 11:11 every day, but sadly this one can’t come true 🙏🏻 rest in heavenly peace my beautiful girl 🙏🏻 until we meet again. I love you forever 🩷🩷🩷",2025-11-11
1jnrc6l,GriefSupport,Finally got my tribute tattoo for my love.,"I finally got my tribute tattoo for my fiancé and father of my child. He passed when our son was 8 months old, July 17th, 2024, fought an incredible fight but succumbed to Epithelioid Pleomorphic Liposarcoma. I miss him so so much. This has been beyond any kind of pain I have ever been able to imagine and I do not wish it on anyone.",1501,111,1743382365.0,https://www.reddit.com/r/GriefSupport/comments/1jnrc6l/finally_got_my_tribute_tattoo_for_my_love/,Baketovin,https://www.reddit.com/gallery/1jnrc6l,"Finally got my tribute tattoo for my love.

I finally got my tribute tattoo for my fiancé and father of my child. He passed when our son was 8 months old, July 17th, 2024, fought an incredible fight but succumbed to Epithelioid Pleomorphic Liposarcoma. I miss him so so much. This has been beyond any kind of pain I have ever been able to imagine and I do not wish it on anyone.",2025-03-31
1qivc37,GriefSupport,"My soulmate of 25 years left me on January 9th, 2026. My heart aches every single moment..","We grew up side by side, through all the laughter and all the tears.. When she died, a part of my world died with her, nothing feels the same anymore.. She was my constant companion, my home, my heart, my routine, my comfort, my whole world.. The bond was real, deep, beautiful and pure.. I miss her so so much, that it hurts.. Words will never be enough to express how much my heart longs for her..

I’m so lost without her..

  
UPDATE, 26 JANUARY.

To everyone who sent messages and comments about JJ, THANK YOU. I read every single one wholeheartedly.

I joined Reddit 4 days ago, just to feel less alone and to talk to people who understand this kind of pain... Your words comforted me, held me up, and gave me strength during my deepest grief. In this painful time, your kindness reminded me that I'm not alone..

Sending love to everyone grieving a soulmate cat or dog, and THANK YOU for loving JJ with me..",1500,75,1768994564.0,https://www.reddit.com/r/GriefSupport/comments/1qivc37/my_soulmate_of_25_years_left_me_on_january_9th/,Khlhussin,https://www.reddit.com/gallery/1qivc37,"My soulmate of 25 years left me on January 9th, 2026. My heart aches every single moment..

We grew up side by side, through all the laughter and all the tears.. When she died, a part of my world died with her, nothing feels the same anymore.. She was my constant companion, my home, my heart, my routine, my comfort, my whole world.. The bond was real, deep, beautiful and pure.. I miss her so so much, that it hurts.. Words will never be enough to express how much my heart longs for her..

I’m so lost without her..

  
UPDATE, 26 JANUARY.

To everyone who sent messages and comments about JJ, THANK YOU. I read every single one wholeheartedly.

I joined Reddit 4 days ago, just to feel less alone and to talk to people who understand this kind of pain... Your words comforted me, held me up, and gave me strength during my deepest grief. In this painful time, your kindness reminded me that I'm not alone..

Sending love to everyone grieving a soulmate cat or dog, and THANK YOU for loving JJ with me..",2026-01-21
1ld8i90,GriefSupport,Pics of me and my dad cus fathers day was really hard.,"I miss him so much :( had a big cry in the bathroom at work yesterday. Last week my therapist asked me what I miss about him and I just started crying inconsolably. The shock started to wear and the reality started to hit and it really hit me hard this month, it's only been 5. How am I gonna live the rest of my life without you here dad, I wasn't ready",1483,90,1750117588.0,https://www.reddit.com/r/GriefSupport/comments/1ld8i90/pics_of_me_and_my_dad_cus_fathers_day_was_really/,Robbiebumblebee,https://www.reddit.com/gallery/1ld8i90,"Pics of me and my dad cus fathers day was really hard.

I miss him so much :( had a big cry in the bathroom at work yesterday. Last week my therapist asked me what I miss about him and I just started crying inconsolably. The shock started to wear and the reality started to hit and it really hit me hard this month, it's only been 5. How am I gonna live the rest of my life without you here dad, I wasn't ready",2025-06-16
1m0t37u,GriefSupport,My Mom passed away this morning. Tomorrow is my Birthday.,"We lost her at 4am this morning.

She fought so hard.

I was with her every step of the way.

She trusted me to take care of her.

Her body just couldn’t take it anymore.

Pancreatic Cancer.

She was 69yrs Old.

I’m her youngest of six.

I turn 39yrs old Tomorrow.

She must have known I wouldn’t be able to handle her passing on my Birthday. 

She was always thinking of me.

I can’t help but feel she did what she could to preserve my Birthday. 

….it hurts so much. 

I find myself without a firm shoulder to cry on.

Thank you for hearing me out. 

I love you Mom.",1479,229,1752611877.0,https://www.reddit.com/r/GriefSupport/comments/1m0t37u/my_mom_passed_away_this_morning_tomorrow_is_my/,Boom_Bubble_Pop,https://i.redd.it/fb6vt0ixm3df1.jpeg,"My Mom passed away this morning. Tomorrow is my Birthday.

We lost her at 4am this morning.

She fought so hard.

I was with her every step of the way.

She trusted me to take care of her.

Her body just couldn’t take it anymore.

Pancreatic Cancer.

She was 69yrs Old.

I’m her youngest of six.

I turn 39yrs old Tomorrow.

She must have known I wouldn’t be able to handle her passing on my Birthday. 

She was always thinking of me.

I can’t help but feel she did what she could to preserve my Birthday. 

….it hurts so much. 

I find myself without a firm shoulder to cry on.

Thank you for hearing me out. 

I love you Mom.",2025-07-15
1fesaz7,GriefSupport,Many people have waited for the update. Today was the organ donation. And the honor walk. He’s going to be able to save 6 people’s lives. ,"Im shattered, so much has happened in a few days. Just know he fought hard. They were able to save his lungs and heart, and many vital organs. He’s going to save 6 people. I don’t really have the words, my heart is broken. My comfort is that he is reunited with his twin.",1465,81,1726109082.0,https://www.reddit.com/r/GriefSupport/comments/1fesaz7/many_people_have_waited_for_the_update_today_was/,mymindwontstop666,https://i.redd.it/v5v0j8fikaod1.jpeg,"Many people have waited for the update. Today was the organ donation. And the honor walk. He’s going to be able to save 6 people’s lives. 

Im shattered, so much has happened in a few days. Just know he fought hard. They were able to save his lungs and heart, and many vital organs. He’s going to save 6 people. I don’t really have the words, my heart is broken. My comfort is that he is reunited with his twin.",2024-09-12
1c26dw5,GriefSupport,"Lost my brother yesterday to suicide, I’m devastated","March 2004 - April 2024
He loved chess, soccer, and video games
Worst thing is that I didn’t even know he was feeling suicidal or sad, I wish I could’ve helped him",1442,193,1712920048.0,https://www.reddit.com/r/GriefSupport/comments/1c26dw5/lost_my_brother_yesterday_to_suicide_im_devastated/,dandeliooom,https://www.reddit.com/gallery/1c26dw5,"Lost my brother yesterday to suicide, I’m devastated

March 2004 - April 2024
He loved chess, soccer, and video games
Worst thing is that I didn’t even know he was feeling suicidal or sad, I wish I could’ve helped him",2024-04-12
1rdbjy0,GriefSupport,"Unless I die young as well, I’ll live over half my life without my mom. How do I come to terms with this?","I just miss her so much. It’s been 8 months and my heart is so broken. I have a baby and haven’t had time or space to express myself creatively to help me process this loss. Well, this one of 3. Mom, Dad, brother all gone in a day.  I just want this to be a lie.  How do I ever accept this as reality?",1398,239,1771924781.0,https://www.reddit.com/r/GriefSupport/comments/1rdbjy0/unless_i_die_young_as_well_ill_live_over_half_my/,TumbleweedDefiant992,https://i.redd.it/6w7x1nv3uelg1.jpeg,"Unless I die young as well, I’ll live over half my life without my mom. How do I come to terms with this?

I just miss her so much. It’s been 8 months and my heart is so broken. I have a baby and haven’t had time or space to express myself creatively to help me process this loss. Well, this one of 3. Mom, Dad, brother all gone in a day.  I just want this to be a lie.  How do I ever accept this as reality?",2026-02-24
16dtf0p,GriefSupport,My 10 day old baby girl passed away a week ago,"Adalynn Everly Rose Geveden was born at 37 weeks on Monday August 21st at 12:51pm. She weighed 5lb 9oz and was 16.5"" in length. A tiny beautiful piece of heaven, a precious little girl I've always prayed to have since I was old enough to know I wanted to be a mama. 

She had a rough start, staying in the hospitals' NICU for 7 days due to respiratory distress. The doctors think she was actually only 35 weeks old and not 37 weeks as initially believed. She fought hard and strong and quickly had her cpap removed, followed by the IV and feeding tube removed. She breast fed every 3 hours during her entire hospital stay even with the tube in and we all bonded quickly. She got off all of her monitors and we celebrated her homecoming on Monday the 28th. 

Our dreams had come true. A beautiful baby girl to call our own. With 3 big brothers to greet her and protect her growing up. 
The following 3 days and nights were complete bliss. The most joy of all of our family together and the love shared, the snuggles experienced, the pure joy in our home was unmatched. 

I dont know how to even share this, as I cannot even believe this is reality, but Adalynn passed away yesterday, Thursday August 31st. She stopped breathing. After her mawmaw and I performed CPR for what felt like forever, medics arrived and took over but once at the hospital there was nothing anyone could do. They couldn't save our Addy. Our baby girl is now an angel in heaven. 

PLEASE im begging you from the bottom of my heart to pray for our family during this time of tragedy and hold your babies (big or small) tight tonight because we never know how long God gifts them to us. 

Adalynn Everly Rose Geveden 
Born August 21st 2023 at 12:51pm
Passed August 31st 2023 🕊

Unsure how to get through this next week, devestation doesn't begin to explain the Boulder on my chest and the bleeding in my heart. 
If you are able, maybe please consider seeing her pictures but more importantly please lift up our broken hearts in prayer. I could really use all the HELP possible right now. Im just at a complete loss😭😭😭",1392,231,1694225376.0,https://www.reddit.com/r/GriefSupport/comments/16dtf0p/my_10_day_old_baby_girl_passed_away_a_week_ago/,DawnDanelle,https://www.reddit.com/gallery/16dtf0p,"My 10 day old baby girl passed away a week ago

Adalynn Everly Rose Geveden was born at 37 weeks on Monday August 21st at 12:51pm. She weighed 5lb 9oz and was 16.5"" in length. A tiny beautiful piece of heaven, a precious little girl I've always prayed to have since I was old enough to know I wanted to be a mama. 

She had a rough start, staying in the hospitals' NICU for 7 days due to respiratory distress. The doctors think she was actually only 35 weeks old and not 37 weeks as initially believed. She fought hard and strong and quickly had her cpap removed, followed by the IV and feeding tube removed. She breast fed every 3 hours during her entire hospital stay even with the tube in and we all bonded quickly. She got off all of her monitors and we celebrated her homecoming on Monday the 28th. 

Our dreams had come true. A beautiful baby girl to call our own. With 3 big brothers to greet her and protect her growing up. 
The following 3 days and nights were complete bliss. The most joy of all of our family together and the love shared, the snuggles experienced, the pure joy in our home was unmatched. 

I dont know how to even share this, as I cannot even believe this is reality, but Adalynn passed away yesterday, Thursday August 31st. She stopped breathing. After her mawmaw and I performed CPR for what felt like forever, medics arrived and took over but once at the hospital there was nothing anyone could do. They couldn't save our Addy. Our baby girl is now an angel in heaven. 

PLEASE im begging you from the bottom of my heart to pray for our family during this time of tragedy and hold your babies (big or small) tight tonight because we never know how long God gifts them to us. 

Adalynn Everly Rose Geveden 
Born August 21st 2023 at 12:51pm
Passed August 31st 2023 🕊

Unsure how to get through this next week, devestation doesn't begin to explain the Boulder on my chest and the bleeding in my heart. 
If you are able, maybe please consider seeing her pictures but more importantly please lift up our broken hearts in prayer. I could really use all the HELP possible right now. Im just at a complete loss😭😭😭",2023-09-09
1sikec6,GriefSupport,My son passed away yesterday,"He had multiple health issues, but he was such a happy kid. My wife and I are devastated. I'll forever cherish the time we had together.",1397,131,1775917320.0,https://www.reddit.com/r/GriefSupport/comments/1sikec6/my_son_passed_away_yesterday/,SannSocialist,https://i.redd.it/ki0z0ft6lkug1.jpeg,"My son passed away yesterday

He had multiple health issues, but he was such a happy kid. My wife and I are devastated. I'll forever cherish the time we had together.",2026-04-11
1mt4ktk,GriefSupport,My son passed away this July how does one go on?,My mom was watching my kids and my son ended up passing away due to an accidental drowning on July the 12th. I cry and read to his ashes every night. I start therapy Wednesday but moving on feels so wrong. He was seven three days away from turning eight. He was supposed to do more and be more and I don’t even know how to be. It feels unreal and then as the day goes on my brain says hey he’s gone forever. Then I lose it again. I’m so sad and angry and heartbroken. I feel like everyone I talk to is just being polite and trying to help me get through it but I just want my baby back. I just want him back. I feel crazy for still being sad while everyone around me goes back to normal life. I don’t even know what normal looks like for me anymore.,1382,157,1755469522.0,https://www.reddit.com/r/GriefSupport/comments/1mt4ktk/my_son_passed_away_this_july_how_does_one_go_on/,Real-Tangelo-4324,https://i.redd.it/a51jsza6onjf1.jpeg,"My son passed away this July how does one go on?

My mom was watching my kids and my son ended up passing away due to an accidental drowning on July the 12th. I cry and read to his ashes every night. I start therapy Wednesday but moving on feels so wrong. He was seven three days away from turning eight. He was supposed to do more and be more and I don’t even know how to be. It feels unreal and then as the day goes on my brain says hey he’s gone forever. Then I lose it again. I’m so sad and angry and heartbroken. I feel like everyone I talk to is just being polite and trying to help me get through it but I just want my baby back. I just want him back. I feel crazy for still being sad while everyone around me goes back to normal life. I don’t even know what normal looks like for me anymore.",2025-08-17
1lcfioh,GriefSupport,Tomorrow I turn 27 the age my mom died by suicide,"Tomorrow I turn 27. It’s a weird birthday for me because my mom died by suicide when she was 27. I’ve thought about this age for a long time what it would feel like to reach it. I used to wonder if I’d even make it. My dad would sometimes say I was just like her, but not in a nice way. When I made mistakes (and I made A LOT), he’d throw her name at me like a insult. Like I was going to end up the same. It really messed with me. For a while, I believed him. But I didn’t end up like that. I’ve built something different. I got married. I had kids. I started my own business. I got help when I needed it. And honestly, I’m proud of how far I’ve come. I’m proud to look like her, too. My relatives say I remind them of her in the good ways. That she was funny, full of personality, really loved. I hold on to those stories. This birthday hits hard. There’s this deep sadness I can’t shake not just for losing her, but for everything she didn’t get to have. She had so much trauma, and no real support. She was so young. It hurts thinking about how alone she must’ve felt. I wish things had been different for her. I wish she could’ve seen the life I have now. I wish she could’ve stayed.

I don’t really know why I’m posting this. Just needed to say it out loud, I guess. To mark the moment. I love you mom. I still have so many questions that will go unanswered.",1373,64,1750034185.0,https://www.reddit.com/r/GriefSupport/comments/1lcfioh/tomorrow_i_turn_27_the_age_my_mom_died_by_suicide/,Fabreezy_bread,https://i.redd.it/bjtntgl4q67f1.jpeg,"Tomorrow I turn 27 the age my mom died by suicide

Tomorrow I turn 27. It’s a weird birthday for me because my mom died by suicide when she was 27. I’ve thought about this age for a long time what it would feel like to reach it. I used to wonder if I’d even make it. My dad would sometimes say I was just like her, but not in a nice way. When I made mistakes (and I made A LOT), he’d throw her name at me like a insult. Like I was going to end up the same. It really messed with me. For a while, I believed him. But I didn’t end up like that. I’ve built something different. I got married. I had kids. I started my own business. I got help when I needed it. And honestly, I’m proud of how far I’ve come. I’m proud to look like her, too. My relatives say I remind them of her in the good ways. That she was funny, full of personality, really loved. I hold on to those stories. This birthday hits hard. There’s this deep sadness I can’t shake not just for losing her, but for everything she didn’t get to have. She had so much trauma, and no real support. She was so young. It hurts thinking about how alone she must’ve felt. I wish things had been different for her. I wish she could’ve seen the life I have now. I wish she could’ve stayed.

I don’t really know why I’m posting this. Just needed to say it out loud, I guess. To mark the moment. I love you mom. I still have so many questions that will go unanswered.",2025-06-16
1o762d6,GriefSupport,I lost my son and my mother in the same week,"It’s taken me a while to come here. I guess I bottle up some feelings. I lost my mom back in 2023 to an unforgiving, grueling battle with cancer. The morning after her funeral, my wife and I found our 2 year old son dead in his crib. We still don’t know what happened to him. Medical examiners couldn’t find anything.

I don’t really know what I’m looking for. Last night I had a bit of an overwhelming urge to post and maybe connect with some people that would understand. I just really miss them. I wish life didn’t end up this way. I suffer from some sleepless nights at times just thinking about how my wife and I found him. Thinking about how things could have been different. And during those rough nights I’m just waiting for something bad to happen again.

I think the worst part is that when my son died, I was so unbelievably saddened, and with their deaths being so close, I couldn’t even mourn my mom properly. Her birthday was a few days ago and I didn’t even go to her grave to visit her because my son and her share a grave. When I go there, I think about my son a lot and a part of me feels like I’m doing her a disservice. I just can’t shake that feeling. It makes me feel awful. I don’t think my mom would take it personally because she loved her grandson so much.

I’m glad they had some time together. I’m really glad my son didn’t die before my mom. Even in her last days, she was so happy to see him by her side. I think it would have completely crushed me if he died before her, as messed up as that sounds. After all this happened, I had a lot of ideation about not living anymore (might make another post about this). Luckily, I have my beautiful wife, two other kids (one of them is my son’s twin), and some really great friends and family that dropped everything they were doing to help my family and I. They ultimately saved my life.

I feel really bad for the people that didn’t have the support I had. I guess that’s why this page exists. Even with the support I still found myself here. Sorry for such a long post. If you made it to the end, I appreciate you. If you only read a few sentences, I still appreciate you because we all need all the support we can get.",1356,243,1760519435.0,https://www.reddit.com/r/GriefSupport/comments/1o762d6/i_lost_my_son_and_my_mother_in_the_same_week/,Squishy6969,https://i.redd.it/j1zezar5s8vf1.jpeg,"I lost my son and my mother in the same week

It’s taken me a while to come here. I guess I bottle up some feelings. I lost my mom back in 2023 to an unforgiving, grueling battle with cancer. The morning after her funeral, my wife and I found our 2 year old son dead in his crib. We still don’t know what happened to him. Medical examiners couldn’t find anything.

I don’t really know what I’m looking for. Last night I had a bit of an overwhelming urge to post and maybe connect with some people that would understand. I just really miss them. I wish life didn’t end up this way. I suffer from some sleepless nights at times just thinking about how my wife and I found him. Thinking about how things could have been different. And during those rough nights I’m just waiting for something bad to happen again.

I think the worst part is that when my son died, I was so unbelievably saddened, and with their deaths being so close, I couldn’t even mourn my mom properly. Her birthday was a few days ago and I didn’t even go to her grave to visit her because my son and her share a grave. When I go there, I think about my son a lot and a part of me feels like I’m doing her a disservice. I just can’t shake that feeling. It makes me feel awful. I don’t think my mom would take it personally because she loved her grandson so much.

I’m glad they had some time together. I’m really glad my son didn’t die before my mom. Even in her last days, she was so happy to see him by her side. I think it would have completely crushed me if he died before her, as messed up as that sounds. After all this happened, I had a lot of ideation about not living anymore (might make another post about this). Luckily, I have my beautiful wife, two other kids (one of them is my son’s twin), and some really great friends and family that dropped everything they were doing to help my family and I. They ultimately saved my life.

I feel really bad for the people that didn’t have the support I had. I guess that’s why this page exists. Even with the support I still found myself here. Sorry for such a long post. If you made it to the end, I appreciate you. If you only read a few sentences, I still appreciate you because we all need all the support we can get.",2025-10-15
1lz3fl0,GriefSupport,"Took my dad to a ball game :,)","My dad loved baseball, so today when my boyfriend and I visited a new ballpark, we brought my dad ❤️ Feels a little strange, but so happy I have someone who made me feel not weird about this. Not that it matters, because it felt nice to me, but do people  think this is odd?",1355,82,1752439631.0,https://www.reddit.com/r/GriefSupport/comments/1lz3fl0/took_my_dad_to_a_ball_game/,whatismyusernamelmao,https://www.reddit.com/gallery/1lz3fl0,"Took my dad to a ball game :,)

My dad loved baseball, so today when my boyfriend and I visited a new ballpark, we brought my dad ❤️ Feels a little strange, but so happy I have someone who made me feel not weird about this. Not that it matters, because it felt nice to me, but do people  think this is odd?",2025-07-13
1hre1ue,GriefSupport,one year ,"We got through all of the firsts. First birthdays, first holidays. The whole first year. Now I have to learn how to live the rest of my life without you. 

I’ve read that you don’t remember much about the first year after losing someone to homicide.  I hope that’s true. But I’ll never forget the moments you came to check in on me. When I could feel your presence so strongly. Like sitting on this bench, looking at where grandma took this picture of us 28 years ago. Thank you for being my guardian angel both when you were here and now that you’re gone. I miss you so much. I love you.",1347,40,1735769650.0,https://www.reddit.com/r/GriefSupport/comments/1hre1ue/one_year/,TCgrace,https://www.reddit.com/gallery/1hre1ue,"one year 

We got through all of the firsts. First birthdays, first holidays. The whole first year. Now I have to learn how to live the rest of my life without you. 

I’ve read that you don’t remember much about the first year after losing someone to homicide.  I hope that’s true. But I’ll never forget the moments you came to check in on me. When I could feel your presence so strongly. Like sitting on this bench, looking at where grandma took this picture of us 28 years ago. Thank you for being my guardian angel both when you were here and now that you’re gone. I miss you so much. I love you.",2025-01-01
1i835rl,GriefSupport,I lost my girlfriend to suicide last night,"last night unbeknownst to me at around 8:30pm i lost the love of my life to suicide. she was only 20 years old and incredibly intelligent and loving. she loved chemistry and playing the guitar and was even in a band that unfortunately will never get to perform with her. she was everything to me. my hope, my dreams, she wanted to marry me. never have i felt such a massive hole eating away at my heart before. I’ll love you forever, Natalie.",1342,99,1737638360.0,https://www.reddit.com/r/GriefSupport/comments/1i835rl/i_lost_my_girlfriend_to_suicide_last_night/,finsisnotready,https://www.reddit.com/gallery/1i835rl,"I lost my girlfriend to suicide last night

last night unbeknownst to me at around 8:30pm i lost the love of my life to suicide. she was only 20 years old and incredibly intelligent and loving. she loved chemistry and playing the guitar and was even in a band that unfortunately will never get to perform with her. she was everything to me. my hope, my dreams, she wanted to marry me. never have i felt such a massive hole eating away at my heart before. I’ll love you forever, Natalie.",2025-01-23
1fc3abh,GriefSupport,Not sure if it’s appropriate to post it here. Please pray if you pray. Signs of responses after being told he was brain dead,"I posted here not long ago. We were waiting for the organ donation process and he started showing signs of responses. They said it’s like just reflexes, spinal responses. He squeezed my hand. His leg shoots up if you tickle his foot. The hospital he was at last night fucked up. They didn’t do the correct trauma care. There’s like a .1% chance he will be ok but fuck.",1336,231,1725816681.0,https://www.reddit.com/r/GriefSupport/comments/1fc3abh/not_sure_if_its_appropriate_to_post_it_here/,mymindwontstop666,https://i.redd.it/tzinp502fmnd1.jpeg,"Not sure if it’s appropriate to post it here. Please pray if you pray. Signs of responses after being told he was brain dead

I posted here not long ago. We were waiting for the organ donation process and he started showing signs of responses. They said it’s like just reflexes, spinal responses. He squeezed my hand. His leg shoots up if you tickle his foot. The hospital he was at last night fucked up. They didn’t do the correct trauma care. There’s like a .1% chance he will be ok but fuck.",2024-09-08
1oygqq1,GriefSupport,"People romanticize “having time to say goodbye,” but losing a parent to terminal illness is one of the most traumatic experiences I’ve ever lived.","I don’t think people truly understand how traumatic it is to lose a parent slowly to cancer or any terminal illness. Everyone says things like “At least you have time to say goodbye” or “You know it’s coming,” as if that somehow makes it easier.

But there is nothing romantic or gentle about watching someone you love fade away piece by piece.

No one prepares you for the reality:
	•	Watching them lose their appetite… then their thirst… until they’re barely taking anything.
	•	Seeing them become confused, altered, drifting in and out of awareness.
	•	The pain, the dyspnea, the restlessness, the slow loss of dignity.
	•	The way they lose function—walking, then standing, then even sitting up becomes impossible.
	•	The endless hospital stays, the alarms, the constant decisions you’re forced to make when you’re already emotionally shattered.
	•	The moments where you think, “This is it,” over and over… only for them to slightly stabilize before declining again.

People talk as if anticipatory grief is some sort of blessing. But in reality, it is constant, prolonged trauma. It’s living in a state of fear, guilt, hypervigilance, and heartbreak every single day.

And I’ve realized something important:
A loss is a loss - whether sudden or expected - and each carries its own kind of trauma.
Sudden loss destroys you in a moment. Expected loss destroys you slowly. Neither is easier. They are just different kinds of pain, different wounds. Both leave marks that stay with you.

I love my parent more than anything, and I would choose to be here for them every single time. But witnessing this kind of suffering… watching them disappear in front of you… it changes you on a level I can’t fully put into words.

I just needed to say this somewhere, because people don’t talk about how heavy, messy, and truly traumatic this experience really is.",1335,255,1763282733.0,https://www.reddit.com/r/GriefSupport/comments/1oygqq1/people_romanticize_having_time_to_say_goodbye_but/,Southern-Weakness633,https://www.reddit.com/r/GriefSupport/comments/1oygqq1/people_romanticize_having_time_to_say_goodbye_but/,"People romanticize “having time to say goodbye,” but losing a parent to terminal illness is one of the most traumatic experiences I’ve ever lived.

I don’t think people truly understand how traumatic it is to lose a parent slowly to cancer or any terminal illness. Everyone says things like “At least you have time to say goodbye” or “You know it’s coming,” as if that somehow makes it easier.

But there is nothing romantic or gentle about watching someone you love fade away piece by piece.

No one prepares you for the reality:
	•	Watching them lose their appetite… then their thirst… until they’re barely taking anything.
	•	Seeing them become confused, altered, drifting in and out of awareness.
	•	The pain, the dyspnea, the restlessness, the slow loss of dignity.
	•	The way they lose function—walking, then standing, then even sitting up becomes impossible.
	•	The endless hospital stays, the alarms, the constant decisions you’re forced to make when you’re already emotionally shattered.
	•	The moments where you think, “This is it,” over and over… only for them to slightly stabilize before declining again.

People talk as if anticipatory grief is some sort of blessing. But in reality, it is constant, prolonged trauma. It’s living in a state of fear, guilt, hypervigilance, and heartbreak every single day.

And I’ve realized something important:
A loss is a loss - whether sudden or expected - and each carries its own kind of trauma.
Sudden loss destroys you in a moment. Expected loss destroys you slowly. Neither is easier. They are just different kinds of pain, different wounds. Both leave marks that stay with you.

I love my parent more than anything, and I would choose to be here for them every single time. But witnessing this kind of suffering… watching them disappear in front of you… it changes you on a level I can’t fully put into words.

I just needed to say this somewhere, because people don’t talk about how heavy, messy, and truly traumatic this experience really is.",2025-11-16
1f7atgk,GriefSupport,Today is 9 days since my baby bear died. ,"This is a continuation of posts from my wife and I about our 2 1/2 year-old daughter Billie. We have navigated a hard number of difficult life events over the past 3 years. My father has died, my wife’s grandmother has died, my mother was diagnosed with dementia, we moved her into a nursing home, I was laid off from my job and got a new job, my wife was laid from her job of 10 years, and we’ve started a business. It’s pretty obvious to say, but all of those things combined absolutely pale in comparison to what we’re going through right now. I thought losing my dad to cancer in my 30s was the hardest thing that I’ve had to walk through in my life. My dad would’ve said, “man plans, god laughs.“ 

30 minutes before my daughter died, we asked Billie what she wanted to eat. She was just getting to the point where she would be clear in her conviction to open ended questions such as this. With absolute certainty, she said, “pancakes.” We found a restaurant nearby that had pancakes. When we got there, she started crying a pain cry that I hadn’t heard for a long time. We left before they even poured our coffees. The waitress was serving us told me that she had four kids, and completely understood. She gave me the milk that they had poured for Billie, and wouldn’t let me pay for it. I thought about her today, and the fear and confusion she must’ve felt, as six minutes later there were police and ambulance screaming to our location at the grocery store in the same shopping center where my daughter’s heart stopped beating. She must’ve known what happened, or at least been able to guess. 

So far in my grief, my way of processing has been to reach out to anyone and everyone who knew me, my wife, and possibly knew Billie, and just tell them what happened to us. I don’t know why that waitress popped in my head today, but part of me wants to tell her what happened too. She was there that day. She was one of the last people that saw my daughter alive. Maybe part of it is shock and disbelief that Billie is gone, and talking to someone who was there that day helps to remind me that she is really gone, and she’s not coming back. That last hour was such a blur. The EMT told us outside the grocery store that she was not breathing on her own, and her heart had stopped beating on its own, and maybe it’s confirmation bias, but part of me knew that it never would happen on its own again.

It struck me that if Billie had asked for any other food we might not have been at that restaurant, or nearby that grocery store that my wife sprinted into while Billie fell limp in her arms, not had an ER doctor that happened to be at the grocery store getting balloons for his 2 year-old granddaughter’s birthday party and was available to perform CPR while my daughter died on the floor. All of those things happened, and it proves beyond a shadow of a doubt that there was absolutely nothing we could’ve done to save her life. Everything we did was the right thing to do to save her, and there was nothing we could do to stop it. We’ve spoken to this doctor a couple of times in the last week. We’re forever connected now. He’s a part of my daughter’s story and I can’t change that.

Today is 9 days since my daughter died. My wife and I went to breakfast this morning, and I ordered pancakes.",1325,81,1725293985.0,https://www.reddit.com/r/GriefSupport/comments/1f7atgk/today_is_9_days_since_my_baby_bear_died/,noimdoesnt42,https://i.redd.it/8t7qlf9t8fmd1.jpeg,"Today is 9 days since my baby bear died. 

This is a continuation of posts from my wife and I about our 2 1/2 year-old daughter Billie. We have navigated a hard number of difficult life events over the past 3 years. My father has died, my wife’s grandmother has died, my mother was diagnosed with dementia, we moved her into a nursing home, I was laid off from my job and got a new job, my wife was laid from her job of 10 years, and we’ve started a business. It’s pretty obvious to say, but all of those things combined absolutely pale in comparison to what we’re going through right now. I thought losing my dad to cancer in my 30s was the hardest thing that I’ve had to walk through in my life. My dad would’ve said, “man plans, god laughs.“ 

30 minutes before my daughter died, we asked Billie what she wanted to eat. She was just getting to the point where she would be clear in her conviction to open ended questions such as this. With absolute certainty, she said, “pancakes.” We found a restaurant nearby that had pancakes. When we got there, she started crying a pain cry that I hadn’t heard for a long time. We left before they even poured our coffees. The waitress was serving us told me that she had four kids, and completely understood. She gave me the milk that they had poured for Billie, and wouldn’t let me pay for it. I thought about her today, and the fear and confusion she must’ve felt, as six minutes later there were police and ambulance screaming to our location at the grocery store in the same shopping center where my daughter’s heart stopped beating. She must’ve known what happened, or at least been able to guess. 

So far in my grief, my way of processing has been to reach out to anyone and everyone who knew me, my wife, and possibly knew Billie, and just tell them what happened to us. I don’t know why that waitress popped in my head today, but part of me wants to tell her what happened too. She was there that day. She was one of the last people that saw my daughter alive. Maybe part of it is shock and disbelief that Billie is gone, and talking to someone who was there that day helps to remind me that she is really gone, and she’s not coming back. That last hour was such a blur. The EMT told us outside the grocery store that she was not breathing on her own, and her heart had stopped beating on its own, and maybe it’s confirmation bias, but part of me knew that it never would happen on its own again.

It struck me that if Billie had asked for any other food we might not have been at that restaurant, or nearby that grocery store that my wife sprinted into while Billie fell limp in her arms, not had an ER doctor that happened to be at the grocery store getting balloons for his 2 year-old granddaughter’s birthday party and was available to perform CPR while my daughter died on the floor. All of those things happened, and it proves beyond a shadow of a doubt that there was absolutely nothing we could’ve done to save her life. Everything we did was the right thing to do to save her, and there was nothing we could do to stop it. We’ve spoken to this doctor a couple of times in the last week. We’re forever connected now. He’s a part of my daughter’s story and I can’t change that.

Today is 9 days since my daughter died. My wife and I went to breakfast this morning, and I ordered pancakes.",2024-09-02
1oddkv5,GriefSupport,The first and last photo I have with my mom. She died shortly after that photo was taken.,She's been gone for 5 years but the wound hasn't healed yet.,1315,74,1761151654.0,https://www.reddit.com/r/GriefSupport/comments/1oddkv5/the_first_and_last_photo_i_have_with_my_mom_she/,easy0lucky0free,https://i.redd.it/67ytl4j20pwf1.jpeg,"The first and last photo I have with my mom. She died shortly after that photo was taken.

She's been gone for 5 years but the wound hasn't healed yet.",2025-10-22
1mz5ogm,GriefSupport,"I lost my sweet, younger sister to suicide. 9/26/25 would be her 27th birthday ❤️ I love you, Anna!",I miss you and wish you are still here with us. I would do anything to get you back. I love you I love you I love you ❤️,1297,73,1756065335.0,https://www.reddit.com/r/GriefSupport/comments/1mz5ogm/i_lost_my_sweet_younger_sister_to_suicide_92625/,Inevitable-Buy-8790,https://i.redd.it/eoobhgxtv0lf1.jpeg,"I lost my sweet, younger sister to suicide. 9/26/25 would be her 27th birthday ❤️ I love you, Anna!

I miss you and wish you are still here with us. I would do anything to get you back. I love you I love you I love you ❤️",2025-08-24
1aq9wso,GriefSupport,My Fiancé died unexpectedly and I’m completely devastated.,"I posted earlier last week about the unexpected loss of my sweet love, Hope. I found Hope barely hanging onto life in the around morning of February 9th. I initiated chest compressions and mouth to mouth and dialed emergency services, but Hope was unable to hold on and died in the ER. My life has been turned upside down. We had so many plans and ideas of what our life was going to be. Hope was a beautiful woman. She was thoughtful, kind, empathetic, hilarious, and a genuinely good human being. She had an amazing smile and presence that filled your heart when she was around. She saved my life when we first met. I was going through a lot of hardship and depression when we started dating and she took a chance with me. We moved in with each other and built a wonderful relationship and life together. We got a dog named Ozzy and we called ourself a “pack”. Whenever we’d get home from work, she would always joyfully say that “the pack is back!”. Now she’s gone, the “pack” has been broken. I miss her so much, my sweet Hope. I thought we were to grow old together. My mom recently died in December of 2023. And now Hope is gone, I have lost both of my best friends. I was just beginning to get better from losing my mom. I was able to listen to music again and was able to fall asleep a lot easier. And now it seems like I have regressed to a low that I never thought I’d feel. I’m completely devastated. 
I have so many regrets and what ifs that occupy my mind. I don’t know if I’m going to be able to climb out of this abyss. I miss you so much my sweet love. My beautiful Hope. Rest in peace my little angel.",1290,245,1707871985.0,https://www.reddit.com/r/GriefSupport/comments/1aq9wso/my_fiancé_died_unexpectedly_and_im_completely/,SetTrippin82,https://www.reddit.com/gallery/1aq9wso,"My Fiancé died unexpectedly and I’m completely devastated.

I posted earlier last week about the unexpected loss of my sweet love, Hope. I found Hope barely hanging onto life in the around morning of February 9th. I initiated chest compressions and mouth to mouth and dialed emergency services, but Hope was unable to hold on and died in the ER. My life has been turned upside down. We had so many plans and ideas of what our life was going to be. Hope was a beautiful woman. She was thoughtful, kind, empathetic, hilarious, and a genuinely good human being. She had an amazing smile and presence that filled your heart when she was around. She saved my life when we first met. I was going through a lot of hardship and depression when we started dating and she took a chance with me. We moved in with each other and built a wonderful relationship and life together. We got a dog named Ozzy and we called ourself a “pack”. Whenever we’d get home from work, she would always joyfully say that “the pack is back!”. Now she’s gone, the “pack” has been broken. I miss her so much, my sweet Hope. I thought we were to grow old together. My mom recently died in December of 2023. And now Hope is gone, I have lost both of my best friends. I was just beginning to get better from losing my mom. I was able to listen to music again and was able to fall asleep a lot easier. And now it seems like I have regressed to a low that I never thought I’d feel. I’m completely devastated. 
I have so many regrets and what ifs that occupy my mind. I don’t know if I’m going to be able to climb out of this abyss. I miss you so much my sweet love. My beautiful Hope. Rest in peace my little angel.",2024-02-14
1slr4tg,GriefSupport,Grandpa who raised me passed on March 7th. I got a letter he dictated to me while in hospice.,"Oh grandpa. I had no idea he was going to do this for me. I unfortunately didnt get to see him at the end. He went by MAID, peacefully. I finally got to spend my time with my grandma this past week and she gave me this letter he wrote me. Its now framed and in my room. He couldn't write in the end, his hands shook too much and so my aunt typed it out as he dictated. This is more special than any heirloom I could possibly get.",1278,78,1776214414.0,https://www.reddit.com/r/GriefSupport/comments/1slr4tg/grandpa_who_raised_me_passed_on_march_7th_i_got_a/,MetalMaiden420,https://i.redd.it/20g2thqd59vg1.jpeg,"Grandpa who raised me passed on March 7th. I got a letter he dictated to me while in hospice.

Oh grandpa. I had no idea he was going to do this for me. I unfortunately didnt get to see him at the end. He went by MAID, peacefully. I finally got to spend my time with my grandma this past week and she gave me this letter he wrote me. Its now framed and in my room. He couldn't write in the end, his hands shook too much and so my aunt typed it out as he dictated. This is more special than any heirloom I could possibly get.",2026-04-15
1krg0pu,GriefSupport,It’s been 16 years since my dad and his 4 friends died in a boating crash. This is what grief has taught me.,"**CW: Sudden loss, accident, grief**

Sixteen years ago, my dad and his four friends were killed in a boating crash, just one week before my high school graduation. Today, on this anniversary, I’m sharing my reflections on grief, love, and carrying his memory:

16 years. 192 months. 696 weeks. 5,840 days.

Sixteen years my father has been gone from this world, and still—I remember it like it was yesterday.
Odd how memory works. I can’t recall the details of ordinary days. I don’t remember the exact outfit I wore to graduation. I couldn’t tell you what I had for dinner last Thursday. But the moment I lost my father? That is seared into my bones.

For years, grief was a storm that lived in me. I didn’t understand then that grief is just unspent love. It doesn’t go away because the love never does. At first, the pain was relentless. It clawed through my days and haunted my nights. There were moments when I was afraid to sleep—because even my dreams betrayed me, playing scenes I didn’t ask to remember.

People said, “Give it time.” I hated that. But with time, I realized they weren’t entirely wrong. No, time doesn’t heal all wounds—but it does soften the edges. It gives you space to breathe *between* the waves. 

Eventually, scar tissue forms. You don’t notice it at first. But one day, you realize the sharpness has dulled, the ache has rhythm, and the grief doesn’t ambush you quite the same way. That’s not forgetting. That’s your heart learning to hold it differently. Grief becomes something you carry on your own terms—in your own time, in your own way. There’s grace in that.

It’s been 16 years. I’ve grown. I’ve healed. I’m okay—truly okay. The grief no longer swallows me whole. Now, it visits like an old companion—one who reminds me how much I loved, and how much I still do.

My father was one of a kind. Flawed, human, full of light and wisdom—not quiet, but bold and magnetic. He was loud, funny, lived by his own rules, and commanded respect without asking for it. He was loved by many, trusted by even more, a man of his word with a presence you didn’t forget. He was a trusted businessman, the glue in many friendships, and the kind of light that could shift the entire energy of a room just by walking into it. I hear his voice in my head when I need clarity. I feel his presence in my big decisions, my quiet victories, and in the ways I’ve learned to be free and uninhibited. I look at my twin brothers becoming the men they are meant to be, and I see him there, too.

I think often about the people I love and how distance can stretch those connections. I haven’t always been the best at staying in touch—and if I’m honest, part of that is because I moved over a thousand miles away from home. Some days, the only way I knew how to cope with the distance was to pretend I didn’t miss anyone. Pretending not to need people made the ache feel less sharp—but the truth is, I’ve carried you all with me, every mile, every year. 

This year, more than anything, I’ve been thinking about love. Not the kind in movies, but the everyday kind. The kind that calls. The kind that forgives. The kind that says, “I’m proud of you” or “I was just thinking about you.” The kind that says, “I love you” out loud—not later, not eventually, but now.

Because if there’s anything loss teaches you, it’s that we don’t have time to hold our love hostage. Don’t wait to say the thing. Don’t assume they know. Tell them. Hug tighter. Speak softer. Laugh louder. Say it now. Life is fragile, and unspoken love is one of humanity’s quietest tragedies.

Life redefines itself. We redefine it, too.
Loss doesn’t mean gone—it means transformed. The people we’ve loved and lost are not absent; they are simply different now. Still with us, just in new ways. In a breeze that feels like a hug. In a song that plays at the exact right moment. In a dream that feels too vivid to be random. They are always near, always available to us—just in a new capacity. Don’t let regret settle into your heart; it only takes up the space where love could be. Know this: they love you still, fully and unconditionally. And their presence will find you when you need it most.

To those reading this:
If you’re hurting, healing, or just navigating life, I hope you remember this—grief is not the enemy of joy. It’s proof that your heart was wide open. And if it’s open once, it can open again. And again. And again. You will laugh again. The smile returns. The light shifts. The love remains.

And to my dad: I miss you. I hope you are proud of the person I’ve become. I’ve tried to live in a way that emanates your free spirit and hard work. You did the best you could with the time you had, and that is enough. You were enough.

Continue resting in peace, dear father. I carry you with me always.

You have greatness inside yourself! 

I remain,
Jamie",1268,195,1747774692.0,https://www.reddit.com/r/GriefSupport/comments/1krg0pu/its_been_16_years_since_my_dad_and_his_4_friends/,Sunshine-Psycho,https://i.redd.it/p97s32uh302f1.jpeg,"It’s been 16 years since my dad and his 4 friends died in a boating crash. This is what grief has taught me.

**CW: Sudden loss, accident, grief**

Sixteen years ago, my dad and his four friends were killed in a boating crash, just one week before my high school graduation. Today, on this anniversary, I’m sharing my reflections on grief, love, and carrying his memory:

16 years. 192 months. 696 weeks. 5,840 days.

Sixteen years my father has been gone from this world, and still—I remember it like it was yesterday.
Odd how memory works. I can’t recall the details of ordinary days. I don’t remember the exact outfit I wore to graduation. I couldn’t tell you what I had for dinner last Thursday. But the moment I lost my father? That is seared into my bones.

For years, grief was a storm that lived in me. I didn’t understand then that grief is just unspent love. It doesn’t go away because the love never does. At first, the pain was relentless. It clawed through my days and haunted my nights. There were moments when I was afraid to sleep—because even my dreams betrayed me, playing scenes I didn’t ask to remember.

People said, “Give it time.” I hated that. But with time, I realized they weren’t entirely wrong. No, time doesn’t heal all wounds—but it does soften the edges. It gives you space to breathe *between* the waves. 

Eventually, scar tissue forms. You don’t notice it at first. But one day, you realize the sharpness has dulled, the ache has rhythm, and the grief doesn’t ambush you quite the same way. That’s not forgetting. That’s your heart learning to hold it differently. Grief becomes something you carry on your own terms—in your own time, in your own way. There’s grace in that.

It’s been 16 years. I’ve grown. I’ve healed. I’m okay—truly okay. The grief no longer swallows me whole. Now, it visits like an old companion—one who reminds me how much I loved, and how much I still do.

My father was one of a kind. Flawed, human, full of light and wisdom—not quiet, but bold and magnetic. He was loud, funny, lived by his own rules, and commanded respect without asking for it. He was loved by many, trusted by even more, a man of his word with a presence you didn’t forget. He was a trusted businessman, the glue in many friendships, and the kind of light that could shift the entire energy of a room just by walking into it. I hear his voice in my head when I need clarity. I feel his presence in my big decisions, my quiet victories, and in the ways I’ve learned to be free and uninhibited. I look at my twin brothers becoming the men they are meant to be, and I see him there, too.

I think often about the people I love and how distance can stretch those connections. I haven’t always been the best at staying in touch—and if I’m honest, part of that is because I moved over a thousand miles away from home. Some days, the only way I knew how to cope with the distance was to pretend I didn’t miss anyone. Pretending not to need people made the ache feel less sharp—but the truth is, I’ve carried you all with me, every mile, every year. 

This year, more than anything, I’ve been thinking about love. Not the kind in movies, but the everyday kind. The kind that calls. The kind that forgives. The kind that says, “I’m proud of you” or “I was just thinking about you.” The kind that says, “I love you” out loud—not later, not eventually, but now.

Because if there’s anything loss teaches you, it’s that we don’t have time to hold our love hostage. Don’t wait to say the thing. Don’t assume they know. Tell them. Hug tighter. Speak softer. Laugh louder. Say it now. Life is fragile, and unspoken love is one of humanity’s quietest tragedies.

Life redefines itself. We redefine it, too.
Loss doesn’t mean gone—it means transformed. The people we’ve loved and lost are not absent; they are simply different now. Still with us, just in new ways. In a breeze that feels like a hug. In a song that plays at the exact right moment. In a dream that feels too vivid to be random. They are always near, always available to us—just in a new capacity. Don’t let regret settle into your heart; it only takes up the space where love could be. Know this: they love you still, fully and unconditionally. And their presence will find you when you need it most.

To those reading this:
If you’re hurting, healing, or just navigating life, I hope you remember this—grief is not the enemy of joy. It’s proof that your heart was wide open. And if it’s open once, it can open again. And again. And again. You will laugh again. The smile returns. The light shifts. The love remains.

And to my dad: I miss you. I hope you are proud of the person I’ve become. I’ve tried to live in a way that emanates your free spirit and hard work. You did the best you could with the time you had, and that is enough. You were enough.

Continue resting in peace, dear father. I carry you with me always.

You have greatness inside yourself! 

I remain,
Jamie",2025-05-20
1nsb4n0,GriefSupport,"i miss my mom so bad, and the trauma of her death is destroying me.","i’m 18 years old, and my mom died almost 5 months ago. she had stage four cancer, and she died of a pulmonary embolism- about 2 years sooner than she should’ve. we were on a trip to alaska, got back the night before she died, and i found her when i woke up. when i called 911 they told me to attempt chest compressions, to which i did. all i can think about is how cold she was. how nothing came out of her mouth when i tried to save her. watching the strongest, liveliest person i know lay dead on the floor is the worse thing i’ve ever seen. not only was she my mom, and a great, empathetic, caring one at that- she was my best friend. like, my ACTUAL best friend. she knew me and i knew her, better than anyone. i feel like a huge piece of me has died with her. i can’t help but feel guilty sometimes, that maybe if i had heard her fall i could’ve saved her. i don’t even know. i’m just so lost. does this get easier? when do i stop thinking about it? how cold she was? how all of her makeup that i used to sneakily steal is mine now? how i’ll never get a new photo of her again? the past is all i have and i feel like it’s not enough.  yes, i’m in therapy- but it doesn’t feel like it helps 80% of the time. i live with my dad now, as well, who consistently and repeatedly compares my mom’s death to his breakup with his ex-girlfriend of 1.5 years…. which makes me so angry. i feel hopeless. i’m attaching a photo of her, the last one i took in alaska. you can feel how bright she was in every photo.",1263,103,1759020667.0,https://www.reddit.com/r/GriefSupport/comments/1nsb4n0/i_miss_my_mom_so_bad_and_the_trauma_of_her_death/,noamaya,https://i.redd.it/iek533tjzsrf1.jpeg,"i miss my mom so bad, and the trauma of her death is destroying me.

i’m 18 years old, and my mom died almost 5 months ago. she had stage four cancer, and she died of a pulmonary embolism- about 2 years sooner than she should’ve. we were on a trip to alaska, got back the night before she died, and i found her when i woke up. when i called 911 they told me to attempt chest compressions, to which i did. all i can think about is how cold she was. how nothing came out of her mouth when i tried to save her. watching the strongest, liveliest person i know lay dead on the floor is the worse thing i’ve ever seen. not only was she my mom, and a great, empathetic, caring one at that- she was my best friend. like, my ACTUAL best friend. she knew me and i knew her, better than anyone. i feel like a huge piece of me has died with her. i can’t help but feel guilty sometimes, that maybe if i had heard her fall i could’ve saved her. i don’t even know. i’m just so lost. does this get easier? when do i stop thinking about it? how cold she was? how all of her makeup that i used to sneakily steal is mine now? how i’ll never get a new photo of her again? the past is all i have and i feel like it’s not enough.  yes, i’m in therapy- but it doesn’t feel like it helps 80% of the time. i live with my dad now, as well, who consistently and repeatedly compares my mom’s death to his breakup with his ex-girlfriend of 1.5 years…. which makes me so angry. i feel hopeless. i’m attaching a photo of her, the last one i took in alaska. you can feel how bright she was in every photo.",2025-09-28
1i9f437,GriefSupport,Dad died Tuesday with me holding him. I'd like to stop thinking for a month at least.,"He was 90 and has had Alzheimers for about 10 years. I'm grateful I got to be with him and that he still knew who we were, but it's like a flaming cactus in my mind that I'd like to not think about.",1246,53,1737779548.0,https://www.reddit.com/r/GriefSupport/comments/1i9f437/dad_died_tuesday_with_me_holding_him_id_like_to/,MontgomeryQ,https://i.redd.it/yugng4qsi2fe1.jpeg,"Dad died Tuesday with me holding him. I'd like to stop thinking for a month at least.

He was 90 and has had Alzheimers for about 10 years. I'm grateful I got to be with him and that he still knew who we were, but it's like a flaming cactus in my mind that I'd like to not think about.",2025-01-25
1ffdkvo,GriefSupport,My wife passed away earlier today. I don’t even know how to begin dealing with this,I’d be appreciative of any advice from someone who’s gone through this,1243,136,1726175512.0,https://www.reddit.com/r/GriefSupport/comments/1ffdkvo/my_wife_passed_away_earlier_today_i_dont_even/,yondu1963,https://i.redd.it/shn1u5n12god1.jpeg,"My wife passed away earlier today. I don’t even know how to begin dealing with this

I’d be appreciative of any advice from someone who’s gone through this",2024-09-12
1mu4osp,GriefSupport,No longer want to participate in life,"This is Stacey, my best friend, my soulmate, my lover, my fiance and mother to our children.

We spent 13 years completely in love, She tragically passed from heart failure 25 minutes after giving birth to our third son Luca who is now 4 months old. She was 31.

The weight of it all is too much. 

She lit up the world in ways no one else could. We had a dream life, dream house, dream car, beautiful family, living at the beach. Now none of it matters, grief pulls you apart and reshapes everything you thought you knew. 

Although we have children who I love, not having her presence in my life has made me give up on the world and I feel like the shittest father ever. I am still their father and love and care for them but there is a dullness and ache to everything now. A world without Stacey is a world I do not enjoy. I can’t wait to die when my time comes.

A rant to the void for my fellow grievers.",1241,107,1755566411.0,https://www.reddit.com/r/GriefSupport/comments/1mu4osp/no_longer_want_to_participate_in_life/,cjimmyjam,https://i.redd.it/wuaj1wr9ovjf1.jpeg,"No longer want to participate in life

This is Stacey, my best friend, my soulmate, my lover, my fiance and mother to our children.

We spent 13 years completely in love, She tragically passed from heart failure 25 minutes after giving birth to our third son Luca who is now 4 months old. She was 31.

The weight of it all is too much. 

She lit up the world in ways no one else could. We had a dream life, dream house, dream car, beautiful family, living at the beach. Now none of it matters, grief pulls you apart and reshapes everything you thought you knew. 

Although we have children who I love, not having her presence in my life has made me give up on the world and I feel like the shittest father ever. I am still their father and love and care for them but there is a dullness and ache to everything now. A world without Stacey is a world I do not enjoy. I can’t wait to die when my time comes.

A rant to the void for my fellow grievers.",2025-08-19
1sbmaka,GriefSupport,"Its honestly crazy how youre supposed to ""live"" for another 20-30 years after your parents pass and its supposed to be normal....","Im just ranting

Some people lose their parents at a much younger age or dont have them at all, and I am sending them hugs and hope they do good/

  
but like wtf just ""living"" after your mom and dad go? wtf am I supposed to do? wtf is this shit...like I already dont have kids because I dont want them to go through the same stuff I felt, anxiety and all.....like should I just move to a city and be a taxi driver and save all my money wtf",1236,182,1775242379.0,https://www.reddit.com/r/GriefSupport/comments/1sbmaka/its_honestly_crazy_how_youre_supposed_to_live_for/,[deleted],https://i.redd.it/hh5k7ny3u0tg1.png,"Its honestly crazy how youre supposed to ""live"" for another 20-30 years after your parents pass and its supposed to be normal....

Im just ranting

Some people lose their parents at a much younger age or dont have them at all, and I am sending them hugs and hope they do good/

  
but like wtf just ""living"" after your mom and dad go? wtf am I supposed to do? wtf is this shit...like I already dont have kids because I dont want them to go through the same stuff I felt, anxiety and all.....like should I just move to a city and be a taxi driver and save all my money wtf",2026-04-03
1i0wv9a,GriefSupport,I will never have this mac and cheese again...,"The night before my husband was tboned by someone running a red light, he made his delicious mac and cheese. There were loads of leftovers as we liked to make meals that lasted a few days.

The day he had his accident, I moved it to smaller containers and threw it in the freezer.

That was half a year ago. He died in hospital a week and a half later.

Today I had the last container. That flavour, the shrimp, sausage, Chickapea noodles, veggies and cheddar cheese... I will never have it ever again. This is it.

I miss him so much...",1233,90,1736825164.0,https://www.reddit.com/r/GriefSupport/comments/1i0wv9a/i_will_never_have_this_mac_and_cheese_again/,shikkaba,https://i.redd.it/qj61agowovce1.jpeg,"I will never have this mac and cheese again...

The night before my husband was tboned by someone running a red light, he made his delicious mac and cheese. There were loads of leftovers as we liked to make meals that lasted a few days.

The day he had his accident, I moved it to smaller containers and threw it in the freezer.

That was half a year ago. He died in hospital a week and a half later.

Today I had the last container. That flavour, the shrimp, sausage, Chickapea noodles, veggies and cheddar cheese... I will never have it ever again. This is it.

I miss him so much...",2025-01-14
1hoc052,GriefSupport,My mom lost her battle to cancer today,"I will forever miss her and love her, she was the best mom i could ever have, my only wish is to get to talk to her again someday. Maybe in heaven, maybe in another life, i dont know.
I will be heartbroken forever. I'll always love you mariana o mami💗
First pic is a month ago, second is last weekend and 3 and 4 are from 10 Days ago, her birthday.
Im so happy we got to celebrate her birthday and mine, that is 2 Days later from hers, together💕💕💕💕💕 im so grateful",1236,147,1735410951.0,https://www.reddit.com/r/GriefSupport/comments/1hoc052/my_mom_lost_her_battle_to_cancer_today/,Fickle_Ad1217,https://www.reddit.com/gallery/1hoc052,"My mom lost her battle to cancer today

I will forever miss her and love her, she was the best mom i could ever have, my only wish is to get to talk to her again someday. Maybe in heaven, maybe in another life, i dont know.
I will be heartbroken forever. I'll always love you mariana o mami💗
First pic is a month ago, second is last weekend and 3 and 4 are from 10 Days ago, her birthday.
Im so happy we got to celebrate her birthday and mine, that is 2 Days later from hers, together💕💕💕💕💕 im so grateful",2024-12-28
1qiamwz,GriefSupport,Found out my boyfriend died last night,"Euan (pictured on the left) had been the one constant I had had in my life in the last year since moving over to a new country on my own. 

He was a beautiful soul who ended up getting beat by his addiction. I had left his on Saturday night and the last time he responded to me was an hour after I had left. I had called a welfare check cos I didn’t have keys and they found him in his bed. 

My heart breaks because he died alone. My heart breaks because he had just started a new job and had just gotten a new place. 

My heart breaks because I keep wondering if I was there on Saturday night that he could still be here.  I know it’s a stupid line of thought to go down.

His mother is letting me go to the house when she’s clearing it up and letting me be a part of the arrangements which is nice when I only met her once. 

He deserved so much more and I keep cycling through just tears and anger and numbness and all my support network is in a different country.",1236,114,1768936851.0,https://www.reddit.com/r/GriefSupport/comments/1qiamwz/found_out_my_boyfriend_died_last_night/,childishcolbino,https://i.redd.it/m8gn63eg1keg1.jpeg,"Found out my boyfriend died last night

Euan (pictured on the left) had been the one constant I had had in my life in the last year since moving over to a new country on my own. 

He was a beautiful soul who ended up getting beat by his addiction. I had left his on Saturday night and the last time he responded to me was an hour after I had left. I had called a welfare check cos I didn’t have keys and they found him in his bed. 

My heart breaks because he died alone. My heart breaks because he had just started a new job and had just gotten a new place. 

My heart breaks because I keep wondering if I was there on Saturday night that he could still be here.  I know it’s a stupid line of thought to go down.

His mother is letting me go to the house when she’s clearing it up and letting me be a part of the arrangements which is nice when I only met her once. 

He deserved so much more and I keep cycling through just tears and anger and numbness and all my support network is in a different country.",2026-01-20
1qk83xe,GriefSupport,He has been gone longer than we have known each other. I have no one to share this with.,"It isn't even today on the dot. That day passed a few months ago. I just realised it today. That fact makes me feel even more awful. 

I can't believe how beautiful I look in these pictures. After years of foster care, mental hospitals, homelesness (while still going to uni and working a job) we found each other, after a while we moved in together. And for a little while, life was kind. And looking back, my gosh, I looked radiant.

Now I am also diagnosed with a neurological disorder, still in and out of hospitals, don't have a home anymore and I lost 6 more people. But still, from all the things in my life, if I could make one wish, it would be wishing him walking through that door. 

No one who is in my life at the moment knew him personally, so I am grateful to share these pictures with you here. Thank you to anyone who looked at our pictures together. Proof of a love that I carry.",1229,73,1769119025.0,https://www.reddit.com/r/GriefSupport/comments/1qk83xe/he_has_been_gone_longer_than_we_have_known_each/,_evergrowing,https://www.reddit.com/gallery/1qk83xe,"He has been gone longer than we have known each other. I have no one to share this with.

It isn't even today on the dot. That day passed a few months ago. I just realised it today. That fact makes me feel even more awful. 

I can't believe how beautiful I look in these pictures. After years of foster care, mental hospitals, homelesness (while still going to uni and working a job) we found each other, after a while we moved in together. And for a little while, life was kind. And looking back, my gosh, I looked radiant.

Now I am also diagnosed with a neurological disorder, still in and out of hospitals, don't have a home anymore and I lost 6 more people. But still, from all the things in my life, if I could make one wish, it would be wishing him walking through that door. 

No one who is in my life at the moment knew him personally, so I am grateful to share these pictures with you here. Thank you to anyone who looked at our pictures together. Proof of a love that I carry.",2026-01-22
1m4arvi,GriefSupport,Got 3 months left with my mom,"My mom is 57. She is incredibly strong, funny, lively, warm, kind, outgoing, beautiful. She loves working with kids, and this is why she has been the best mom ever, patient, caring, understanding, fun, and always supportive. She is a rebel and an activist and she travelled the world to help people who are less fortunate than her. 
She is a single mom, my dad was never really in our lives and lives abroad, it’s always been me and her against the world. We always called each other the love of our lives, our light. She is my sunrise, my northern star - like in a song I wrote for her years ago and like the tattoo I’ll get in a week. Don’t have much family other than her, my younger half-sister who lives with my ex stepfather and has a rocky relationship with my mom, and my mom’s sister who I see more frequently since mom got sick. 

She has stage IV liver cancer, diagnosed 2 months after she won the battle with colon cancer last year. Chemo doesn’t work anymore and they stopped all treatments last month. I’m contacting any hospital I can to find any possible treatment with no success so far. I’m her caregiver, we live together. She had already survived a sudden brain aneurysm in 2021, I was 18 and I was terrified to lose her ever since. I dropped out of college and cancelled my plans to go abroad to be close to her in the hopes someday I’d be able to focus on my “adulting phase”, but well.

Today, doctors told us she has 3 months. I don’t know what to do, what to feel.
We have a messed up situation with heritage, mortgage etc. and she keeps talking about it. It’s a nightmare and doesn’t seem real. My friends don’t know how to support me and I don’t either. If I don’t want to go out, they just go without me. Stings but I don’t expect them to understand. I got off work early and don’t know how I can keep working if I’m crying most of the time and iI work with the public.

Mom and I had an openhearted conversation before she fell asleep - im writing this laying next to her. I cried telling her I don’t know what I’d do without her because I have no one else and that I’m sad because she doesn’t deserve any of this. She said she’ll always be here even if I don’t see or hear her. I recorded the whole thing. I feel guilty for making her sad, but I feel like we have to say these things to each other now. I asked her to write me a letter and I’ll write her one too. 

I’m thinking of all the questions I could ask her, or any practical thing that might be useful for the “after”. Do you have any questions you’d ask or practical matters to fix that you’d suggest discussing with her? What are some things i can do that I’ll be glad I did later? I want to be somewhat prepared even though I’m guessing you can never be prepared enough. I’m stuck in a limbo of desperation, hope, denial and love. Do you think being hopeful/in denial is better than being crushed/aware before a loved one passes? 
It doesn’t even feel real that I’m writing this post. She was supposed to walk me down the aisle one day.

I’m really sorry you’re in this sub, sending love your way.
And fuck cancer",1219,164,1752969345.0,https://www.reddit.com/r/GriefSupport/comments/1m4arvi/got_3_months_left_with_my_mom/,NoHuckleberry7839,https://www.reddit.com/gallery/1m4arvi,"Got 3 months left with my mom

My mom is 57. She is incredibly strong, funny, lively, warm, kind, outgoing, beautiful. She loves working with kids, and this is why she has been the best mom ever, patient, caring, understanding, fun, and always supportive. She is a rebel and an activist and she travelled the world to help people who are less fortunate than her. 
She is a single mom, my dad was never really in our lives and lives abroad, it’s always been me and her against the world. We always called each other the love of our lives, our light. She is my sunrise, my northern star - like in a song I wrote for her years ago and like the tattoo I’ll get in a week. Don’t have much family other than her, my younger half-sister who lives with my ex stepfather and has a rocky relationship with my mom, and my mom’s sister who I see more frequently since mom got sick. 

She has stage IV liver cancer, diagnosed 2 months after she won the battle with colon cancer last year. Chemo doesn’t work anymore and they stopped all treatments last month. I’m contacting any hospital I can to find any possible treatment with no success so far. I’m her caregiver, we live together. She had already survived a sudden brain aneurysm in 2021, I was 18 and I was terrified to lose her ever since. I dropped out of college and cancelled my plans to go abroad to be close to her in the hopes someday I’d be able to focus on my “adulting phase”, but well.

Today, doctors told us she has 3 months. I don’t know what to do, what to feel.
We have a messed up situation with heritage, mortgage etc. and she keeps talking about it. It’s a nightmare and doesn’t seem real. My friends don’t know how to support me and I don’t either. If I don’t want to go out, they just go without me. Stings but I don’t expect them to understand. I got off work early and don’t know how I can keep working if I’m crying most of the time and iI work with the public.

Mom and I had an openhearted conversation before she fell asleep - im writing this laying next to her. I cried telling her I don’t know what I’d do without her because I have no one else and that I’m sad because she doesn’t deserve any of this. She said she’ll always be here even if I don’t see or hear her. I recorded the whole thing. I feel guilty for making her sad, but I feel like we have to say these things to each other now. I asked her to write me a letter and I’ll write her one too. 

I’m thinking of all the questions I could ask her, or any practical thing that might be useful for the “after”. Do you have any questions you’d ask or practical matters to fix that you’d suggest discussing with her? What are some things i can do that I’ll be glad I did later? I want to be somewhat prepared even though I’m guessing you can never be prepared enough. I’m stuck in a limbo of desperation, hope, denial and love. Do you think being hopeful/in denial is better than being crushed/aware before a loved one passes? 
It doesn’t even feel real that I’m writing this post. She was supposed to walk me down the aisle one day.

I’m really sorry you’re in this sub, sending love your way.
And fuck cancer",2025-07-19
1f4wq22,GriefSupport,My baby bear died last Saturday,"I’m sure some of you have been seeing my wife’s posts about our daughter Billie. I’m dictating this post because the Sunday following the day she died I saw a cabinet in our garage that we had bought for her and yet to put into her room, lost my mind, screamed, “she’s never going to fucking use that“ then punched a refrigerator. I broke my hand in two places, and thankfully in a follow up appointment yesterday I learned I will not need surgery. My wife and I have been circling around and together in ways of processing our own grief. I felt a commanding need to reach out to as many people as possible. I don’t want to carry this grief alone, though I can’t always reach out and ask for help. I hope that people just show up, or call, or text, just to let me know that they’re thinking about us. 

I’ve also continued to be in caretaker mode as we’ve had to make sure that our baby boy on the way is doing OK. Now that I have a stronger belief or evidence that our son is doing OK, I think some of my adrenaline is leaving my body, and I am having a delayed reaction. I did not sleep last night. I’ve slept OK the last few nights, but last night, I woke up around 3 AM, and couldn’t fall asleep again. Our daughter is everywhere. Whether it’s crayon drawings on our windows in our bedroom that we’ll never wash again, or her little booster seat in our kitchen table, she is showing us physical and even less direct ways that she’s still here.

My whole family wrote letters to her using her art supplies, and did drawings and added pictures. I haven’t read all of them, in fact, I haven’t read any of them, but I’m glad we got an opportunity to do that together. they are leaving town starting tomorrow, and we’re going to face our new “normal“ if there even is anything like that. At some point, I have to go to work, to keep supporting my family, and it all seems so pointless if I’m not working to support her. I can’t stomach a future without her and it breaks my heart, knowing that one day my son will be older than her. I’m scared of resenting him, and yet also so excited to meet him. Tomorrow is week since she died, and I know at 2:30, the minute they pronounced her dead, I’m going to break down. I’ve been going backwards through pictures and videos of her just trying to categorize times when she’s eating, talking, sleeping, playing, singing, and just trying to remember her. I’ve never experienced anything so bittersweet. I miss her so much.

The attached photo is the morning of the same day she died. it was a normal day until it wasn’t.",1216,125,1725028288.0,https://www.reddit.com/r/GriefSupport/comments/1f4wq22/my_baby_bear_died_last_saturday/,noimdoesnt42,https://i.redd.it/egba0o5ratld1.jpeg,"My baby bear died last Saturday

I’m sure some of you have been seeing my wife’s posts about our daughter Billie. I’m dictating this post because the Sunday following the day she died I saw a cabinet in our garage that we had bought for her and yet to put into her room, lost my mind, screamed, “she’s never going to fucking use that“ then punched a refrigerator. I broke my hand in two places, and thankfully in a follow up appointment yesterday I learned I will not need surgery. My wife and I have been circling around and together in ways of processing our own grief. I felt a commanding need to reach out to as many people as possible. I don’t want to carry this grief alone, though I can’t always reach out and ask for help. I hope that people just show up, or call, or text, just to let me know that they’re thinking about us. 

I’ve also continued to be in caretaker mode as we’ve had to make sure that our baby boy on the way is doing OK. Now that I have a stronger belief or evidence that our son is doing OK, I think some of my adrenaline is leaving my body, and I am having a delayed reaction. I did not sleep last night. I’ve slept OK the last few nights, but last night, I woke up around 3 AM, and couldn’t fall asleep again. Our daughter is everywhere. Whether it’s crayon drawings on our windows in our bedroom that we’ll never wash again, or her little booster seat in our kitchen table, she is showing us physical and even less direct ways that she’s still here.

My whole family wrote letters to her using her art supplies, and did drawings and added pictures. I haven’t read all of them, in fact, I haven’t read any of them, but I’m glad we got an opportunity to do that together. they are leaving town starting tomorrow, and we’re going to face our new “normal“ if there even is anything like that. At some point, I have to go to work, to keep supporting my family, and it all seems so pointless if I’m not working to support her. I can’t stomach a future without her and it breaks my heart, knowing that one day my son will be older than her. I’m scared of resenting him, and yet also so excited to meet him. Tomorrow is week since she died, and I know at 2:30, the minute they pronounced her dead, I’m going to break down. I’ve been going backwards through pictures and videos of her just trying to categorize times when she’s eating, talking, sleeping, playing, singing, and just trying to remember her. I’ve never experienced anything so bittersweet. I miss her so much.

The attached photo is the morning of the same day she died. it was a normal day until it wasn’t.",2024-08-30
1hupcfv,GriefSupport,"My little brother, Ryan at age 25, passed away 3 weeks ago from Stage 4 Lung Cancer. I just wanted to share a bit about my beautiful brother.","My little brother, Ryan, passed away 3 weeks ago from Stage 4 lung cancer. He passed away at home, in our parent's bed, and with myself, mom, and dad telling him how much we loved him, and that it is ok to go, as he took his last breathes. The three of us had been with Ryan as his care team for over a year. We even spend the last two months sleeping and spending all of our time in the same room together.

Ryan was diagnosed just a few weeks after he graduated college, and on his 24th birthday of all days.

He fought for over a year and half, and gracefully. His body changed. His mind changed. He continued to find a way to evolve himself and make himself stronger despite every obstacle we hit. He was beautiful, in body and spirit, even in the end.

We have always been incredibly close, as close as you can be without being twins... just two years apart. We thought, felt, and acted so much like one another, but just different enough to surprise ourselves with one another. He is my best friend and we meant everything to both of us. By the end, we had said everything to one another, and we both knew how much we meant to one another. He left without a single thing unspoken between us. We both knew how much we loved one another.

Ryan was a lighthouse and larger than life. He never made anyone feel small, and made everyone feel welcome. He was always keen on improving his mind and body. He was even doing workouts with wrist weights 4 days before he passed, if you could believe it. He put passion into everything. He enjoyed and appreciated every aspect of life. He took time to listen. He took time to look. He took time and appreciation for everything and everyone because that's what it meant to live.

I keep looking at photos of before the diagnosis and they make me smile, but it doesn't feel like enough. I look at the photos of the last two months, every night, and my mind races. I look at his smiles at those times, and I feel like I can see an unimaginable...indescribable amount of pain behind them. He told us multiple times ""I hope you never understand or experience this pain."" But, he never complained about the pain. He would always ask us to do something to be closer to him, like ""Could you rub my back, please?"" and then would always say something like ""Best Brother Ever"" or ""I love my family."" Strongest fucking guy I'll ever know.

The outpour of support from everyone: friends and family has been overwhelming. Ryan will be missed, but he will be honored by so many. I will honor my brother by living a good life. A life that I will continue to share with him.

I am grateful for having Ryan as my brother. I am grateful for Ryan sharing his life with me. I am grateful for having the amazing relationship I had with him. I am grateful for Ryan being who he was and who he will continue to be for so many people.

The ending was as pain-free, comfortable, and ""ideal"" as it could have been, but... fuck... this hurts so fucking much. I just really miss my beautiful little brother.

Love you, bro.  
\- Evan",1219,102,1736133134.0,https://www.reddit.com/r/GriefSupport/comments/1hupcfv/my_little_brother_ryan_at_age_25_passed_away_3/,iamWash,https://www.reddit.com/r/GriefSupport/comments/1hupcfv/my_little_brother_ryan_at_age_25_passed_away_3/,"My little brother, Ryan at age 25, passed away 3 weeks ago from Stage 4 Lung Cancer. I just wanted to share a bit about my beautiful brother.

My little brother, Ryan, passed away 3 weeks ago from Stage 4 lung cancer. He passed away at home, in our parent's bed, and with myself, mom, and dad telling him how much we loved him, and that it is ok to go, as he took his last breathes. The three of us had been with Ryan as his care team for over a year. We even spend the last two months sleeping and spending all of our time in the same room together.

Ryan was diagnosed just a few weeks after he graduated college, and on his 24th birthday of all days.

He fought for over a year and half, and gracefully. His body changed. His mind changed. He continued to find a way to evolve himself and make himself stronger despite every obstacle we hit. He was beautiful, in body and spirit, even in the end.

We have always been incredibly close, as close as you can be without being twins... just two years apart. We thought, felt, and acted so much like one another, but just different enough to surprise ourselves with one another. He is my best friend and we meant everything to both of us. By the end, we had said everything to one another, and we both knew how much we meant to one another. He left without a single thing unspoken between us. We both knew how much we loved one another.

Ryan was a lighthouse and larger than life. He never made anyone feel small, and made everyone feel welcome. He was always keen on improving his mind and body. He was even doing workouts with wrist weights 4 days before he passed, if you could believe it. He put passion into everything. He enjoyed and appreciated every aspect of life. He took time to listen. He took time to look. He took time and appreciation for everything and everyone because that's what it meant to live.

I keep looking at photos of before the diagnosis and they make me smile, but it doesn't feel like enough. I look at the photos of the last two months, every night, and my mind races. I look at his smiles at those times, and I feel like I can see an unimaginable...indescribable amount of pain behind them. He told us multiple times ""I hope you never understand or experience this pain."" But, he never complained about the pain. He would always ask us to do something to be closer to him, like ""Could you rub my back, please?"" and then would always say something like ""Best Brother Ever"" or ""I love my family."" Strongest fucking guy I'll ever know.

The outpour of support from everyone: friends and family has been overwhelming. Ryan will be missed, but he will be honored by so many. I will honor my brother by living a good life. A life that I will continue to share with him.

I am grateful for having Ryan as my brother. I am grateful for Ryan sharing his life with me. I am grateful for having the amazing relationship I had with him. I am grateful for Ryan being who he was and who he will continue to be for so many people.

The ending was as pain-free, comfortable, and ""ideal"" as it could have been, but... fuck... this hurts so fucking much. I just really miss my beautiful little brother.

Love you, bro.  
\- Evan",2025-01-06
1nxf5gr,GriefSupport,I lost my partner of 6 1/2 years to suicide.,"I lost my partner (person on the right) to suicide 5 days ago at 22 years old. Im 22 and we had been together for over 6 years. Hed been struggling with bodydysmorphia and questions about his identity as well as dealing with autism, adhd and depression. 

He was the strongest and kindest person i ever knew and Ive never ever felt as strong of a bond to anyone like him before. I miss him so much. And everyday without him is just indescribable. We had our entire lives ahead of us. Everything we wanted to do and everything we planned to do is just gone. And everything just hurts. I have these moments where i think about taking my own life and following him just to be with him again. 

But i know thats not what he wouldve wanted, and all i would be doing is bring more pain into my family and the friends we shareds lives as well as his family. I made a promise that i wouldnt do such a thing and i intend to keep it. Sometimes i just dont want to deal with the grief and i HAVE to hope that this isnt the last time ill see him again.

He asked me a few days earlier of what i thought would happen after death. And i just said ""I dont know, i dont really care. People will just find out by themselves."" And i said that because thats what i thought at the time. But now i just wish i asked him if he thought we would see each other again. I just really miss him. 

Years earlier we had a fight about suicide and i argued that it was a selfish act and that he didnt love me if he would do something like that. And i said things like ""well why not just break up with me then?"". I was angry and sad, but so was he. We just saw it from different perspectives because he saw it from a form of love towards me. Because love me he really really did and i felt the same towards him. And after the fight and everything settled i said to him ""Okay, but only if you promise me one thing, and that is that you wait for me on the other side."" No matter how long it takes for me, even if im slow and go at the age of 90. And promise me he did. He pinkie promised.",1212,90,1759535689.0,https://www.reddit.com/r/GriefSupport/comments/1nxf5gr/i_lost_my_partner_of_6_12_years_to_suicide/,starfish93_,https://www.reddit.com/gallery/1nxf5gr,"I lost my partner of 6 1/2 years to suicide.

I lost my partner (person on the right) to suicide 5 days ago at 22 years old. Im 22 and we had been together for over 6 years. Hed been struggling with bodydysmorphia and questions about his identity as well as dealing with autism, adhd and depression. 

He was the strongest and kindest person i ever knew and Ive never ever felt as strong of a bond to anyone like him before. I miss him so much. And everyday without him is just indescribable. We had our entire lives ahead of us. Everything we wanted to do and everything we planned to do is just gone. And everything just hurts. I have these moments where i think about taking my own life and following him just to be with him again. 

But i know thats not what he wouldve wanted, and all i would be doing is bring more pain into my family and the friends we shareds lives as well as his family. I made a promise that i wouldnt do such a thing and i intend to keep it. Sometimes i just dont want to deal with the grief and i HAVE to hope that this isnt the last time ill see him again.

He asked me a few days earlier of what i thought would happen after death. And i just said ""I dont know, i dont really care. People will just find out by themselves."" And i said that because thats what i thought at the time. But now i just wish i asked him if he thought we would see each other again. I just really miss him. 

Years earlier we had a fight about suicide and i argued that it was a selfish act and that he didnt love me if he would do something like that. And i said things like ""well why not just break up with me then?"". I was angry and sad, but so was he. We just saw it from different perspectives because he saw it from a form of love towards me. Because love me he really really did and i felt the same towards him. And after the fight and everything settled i said to him ""Okay, but only if you promise me one thing, and that is that you wait for me on the other side."" No matter how long it takes for me, even if im slow and go at the age of 90. And promise me he did. He pinkie promised.",2025-10-03
1hwv1av,GriefSupport,Posthumous Graduation.....,"One of my friends told me that the best way to honor my baby sister is to keep her memory alive. To talk about her, to do the things she loved. I am writing this in her honor.....

At the time of her death, Zelma has just finished her final exams at university. She was studying Biochemistry and Molecular Biology (which she often called BMB coz we would almost always forget the full name for her degree). She loved sciences; figuring out how things work at the basic molecular and microscopic level. And she was good at it too. Often, she would explain biochemical concepts to me when I hit a snug in my chemistry studies- science was one of the few things we had in common btw😂😂on everything else, we were as different as day and night. 

I digress. During her funeral, her best friend from campus promised to bring her degree home to her. Her associate Dean promised to honor her with a posthumous degree. Now at the time, I didn't know what tf that was. I had to Google it to learn what it means and how it is awarded; under what circumstances. 

Six months later, everyone kept their promises. My sister earned her posthumous degree. She was awarded 2nd Class Upper Honours in Biochemistry and Molecular Biology: no small feat I must say. She was among the top graduands in her cohort. We made some AI generated pictures of her to ""virtually"" attend her graduation. Her classmates bought her a bouquet of flowers. They reserved her seat and put there her flowers and photo. They carried her along the entire day. The vice Chancellor called her name twice; held a moment of silence for her. 

Although it was not the kind of graduation we envisioned, I honor her too. I want her to know, her success is greatly honoured. We are and will always be very proud of her. Here's to your brilliant mind and beautiful soul my little darling❤️🍾🍾",1197,41,1736370569.0,https://www.reddit.com/r/GriefSupport/comments/1hwv1av/posthumous_graduation/,Zwelah,https://www.reddit.com/gallery/1hwv1av,"Posthumous Graduation.....

One of my friends told me that the best way to honor my baby sister is to keep her memory alive. To talk about her, to do the things she loved. I am writing this in her honor.....

At the time of her death, Zelma has just finished her final exams at university. She was studying Biochemistry and Molecular Biology (which she often called BMB coz we would almost always forget the full name for her degree). She loved sciences; figuring out how things work at the basic molecular and microscopic level. And she was good at it too. Often, she would explain biochemical concepts to me when I hit a snug in my chemistry studies- science was one of the few things we had in common btw😂😂on everything else, we were as different as day and night. 

I digress. During her funeral, her best friend from campus promised to bring her degree home to her. Her associate Dean promised to honor her with a posthumous degree. Now at the time, I didn't know what tf that was. I had to Google it to learn what it means and how it is awarded; under what circumstances. 

Six months later, everyone kept their promises. My sister earned her posthumous degree. She was awarded 2nd Class Upper Honours in Biochemistry and Molecular Biology: no small feat I must say. She was among the top graduands in her cohort. We made some AI generated pictures of her to ""virtually"" attend her graduation. Her classmates bought her a bouquet of flowers. They reserved her seat and put there her flowers and photo. They carried her along the entire day. The vice Chancellor called her name twice; held a moment of silence for her. 

Although it was not the kind of graduation we envisioned, I honor her too. I want her to know, her success is greatly honoured. We are and will always be very proud of her. Here's to your brilliant mind and beautiful soul my little darling❤️🍾🍾",2025-01-08
1i2fk6y,GriefSupport,Lost my mom 1/04/24 ,"Been a little over 10 days since I suddenly lost my mom to a random brain aneurysm. Still can’t believe it. I was her only son. I miss her so much, I wish the whole world knew how wonderful of a woman she was. Because she was the best mom I could ask for.",1192,71,1736997246.0,https://www.reddit.com/r/GriefSupport/comments/1i2fk6y/lost_my_mom_10424/,Maleficent_Series548,https://www.reddit.com/gallery/1i2fk6y,"Lost my mom 1/04/24 

Been a little over 10 days since I suddenly lost my mom to a random brain aneurysm. Still can’t believe it. I was her only son. I miss her so much, I wish the whole world knew how wonderful of a woman she was. Because she was the best mom I could ask for.",2025-01-16
1m6tkwz,GriefSupport,My daughter died 4/27/25,"She was my only child. She died a day and a half after having her gall bladder removed from internal bleeding.  She was only 28. My life has no point now. She wanted to be a mother. She wanted to find the love of her life. She was so good. I love you forever, Aubrey!",1178,99,1753226792.0,https://www.reddit.com/r/GriefSupport/comments/1m6tkwz/my_daughter_died_42725/,Salty-Sun2485,https://i.redd.it/dbwdvy0efief1.jpeg,"My daughter died 4/27/25

She was my only child. She died a day and a half after having her gall bladder removed from internal bleeding.  She was only 28. My life has no point now. She wanted to be a mother. She wanted to find the love of her life. She was so good. I love you forever, Aubrey!",2025-07-22
15hc22r,GriefSupport,My twin girls are gone because of a drunk driver,"I lost my 16 year old twin daughters early this morning. They work together last night they both worked the closing shift on their way home a drunk driver hit them. They both passed later on In the hospital from their injuries. 

Jordan Kristina  1:12 am  8/3/23 

Jamie Eleanor  2:41 8/3/23 

I know they are together 

I'm missing them so much I never knew I could feel so empty and out of place. I had the girls when I was a teenager so I honestly don't remember what it's like to not be a mom. At least as an adult woman.",1167,167,1691087735.0,https://www.reddit.com/r/GriefSupport/comments/15hc22r/my_twin_girls_are_gone_because_of_a_drunk_driver/,No-Meeting-1260,https://www.reddit.com/r/GriefSupport/comments/15hc22r/my_twin_girls_are_gone_because_of_a_drunk_driver/,"My twin girls are gone because of a drunk driver

I lost my 16 year old twin daughters early this morning. They work together last night they both worked the closing shift on their way home a drunk driver hit them. They both passed later on In the hospital from their injuries. 

Jordan Kristina  1:12 am  8/3/23 

Jamie Eleanor  2:41 8/3/23 

I know they are together 

I'm missing them so much I never knew I could feel so empty and out of place. I had the girls when I was a teenager so I honestly don't remember what it's like to not be a mom. At least as an adult woman.",2023-08-03
1jrozgb,GriefSupport,A eulogy for my best friend of 20+ yrs - I wish you could have known her,"What will you do with your one wild and precious life?

Erica answered that question every day, not with stillness, but with motion. Not with rules, but with hunger—for beauty, for truth, for the sharp edges of the world. She lived as though life were a feast, and she was not about to miss a single course.

She was not quiet, and she was not tame. She cackled. She argued. She gathered stolen flowers into bouquets that never matched but always belonged. She believed the tulips growing in someone else’s garden were meant to be shared. And maybe they were.

Because Erica shared herself like that—without hesitation, without asking permission.

She loved fiercely, thought deeply, laughed loudly. She would smoke out the window, heat her apartment with the oven, curse with affection, cry without shame. There was no version of Erica that was half-alive. She refused to shrink. She refused to wait. She threw herself into life with everything she had.

She made the ordinary feel lit from within. She could turn a Sunday walk into an odyssey, a broken-down car into a story, a visit to an abandoned building into a revelation. And when you were with her, you were braver. You stood up a little straighter. You looked at the world like maybe—just maybe—it was yours to shape, too.

She wasn’t the kind of person you eased into knowing. She was the kind you collided with. Full speed. No apologies. No soft landing. Born in New York City. Loud from the start. She wasn’t perfect. Thank God. She was a menace, a glorious pain in the ass who could cut you down with a sentence and set you on fire with a look. She left a trail—of chaos, of laughter, of unforgettable moments, and yes, sometimes broken things. She was human. She was real.

She could drive you mad. But she could also pull you out of a hole with a single look. She made you feel seen—not the polished version you showed the world, but the real one, the messy one, the one you thought you had to hide. And once she saw that version, she never let you forget it.

Erica always fancied herself a Samantha from Sex and the City—she was a sexual being who oozed charisma. But Erica was deeper; she had her big loves and was a writer at heart. She argued relentlessly, partly because she liked being right, but mostly because she simply liked the fight. She was Carrie, having a love affair with the city itself—with all its music, movement, stooping, and questionable cooking smells drifting through a leaky-roofed apartment.

There was nowhere Erica wasn't at home. She’d plop right down and strike up a conversation—and suddenly you had a new friend or a new enemy, but either way, you had an opinion about this chain-smoking, fiery-haired, blue-eyed tornado that swept into your life.

This was not a woman built for moderation. Erica never “toned it down.”

I grieve my best friend. Most of all, I grieve the sound of her voice, the joy in her laugh, the way she made even your worst day feel less like a failure and more like a necessary journey through the wilderness—something survivable.

She was real. And real things, wild things, don’t stay. They bloom briefly. Fiercely. Then go.

She was impossible. She was necessary.

The world did not deserve her defiance or her stubborn insistence on finding meaning amidst absurdity. There should have been more chapters, more chaos, more unfinished thoughts scribbled into notebooks, and more mornings with Nina Simone playing too loudly while she smoked in her underwear, challenging the universe to a duel.

But here we are.

And what is left but to grieve? To sit in the ash of what was once a brilliant fire and know—deeply—that we are better for having stood close to it.

There is no moral here. No tidy lesson. Just a silence loud enough to tear a hole in the sky.

But if Erica taught us anything, it’s this: Don’t fucking wait. Don’t wait to tell your people you love them. Don’t wait to take the trip, steal the flowers, start the fight, sing the song too loud in the middle of the street.

Be bold. Be difficult. Be full.

Because that’s exactly what she was—from start to finish.

So raise a glass. Light a cigarette. Yell something profane and true into the void. And remember her not as an idea, but as a fire that walked like a woman.

Erica Rose Meltzer. Goddamn.",1174,106,1743806899.0,https://www.reddit.com/r/GriefSupport/comments/1jrozgb/a_eulogy_for_my_best_friend_of_20_yrs_i_wish_you/,Chef__Goldblum,https://i.redd.it/prtd4mh7dwse1.jpeg,"A eulogy for my best friend of 20+ yrs - I wish you could have known her

What will you do with your one wild and precious life?

Erica answered that question every day, not with stillness, but with motion. Not with rules, but with hunger—for beauty, for truth, for the sharp edges of the world. She lived as though life were a feast, and she was not about to miss a single course.

She was not quiet, and she was not tame. She cackled. She argued. She gathered stolen flowers into bouquets that never matched but always belonged. She believed the tulips growing in someone else’s garden were meant to be shared. And maybe they were.

Because Erica shared herself like that—without hesitation, without asking permission.

She loved fiercely, thought deeply, laughed loudly. She would smoke out the window, heat her apartment with the oven, curse with affection, cry without shame. There was no version of Erica that was half-alive. She refused to shrink. She refused to wait. She threw herself into life with everything she had.

She made the ordinary feel lit from within. She could turn a Sunday walk into an odyssey, a broken-down car into a story, a visit to an abandoned building into a revelation. And when you were with her, you were braver. You stood up a little straighter. You looked at the world like maybe—just maybe—it was yours to shape, too.

She wasn’t the kind of person you eased into knowing. She was the kind you collided with. Full speed. No apologies. No soft landing. Born in New York City. Loud from the start. She wasn’t perfect. Thank God. She was a menace, a glorious pain in the ass who could cut you down with a sentence and set you on fire with a look. She left a trail—of chaos, of laughter, of unforgettable moments, and yes, sometimes broken things. She was human. She was real.

She could drive you mad. But she could also pull you out of a hole with a single look. She made you feel seen—not the polished version you showed the world, but the real one, the messy one, the one you thought you had to hide. And once she saw that version, she never let you forget it.

Erica always fancied herself a Samantha from Sex and the City—she was a sexual being who oozed charisma. But Erica was deeper; she had her big loves and was a writer at heart. She argued relentlessly, partly because she liked being right, but mostly because she simply liked the fight. She was Carrie, having a love affair with the city itself—with all its music, movement, stooping, and questionable cooking smells drifting through a leaky-roofed apartment.

There was nowhere Erica wasn't at home. She’d plop right down and strike up a conversation—and suddenly you had a new friend or a new enemy, but either way, you had an opinion about this chain-smoking, fiery-haired, blue-eyed tornado that swept into your life.

This was not a woman built for moderation. Erica never “toned it down.”

I grieve my best friend. Most of all, I grieve the sound of her voice, the joy in her laugh, the way she made even your worst day feel less like a failure and more like a necessary journey through the wilderness—something survivable.

She was real. And real things, wild things, don’t stay. They bloom briefly. Fiercely. Then go.

She was impossible. She was necessary.

The world did not deserve her defiance or her stubborn insistence on finding meaning amidst absurdity. There should have been more chapters, more chaos, more unfinished thoughts scribbled into notebooks, and more mornings with Nina Simone playing too loudly while she smoked in her underwear, challenging the universe to a duel.

But here we are.

And what is left but to grieve? To sit in the ash of what was once a brilliant fire and know—deeply—that we are better for having stood close to it.

There is no moral here. No tidy lesson. Just a silence loud enough to tear a hole in the sky.

But if Erica taught us anything, it’s this: Don’t fucking wait. Don’t wait to tell your people you love them. Don’t wait to take the trip, steal the flowers, start the fight, sing the song too loud in the middle of the street.

Be bold. Be difficult. Be full.

Because that’s exactly what she was—from start to finish.

So raise a glass. Light a cigarette. Yell something profane and true into the void. And remember her not as an idea, but as a fire that walked like a woman.

Erica Rose Meltzer. Goddamn.",2025-04-04
1pffh6k,GriefSupport,My once big Dad is just a tiny box now.,"Just a tiny box. He was a massive man in reality - 6'5 350lbs just a few years ago. Lack of self-care for years (he refused to go to the doctors because he hated hospitals) and subsequent septic shock took him in 48 hours. He dwindled down to 217lbs in a year and had stopped being able to hold down food for months but he never told our family. We were left blindsided to say goodbye to someone who survived the unsurvivable four times before. 

He had so badly wanted to visit me in Japan but his severe disabilities (severe lymphodema in both legs, arthritis in hips/knees/ankles, nerve damage in feet leading to dragging and deformity, crutch/wheelchair bound) it was literally impossible. He was devastated but I promised him I would visit for Christmas. I was saving leave. I told him if he needed me sooner I could come but he would never ask anything of me.

He didn't even make it to Thanksgiving. His burial and celebration of life was today. I have so many regrets. There's a real possibility I could live a life longer with him in Heaven than on Earth. 

This is so indescribable. I think a very real part of me died with my Dad the day he died. But a huge part of me has grown so empathetic towards others and my family. I once felt disconnected, now I feel like all I ever should have thought of was family. 

All of us are beyond devastated. I worry for my elderly Grandma having to bury her (so deeply) beloved son. For my disabled Uncle who lost his best friend. For anything I will ever accomplish that I no longer can say ""Dad, I did X, you'd be so impressed!"" For whatever family I could have in the future not ever being able to meet my Dad. 

It's forever. He's gone forever - just ashes, photos, and memories of someone so extraordinary. I can say I'll ever again be the same person I was before 11/19.

Sorry for rambling. Im such a fucking mess.",1161,78,1764992769.0,https://www.reddit.com/r/GriefSupport/comments/1pffh6k/my_once_big_dad_is_just_a_tiny_box_now/,azulur,https://i.redd.it/3xke0tbo9i5g1.jpeg,"My once big Dad is just a tiny box now.

Just a tiny box. He was a massive man in reality - 6'5 350lbs just a few years ago. Lack of self-care for years (he refused to go to the doctors because he hated hospitals) and subsequent septic shock took him in 48 hours. He dwindled down to 217lbs in a year and had stopped being able to hold down food for months but he never told our family. We were left blindsided to say goodbye to someone who survived the unsurvivable four times before. 

He had so badly wanted to visit me in Japan but his severe disabilities (severe lymphodema in both legs, arthritis in hips/knees/ankles, nerve damage in feet leading to dragging and deformity, crutch/wheelchair bound) it was literally impossible. He was devastated but I promised him I would visit for Christmas. I was saving leave. I told him if he needed me sooner I could come but he would never ask anything of me.

He didn't even make it to Thanksgiving. His burial and celebration of life was today. I have so many regrets. There's a real possibility I could live a life longer with him in Heaven than on Earth. 

This is so indescribable. I think a very real part of me died with my Dad the day he died. But a huge part of me has grown so empathetic towards others and my family. I once felt disconnected, now I feel like all I ever should have thought of was family. 

All of us are beyond devastated. I worry for my elderly Grandma having to bury her (so deeply) beloved son. For my disabled Uncle who lost his best friend. For anything I will ever accomplish that I no longer can say ""Dad, I did X, you'd be so impressed!"" For whatever family I could have in the future not ever being able to meet my Dad. 

It's forever. He's gone forever - just ashes, photos, and memories of someone so extraordinary. I can say I'll ever again be the same person I was before 11/19.

Sorry for rambling. Im such a fucking mess.",2025-12-06
1k4jmhc,lostmedia,Serious cat meme unedited version from 2003 [found] (by complete accident),"while searching for the original jeff the killer image through archives of japanese websites of that time, I stumbled across this unedited version of the serious cat meme wich doesn´t seem to appear anywhere else on the internet, I reverse image searched for it everywhere and Im pretty certain I am the first person to find the original image.

  
Even tho it wasnt considered lost media, it´s actually pretty interesting to see the unedited version of such a popular meme so I thought this was worth sharing.

source (4th image): [https://web.archive.org/web/20041026201007if\_/http://www2.gazo-box.com:80/entrance/joyful2ch-h.cgi?mode=res&amp;no=11](https://web.archive.org/web/20041026201007if_/http://www2.gazo-box.com:80/entrance/joyful2ch-h.cgi?mode=res&amp;no=11)

the popular meme image in question: [http://seriouscat.com/serious\_cat.jpg](http://seriouscat.com/serious_cat.jpg)",3224,79,1745257481.0,https://www.reddit.com/r/lostmedia/comments/1k4jmhc/serious_cat_meme_unedited_version_from_2003_found/,randomguy9I,https://www.reddit.com/r/lostmedia/comments/1k4jmhc/serious_cat_meme_unedited_version_from_2003_found/,"Serious cat meme unedited version from 2003 [found] (by complete accident)

while searching for the original jeff the killer image through archives of japanese websites of that time, I stumbled across this unedited version of the serious cat meme wich doesn´t seem to appear anywhere else on the internet, I reverse image searched for it everywhere and Im pretty certain I am the first person to find the original image.

  
Even tho it wasnt considered lost media, it´s actually pretty interesting to see the unedited version of such a popular meme so I thought this was worth sharing.

source (4th image): [https://web.archive.org/web/20041026201007if\_/http://www2.gazo-box.com:80/entrance/joyful2ch-h.cgi?mode=res&amp;no=11](https://web.archive.org/web/20041026201007if_/http://www2.gazo-box.com:80/entrance/joyful2ch-h.cgi?mode=res&amp;no=11)

the popular meme image in question: [http://seriouscat.com/serious\_cat.jpg](http://seriouscat.com/serious_cat.jpg)",2025-04-21
1bu282q,lostmedia,"[FOUND] Script of the unproduced Seinfeld episode ""The Bet""","Link to the script: [https://archive.org/details/seinfeld-the-gun-script](https://archive.org/details/seinfeld-the-gun-script)

""The Bet"" (aka ""The Gun"") is an unproduced Seinfeld episode written by Larry Charles that was supposed to air on February 13, 1991. Considering the [several](https://screencrush.com/seinfeld-the-bet/) [articles](https://www.theverge.com/2014/7/11/5891739/seinfeld-lost-episode-the-bet-gun-ownership) [written](https://www.vanityfair.com/hollywood/2015/03/seinfeld-episode-controversial-race-salad) [about](https://www.cbr.com/seinfeld-bet-episode-guns-never-produced/) [it](https://www.kvue.com/article/entertainment/theres-a-lost-seinfeld-episode-and-its-about-guns/269-260136766), it's easily Seinfeld's most infamous unproduced episode.

""The Bet"" was much edgier than any Seinfeld episode produced before. I'd argue it's by far the edgiest episode ever written for the series, and it was so edgy that the cast and crew basically refused to film it in full because the subject matter made them too uncomfortable. Imagine a slightly tamer It's Always Sunny episode but with the Seinfeld characters, and you end up with ""The Bet."" Elaine points a gun at Jerry and says ""I'll blow your brains out"" and Jerry asks Elaine if she'll be giving him the ""Kennedy"" or the ""Lincoln."" For Seinfeld's standards, it's unhinged as fuck and considering the show was still at risk of being cancelled at this point, not airing the episode was absolutely the right call. But the episode's still funny as hell in my opinion.

Also, some additional backstory for all this. This episode has been a source of mystery long before I was even an itch in my daddy's ballsack. All we had ever known about ""The Bet"" came from a [brief snippet from the Seinfeld DVDs](https://www.youtube.com/watch?v=eo-ND4eVztY) and what the cast and crew have said about it in passing over the years. There have been copies of this script in circulation for 33 years and no one has bothered to scan it and upload it to the internet. The Seinfeld cast and crew have copies of it, but they're too busy having lives and being productive, so their copies are laying in some dark, dusty cabinets. [Jason Alexander's copy of the script got auctioned off in 2022 for god knows how much](https://www.reddit.com/r/seinfeld/comments/xpffo8/a_buffalo_radio_host_is_raffling_jason_alexanders/), and someone won that copy and never uploaded it online. 

In October 2023, [a seller on eBay listed a photocopy of the script for sale](https://forums.lostmediawiki.com/thread/12862/seinfeld-gun-unproduced-script-ebay). A photocopy. For sale. For four thousand dollars. Someone bought it and never uploaded it online. Then the eBay seller listed a COPY OF A PHOTOCOPY of that script for $1,000 - a 75% discount! Someone bought it and never uploaded it. Then the seller would list another copy of a photocopy for sale. Someone else would buy it and not upload it. This happened several times - some slack-jawed dickweed would spend a stupid amount of money on fucking printer paper, hang it on his shelf so he could admire it with his smug fucking eyes and think to his balding, double-chinned self, ""Wow, there's only a few people in the world who've read this episode, and I'm one of them!"" And none of these dickweeds ever uploaded their fucking copy. I couldn't take it anymore.

So I decided I would be the biggest dickweed of them all. I bought a copy of a photocopy for myself and scanned it as a PDF file - link's at the top if you want to read it. It cost me $800. It is, without a doubt, the dumbest purchase I have ever made in my entire life. I will never tell my friends and family what I've done. I refused to use my main Reddit account to make this post I'm so fucking embarrassed. If Jerry Seinfeld or Larry Charles ever reads this, they will laugh at me and think I'm an idiot.

And presumably because I am an idiot, I'd do it all again in a heartbeat. After 33 years, nothing is finally something.",2578,115,1712073256.0,https://www.reddit.com/r/lostmedia/comments/1bu282q/found_script_of_the_unproduced_seinfeld_episode/,hbo_got,https://www.reddit.com/r/lostmedia/comments/1bu282q/found_script_of_the_unproduced_seinfeld_episode/,"[FOUND] Script of the unproduced Seinfeld episode ""The Bet""

Link to the script: [https://archive.org/details/seinfeld-the-gun-script](https://archive.org/details/seinfeld-the-gun-script)

""The Bet"" (aka ""The Gun"") is an unproduced Seinfeld episode written by Larry Charles that was supposed to air on February 13, 1991. Considering the [several](https://screencrush.com/seinfeld-the-bet/) [articles](https://www.theverge.com/2014/7/11/5891739/seinfeld-lost-episode-the-bet-gun-ownership) [written](https://www.vanityfair.com/hollywood/2015/03/seinfeld-episode-controversial-race-salad) [about](https://www.cbr.com/seinfeld-bet-episode-guns-never-produced/) [it](https://www.kvue.com/article/entertainment/theres-a-lost-seinfeld-episode-and-its-about-guns/269-260136766), it's easily Seinfeld's most infamous unproduced episode.

""The Bet"" was much edgier than any Seinfeld episode produced before. I'd argue it's by far the edgiest episode ever written for the series, and it was so edgy that the cast and crew basically refused to film it in full because the subject matter made them too uncomfortable. Imagine a slightly tamer It's Always Sunny episode but with the Seinfeld characters, and you end up with ""The Bet."" Elaine points a gun at Jerry and says ""I'll blow your brains out"" and Jerry asks Elaine if she'll be giving him the ""Kennedy"" or the ""Lincoln."" For Seinfeld's standards, it's unhinged as fuck and considering the show was still at risk of being cancelled at this point, not airing the episode was absolutely the right call. But the episode's still funny as hell in my opinion.

Also, some additional backstory for all this. This episode has been a source of mystery long before I was even an itch in my daddy's ballsack. All we had ever known about ""The Bet"" came from a [brief snippet from the Seinfeld DVDs](https://www.youtube.com/watch?v=eo-ND4eVztY) and what the cast and crew have said about it in passing over the years. There have been copies of this script in circulation for 33 years and no one has bothered to scan it and upload it to the internet. The Seinfeld cast and crew have copies of it, but they're too busy having lives and being productive, so their copies are laying in some dark, dusty cabinets. [Jason Alexander's copy of the script got auctioned off in 2022 for god knows how much](https://www.reddit.com/r/seinfeld/comments/xpffo8/a_buffalo_radio_host_is_raffling_jason_alexanders/), and someone won that copy and never uploaded it online. 

In October 2023, [a seller on eBay listed a photocopy of the script for sale](https://forums.lostmediawiki.com/thread/12862/seinfeld-gun-unproduced-script-ebay). A photocopy. For sale. For four thousand dollars. Someone bought it and never uploaded it online. Then the eBay seller listed a COPY OF A PHOTOCOPY of that script for $1,000 - a 75% discount! Someone bought it and never uploaded it. Then the seller would list another copy of a photocopy for sale. Someone else would buy it and not upload it. This happened several times - some slack-jawed dickweed would spend a stupid amount of money on fucking printer paper, hang it on his shelf so he could admire it with his smug fucking eyes and think to his balding, double-chinned self, ""Wow, there's only a few people in the world who've read this episode, and I'm one of them!"" And none of these dickweeds ever uploaded their fucking copy. I couldn't take it anymore.

So I decided I would be the biggest dickweed of them all. I bought a copy of a photocopy for myself and scanned it as a PDF file - link's at the top if you want to read it. It cost me $800. It is, without a doubt, the dumbest purchase I have ever made in my entire life. I will never tell my friends and family what I've done. I refused to use my main Reddit account to make this post I'm so fucking embarrassed. If Jerry Seinfeld or Larry Charles ever reads this, they will laugh at me and think I'm an idiot.

And presumably because I am an idiot, I'd do it all again in a heartbeat. After 33 years, nothing is finally something.",2024-04-02
1lllsuq,lostmedia,[Found] Me and My Friends pilot has been found,"[https://www.youtube.com/watch?v=p7bUGtDRgqQ](https://www.youtube.com/watch?v=p7bUGtDRgqQ)

  
It was posted on youtube a few minutes ago, no idea on any of the details on how it's been found but this search has finally come to an end. Good lord I've been hearing about this pilot forever and I honestly thought it would never end up getting posted. All the screenshots and all of that drama and it just gets dropped on a random youtube channel on (what is for me) a Friday afternoon.



Anyway there you have it, the Me And My Friends pilot. I've downloaded a copy just in case because you never know with these things, hate for it to become lost all over again.

Edit: Internet archive link as the OG YouTube post has been removed - https://archive.org/details/me-and-my-friends-pilot-1995_20250627_1235",2549,465,1751001618.0,https://www.reddit.com/r/lostmedia/comments/1lllsuq/found_me_and_my_friends_pilot_has_been_found/,darkbayleef,https://www.reddit.com/r/lostmedia/comments/1lllsuq/found_me_and_my_friends_pilot_has_been_found/,"[Found] Me and My Friends pilot has been found

[https://www.youtube.com/watch?v=p7bUGtDRgqQ](https://www.youtube.com/watch?v=p7bUGtDRgqQ)

  
It was posted on youtube a few minutes ago, no idea on any of the details on how it's been found but this search has finally come to an end. Good lord I've been hearing about this pilot forever and I honestly thought it would never end up getting posted. All the screenshots and all of that drama and it just gets dropped on a random youtube channel on (what is for me) a Friday afternoon.



Anyway there you have it, the Me And My Friends pilot. I've downloaded a copy just in case because you never know with these things, hate for it to become lost all over again.

Edit: Internet archive link as the OG YouTube post has been removed - https://archive.org/details/me-and-my-friends-pilot-1995_20250627_1235",2025-06-27
1d3p4gv,lostmedia,"[Found] Original ""Backrooms"" image + website","[Original web page from 2003 containing the image + some back story](https://web.archive.org/web/20030503094137/http://www.hobbytownoshkosh.com:80/revolution%20raceway,%20020903.htm)

Today, I, with help from members of the Virtual World Discord server, found the origin of the iconic Backrooms image. After ""Serrara"" from the Virtual World Discord posted a [2011 instance of the image](https://archive.4plebs.org/tv/thread/14947748/#14947769) with help from a user named ""Semliot"" (who found another thread which lead to the discovery of that instance), I managed to find the original website and image through searching the filename on twitter. User ""xaft"" scraped the entire website from the wayback machine and then found the original page that it came from.

Backstory: somehow, a twitter user had replied to a tweet in 2019 with a link to the website, and it had gone unnoticed. As a hail mary I decided to search the filename and sure enough after combing through some tweets I managed to find it. This meant that for 5 years the original link had been on twitter and I think that's pretty hilarious.

Shout out to Semliot, Serrara, xaft and the original twitter user for a combined effort to make this happen.",2221,204,1717023194.0,https://www.reddit.com/r/lostmedia/comments/1d3p4gv/found_original_backrooms_image_website/,PerditusRedux,https://www.reddit.com/r/lostmedia/comments/1d3p4gv/found_original_backrooms_image_website/,"[Found] Original ""Backrooms"" image + website

[Original web page from 2003 containing the image + some back story](https://web.archive.org/web/20030503094137/http://www.hobbytownoshkosh.com:80/revolution%20raceway,%20020903.htm)

Today, I, with help from members of the Virtual World Discord server, found the origin of the iconic Backrooms image. After ""Serrara"" from the Virtual World Discord posted a [2011 instance of the image](https://archive.4plebs.org/tv/thread/14947748/#14947769) with help from a user named ""Semliot"" (who found another thread which lead to the discovery of that instance), I managed to find the original website and image through searching the filename on twitter. User ""xaft"" scraped the entire website from the wayback machine and then found the original page that it came from.

Backstory: somehow, a twitter user had replied to a tweet in 2019 with a link to the website, and it had gone unnoticed. As a hail mary I decided to search the filename and sure enough after combing through some tweets I managed to find it. This meant that for 5 years the original link had been on twitter and I think that's pretty hilarious.

Shout out to Semliot, Serrara, xaft and the original twitter user for a combined effort to make this happen.",2024-05-29
1jutw0w,lostmedia,[FOUND] Original unedited image seen at the end of The Shining has been found!,"""The original source of the Overlook Hotel 1921 July 4th Ball photo prominently featured at the end of Stanley Kubrick‘s The Shining has been located at the Getty Images Hulton Archive.

Alasdair Spark, a retired academic at the University of Winchester, detailed his investigation via Getty’s Instagram, along with a new scan of the photo from its original glass plate negative.

“At last, it has been found. Following the earlier identification by facial recognition software of the unknown man in the photograph at the end of The Shining as Santos Casani, a London ballroom dancer, I can reveal that the photo was one of three taken by the Topical Press Agency at a St. Valentines Day Ball, 14 February 1921, at the Empress Rooms, the Royal Palace Hotel, Kensington.”

https://bloody-disgusting.com/movie/3863263/original-stock-photo-used-for-the-shining-ending-discovered/",2112,54,1744161319.0,https://www.reddit.com/r/lostmedia/comments/1jutw0w/found_original_unedited_image_seen_at_the_end_of/,BunchLegitimate8675,https://www.reddit.com/r/lostmedia/comments/1jutw0w/found_original_unedited_image_seen_at_the_end_of/,"[FOUND] Original unedited image seen at the end of The Shining has been found!

""The original source of the Overlook Hotel 1921 July 4th Ball photo prominently featured at the end of Stanley Kubrick‘s The Shining has been located at the Getty Images Hulton Archive.

Alasdair Spark, a retired academic at the University of Winchester, detailed his investigation via Getty’s Instagram, along with a new scan of the photo from its original glass plate negative.

“At last, it has been found. Following the earlier identification by facial recognition software of the unknown man in the photograph at the end of The Shining as Santos Casani, a London ballroom dancer, I can reveal that the photo was one of three taken by the Topical Press Agency at a St. Valentines Day Ball, 14 February 1921, at the Empress Rooms, the Royal Palace Hotel, Kensington.”

https://bloody-disgusting.com/movie/3863263/original-stock-photo-used-for-the-shining-ending-discovered/",2025-04-09
1jgq1th,lostmedia,[FOUND] Family Guy Unaired PILOT 1998,"Earlier today, the full unaired episode pilot of Family Guy back in 1998 was uploaded to the YouTube channel GhostTheDeadGirl in its full original quality back from 1998. This media was partially lost until today. 

Before this clip was posted online we only had around 7 minutes of footage of the unaired pilot that was on a bonus features section one of the Family Guy DVD sets (Season 2). The clip ends with a promotional screen after Peter tries to win some money from the talent show. 

The full unaired pilot has been archived on the Internet archive page by the original uploader. The original uploader found the full pilot episode on an Artists personal webpage of work they have done in the past. According to the way back website, it was posted there around 2022 but went undiscovered for three years until it was found. 

The link to the post of the full unaired pilot is here: https://youtu.be/sg0PZXyq_JU?si=uFb-8tdVAmStSR02

All credit goes to the original uploader. (GhostTheDeadGirl)",1675,2,1742587292.0,https://www.reddit.com/r/lostmedia/comments/1jgq1th/found_family_guy_unaired_pilot_1998/,Hydro_Wolfie,https://www.reddit.com/r/lostmedia/comments/1jgq1th/found_family_guy_unaired_pilot_1998/,"[FOUND] Family Guy Unaired PILOT 1998

Earlier today, the full unaired episode pilot of Family Guy back in 1998 was uploaded to the YouTube channel GhostTheDeadGirl in its full original quality back from 1998. This media was partially lost until today. 

Before this clip was posted online we only had around 7 minutes of footage of the unaired pilot that was on a bonus features section one of the Family Guy DVD sets (Season 2). The clip ends with a promotional screen after Peter tries to win some money from the talent show. 

The full unaired pilot has been archived on the Internet archive page by the original uploader. The original uploader found the full pilot episode on an Artists personal webpage of work they have done in the past. According to the way back website, it was posted there around 2022 but went undiscovered for three years until it was found. 

The link to the post of the full unaired pilot is here: https://youtu.be/sg0PZXyq_JU?si=uFb-8tdVAmStSR02

All credit goes to the original uploader. (GhostTheDeadGirl)",2025-03-21
1ql308b,lostmedia,[FOUND] 51 minutes of WCW video content locked behind dead DRM for 25 years — recovered from a 1999 CD-ROM,"**The WCW Internet Powerdisk** was a promotional CD-ROM distributed with WCW Magazine in 1999. It contained 61 video clips—match highlights, wrestler profiles, show intros, storyline segments—but they were encrypted with a proprietary DRM system. Playback required the bundled player to contact a remote server for decryption keys every time you watched a clip.

When the DRM company (UIT) went offline around 2000, the content became permanently inaccessible. The player just displays ""Decryption key not found in the server database."" No keys exist on the disc. No workaround was ever found. The company dissolved entirely.

I reverse-engineered the encryption binary from the disc, identified the cipher, and developed a mathematical attack that recovers the keys without needing the server. All 61 files decrypted successfully.

**Recovered content (51 min 20 sec):**

* Match footage: Hogan vs. Goldberg, Hogan vs. Macho Man, ""CyberRing"" matches (wrestlers filmed on blue screen, composited into a CGI arena with fire effects)
* Wrestler bios: Goldberg, Sting, Hogan, DDP, Flair, Nash, Steiner, and more
* Show intros: Monday Nitro, Thunder
* An 8-part ""Hacker"" serial narrative
* Nitro Girls segments, promos, merchandise spots

**Links:**

* All 61 clips on the Internet Archive: [https://archive.org/details/wcw-cyberring-powerdisk-1999](https://archive.org/details/wcw-cyberring-powerdisk-1999)
* Technical writeup and decryption tool: [https://github.com/blakebratcher/wcw-cyberring-pav-decryptor](https://github.com/blakebratcher/wcw-cyberring-pav-decryptor)

The videos are 320×240 MPEG-1, transcoded to H.264 MP4 for the archive. Not broadcast-quality footage—this is what 1999 interactive CD-ROM entertainment looked like.",1503,89,1769202434.0,https://www.reddit.com/r/lostmedia/comments/1ql308b/found_51_minutes_of_wcw_video_content_locked/,brainsigh,https://www.reddit.com/r/lostmedia/comments/1ql308b/found_51_minutes_of_wcw_video_content_locked/,"[FOUND] 51 minutes of WCW video content locked behind dead DRM for 25 years — recovered from a 1999 CD-ROM

**The WCW Internet Powerdisk** was a promotional CD-ROM distributed with WCW Magazine in 1999. It contained 61 video clips—match highlights, wrestler profiles, show intros, storyline segments—but they were encrypted with a proprietary DRM system. Playback required the bundled player to contact a remote server for decryption keys every time you watched a clip.

When the DRM company (UIT) went offline around 2000, the content became permanently inaccessible. The player just displays ""Decryption key not found in the server database."" No keys exist on the disc. No workaround was ever found. The company dissolved entirely.

I reverse-engineered the encryption binary from the disc, identified the cipher, and developed a mathematical attack that recovers the keys without needing the server. All 61 files decrypted successfully.

**Recovered content (51 min 20 sec):**

* Match footage: Hogan vs. Goldberg, Hogan vs. Macho Man, ""CyberRing"" matches (wrestlers filmed on blue screen, composited into a CGI arena with fire effects)
* Wrestler bios: Goldberg, Sting, Hogan, DDP, Flair, Nash, Steiner, and more
* Show intros: Monday Nitro, Thunder
* An 8-part ""Hacker"" serial narrative
* Nitro Girls segments, promos, merchandise spots

**Links:**

* All 61 clips on the Internet Archive: [https://archive.org/details/wcw-cyberring-powerdisk-1999](https://archive.org/details/wcw-cyberring-powerdisk-1999)
* Technical writeup and decryption tool: [https://github.com/blakebratcher/wcw-cyberring-pav-decryptor](https://github.com/blakebratcher/wcw-cyberring-pav-decryptor)

The videos are 320×240 MPEG-1, transcoded to H.264 MP4 for the archive. Not broadcast-quality footage—this is what 1999 interactive CD-ROM entertainment looked like.",2026-01-23
wo2e31,lostmedia,"[Partially Lost] A couple of snippets of the Shrek 1996 ""I Feel Good"" animation test footage have been found",[https://youtu.be/yvEWYgxoVMk](https://youtu.be/yvEWYgxoVMk),1501,137,1660469747.0,https://www.reddit.com/r/lostmedia/comments/wo2e31/partially_lost_a_couple_of_snippets_of_the_shrek/,AccomplishedWorld823,https://www.reddit.com/r/lostmedia/comments/wo2e31/partially_lost_a_couple_of_snippets_of_the_shrek/,"[Partially Lost] A couple of snippets of the Shrek 1996 ""I Feel Good"" animation test footage have been found

[https://youtu.be/yvEWYgxoVMk](https://youtu.be/yvEWYgxoVMk)",2022-08-14
wfir7a,lostmedia,[Partially Lost] Gerard Way on the Sally Jesse Raphael show,This is the only picture I can find showing that he was talking. This has been a figure of interest for many years in the my chemical romance Fandom as I don't think anyone can find the full clip,1407,82,1659562445.0,https://www.reddit.com/r/lostmedia/comments/wfir7a/partially_lost_gerard_way_on_the_sally_jesse/,coffejellyassassin,https://i.redd.it/4fwgtbeohkf91.jpg,"[Partially Lost] Gerard Way on the Sally Jesse Raphael show

This is the only picture I can find showing that he was talking. This has been a figure of interest for many years in the my chemical romance Fandom as I don't think anyone can find the full clip",2022-08-03
rx63d0,lostmedia,Osama Bin Laden's Animal Crossing save,"We know that Osama Bin Laden played Wild World on an Emulator. That being said the FBI hasn't released his town. Is their a chance they still have it? And if so would it be possible to like FOIA request it and get the save running to explore?

Update: Just to wrap up everything that has been said thus far. [This link](https://archive.org/details/AbbottabadCompoundMaterials) seems to be our target. But the contents are all stuck in a 300GB zip file download with no working way to browse contents of it individually (there is a list button that claims to allow such but the page returns an error). The game may be redacted from the dump for copyright reasons but I won't know for sure until someone downloads everything.zip and extracts it to dig around. I gave the purported list of redacted items on the page a ctrl+f and found nothing pertaining to ""anim""

If you have a server or any device with that kind of storage available please consider checking it.

Knowing what I know about emulation the save file is probably stored somewhere within the emulator, off the top of my head DS emulators include MelonDS and Desmune but they all have stupid names like that that give away what system they're emulating.

Thank you all for your feedback

Update 2: I'm having my doubts, downloading the zip bomb might be redundant. It seems weird that the .sav files for other DS games are there in what I assume is working condition, but the only pointers to Animal Crossing are too tiny to function. I can't help but fantasize that this is some sort of coverup.

The better way to access it seems to be the official cia.gov page, not the internet archive post. regardless it only further confirms what has already been suggested. Something still feels weird about this whole thing, Wild World has no file extension and basically no data. Must have been an error, or copyright, or maybe they just really don't want the public to see it and maybe just maybe the zip bomb will have it even though their is barely any evidence of such.",1360,100,1641445113.0,https://www.reddit.com/r/lostmedia/comments/rx63d0/osama_bin_ladens_animal_crossing_save/,Eternal2401,https://www.reddit.com/r/lostmedia/comments/rx63d0/osama_bin_ladens_animal_crossing_save/,"Osama Bin Laden's Animal Crossing save

We know that Osama Bin Laden played Wild World on an Emulator. That being said the FBI hasn't released his town. Is their a chance they still have it? And if so would it be possible to like FOIA request it and get the save running to explore?

Update: Just to wrap up everything that has been said thus far. [This link](https://archive.org/details/AbbottabadCompoundMaterials) seems to be our target. But the contents are all stuck in a 300GB zip file download with no working way to browse contents of it individually (there is a list button that claims to allow such but the page returns an error). The game may be redacted from the dump for copyright reasons but I won't know for sure until someone downloads everything.zip and extracts it to dig around. I gave the purported list of redacted items on the page a ctrl+f and found nothing pertaining to ""anim""

If you have a server or any device with that kind of storage available please consider checking it.

Knowing what I know about emulation the save file is probably stored somewhere within the emulator, off the top of my head DS emulators include MelonDS and Desmune but they all have stupid names like that that give away what system they're emulating.

Thank you all for your feedback

Update 2: I'm having my doubts, downloading the zip bomb might be redundant. It seems weird that the .sav files for other DS games are there in what I assume is working condition, but the only pointers to Animal Crossing are too tiny to function. I can't help but fantasize that this is some sort of coverup.

The better way to access it seems to be the official cia.gov page, not the internet archive post. regardless it only further confirms what has already been suggested. Something still feels weird about this whole thing, Wild World has no file extension and basically no data. Must have been an error, or copyright, or maybe they just really don't want the public to see it and maybe just maybe the zip bomb will have it even though their is barely any evidence of such.",2022-01-06
1cg71tm,lostmedia,What is the weirdest way lost media was found? [talk],"What is the weirdest way someone found lost media? Here is the most recent example of someone finding lost media in a weird and strange way. So, you know that song""Everyone Knows That"". Yeah, that song. It was pretty ironic that the name of the song was called ""Everyone Knows That"" , when in reality, no one knew where the song originated from? Well guess what? Now the song is really living up to its name. ""Everyone Knows That"" was found. You want to know where it was found. A porno movie. Yep , you heard me right. A porno movie. The name of the movie is called ""Angels of Passion"". Somewhere in the movie, the song ""Everyone Knows That"" plays. It is really hard to listen to the song due to all the moaning, but luckily, people have found ways to edit the moaning out without it sounding bad.

Anyways, what is the weirdest way lost media has been found?",1346,225,1714416696.0,https://www.reddit.com/r/lostmedia/comments/1cg71tm/what_is_the_weirdest_way_lost_media_was_found_talk/,Ubertishere,https://www.reddit.com/r/lostmedia/comments/1cg71tm/what_is_the_weirdest_way_lost_media_was_found_talk/,"What is the weirdest way lost media was found? [talk]

What is the weirdest way someone found lost media? Here is the most recent example of someone finding lost media in a weird and strange way. So, you know that song""Everyone Knows That"". Yeah, that song. It was pretty ironic that the name of the song was called ""Everyone Knows That"" , when in reality, no one knew where the song originated from? Well guess what? Now the song is really living up to its name. ""Everyone Knows That"" was found. You want to know where it was found. A porno movie. Yep , you heard me right. A porno movie. The name of the movie is called ""Angels of Passion"". Somewhere in the movie, the song ""Everyone Knows That"" plays. It is really hard to listen to the song due to all the moaning, but luckily, people have found ways to edit the moaning out without it sounding bad.

Anyways, what is the weirdest way lost media has been found?",2024-04-29
1kygt5f,lostmedia,[talk] My dad might have the holy grail of lost media,"Back in the late 90s and into the 2000s, my dad was a bootleg disc trader, meaning he would burn TV shows and movies onto CDs and trade them. Eventually, he stopped doing it, but he kept all his remaining CDs. All these years later, he decided to show me his collection. I’ve already been interested in lost media for a while now, so you could imagine how I felt when I saw CDs labeled “Nick News”, “Weinerville”, and “Thunder Alley”. (I don’t remember the other titles.) I brought the idea of figuring out which episodes of the shows he has and trying to upload them to YouTube or something to help make these shows officially found. 

Here’s the problem: These CDs are upwards of 25 years old. Plus, there are like a dozen storage cases full of these CDs. As a result, we don’t know if we can extract the data from the discs without destroying them in the process. This includes extraction, downloading, and eventually uploading. I would like to hear from y’all what methods to use to ensure that the CDs remain in good condition. 

Any and all help is very much appreciated, and we’ll try to upload this stuff as soon as possible. Thank you in advance!",1327,153,1748539875.0,https://www.reddit.com/r/lostmedia/comments/1kygt5f/talk_my_dad_might_have_the_holy_grail_of_lost/,BibWantsSomeTuna,https://www.reddit.com/r/lostmedia/comments/1kygt5f/talk_my_dad_might_have_the_holy_grail_of_lost/,"[talk] My dad might have the holy grail of lost media

Back in the late 90s and into the 2000s, my dad was a bootleg disc trader, meaning he would burn TV shows and movies onto CDs and trade them. Eventually, he stopped doing it, but he kept all his remaining CDs. All these years later, he decided to show me his collection. I’ve already been interested in lost media for a while now, so you could imagine how I felt when I saw CDs labeled “Nick News”, “Weinerville”, and “Thunder Alley”. (I don’t remember the other titles.) I brought the idea of figuring out which episodes of the shows he has and trying to upload them to YouTube or something to help make these shows officially found. 

Here’s the problem: These CDs are upwards of 25 years old. Plus, there are like a dozen storage cases full of these CDs. As a result, we don’t know if we can extract the data from the discs without destroying them in the process. This includes extraction, downloading, and eventually uploading. I would like to hear from y’all what methods to use to ensure that the CDs remain in good condition. 

Any and all help is very much appreciated, and we’ll try to upload this stuff as soon as possible. Thank you in advance!",2025-05-29
1715qzl,lostmedia,[FOUND]unaired pilot for cancelled iCarly spin-off Gibby.,"In 2012 Schneider's Bakery created a spin-off of iCarly featuring the character of Gibby due to his popularity with fans, for a while all we had to go on the existence of the pilot was pictures taken by one of the mothers of the kids on the show from the set. Fortunately Media Garage(who has posted a crapton of unaired pilots for the past few months) posted the long sought after pilot of the shelved iCarly spin-off Gibby after I sent him some money via Vemo and pledged to him on Patreon and requested that pilot along with a bunch of other stuff(will let you know if he finds any of those). Nick ultimately rejected the pilot(which was filmed in 2012) and if I had to guess i'd say it was due to Dan Schneider's increasingly erratic and temperamental behavior, they may not have wanted him to be responsible for managing yet another show with a cast of kids.

EDIT: Youtube link has been taken down so here's a link to the pilot on Internet Archive: https://archive.org/details/y-2mate.com-gibby-unaired-2012-pilot-360p",1226,171,1696576060.0,https://www.reddit.com/r/lostmedia/comments/1715qzl/foundunaired_pilot_for_cancelled_icarly_spinoff/,MotherGass,https://www.reddit.com/r/lostmedia/comments/1715qzl/foundunaired_pilot_for_cancelled_icarly_spinoff/,"[FOUND]unaired pilot for cancelled iCarly spin-off Gibby.

In 2012 Schneider's Bakery created a spin-off of iCarly featuring the character of Gibby due to his popularity with fans, for a while all we had to go on the existence of the pilot was pictures taken by one of the mothers of the kids on the show from the set. Fortunately Media Garage(who has posted a crapton of unaired pilots for the past few months) posted the long sought after pilot of the shelved iCarly spin-off Gibby after I sent him some money via Vemo and pledged to him on Patreon and requested that pilot along with a bunch of other stuff(will let you know if he finds any of those). Nick ultimately rejected the pilot(which was filmed in 2012) and if I had to guess i'd say it was due to Dan Schneider's increasingly erratic and temperamental behavior, they may not have wanted him to be responsible for managing yet another show with a cast of kids.

EDIT: Youtube link has been taken down so here's a link to the pilot on Internet Archive: https://archive.org/details/y-2mate.com-gibby-unaired-2012-pilot-360p",2023-10-06
1lej1um,lostmedia,"[FOUND] HBO Real Sex, 30 of 33 episodes found!","[https://archive.org/details/hborealsex](https://archive.org/details/hborealsex)

10 and 27 have apparently cropped up somewhere else, but I can't seem to track those down. 14 is lost by the look of it. I been looking for these damn things for maybe 20 bloody years and outside of 2 or so episodes, a best of and some clips, these were completely lost to the void. No physical releases, no digital, HBO just buried this thing in concrete. I have a lot of fond memories of secretly watching this at midnight. The male sex doll, masturbation club and dildo machine episodes were especially interesting to me.

Huge credit to u/krimsen for digging up most of these episodes before the archive came about.",1209,112,1750258147.0,https://www.reddit.com/r/lostmedia/comments/1lej1um/found_hbo_real_sex_30_of_33_episodes_found/,SabbyNeko,https://www.reddit.com/r/lostmedia/comments/1lej1um/found_hbo_real_sex_30_of_33_episodes_found/,"[FOUND] HBO Real Sex, 30 of 33 episodes found!

[https://archive.org/details/hborealsex](https://archive.org/details/hborealsex)

10 and 27 have apparently cropped up somewhere else, but I can't seem to track those down. 14 is lost by the look of it. I been looking for these damn things for maybe 20 bloody years and outside of 2 or so episodes, a best of and some clips, these were completely lost to the void. No physical releases, no digital, HBO just buried this thing in concrete. I have a lot of fond memories of secretly watching this at midnight. The male sex doll, masturbation club and dildo machine episodes were especially interesting to me.

Huge credit to u/krimsen for digging up most of these episodes before the archive came about.",2025-06-18
wepaib,lostmedia,[Talk] Batgirl (2022) Is Now Preemptively Lost Media,"https://screenrant.com/batgirl-movie-cancelled-dc/amp/

This article outlines the basic situation. Warner Bros has officially canceled the once-upcoming Batgirl movie completely. Despite it’s 90 Million Dollar budget and star-studded cast including the likes of Leslie Grace, Micheal Keaton, JK Simmons, and Brendan Fraiser, it’s gone down the drain.

Now, time will tell what will become of it. I find it highly likely some leak of it will happen eventually, especially given what happened with the Snyder Cut. Except that was done willingly, who know how WB would take the demand for Batgirl’s release.

That said, this puts the entire lineup of DC movies into peril. Given what Ezra Miller had done, I wouldn’t be surprised if The Flash isn’t cancelled in the same way. 

Good Lord, what a shitshow

EDIT: I would like to send an open invitation to Warner Bros. I have a Premier Pro account, just send me whatever work you have done, and I’ll finish it myself. I’ve got an open weekend.",1140,113,1659479643.0,https://www.reddit.com/r/lostmedia/comments/wepaib/talk_batgirl_2022_is_now_preemptively_lost_media/,YoungBeef03,https://www.reddit.com/r/lostmedia/comments/wepaib/talk_batgirl_2022_is_now_preemptively_lost_media/,"[Talk] Batgirl (2022) Is Now Preemptively Lost Media

https://screenrant.com/batgirl-movie-cancelled-dc/amp/

This article outlines the basic situation. Warner Bros has officially canceled the once-upcoming Batgirl movie completely. Despite it’s 90 Million Dollar budget and star-studded cast including the likes of Leslie Grace, Micheal Keaton, JK Simmons, and Brendan Fraiser, it’s gone down the drain.

Now, time will tell what will become of it. I find it highly likely some leak of it will happen eventually, especially given what happened with the Snyder Cut. Except that was done willingly, who know how WB would take the demand for Batgirl’s release.

That said, this puts the entire lineup of DC movies into peril. Given what Ezra Miller had done, I wouldn’t be surprised if The Flash isn’t cancelled in the same way. 

Good Lord, what a shitshow

EDIT: I would like to send an open invitation to Warner Bros. I have a Premier Pro account, just send me whatever work you have done, and I’ll finish it myself. I’ve got an open weekend.",2022-08-02
1gjeg9z,lostmedia,!!TMMS [FOUND]!!,"The lost wave (unknown) sing dubbed The Most Mysterious Sing (or TMMS) had been an ongoing search since around 1984. The song, having now been rediscovered, turns out to officially be called “Subways Of Your Mind”. User u/marijn1412 had found an old article about old German bands, and had contact the leader of one of them, Phret from the band FEX. The leader of the band had no idea the song was lost. This is great news! Major win for the lost wave and media communities. Even Wikipedia has already updated even though this announcement wasn’t made more than two hours ago. Here’s a good quote from it explaining the finding process. “On November 4th, 2024, exactly 40 years after it was produced, the song was finally identified as Subway Of Your Mind by the German group FEX.
The discovery was made by a Reddit user named marijn1412, who stumbled upon it completely by chance while reading an old archive of Nordwest Zeitung, a German newspaper. He was researching information about old German bands when he happened to uncover the mystery. He then contacted the band’s leader, an artist named Phret, who had no idea that the song had become an online legend.
After the whole situation was explained, Phret and FEX finally gave permission for the revelation to be openly discussed online, bringing the search to an end.” Here's a link to the announcement that they had found it: https://www.reddit.com/r/
TheMysteriousSong/s/THmkHXJ7kL",1129,91,1730727593.0,https://www.reddit.com/r/lostmedia/comments/1gjeg9z/tmms_found/,WittyAd8260,https://www.reddit.com/r/lostmedia/comments/1gjeg9z/tmms_found/,"!!TMMS [FOUND]!!

The lost wave (unknown) sing dubbed The Most Mysterious Sing (or TMMS) had been an ongoing search since around 1984. The song, having now been rediscovered, turns out to officially be called “Subways Of Your Mind”. User u/marijn1412 had found an old article about old German bands, and had contact the leader of one of them, Phret from the band FEX. The leader of the band had no idea the song was lost. This is great news! Major win for the lost wave and media communities. Even Wikipedia has already updated even though this announcement wasn’t made more than two hours ago. Here’s a good quote from it explaining the finding process. “On November 4th, 2024, exactly 40 years after it was produced, the song was finally identified as Subway Of Your Mind by the German group FEX.
The discovery was made by a Reddit user named marijn1412, who stumbled upon it completely by chance while reading an old archive of Nordwest Zeitung, a German newspaper. He was researching information about old German bands when he happened to uncover the mystery. He then contacted the band’s leader, an artist named Phret, who had no idea that the song had become an online legend.
After the whole situation was explained, Phret and FEX finally gave permission for the revelation to be openly discussed online, bringing the search to an end.” Here's a link to the announcement that they had found it: https://www.reddit.com/r/
TheMysteriousSong/s/THmkHXJ7kL",2024-11-04
1k1dz54,lostmedia,"I’m an ex-digitization specialist at a large company. They are sitting on billions of hours of digitized “lost media,” kept in a cloud [talk]","It’s been a few years, and I will not say the business name but it could be easy to figure out, either way it won’t help to ask for access to anything they have. 

Basically this company I worked for, you digitized people’s old photos/films/tapes/etc. this included TV recordings. 

Customers had options of getting their items sent via DVD, USB, or cloud- now every single video sent to the “cloud” is stored and indexed permanently. 

This is where things get wild. I used to digitize literally 100-200 VHS a day, it was incredibly high volume with orders from all over the world. Often you would have to digitize studio tapes, boxes of pilots or old broadcasts, people’s work reels. 

I remember vividly a work print of “The Country Bears” (2003?) that animatronic bear movie, with half complete effects and someone’s name watermarked on the copy. 

This company…. If you choose “Cloud” is keeping a file of that video. This is tantamount in not only lost media functions, but … retro-algorithmic study and geo-location tagging- potentially useful in solving crimes of the past. 

I would sneakily film my monitors sometimes (big no no) and I basically can’t forget all the old stuff I saw lost to time, but actually not- 

Countless TV broadcasts are digitized- I would sometimes attempt to figure out the date of broadcast. 

I remember digitizing films, 8mm and Super 8mm, and people filmed their TV sets during the moon landing … an infinity of wild stuff is actually out there… waiting to become public domain maybe? 

This company sits on an incredibly large and intricate file of time itself. 

More than people realize is already digitized and just … out there",1101,65,1744899591.0,https://www.reddit.com/r/lostmedia/comments/1k1dz54/im_an_exdigitization_specialist_at_a_large/,FluidSympathy7571,https://www.reddit.com/r/lostmedia/comments/1k1dz54/im_an_exdigitization_specialist_at_a_large/,"I’m an ex-digitization specialist at a large company. They are sitting on billions of hours of digitized “lost media,” kept in a cloud [talk]

It’s been a few years, and I will not say the business name but it could be easy to figure out, either way it won’t help to ask for access to anything they have. 

Basically this company I worked for, you digitized people’s old photos/films/tapes/etc. this included TV recordings. 

Customers had options of getting their items sent via DVD, USB, or cloud- now every single video sent to the “cloud” is stored and indexed permanently. 

This is where things get wild. I used to digitize literally 100-200 VHS a day, it was incredibly high volume with orders from all over the world. Often you would have to digitize studio tapes, boxes of pilots or old broadcasts, people’s work reels. 

I remember vividly a work print of “The Country Bears” (2003?) that animatronic bear movie, with half complete effects and someone’s name watermarked on the copy. 

This company…. If you choose “Cloud” is keeping a file of that video. This is tantamount in not only lost media functions, but … retro-algorithmic study and geo-location tagging- potentially useful in solving crimes of the past. 

I would sneakily film my monitors sometimes (big no no) and I basically can’t forget all the old stuff I saw lost to time, but actually not- 

Countless TV broadcasts are digitized- I would sometimes attempt to figure out the date of broadcast. 

I remember digitizing films, 8mm and Super 8mm, and people filmed their TV sets during the moon landing … an infinity of wild stuff is actually out there… waiting to become public domain maybe? 

This company sits on an incredibly large and intricate file of time itself. 

More than people realize is already digitized and just … out there",2025-04-17
182ndxp,lostmedia,[Found] MAJOR NEWS ABOUT SHREK LOST ANIMATION,"IN MAJOR DEVELOPMENT, an animator involved in the creation of the Shrek test animation has generously released the entire test to the public. The newly accessible version spans a duration of 38 seconds, albeit with audio quality on the lower side. An intriguing revelation accompanies this release, as listeners can now discern that Tom Kenny, widely known for voicing characters like SpongeBob, is not the voice behind the mugger in this particular versionof the short.

This disclosure adds extra layer of interest for Shrek enthusiasts and animation aficionados alike. The significance of this test animation in the development of the beloved Shrek franchise amplifies its value. What was once a behind-the-scenes glimpse for industry insiders has now become a treasure trove for fans seeking to explore the early stages of Shrek's creation. The availability of this version in full HD enhances the viewing experience, providing a clearer window into the animation process that eventually gave rise to one of best characters

Shrek lost media server (propellerhead server)
https://discord.com/invite/Eb9yedKKCZ

Original animator (Barry e jackson)
 https://youtu.be/w5qvMdoxGnc?si=un-IB1EBAVOE9ULv",1051,92,1700813931.0,https://www.reddit.com/r/lostmedia/comments/182ndxp/found_major_news_about_shrek_lost_animation/,AgentCharlesTM,https://www.reddit.com/r/lostmedia/comments/182ndxp/found_major_news_about_shrek_lost_animation/,"[Found] MAJOR NEWS ABOUT SHREK LOST ANIMATION

IN MAJOR DEVELOPMENT, an animator involved in the creation of the Shrek test animation has generously released the entire test to the public. The newly accessible version spans a duration of 38 seconds, albeit with audio quality on the lower side. An intriguing revelation accompanies this release, as listeners can now discern that Tom Kenny, widely known for voicing characters like SpongeBob, is not the voice behind the mugger in this particular versionof the short.

This disclosure adds extra layer of interest for Shrek enthusiasts and animation aficionados alike. The significance of this test animation in the development of the beloved Shrek franchise amplifies its value. What was once a behind-the-scenes glimpse for industry insiders has now become a treasure trove for fans seeking to explore the early stages of Shrek's creation. The availability of this version in full HD enhances the viewing experience, providing a clearer window into the animation process that eventually gave rise to one of best characters

Shrek lost media server (propellerhead server)
https://discord.com/invite/Eb9yedKKCZ

Original animator (Barry e jackson)
 https://youtu.be/w5qvMdoxGnc?si=un-IB1EBAVOE9ULv",2023-11-24
1jo5phx,lostmedia,"[FOUND]Coyote Vs Acme is saved, acquired by Ketchup Entertainment, releasing soon","Ketchup Entertainment have struck a deal with Warner Bros to release the film, there was talks making the rounds a while back, but it appears they have finalized a deal. 

Copy pasted from Variety's official Twitter account:

-----------------------

""Coyote vs. Acme"" has officially been saved by Ketchup Entertainment after Warner Bros. axed its release in 2023.

Gareth West, CEO of Ketchup Entertainment, said: “We’re thrilled to have made a deal with Warner Bros. Pictures to bring this film to audiences worldwide. 'Coyote vs. Acme' is a perfect blend of nostalgia and modern storytelling, capturing the essence of the beloved Looney Tunes characters while introducing them to a new generation. We believe it will resonate with both longtime fans and newcomers alike.”


-----------------------

The deal was $50m

Deadline article link: https://deadline.com/2025/03/coyote-vs-acme-warner-bros-sale-complete-ketchup-1236354552/",1025,50,1743434424.0,https://www.reddit.com/r/lostmedia/comments/1jo5phx/foundcoyote_vs_acme_is_saved_acquired_by_ketchup/,TheNathanNS,https://www.reddit.com/r/lostmedia/comments/1jo5phx/foundcoyote_vs_acme_is_saved_acquired_by_ketchup/,"[FOUND]Coyote Vs Acme is saved, acquired by Ketchup Entertainment, releasing soon

Ketchup Entertainment have struck a deal with Warner Bros to release the film, there was talks making the rounds a while back, but it appears they have finalized a deal. 

Copy pasted from Variety's official Twitter account:

-----------------------

""Coyote vs. Acme"" has officially been saved by Ketchup Entertainment after Warner Bros. axed its release in 2023.

Gareth West, CEO of Ketchup Entertainment, said: “We’re thrilled to have made a deal with Warner Bros. Pictures to bring this film to audiences worldwide. 'Coyote vs. Acme' is a perfect blend of nostalgia and modern storytelling, capturing the essence of the beloved Looney Tunes characters while introducing them to a new generation. We believe it will resonate with both longtime fans and newcomers alike.”


-----------------------

The deal was $50m

Deadline article link: https://deadline.com/2025/03/coyote-vs-acme-warner-bros-sale-complete-ketchup-1236354552/",2025-03-31
1m06fcj,lostmedia,[found] Uncensored footage of the 1986 Fist of the North star movie.,"The uncensored footage was discovered attached to a 35mm print on the main feature, originating from a film collector in Japan, who is assumed to have acquired them from a movie theater there. The feature itself is censored, yet exhibits very rough and poor tape splices precisely at the same points where these uncensored clips begin and end. This strongly suggests that the uncensored segments were physically spliced out from the feature and replaced with their censored counterparts, likely at the theater itself during the film’s exhibition.  
Accordingly, it is inferred that the film was initially distributed by Toei in an uncensored form, but the censored materials were subsequently issued and distributed to theaters, presumably in response to negative feedback about violence shown in the movie, though the exact causes remain unknown. There is practically no chance that it will ever be released in its original uncensored form again.

Link to the uncensored footage: [https://archive.org/details/fist-of-the-north-star-uncensored-footage-4k-35mm-scan](https://archive.org/details/fist-of-the-north-star-uncensored-footage-4k-35mm-scan)",953,42,1752547620.0,https://www.reddit.com/r/lostmedia/comments/1m06fcj/found_uncensored_footage_of_the_1986_fist_of_the/,JohnC-6536,https://www.reddit.com/r/lostmedia/comments/1m06fcj/found_uncensored_footage_of_the_1986_fist_of_the/,"[found] Uncensored footage of the 1986 Fist of the North star movie.

The uncensored footage was discovered attached to a 35mm print on the main feature, originating from a film collector in Japan, who is assumed to have acquired them from a movie theater there. The feature itself is censored, yet exhibits very rough and poor tape splices precisely at the same points where these uncensored clips begin and end. This strongly suggests that the uncensored segments were physically spliced out from the feature and replaced with their censored counterparts, likely at the theater itself during the film’s exhibition.  
Accordingly, it is inferred that the film was initially distributed by Toei in an uncensored form, but the censored materials were subsequently issued and distributed to theaters, presumably in response to negative feedback about violence shown in the movie, though the exact causes remain unknown. There is practically no chance that it will ever be released in its original uncensored form again.

Link to the uncensored footage: [https://archive.org/details/fist-of-the-north-star-uncensored-footage-4k-35mm-scan](https://archive.org/details/fist-of-the-north-star-uncensored-footage-4k-35mm-scan)",2025-07-15
y4fscq,lostmedia,"[FOUND] The lost Spongebob ""got milk"" ad has been found!","https://youtube.com/watch?v=3Ff2sLHXzxI

After over 20 years, the lost Spongebob ""got milk"" commercial has been found! I'm not sure who found it, but it was someone on discord. They had it on a vhs tape

UPDATE: better-quality version from the person who has the vhs tape: https://youtube.com/watch?v=0On_quxxljY&amp;feature=youtu.be",932,76,1665812579.0,https://www.reddit.com/r/lostmedia/comments/y4fscq/found_the_lost_spongebob_got_milk_ad_has_been/,MelsBackupAccount,https://www.reddit.com/r/lostmedia/comments/y4fscq/found_the_lost_spongebob_got_milk_ad_has_been/,"[FOUND] The lost Spongebob ""got milk"" ad has been found!

https://youtube.com/watch?v=3Ff2sLHXzxI

After over 20 years, the lost Spongebob ""got milk"" commercial has been found! I'm not sure who found it, but it was someone on discord. They had it on a vhs tape

UPDATE: better-quality version from the person who has the vhs tape: https://youtube.com/watch?v=0On_quxxljY&amp;feature=youtu.be",2022-10-15
1rs8d26,lostmedia,Missing Doctor Who Episodes Found [Found],"**UPDATED!!!**

Back in late October of last year, Film is Fabulous sat down with Tim Burrows on his Doctor Who The Missing Episodes Podcast.

Going back to 2023, Film is Fabulous had been aware of large collection of films, held by a private film collector who had been in very poor health since Covid.

The large collection contained what was described as up to 10,000 as such films, with some rare/lost important items in it, including a missing episode of Doctor Who and possibly even more.

They revealed, they had been in talks with collector to catalogue his films.

The collector, having agreed upon to let Film is Fabulous catalogue his collection in late October of last year, sadly passed away a mere few days before they could do so.

After more than 4 months going through court, Film is Fabulous successfully gained access to catalogue the collection.

Amongst the items found in his collections were two missing episodes of Doctor Who. The two recovered episodes were The Dalek’s Masterplan Episode 1 Nightmare Begins and Episode 3 Devil’s Planet!

It has been nearly 13 years, a long drought since the last recovery of any missing Doctor Who episode, but that has finally been broken now thanks in due part to Film is Fabulous!

The Daleks’s Masterplan, is a season 3, 12-part story, (That was only ever available for sale as an 11-parter.) that was never sold overseas, it is believed that only one complete set of prints were ever made!

The fact that we have 5 episodes from it now that have somehow survived is nothing short of truly immaculate!

The total count of missing Doctor Who episodes dropped from 97 to now currently 95 missing episodes of Doctor Who.

The episodes feature the first incarnation of the Doctor, played by William Hartnell, tackling a Dalek plan to take over Earth, the solar system and the galaxy in a storyline only ever shown in the UK.

Peter Purves, who played the Doctor's assistant Steven Taylor, was invited to the Phoenix Cinema in Leicester on Wednesday under false pretenses to view the two episodes, and he said: ""My flabber has never been so gasted.""

Restored versions of the episodes will be released on BBC iPlayer this Easter.

The first episode, titled The Nightmare Begins, was part of the third season of Doctor Who and was aired in November 1965.

The second recovered episode, Devil's Planet, was broadcast two weeks later.

The intervening episode, Day of Armageddon, was found in 2004 by a former BBC engineer, meaning fans now have the first three instalments of The Daleks' Master Plan serial.

Written by the creator of the Daleks, Terry Nation, the serial starred Hartnell and Purves alongside an early appearance by Nicholas Courtney as Bret Vyon, Adrienne Hill as Katarina, and Kevin Stoney as Mavic Chen.

Courtney would go on to play recurring character, The Brigadier.

It was later found out after cataloging the collection, that it was not 10,000 film cans, but rounding up around 6,000 film cans.

The late private film collector also had an additional four episodes of existing Doctor Who episodes.

They were the following: The Daleks Episode 2, The Daleks Episode 3, The Web Planet Episode 1, and The Chase Episode 1.

The late collector was said to be delighted in returning the Doctor Who prints back before he passed.

Sadly, more than half of the Dalek’s Master Plan remains missing to this day, but thanks to Film is Fabulous, we now have an additional two installments thanks to them, and this anonymous late film collector!

For that, I thank him, and thank you to you as well Film is Fabulous!

Source: [https://www.bbc.com/news/articles/c4g7kwq1k11o](https://www.bbc.com/news/articles/c4g7kwq1k11o)",930,97,1773361521.0,https://www.reddit.com/r/lostmedia/comments/1rs8d26/missing_doctor_who_episodes_found_found/,Paintwarsarmy,https://www.reddit.com/r/lostmedia/comments/1rs8d26/missing_doctor_who_episodes_found_found/,"Missing Doctor Who Episodes Found [Found]

**UPDATED!!!**

Back in late October of last year, Film is Fabulous sat down with Tim Burrows on his Doctor Who The Missing Episodes Podcast.

Going back to 2023, Film is Fabulous had been aware of large collection of films, held by a private film collector who had been in very poor health since Covid.

The large collection contained what was described as up to 10,000 as such films, with some rare/lost important items in it, including a missing episode of Doctor Who and possibly even more.

They revealed, they had been in talks with collector to catalogue his films.

The collector, having agreed upon to let Film is Fabulous catalogue his collection in late October of last year, sadly passed away a mere few days before they could do so.

After more than 4 months going through court, Film is Fabulous successfully gained access to catalogue the collection.

Amongst the items found in his collections were two missing episodes of Doctor Who. The two recovered episodes were The Dalek’s Masterplan Episode 1 Nightmare Begins and Episode 3 Devil’s Planet!

It has been nearly 13 years, a long drought since the last recovery of any missing Doctor Who episode, but that has finally been broken now thanks in due part to Film is Fabulous!

The Daleks’s Masterplan, is a season 3, 12-part story, (That was only ever available for sale as an 11-parter.) that was never sold overseas, it is believed that only one complete set of prints were ever made!

The fact that we have 5 episodes from it now that have somehow survived is nothing short of truly immaculate!

The total count of missing Doctor Who episodes dropped from 97 to now currently 95 missing episodes of Doctor Who.

The episodes feature the first incarnation of the Doctor, played by William Hartnell, tackling a Dalek plan to take over Earth, the solar system and the galaxy in a storyline only ever shown in the UK.

Peter Purves, who played the Doctor's assistant Steven Taylor, was invited to the Phoenix Cinema in Leicester on Wednesday under false pretenses to view the two episodes, and he said: ""My flabber has never been so gasted.""

Restored versions of the episodes will be released on BBC iPlayer this Easter.

The first episode, titled The Nightmare Begins, was part of the third season of Doctor Who and was aired in November 1965.

The second recovered episode, Devil's Planet, was broadcast two weeks later.

The intervening episode, Day of Armageddon, was found in 2004 by a former BBC engineer, meaning fans now have the first three instalments of The Daleks' Master Plan serial.

Written by the creator of the Daleks, Terry Nation, the serial starred Hartnell and Purves alongside an early appearance by Nicholas Courtney as Bret Vyon, Adrienne Hill as Katarina, and Kevin Stoney as Mavic Chen.

Courtney would go on to play recurring character, The Brigadier.

It was later found out after cataloging the collection, that it was not 10,000 film cans, but rounding up around 6,000 film cans.

The late private film collector also had an additional four episodes of existing Doctor Who episodes.

They were the following: The Daleks Episode 2, The Daleks Episode 3, The Web Planet Episode 1, and The Chase Episode 1.

The late collector was said to be delighted in returning the Doctor Who prints back before he passed.

Sadly, more than half of the Dalek’s Master Plan remains missing to this day, but thanks to Film is Fabulous, we now have an additional two installments thanks to them, and this anonymous late film collector!

For that, I thank him, and thank you to you as well Film is Fabulous!

Source: [https://www.bbc.com/news/articles/c4g7kwq1k11o](https://www.bbc.com/news/articles/c4g7kwq1k11o)",2026-03-13
1ecqesx,lostmedia,[fully lost] Charlie the Steak ,"Charlie the Steak was a mobile game for the AppStore who came out around 2013/14. It was a game where you had to beat up a piece of steak with a face on it. It was removed from the AppStore in 2015 because it was too gorey (not sure about that). On the X page of the company who made It (DynamicDust)  there are a lot of posts about It with links to images of the game or videos about the gameplay (https://youtu.be/_N4AFiFqUHk?si=z9eM25RiQ1ElF5Uz) and various link to the AppStore or ITunes for downloading the game. If any of you have a IOS device try to open those links and see where It take you. 

Let's find this game!

bit.ly/charliethesteak (Link for the AppStore) 

https://x.com/DynamicDust/status/520605213682831360?t=oZ4bdz9-xJeP3re1nAc_pg&amp;s=19 (X post with iTunes link)",839,506,1722006416.0,https://www.reddit.com/r/lostmedia/comments/1ecqesx/fully_lost_charlie_the_steak/,leonmaz,https://www.reddit.com/r/lostmedia/comments/1ecqesx/fully_lost_charlie_the_steak/,"[fully lost] Charlie the Steak 

Charlie the Steak was a mobile game for the AppStore who came out around 2013/14. It was a game where you had to beat up a piece of steak with a face on it. It was removed from the AppStore in 2015 because it was too gorey (not sure about that). On the X page of the company who made It (DynamicDust)  there are a lot of posts about It with links to images of the game or videos about the gameplay (https://youtu.be/_N4AFiFqUHk?si=z9eM25RiQ1ElF5Uz) and various link to the AppStore or ITunes for downloading the game. If any of you have a IOS device try to open those links and see where It take you. 

Let's find this game!

bit.ly/charliethesteak (Link for the AppStore) 

https://x.com/DynamicDust/status/520605213682831360?t=oZ4bdz9-xJeP3re1nAc_pg&amp;s=19 (X post with iTunes link)",2024-07-26
1pouak0,lostmedia,[found] Lost Sega Channel content recovered after decades reveals over 140 previously unseen Mega Drive games,"A significant discovery came to light in the field of video game preservation: more than 140 games associated with the Sega Channel, Sega’s digital distribution service from the 1990s, have been recovered after having been considered lost for decades. The Sega Channel operated between 1994 and 1998 on the Mega Drive/Genesis and allowed users to download games temporarily via cable television, which caused much of its catalog to disappear once the service was discontinued.

The recovery was made possible through access to original backup tapes and archival materials kept by former employees involved in the service’s operation, later organized by preservation initiatives. Among the recovered content are exclusive ROMs, alternative versions of well-known games, prototypes, and titles that were never officially released on cartridge. In several cases, these versions include extra stages, adjustments made specifically for the Sega Channel format, or content that does not exist in any other commercial release.

Beyond its technical relevance, the discovery is historically significant, as the Sega Channel can be seen as a precursor to modern digital distribution and subscription-based gaming services. Recovering this material prevents the permanent loss of an important chapter in the industry’s history and highlights the importance of digital preservation in safeguarding video game cultural heritage.

https://gamehistory.org/segachannel/

https://www.digitalfoundry.net/news/2025/12/sega-channel-preserved-over-140-mega-drive-roms-recovered",837,50,1765971139.0,https://www.reddit.com/r/lostmedia/comments/1pouak0/found_lost_sega_channel_content_recovered_after/,Billy_Bayou233,https://www.reddit.com/r/lostmedia/comments/1pouak0/found_lost_sega_channel_content_recovered_after/,"[found] Lost Sega Channel content recovered after decades reveals over 140 previously unseen Mega Drive games

A significant discovery came to light in the field of video game preservation: more than 140 games associated with the Sega Channel, Sega’s digital distribution service from the 1990s, have been recovered after having been considered lost for decades. The Sega Channel operated between 1994 and 1998 on the Mega Drive/Genesis and allowed users to download games temporarily via cable television, which caused much of its catalog to disappear once the service was discontinued.

The recovery was made possible through access to original backup tapes and archival materials kept by former employees involved in the service’s operation, later organized by preservation initiatives. Among the recovered content are exclusive ROMs, alternative versions of well-known games, prototypes, and titles that were never officially released on cartridge. In several cases, these versions include extra stages, adjustments made specifically for the Sega Channel format, or content that does not exist in any other commercial release.

Beyond its technical relevance, the discovery is historically significant, as the Sega Channel can be seen as a precursor to modern digital distribution and subscription-based gaming services. Recovering this material prevents the permanent loss of an important chapter in the industry’s history and highlights the importance of digital preservation in safeguarding video game cultural heritage.

https://gamehistory.org/segachannel/

https://www.digitalfoundry.net/news/2025/12/sega-channel-preserved-over-140-mega-drive-roms-recovered",2025-12-17
16ok8qv,lostmedia,[Fully Lost] Accidental airing of a nude actress during Teletubbies in 2000,"GMA, a TV channel in the Philippines, ""accidentally"" showed a nude picture of 90's adult actress Rosanna Roces while airing Teletubbies. I remember seeing this exact broadcast as a kid. I have not found any recordings of this incident nor the exact picture that was shown.

I remember she was posed like this: https://imgur.com/a/ZNkz9mJ


Excerpt from BBC article:
&gt;  The X-rated adventures of the Teletubbies and their semi-nude sidekick may be unfamiliar in much of the world.
&gt;
&gt; But while millions of children revel in their colourful, if rather tame, adventures, one broadcaster has taken the hit show into more adult realms.
&gt;
&gt; A major Philippine TV station has added a fifth Teletubby in the form of a partially nude actress - and earned the wrath of regulators. 
&gt;
&gt; ...
&gt;
&gt;  A GMA official said the photograph was broadcast for eight seconds when an employee who was helping repair a computer accidentally pressed a button on a panel. 

http://news.bbc.co.uk/2/hi/asia-pacific/621017.stm",815,37,1695313441.0,https://www.reddit.com/r/lostmedia/comments/16ok8qv/fully_lost_accidental_airing_of_a_nude_actress/,[deleted],https://www.reddit.com/r/lostmedia/comments/16ok8qv/fully_lost_accidental_airing_of_a_nude_actress/,"[Fully Lost] Accidental airing of a nude actress during Teletubbies in 2000

GMA, a TV channel in the Philippines, ""accidentally"" showed a nude picture of 90's adult actress Rosanna Roces while airing Teletubbies. I remember seeing this exact broadcast as a kid. I have not found any recordings of this incident nor the exact picture that was shown.

I remember she was posed like this: https://imgur.com/a/ZNkz9mJ


Excerpt from BBC article:
&gt;  The X-rated adventures of the Teletubbies and their semi-nude sidekick may be unfamiliar in much of the world.
&gt;
&gt; But while millions of children revel in their colourful, if rather tame, adventures, one broadcaster has taken the hit show into more adult realms.
&gt;
&gt; A major Philippine TV station has added a fifth Teletubby in the form of a partially nude actress - and earned the wrath of regulators. 
&gt;
&gt; ...
&gt;
&gt;  A GMA official said the photograph was broadcast for eight seconds when an employee who was helping repair a computer accidentally pressed a button on a panel. 

http://news.bbc.co.uk/2/hi/asia-pacific/621017.stm",2023-09-21
1lyg50y,lostmedia,"[fully lost] Need to find my older brother's YouTube song video of 'where will you sleep last night.'. Please.. For real, please","My brother was born April 5th, 1987. Died September 28thish, 2013. He had a couple videos on YouTube, including some with his daughter/my niece.

I know he has some music videos on YouTube but I just can't fucking find them and I miss him so much. His name is Derek Rhys Miller. His daughter is Shia Johnson.

He passed in 2013 I think. He did a cover of where will you sleep let night that he poured his soul into. I just want to see him again. Even if it's just that. 

Please z please help",809,6,1752368625.0,https://www.reddit.com/r/lostmedia/comments/1lyg50y/fully_lost_need_to_find_my_older_brothers_youtube/,zlimK,https://www.reddit.com/r/lostmedia/comments/1lyg50y/fully_lost_need_to_find_my_older_brothers_youtube/,"[fully lost] Need to find my older brother's YouTube song video of 'where will you sleep last night.'. Please.. For real, please

My brother was born April 5th, 1987. Died September 28thish, 2013. He had a couple videos on YouTube, including some with his daughter/my niece.

I know he has some music videos on YouTube but I just can't fucking find them and I miss him so much. His name is Derek Rhys Miller. His daughter is Shia Johnson.

He passed in 2013 I think. He did a cover of where will you sleep let night that he poured his soul into. I just want to see him again. Even if it's just that. 

Please z please help",2025-07-13
1chuo76,lostmedia,"[Talk] Just because it's not in your preferred format, doesn't mean it's Lost Media","A few weeks back, someone came here asking for help finding a supposedly Lost film. Within two minutes I found multiple websites selling the film on DVD. The response was ""DVD?! I meant streaming!"".  
  
Too many people these days think Inconvenient Media is the same as Lost Media. It isn't.   
  
Paid Media and Lost Media are two different things. Just because you have to pay for it doesn't mean it's Lost.   
  
Rare Media and Lost Media are two different things. Just because you have to put a bit of effort in and look outside Netflix, doesn't mean it's Lost.

Physical Media and Lost Media are two different things. When there's a DVD staring you in the face, it's not Lost Media.  
  
Lost Media is when it's Lost. Wiped. Deleted. Destroyed. Non-existent. When there isn't any known copy on any format.  

Lost Media isn't when it's not on Youtube. By that definition, everything was Lost Media before 2005, and it wasn't.",811,101,1714591159.0,https://www.reddit.com/r/lostmedia/comments/1chuo76/talk_just_because_its_not_in_your_preferred/,Six_of_1,https://www.reddit.com/r/lostmedia/comments/1chuo76/talk_just_because_its_not_in_your_preferred/,"[Talk] Just because it's not in your preferred format, doesn't mean it's Lost Media

A few weeks back, someone came here asking for help finding a supposedly Lost film. Within two minutes I found multiple websites selling the film on DVD. The response was ""DVD?! I meant streaming!"".  
  
Too many people these days think Inconvenient Media is the same as Lost Media. It isn't.   
  
Paid Media and Lost Media are two different things. Just because you have to pay for it doesn't mean it's Lost.   
  
Rare Media and Lost Media are two different things. Just because you have to put a bit of effort in and look outside Netflix, doesn't mean it's Lost.

Physical Media and Lost Media are two different things. When there's a DVD staring you in the face, it's not Lost Media.  
  
Lost Media is when it's Lost. Wiped. Deleted. Destroyed. Non-existent. When there isn't any known copy on any format.  

Lost Media isn't when it's not on Youtube. By that definition, everything was Lost Media before 2005, and it wasn't.",2024-05-01
l236ax,lostmedia,As a child I starred in an unaired pilot with SteveO from Jackass and can't find it anywhere.,"Soooo, post Jackass, the entire Jackass crew kind of left to do their own things. Steve-O, in his ever expanding quest for fame, did a few live tours, released a few DVDs (which he later said he regretted) and got a whippit addiction. After these were done He decided to pitch a show that was essentially a ""Jackass with kids""...


That's where I come in. His [sister](https://youtu.be/V7iT2pSSVGY?t=170), who was a teacher at my arts middle school basically asked her best and highest grade students to star in the pilot. I was picked and we immediately started filming on a Saturday in Lake Worth Florida.

The episode consisted of:

*A towling whipping contest on Steve-o's back (the producer taught us how to properly whip a towel, a practice I still use to this day).

*A slip and slide contest of ketchup and mustard

*A boys vs girls pie eating contest with some pies being full of spaghettios

*A softball game with Steve-Os head as the tee


Unfortunately, I can't find anything about this online. Steve-O has given many interviews and even has a podcast but I can't find any reference to this pilot or if it ever actually existed....even though I was there for it.

I found these IMDB links for it but nothing filled in, and I can't tell if they are related to the show I was on:

[IMDB 1](https://www.imdb.com/title/tt0889586/)

[IMDB 2](https://www.imdb.com/title/tt0889586/fullcredits)

In my googling I found this (and a few other announcements) talking about [USA Networks picking up a similarly titled show](https://www.nexttv.com/news/usa-packs-camp-steve-o-370478)

However, the show described there is nothing like the show I was a part of. What makes the rabbit hole MORE interesting is the production company announced for the series is Bunim-Murray Productions. This is the same production company that created The Real World and other MTV reality shows. This is interesting because I distinctly remember one of the female cast members from The Real World being there on the set but never actually appearing on camera. So it leads me to believe they might be related? I dunno... just a thought.

Now.... the show that is described above DOES fit one of Steve-Os.... errr.... less than stellar attempts at maintaining fame post Jackass.

Dr.SteveO is a show where SteveO travels around the country with a ""nurse"" and ""de-wussifys"" men through stunts... It only lasted like 7 episodes and...it just wasn't good. This show premiered in 2007 one year after the USA Network's Camp SteveO announcement.

I am not totally sure when the show I was a part of was shot, however I do know that SteveO launched his own shoe brand in 2005 called Sneaux shoes. I remember on the show him wearing a pair and telling us he was about a year out from making them available to buy. He ended up giving me one of them after the ketchup &amp; mustard slip n slide event, since he was going to throw them out anyway. So, that means the show I was a part of was shot sometime in 2004 at the latest.

Anyway, that's all I got. I just wanted to put this into the internet and see if anyone knows how I can request a copy or find out what exactly happened.

SteveO is pretty vocal and interacts with his fans a lot, so we have a good chance of solving this one it seems.",789,22,1611250260.0,https://www.reddit.com/r/lostmedia/comments/l236ax/as_a_child_i_starred_in_an_unaired_pilot_with/,PurdyCrafty,https://www.reddit.com/r/lostmedia/comments/l236ax/as_a_child_i_starred_in_an_unaired_pilot_with/,"As a child I starred in an unaired pilot with SteveO from Jackass and can't find it anywhere.

Soooo, post Jackass, the entire Jackass crew kind of left to do their own things. Steve-O, in his ever expanding quest for fame, did a few live tours, released a few DVDs (which he later said he regretted) and got a whippit addiction. After these were done He decided to pitch a show that was essentially a ""Jackass with kids""...


That's where I come in. His [sister](https://youtu.be/V7iT2pSSVGY?t=170), who was a teacher at my arts middle school basically asked her best and highest grade students to star in the pilot. I was picked and we immediately started filming on a Saturday in Lake Worth Florida.

The episode consisted of:

*A towling whipping contest on Steve-o's back (the producer taught us how to properly whip a towel, a practice I still use to this day).

*A slip and slide contest of ketchup and mustard

*A boys vs girls pie eating contest with some pies being full of spaghettios

*A softball game with Steve-Os head as the tee


Unfortunately, I can't find anything about this online. Steve-O has given many interviews and even has a podcast but I can't find any reference to this pilot or if it ever actually existed....even though I was there for it.

I found these IMDB links for it but nothing filled in, and I can't tell if they are related to the show I was on:

[IMDB 1](https://www.imdb.com/title/tt0889586/)

[IMDB 2](https://www.imdb.com/title/tt0889586/fullcredits)

In my googling I found this (and a few other announcements) talking about [USA Networks picking up a similarly titled show](https://www.nexttv.com/news/usa-packs-camp-steve-o-370478)

However, the show described there is nothing like the show I was a part of. What makes the rabbit hole MORE interesting is the production company announced for the series is Bunim-Murray Productions. This is the same production company that created The Real World and other MTV reality shows. This is interesting because I distinctly remember one of the female cast members from The Real World being there on the set but never actually appearing on camera. So it leads me to believe they might be related? I dunno... just a thought.

Now.... the show that is described above DOES fit one of Steve-Os.... errr.... less than stellar attempts at maintaining fame post Jackass.

Dr.SteveO is a show where SteveO travels around the country with a ""nurse"" and ""de-wussifys"" men through stunts... It only lasted like 7 episodes and...it just wasn't good. This show premiered in 2007 one year after the USA Network's Camp SteveO announcement.

I am not totally sure when the show I was a part of was shot, however I do know that SteveO launched his own shoe brand in 2005 called Sneaux shoes. I remember on the show him wearing a pair and telling us he was about a year out from making them available to buy. He ended up giving me one of them after the ketchup &amp; mustard slip n slide event, since he was going to throw them out anyway. So, that means the show I was a part of was shot sometime in 2004 at the latest.

Anyway, that's all I got. I just wanted to put this into the internet and see if anyone knows how I can request a copy or find out what exactly happened.

SteveO is pretty vocal and interacts with his fans a lot, so we have a good chance of solving this one it seems.",2021-01-21
1rafmej,lostmedia,"The Amazing Criswell Predicts the JFK Assassination on The Jack Paar Program March 1st, 1963 [fully lost]","The Amazing Criswell was a psychic who made crazy and insane predictions during the 50s and 60s. On his [Wikipedia Page](https://en.wikipedia.org/wiki/The_Amazing_Criswell), it lists that one of his predictions was that John F. Kennedy would be unable to run for the 1964 election as ""something"" would happen to him in November of 1963. The word ""something"" on Wikipedia links to the page on the JFK assassination. I was astounded that perhaps one of his few correct predictions would be something as historically important as the JFK assassination so I dug deeper. The source for this claim was an [interview](https://web.archive.org/web/20180825183407/http://c-e-n-t-e-r.com/ed_interview.html) with Criswell biographer Edwin L. Canfield who claims it happened on The Jack Paar Show in March of 1963. I reached out to him on his [Instagram ](https://www.instagram.com/forbiddenpredictions?igsh=MWRsZXpwaHo5dXRjcA==)but he hasn't replied. Doing my own research, I found the episode is listed on [IMDB](https://www.imdb.com/title/tt2536768/) as having occurred on March 1st, 1963. I have searched high and low for this episode but I cannot seem to find it. The closest I have gotten is a YouTube video that is a recording of his appearance on the show on October 25th, 1963. In the [video](https://youtu.be/3WTkKv6lrVU?si=nUY7kh43NgdZg15F&amp;t=120), Jack Paar references a previous prediction on his show which may have occurred on the March 1st episode. Hopefully I or someone else can find it!

Update (2/23/2026): Thank you all for the help! I was not expecting this post to garner as much attention as it did and there are many new leads thanks to you all. The most promising I've seen is trying to find it at the Paley Center as they have the March 1st episode and several other Jack Paar/Criswell episodes as well! This lead was given by u/grimsb! The search continues and I will update this post as the search goes on!",790,58,1771642109.0,https://www.reddit.com/r/lostmedia/comments/1rafmej/the_amazing_criswell_predicts_the_jfk/,tadpoleretriever,https://www.reddit.com/r/lostmedia/comments/1rafmej/the_amazing_criswell_predicts_the_jfk/,"The Amazing Criswell Predicts the JFK Assassination on The Jack Paar Program March 1st, 1963 [fully lost]

The Amazing Criswell was a psychic who made crazy and insane predictions during the 50s and 60s. On his [Wikipedia Page](https://en.wikipedia.org/wiki/The_Amazing_Criswell), it lists that one of his predictions was that John F. Kennedy would be unable to run for the 1964 election as ""something"" would happen to him in November of 1963. The word ""something"" on Wikipedia links to the page on the JFK assassination. I was astounded that perhaps one of his few correct predictions would be something as historically important as the JFK assassination so I dug deeper. The source for this claim was an [interview](https://web.archive.org/web/20180825183407/http://c-e-n-t-e-r.com/ed_interview.html) with Criswell biographer Edwin L. Canfield who claims it happened on The Jack Paar Show in March of 1963. I reached out to him on his [Instagram ](https://www.instagram.com/forbiddenpredictions?igsh=MWRsZXpwaHo5dXRjcA==)but he hasn't replied. Doing my own research, I found the episode is listed on [IMDB](https://www.imdb.com/title/tt2536768/) as having occurred on March 1st, 1963. I have searched high and low for this episode but I cannot seem to find it. The closest I have gotten is a YouTube video that is a recording of his appearance on the show on October 25th, 1963. In the [video](https://youtu.be/3WTkKv6lrVU?si=nUY7kh43NgdZg15F&amp;t=120), Jack Paar references a previous prediction on his show which may have occurred on the March 1st episode. Hopefully I or someone else can find it!

Update (2/23/2026): Thank you all for the help! I was not expecting this post to garner as much attention as it did and there are many new leads thanks to you all. The most promising I've seen is trying to find it at the Paley Center as they have the March 1st episode and several other Jack Paar/Criswell episodes as well! This lead was given by u/grimsb! The search continues and I will update this post as the search goes on!",2026-02-21
kivfs4,lostmedia,The lost Bob the Builder test pilot has finally been found!,[Here is the link to the test pilot on the internet archive!](https://archive.org/details/bob-the-builder-pilot-compressed),771,30,1608738594.0,https://www.reddit.com/r/lostmedia/comments/kivfs4/the_lost_bob_the_builder_test_pilot_has_finally/,[deleted],https://www.reddit.com/r/lostmedia/comments/kivfs4/the_lost_bob_the_builder_test_pilot_has_finally/,"The lost Bob the Builder test pilot has finally been found!

[Here is the link to the test pilot on the internet archive!](https://archive.org/details/bob-the-builder-pilot-compressed)",2020-12-23
1cddoip,lostmedia,[Found] Several Disney TVA Pilots Leaked,"EDIT 7: I'm pretty sure I got banned from making new posts for this (by Reddit, not the sub), so I hope y'all enjoy

EDIT 6: New pilot has been uploaded!

[The Rapscallions Leak](https://youtu.be/bfBpHqn9x0E?si=E0pMa7l_bRdZdpMG)

Another pilot and pitch have also been added to the Mega folder 

EDIT 5: MASSIVE FOLDER OF ALL THE PITCH LEAKS AND PILOTS ON [MEGA](https://mega.nz/folder/EBhFkYJb#vIeABlpQuRB4U1xpyAL_DQ)

EDIT 4: Derp has uploaded two more pilots!

[Club Sandwich Pilot](https://youtu.be/xePOrbqK0to?si=WKK1WyeDRe_6T01P)

[Mega Mega Whoosh Pilot](https://youtu.be/WcTXZQ8diAI?si=vQ_L0eWAbSclPFbz)

EDIT 3: Any taken down pilots can likely be found [here](https://archive.org/search?query=creator%3A%22Derps%22) on Internet Archive, as well as a [torrent](https://archive.org/details/Disney-TVA--Pilots_202404) for all of these pilots

EDIT 2: A [playlist](https://youtube.com/playlist?list=PLlNJa9YhmgqaIWgE2Pemc-Wy6bR-Jx5Eg&amp;si=vh8JwFv7cpVaHhOc) has been made featuring all the leaked pilots currently available, with some being added as recently as a few minutes ago. The Kid Cosmic pilot is probably the most notable one of these recently uploaded pilots. Be quick as these pilots are already starting to be taken down (Wander and a few others are gone)

EDIT: ANOTHER CHANNEL UPLOADING PILOTS HAS BEEN DISCOVERED ""[EPCOT BARRY](https://youtube.com/@EPCOTBARRY?si=EZjmsyXU-W3jKNp8)"". These pilots include

[Milo Murphy's Law Pilot](https://youtu.be/6TEyqsXQvYE?si=fKyfxhWzx_tjHup4)

[Kick Buttowski Pilot](https://youtu.be/FBC9o2yeqSs?si=BhIqz8S-BZw1Lsx_)

[Fish Hooks Pilot](https://youtu.be/YKEPhMI_jXE?si=ZAu5M5LqMrdfxvvF)

On top of that, a channel called [some random dumbass](https://youtube.com/@justanotherkifffan?si=VQXiOsrxQr-1rIoh) uploaded this:

[(Donk) Kiff Original Pilot](https://youtu.be/0HVpVmKz7_k?si=Fq_y_V6fhurf3akz)

Several Disney TV Animation pilots have recently been leaked and uploaded to YouTube on a channel called ""[derps](https://youtube.com/@Derpsic?si=cYG_U1J-NqgIsSDi)"". This includes never before seen pilots for Wander Over Yonder, Big City Greens, The Owl House, and more. There's also several pilots for shows that were either never greenlit or have yet to be greenlit. Previously we had only animatics, screenshots, or literally nothing for a lot of these pilots. I will link each of the recently uploaded pilots below for convenience (and to hopefully reach the absurd word count)

[Randy Cunningham: 9th Grade Ninja Pilot](https://youtu.be/YGaKs-RSEsk?si=0KUGRsDVkep3rZQb)

[Next Time On Gravity Falls](https://youtu.be/FnrM12G0rQU?si=ehBd8D9P1iEwX6Uv)

[Wander Over Yonder Pilot](https://youtu.be/Oo5wx5Nku1s?si=RyArLUcFWVJqtSAW)

[Very Important House Pilot](https://youtu.be/mIQm5tu-4Lw?si=nryEjJZ1HyZdAf0R)

[The Ghost &amp; Golly Mcgee Pilot](https://youtu.be/6t96P5Iz9hc?si=jgpVRjJnctorZ0-A)

[Big City Greens Pilot](https://youtu.be/UlpJfzT6m_0?si=8hl--7EGkm4HtzTI)

[Amphibialand Pilot](https://youtu.be/ANYQ--H_M2M?si=gDb_8CWRiTkJvsGD)

[The Owl House Pilot](https://youtu.be/ypFDgn9JpP4?si=t4Z3Z6DiF0X8y6bu)

[The Beverly Hills Chihuahua Pilot](https://youtu.be/QefJu2xEwQ0?si=1dHDAtciRYwob7xQ)

[The 7D Pilot](https://youtu.be/5VjbtVLdNfE?si=5nM-eflm1-N5N2dx)

Apparently this is still not enough words so here I shall include some opinions on the Wander Over Yonder pilot: I think Sylvia's design and demeanor are much worse here and that generally the final show makes some much needed quality of life improvements.",775,79,1714110186.0,https://www.reddit.com/r/lostmedia/comments/1cddoip/found_several_disney_tva_pilots_leaked/,SpaceFluttershy,https://www.reddit.com/r/lostmedia/comments/1cddoip/found_several_disney_tva_pilots_leaked/,"[Found] Several Disney TVA Pilots Leaked

EDIT 7: I'm pretty sure I got banned from making new posts for this (by Reddit, not the sub), so I hope y'all enjoy

EDIT 6: New pilot has been uploaded!

[The Rapscallions Leak](https://youtu.be/bfBpHqn9x0E?si=E0pMa7l_bRdZdpMG)

Another pilot and pitch have also been added to the Mega folder 

EDIT 5: MASSIVE FOLDER OF ALL THE PITCH LEAKS AND PILOTS ON [MEGA](https://mega.nz/folder/EBhFkYJb#vIeABlpQuRB4U1xpyAL_DQ)

EDIT 4: Derp has uploaded two more pilots!

[Club Sandwich Pilot](https://youtu.be/xePOrbqK0to?si=WKK1WyeDRe_6T01P)

[Mega Mega Whoosh Pilot](https://youtu.be/WcTXZQ8diAI?si=vQ_L0eWAbSclPFbz)

EDIT 3: Any taken down pilots can likely be found [here](https://archive.org/search?query=creator%3A%22Derps%22) on Internet Archive, as well as a [torrent](https://archive.org/details/Disney-TVA--Pilots_202404) for all of these pilots

EDIT 2: A [playlist](https://youtube.com/playlist?list=PLlNJa9YhmgqaIWgE2Pemc-Wy6bR-Jx5Eg&amp;si=vh8JwFv7cpVaHhOc) has been made featuring all the leaked pilots currently available, with some being added as recently as a few minutes ago. The Kid Cosmic pilot is probably the most notable one of these recently uploaded pilots. Be quick as these pilots are already starting to be taken down (Wander and a few others are gone)

EDIT: ANOTHER CHANNEL UPLOADING PILOTS HAS BEEN DISCOVERED ""[EPCOT BARRY](https://youtube.com/@EPCOTBARRY?si=EZjmsyXU-W3jKNp8)"". These pilots include

[Milo Murphy's Law Pilot](https://youtu.be/6TEyqsXQvYE?si=fKyfxhWzx_tjHup4)

[Kick Buttowski Pilot](https://youtu.be/FBC9o2yeqSs?si=BhIqz8S-BZw1Lsx_)

[Fish Hooks Pilot](https://youtu.be/YKEPhMI_jXE?si=ZAu5M5LqMrdfxvvF)

On top of that, a channel called [some random dumbass](https://youtube.com/@justanotherkifffan?si=VQXiOsrxQr-1rIoh) uploaded this:

[(Donk) Kiff Original Pilot](https://youtu.be/0HVpVmKz7_k?si=Fq_y_V6fhurf3akz)

Several Disney TV Animation pilots have recently been leaked and uploaded to YouTube on a channel called ""[derps](https://youtube.com/@Derpsic?si=cYG_U1J-NqgIsSDi)"". This includes never before seen pilots for Wander Over Yonder, Big City Greens, The Owl House, and more. There's also several pilots for shows that were either never greenlit or have yet to be greenlit. Previously we had only animatics, screenshots, or literally nothing for a lot of these pilots. I will link each of the recently uploaded pilots below for convenience (and to hopefully reach the absurd word count)

[Randy Cunningham: 9th Grade Ninja Pilot](https://youtu.be/YGaKs-RSEsk?si=0KUGRsDVkep3rZQb)

[Next Time On Gravity Falls](https://youtu.be/FnrM12G0rQU?si=ehBd8D9P1iEwX6Uv)

[Wander Over Yonder Pilot](https://youtu.be/Oo5wx5Nku1s?si=RyArLUcFWVJqtSAW)

[Very Important House Pilot](https://youtu.be/mIQm5tu-4Lw?si=nryEjJZ1HyZdAf0R)

[The Ghost &amp; Golly Mcgee Pilot](https://youtu.be/6t96P5Iz9hc?si=jgpVRjJnctorZ0-A)

[Big City Greens Pilot](https://youtu.be/UlpJfzT6m_0?si=8hl--7EGkm4HtzTI)

[Amphibialand Pilot](https://youtu.be/ANYQ--H_M2M?si=gDb_8CWRiTkJvsGD)

[The Owl House Pilot](https://youtu.be/ypFDgn9JpP4?si=t4Z3Z6DiF0X8y6bu)

[The Beverly Hills Chihuahua Pilot](https://youtu.be/QefJu2xEwQ0?si=1dHDAtciRYwob7xQ)

[The 7D Pilot](https://youtu.be/5VjbtVLdNfE?si=5nM-eflm1-N5N2dx)

Apparently this is still not enough words so here I shall include some opinions on the Wander Over Yonder pilot: I think Sylvia's design and demeanor are much worse here and that generally the final show makes some much needed quality of life improvements.",2024-04-26
y7nncc,lettertomyex,a letter to my ex,"I lay here, past midnight, and I suddenly realise; I can't remember what your face looks like. I keep trying to picture it. It all scrunched up when you laughed,  or how it contorted when you cried or shouted, or some mix of both- as you so often did. 

I frantically scramble through my gallery. Nothing. My decision to delete every shred of evidence you existed seemed so logical at the time, but now I fear I'll never remember your face. I close my eyes and and picture you holding my face in hands. Nothing. A blur. 

WhatsApp. You're blocked of course, the past month a scattering of blocking and unblocking, a reminder of my lapses in judgement and relapses in my addiction to the way you made me feel. But you haven't blocked me, and there it is. Sullen and sunken. It's a new picture. You've lost a lot of weight. I find myself worrying if you're feeding yourself, taking too many drugs or getting any sleep. But that's not my responsibility anymore. I have the freedom I craved and in this one moment I wish to be back in the cage I freed myself from. 

Just for a moment, I long to be held in your arms again. On our sofa, in our house, watching tv and laughing. One of those rare and perfect moments that makes me think this is what life is about. The calm I could take shelter in the constant storm that was our relationship. I imagined your mental health issues as a hurricane that devastated the land of our love. But you,  government aid that you refused to give. You refused to work on yourself, to learn anything new that would help us. To communicate with me and try techniques for dealing with your messy head. There are so many people out there with issues and they DEAL WITH IT SO WHY COULDNT YOU!?!? I LOVED YOU SO MUCH I WORSHIPPED THE GROUND YOU WALKED ON I DID NOTHING BUT TAKE CARE OF YOU AND LOVE YOU AND GIVE MYSELF TO YOU WHOLLY AND UNCONDITIONALLY AND ALL YOU DID WAS THROW IT BACK IN MY FACE! In one breath you'd tell me you didn't deserve me, and the next you'd prove it. 

So why did I stay so long? Because there were moments. Glimmers. Where I'd see you. That cheeky smile, a tickle fight and a warm embrace. A clean house when I left a dirty one. A cuddle in the kitchen while we laughed and cooked together. 

Now all I remember is the gloom. The atmosphere of anxiety and tension you created when you walked in the room with that miserable look on your face. How you loudly announced that you didn't want to be there in front of all my friends. When you screamed in my face to leave you alone as I sobbed and begged you to just talk to me. Years of life experienced together and it's all sullied. I'll never be the same again. Those eggshells I walked have scarred me for a lifetime. I'm so jumpy now. I can't trust anyone. You seemed so perfect at first and it slowly unravelled until there was nothing left but pain, yet still love. You love bombed me into a malleable landscape for your manipulation and now I can't trust a kindness from a new love interest because what if it's all a lie again? I'm alone and lonely and in pain still. I thought if I left I could be happy again.  And I am, in a way. But because of you, I will never ever be the same. In all the worst ways.",6,0,1666139093.0,https://www.reddit.com/r/lettertomyex/comments/y7nncc/a_letter_to_my_ex/,Imjustherefordogs,https://www.reddit.com/r/lettertomyex/comments/y7nncc/a_letter_to_my_ex/,"a letter to my ex

I lay here, past midnight, and I suddenly realise; I can't remember what your face looks like. I keep trying to picture it. It all scrunched up when you laughed,  or how it contorted when you cried or shouted, or some mix of both- as you so often did. 

I frantically scramble through my gallery. Nothing. My decision to delete every shred of evidence you existed seemed so logical at the time, but now I fear I'll never remember your face. I close my eyes and and picture you holding my face in hands. Nothing. A blur. 

WhatsApp. You're blocked of course, the past month a scattering of blocking and unblocking, a reminder of my lapses in judgement and relapses in my addiction to the way you made me feel. But you haven't blocked me, and there it is. Sullen and sunken. It's a new picture. You've lost a lot of weight. I find myself worrying if you're feeding yourself, taking too many drugs or getting any sleep. But that's not my responsibility anymore. I have the freedom I craved and in this one moment I wish to be back in the cage I freed myself from. 

Just for a moment, I long to be held in your arms again. On our sofa, in our house, watching tv and laughing. One of those rare and perfect moments that makes me think this is what life is about. The calm I could take shelter in the constant storm that was our relationship. I imagined your mental health issues as a hurricane that devastated the land of our love. But you,  government aid that you refused to give. You refused to work on yourself, to learn anything new that would help us. To communicate with me and try techniques for dealing with your messy head. There are so many people out there with issues and they DEAL WITH IT SO WHY COULDNT YOU!?!? I LOVED YOU SO MUCH I WORSHIPPED THE GROUND YOU WALKED ON I DID NOTHING BUT TAKE CARE OF YOU AND LOVE YOU AND GIVE MYSELF TO YOU WHOLLY AND UNCONDITIONALLY AND ALL YOU DID WAS THROW IT BACK IN MY FACE! In one breath you'd tell me you didn't deserve me, and the next you'd prove it. 

So why did I stay so long? Because there were moments. Glimmers. Where I'd see you. That cheeky smile, a tickle fight and a warm embrace. A clean house when I left a dirty one. A cuddle in the kitchen while we laughed and cooked together. 

Now all I remember is the gloom. The atmosphere of anxiety and tension you created when you walked in the room with that miserable look on your face. How you loudly announced that you didn't want to be there in front of all my friends. When you screamed in my face to leave you alone as I sobbed and begged you to just talk to me. Years of life experienced together and it's all sullied. I'll never be the same again. Those eggshells I walked have scarred me for a lifetime. I'm so jumpy now. I can't trust anyone. You seemed so perfect at first and it slowly unravelled until there was nothing left but pain, yet still love. You love bombed me into a malleable landscape for your manipulation and now I can't trust a kindness from a new love interest because what if it's all a lie again? I'm alone and lonely and in pain still. I thought if I left I could be happy again.  And I am, in a way. But because of you, I will never ever be the same. In all the worst ways.",2022-10-19
sdui71,lettertomyex,To the person I will probably love for a long time or not,"First off, how’s life? I remember our time like it was yesterday. A time when we would blast music and enjoy it in your rundown car. However I was unstable and so you left. Looking back now, you were there only at my highs but left at my lows. And so I want to scream FUCK YOU for that. You left and moved on to someone else. You will be in my heart but I’m glad things didn’t work out. I’m happier now and am slowly healing with people on my side who actually care and are a better support. They don’t run or hide when I’m at my worse. Enjoy your life my guy. Enjoy it but fuck you for making me wanting to be with you and be attached to you. I learned to never beg for someone to stay. You made me stronger. 
Peace",5,2,1643275676.0,https://www.reddit.com/r/lettertomyex/comments/sdui71/to_the_person_i_will_probably_love_for_a_long/,[deleted],https://www.reddit.com/r/lettertomyex/comments/sdui71/to_the_person_i_will_probably_love_for_a_long/,"To the person I will probably love for a long time or not

First off, how’s life? I remember our time like it was yesterday. A time when we would blast music and enjoy it in your rundown car. However I was unstable and so you left. Looking back now, you were there only at my highs but left at my lows. And so I want to scream FUCK YOU for that. You left and moved on to someone else. You will be in my heart but I’m glad things didn’t work out. I’m happier now and am slowly healing with people on my side who actually care and are a better support. They don’t run or hide when I’m at my worse. Enjoy your life my guy. Enjoy it but fuck you for making me wanting to be with you and be attached to you. I learned to never beg for someone to stay. You made me stronger. 
Peace",2022-01-27
xzp7gp,lettertomyex,To my abuser,"Dear Indy,

Fuck you. I never should have let you in my life. You're nothing more than a self absorbed manipulative immature little kid and that's all you'll ever be. You're a liar and a thief and an asshole and I can't believe I ever said I'd give my life to protect you. 

You took everything from me. You broke up with me and threw me out of my house. You are harassing my mother just because you can. You're telling everyone that I did nothing but abuse you for our whole relationship. You stole my money and my belongings and my life. 

You're sending people after me to attack me. People I don't even fucking know. You are such a slut for being the victim, aren't you? You have to be the only one that is being hurt. You have never had to take responsibility for anything in your life because you're so good at crying wolf. You get away with everything because of your rich mommy and your cop daddy. 

You told everyone that I never paid any attention to you. I work a full time job and go to school and I STILL tried to spend time with you, but it was never enough for you. You told everyone that I threatened your mother when I told her to give me back the money you stole and gave to her or she'd be hearing from my lawyer. You banned me from the house that I still had every right to be in because you stole my rent money. 

I gave you the money for the month of October early and you kicked me out in September. Your stupid excuse for keeping the money is that ""I didn't give notice before leaving."" You told everyone that I moved out on my own. You're a liar. You kicked me out after you dumped me for still staying in Cameron's life. You are the worst kind of person and a waste of every effort, tear, dollar, and hour I gave to you. 

You told all of my friends that I did terrible things and they all left me without a second thought. You demanded that I return the key to the house that I still have every right to live in because you stole my money, but you stole a key to my house and refuse to give it back. 

And yet, I still cry. I still waste my breath and my time and my tears on you. You destroyed everything I had. You're going to die alone and it's going to be your fault. Fuck you for everything and you deserve whatever shitty repercussions come at you. Your behavior is abhorrent and disgusting and you are a pathetic asshole. You deserve to suffer and I regret none of the things I've said. You've abused and manipulated people for years and whenever you decide they're of no use to you anymore you do everything in your power to hurt them. You're a monster. I hope you suffer for the rest of your life.",3,0,1665331471.0,https://www.reddit.com/r/lettertomyex/comments/xzp7gp/to_my_abuser/,[deleted],https://www.reddit.com/r/lettertomyex/comments/xzp7gp/to_my_abuser/,"To my abuser

Dear Indy,

Fuck you. I never should have let you in my life. You're nothing more than a self absorbed manipulative immature little kid and that's all you'll ever be. You're a liar and a thief and an asshole and I can't believe I ever said I'd give my life to protect you. 

You took everything from me. You broke up with me and threw me out of my house. You are harassing my mother just because you can. You're telling everyone that I did nothing but abuse you for our whole relationship. You stole my money and my belongings and my life. 

You're sending people after me to attack me. People I don't even fucking know. You are such a slut for being the victim, aren't you? You have to be the only one that is being hurt. You have never had to take responsibility for anything in your life because you're so good at crying wolf. You get away with everything because of your rich mommy and your cop daddy. 

You told everyone that I never paid any attention to you. I work a full time job and go to school and I STILL tried to spend time with you, but it was never enough for you. You told everyone that I threatened your mother when I told her to give me back the money you stole and gave to her or she'd be hearing from my lawyer. You banned me from the house that I still had every right to be in because you stole my rent money. 

I gave you the money for the month of October early and you kicked me out in September. Your stupid excuse for keeping the money is that ""I didn't give notice before leaving."" You told everyone that I moved out on my own. You're a liar. You kicked me out after you dumped me for still staying in Cameron's life. You are the worst kind of person and a waste of every effort, tear, dollar, and hour I gave to you. 

You told all of my friends that I did terrible things and they all left me without a second thought. You demanded that I return the key to the house that I still have every right to live in because you stole my money, but you stole a key to my house and refuse to give it back. 

And yet, I still cry. I still waste my breath and my time and my tears on you. You destroyed everything I had. You're going to die alone and it's going to be your fault. Fuck you for everything and you deserve whatever shitty repercussions come at you. Your behavior is abhorrent and disgusting and you are a pathetic asshole. You deserve to suffer and I regret none of the things I've said. You've abused and manipulated people for years and whenever you decide they're of no use to you anymore you do everything in your power to hurt them. You're a monster. I hope you suffer for the rest of your life.",2022-10-09
142ikq0,lettertomyex,The Thing We Did,"Well then, after 17 years I figured I would say ""hello"" and see how you've made out in life. You and I are different people now, at least in some part, and I found it a curious prospect to see who you became after all the time that had passed. It's been longer now than the ages at when we first met and parted ways. Life is a funny thing. I think back and imagine what direction my life would have taken had different decisions been made in our youth. I don't know about you, but I atleast would have had to take a different path than that in which I took. No one can say which path would have produced the greatest happiness for either you or I, but I do sometimes regret the loss that led to this one. It's increasingly sad now to consider as I become older and can finally appreciate the quality and consequences of those actions we once took as children.

I do suspect you will read this message -- as you would likely expect me to read a random correspondence from you after all this time -- but I don't necessarily expect any response now given you hadn't yet responded to the previous, much more innocuous, two messages. It's really not important that you respond anyways, I can imagine the person you grew into. I just wonder if you're walking alone do you sometimes find yourself also thinking back to our year and a half spent together?

Being my first love I can't help but reminisce sometimes. I think of that big moon in front of the grocery store, the summer storms under which we ran with no shoes and the playgrounds we would hide in. Those were all extraordinarily beautiful experiences I had as a child that I've never had since. I believe the loss of our innocence had doomed us both to a life of reality. There are certainly some qualms that come through as I approach the end of our love story, a sort of film that I can replay in my mind during these times.

I can't understand why you sold our promise ring before we actually parted or why my consoles and games were taken from me when they were loaned to you in pity of you being stuck at home. I don't understand why you let other people use my bong after I specifically stated that I only wanted it to be used by the two of us and no one else. I certainly didn't appreciate the day you told me you wanted to have your nails done and then demanded that I paid for it -- consequentially, I have reservations about buying women gifts to this day. While you never admitted anything to me, after your comment where you stated that every woman I love would cheat on me I began to suspect that's exactly what you yourself had done with those other men you were hanging out with behind my back; like the ones who used our bong -- at the time I certainly didn't expected that kind of thing from you, not at all, so you could have gotten away with it many times over and I would have been completely oblivious to the matter. The worst feeling I get, though, is when I get to the part of the movie where I come to see you while you were pregnant and depressed and when I arrived to you back patio you were high, already halfway into a bottle of vodka and smoking cigarettes -- and that's when I made my decision.

While I can start to understand now at 31 I couldn't understand at the time what would drive you to do that when you had our child. I understand the pressure and the sadness of being a pregnant 15 year old girl with a mother that will disown you unless you have an abortion that you don't want. You knew my mother was ready to take you in to live with us as a family but I know the love of my mother just isn't the same as the love of your own mother. I forgive you but, while I understand her reasoning, I can not forgive your mother. No one is perfect and especially as children we all make horrible mistakes. We are all human, weak and easily misled from the righteous path. I certainly let you down before while we were together as 15 year old children; I hope you have forgiven me also.

Now, at 31, I think about the 17 year old child we lost. It took a while for me to mature to the point where the regret could invade my consciousness whenever I think on this subject. At around 17-19 my mother used to ask me whether I thought about the child and I could honestly say ""no,"" but after about 25 I matured a bit and began thinking about them. Was it a boy or was it a girl? At first I wanted a boy I could turn into a man but I've fallen inlove with the thought of having a daughter I can adore like a pet. Would it have had dark wavy hair like me or light curly hair like you? It certainly would look like you and I and it certainly would have been an extension of ourselves. It would have had grown with our beliefs and a strong sense of both love and justice. When I was 25 I began to think about them in that way.
—
Now that I'm 31 I think about them and all the potential that was wrapped up in the life that we stole away from them. I never wanted you to have an abortion. I was getting more hours at work so I could get ready to care for the child but once I saw you were drinking and smoking I gave it all up and demanded you do it. I regret that moment. I couldn't stand for my child to be brought into the world disabled from drug abuse but now I see that it is much worse to have denied them the chance to live their life altogether. It was an extremely selfish to see something be injured and decide to just kill it off. I regret telling you to go ahead and have that abortion – I don't think you would have done it if I hadn't made that demand and comforted you instead. I regret that our child was never born. Your mother could have always demanded adoption instead – we both know me and my mother would have just taken it and raise it ourselves. We wouldn't have bothered you guys if that's what you wanted – and they would still be alive and well today. 

Do you think about them that way, the way I do? Don't you now regret the horrible thing we did when we were children? I certainly do. It's hard for me now in these moments when I think about them, now that I know the value of a life. We never really spoke about it back then, it was just something bad that happened. You were a lot closer to the truth back then than I was but I think we were both many years away from the point where we could finally grasp the reality of the situation. By the time I was 30, when it would have been approaching the age we were at the time, is when I think this grief really struck home for the first time; prior to that I still felt sad but it was less powerful, more like shame and disappointment. I wonder if you feel the same way now. 

Maybe you did your grieving from the beginning and are now over it entirely. Maybe it's all been forgotten. Maybe you're reading this message now and thinking that I've simply gone insane to spill so many words about something that happened, or rather someone we lost, almost two decades ago. Back when we knew eachother I knew you to be deeply sincere and sentimental like I was so I believe you will read this, I believe you will understand and agree, and I believe you will leave it at that. I believe this because I'm still deeply sincere and sentimental now as a man; that part of me never changed. There isn't much you can really say now anyways. I just happened upon your facebook profile and after all these years was compelled to atleast make an attempt at ""hello."" I was compelled to see what it is you've accomplished and became in all these years since we last spoke. More than any other compulsion, however, was my need to know if you regretted the horrible thing we did together as children. The rest of it (i.e., the good times we shared) is like the sweetest dream but the ending is a horrible nightmare of shame, pain, and regret. At least it happened.",2,0,1686063230.0,https://www.reddit.com/r/lettertomyex/comments/142ikq0/the_thing_we_did/,[deleted],https://www.reddit.com/r/lettertomyex/comments/142ikq0/the_thing_we_did/,"The Thing We Did

Well then, after 17 years I figured I would say ""hello"" and see how you've made out in life. You and I are different people now, at least in some part, and I found it a curious prospect to see who you became after all the time that had passed. It's been longer now than the ages at when we first met and parted ways. Life is a funny thing. I think back and imagine what direction my life would have taken had different decisions been made in our youth. I don't know about you, but I atleast would have had to take a different path than that in which I took. No one can say which path would have produced the greatest happiness for either you or I, but I do sometimes regret the loss that led to this one. It's increasingly sad now to consider as I become older and can finally appreciate the quality and consequences of those actions we once took as children.

I do suspect you will read this message -- as you would likely expect me to read a random correspondence from you after all this time -- but I don't necessarily expect any response now given you hadn't yet responded to the previous, much more innocuous, two messages. It's really not important that you respond anyways, I can imagine the person you grew into. I just wonder if you're walking alone do you sometimes find yourself also thinking back to our year and a half spent together?

Being my first love I can't help but reminisce sometimes. I think of that big moon in front of the grocery store, the summer storms under which we ran with no shoes and the playgrounds we would hide in. Those were all extraordinarily beautiful experiences I had as a child that I've never had since. I believe the loss of our innocence had doomed us both to a life of reality. There are certainly some qualms that come through as I approach the end of our love story, a sort of film that I can replay in my mind during these times.

I can't understand why you sold our promise ring before we actually parted or why my consoles and games were taken from me when they were loaned to you in pity of you being stuck at home. I don't understand why you let other people use my bong after I specifically stated that I only wanted it to be used by the two of us and no one else. I certainly didn't appreciate the day you told me you wanted to have your nails done and then demanded that I paid for it -- consequentially, I have reservations about buying women gifts to this day. While you never admitted anything to me, after your comment where you stated that every woman I love would cheat on me I began to suspect that's exactly what you yourself had done with those other men you were hanging out with behind my back; like the ones who used our bong -- at the time I certainly didn't expected that kind of thing from you, not at all, so you could have gotten away with it many times over and I would have been completely oblivious to the matter. The worst feeling I get, though, is when I get to the part of the movie where I come to see you while you were pregnant and depressed and when I arrived to you back patio you were high, already halfway into a bottle of vodka and smoking cigarettes -- and that's when I made my decision.

While I can start to understand now at 31 I couldn't understand at the time what would drive you to do that when you had our child. I understand the pressure and the sadness of being a pregnant 15 year old girl with a mother that will disown you unless you have an abortion that you don't want. You knew my mother was ready to take you in to live with us as a family but I know the love of my mother just isn't the same as the love of your own mother. I forgive you but, while I understand her reasoning, I can not forgive your mother. No one is perfect and especially as children we all make horrible mistakes. We are all human, weak and easily misled from the righteous path. I certainly let you down before while we were together as 15 year old children; I hope you have forgiven me also.

Now, at 31, I think about the 17 year old child we lost. It took a while for me to mature to the point where the regret could invade my consciousness whenever I think on this subject. At around 17-19 my mother used to ask me whether I thought about the child and I could honestly say ""no,"" but after about 25 I matured a bit and began thinking about them. Was it a boy or was it a girl? At first I wanted a boy I could turn into a man but I've fallen inlove with the thought of having a daughter I can adore like a pet. Would it have had dark wavy hair like me or light curly hair like you? It certainly would look like you and I and it certainly would have been an extension of ourselves. It would have had grown with our beliefs and a strong sense of both love and justice. When I was 25 I began to think about them in that way.
—
Now that I'm 31 I think about them and all the potential that was wrapped up in the life that we stole away from them. I never wanted you to have an abortion. I was getting more hours at work so I could get ready to care for the child but once I saw you were drinking and smoking I gave it all up and demanded you do it. I regret that moment. I couldn't stand for my child to be brought into the world disabled from drug abuse but now I see that it is much worse to have denied them the chance to live their life altogether. It was an extremely selfish to see something be injured and decide to just kill it off. I regret telling you to go ahead and have that abortion – I don't think you would have done it if I hadn't made that demand and comforted you instead. I regret that our child was never born. Your mother could have always demanded adoption instead – we both know me and my mother would have just taken it and raise it ourselves. We wouldn't have bothered you guys if that's what you wanted – and they would still be alive and well today. 

Do you think about them that way, the way I do? Don't you now regret the horrible thing we did when we were children? I certainly do. It's hard for me now in these moments when I think about them, now that I know the value of a life. We never really spoke about it back then, it was just something bad that happened. You were a lot closer to the truth back then than I was but I think we were both many years away from the point where we could finally grasp the reality of the situation. By the time I was 30, when it would have been approaching the age we were at the time, is when I think this grief really struck home for the first time; prior to that I still felt sad but it was less powerful, more like shame and disappointment. I wonder if you feel the same way now. 

Maybe you did your grieving from the beginning and are now over it entirely. Maybe it's all been forgotten. Maybe you're reading this message now and thinking that I've simply gone insane to spill so many words about something that happened, or rather someone we lost, almost two decades ago. Back when we knew eachother I knew you to be deeply sincere and sentimental like I was so I believe you will read this, I believe you will understand and agree, and I believe you will leave it at that. I believe this because I'm still deeply sincere and sentimental now as a man; that part of me never changed. There isn't much you can really say now anyways. I just happened upon your facebook profile and after all these years was compelled to atleast make an attempt at ""hello."" I was compelled to see what it is you've accomplished and became in all these years since we last spoke. More than any other compulsion, however, was my need to know if you regretted the horrible thing we did together as children. The rest of it (i.e., the good times we shared) is like the sweetest dream but the ending is a horrible nightmare of shame, pain, and regret. At least it happened.",2023-06-06
134eh1x,lettertomyex,The ex from h-e- double hockey sticks 🏒🏒,"For background, my ex (white 18M) and I (white 18F) dated for a few months, back in 2021. We were very much in love… or so I thought. For privacy purposes, we’ll call him Dick. Our relationship started out well, but we had very few boundaries. Pretty normal for the start of a high school relationship. He talked a lot about his friend that had died, but never really any specifics. this seemed pretty normal to me, being that he had died only a year prior and it had been a homicide. A few months in, our relationship started to get really rocky. Dick was a race-car driver and constantly talked about racing, but wouldn’t let me come to any of his races. His mom’s side of the family loved me, but his dad’s side refused to even meet me, and hated me for no apparent reason. Dick started racing constantly, and would never answer his phone. He made some excuse about how his phone was broken or something, and I believed him. I had no reason not to. One of the biggest red flags within his change in behavior was on a day that he had been gaming all day and called me (after days of not responding). He called someone an fing N word. I was lost for words and hung up the phone immediately. Later, after making me the most anxious person in the world for about a month and a half (at this point he had stopped even hanging out with me), he broke up with me. He blamed it on being depressed and worried because the guy who shot his friend was being “let out on parole” and he was “scared and depressed all over again.” The worst part about it is that the guys who killed his friend were white, and his friend was black, so they weren’t tried as adults and were completely let off. This outraged me, and I wanted to do anything and everything I could to help. I completely understood and told him I would wait as long as he needed… rookie mistake. He dragged me along for two months afterward, clearly with no intentions of getting back together. When I found out he was adding his exes back on snapchat (even though his snap was “broken”), I finally took the plunge and hung out with a guy that had been after me for some time. The important thing here is this guy was sort of in our friend group but I had known him far longer than my ex. We made out a bit and watched a show. I only told my best friend, who knew none of these people, but the guy I had hung out with told our mutual friends, and they told Dick. Dick flipped out and got super angry at me. I couldn’t believe it, because I felt like I had been dragged along this entire time and was finally breaking free, but some of our friends were mad at me too. 

Side note: I ended up finding out months later that the guys involved in killing Dick’s friend were all black, and well over the age of 18. I wonder sometimes if he was even really that close with his friend and if he has used this excuse on other girls. He ended up in another relationship and started posting about her very shortly after getting angry with me over kissing the guy.",1,0,1682921960.0,https://www.reddit.com/r/lettertomyex/comments/134eh1x/the_ex_from_he_double_hockey_sticks/,wh0ucallin_pinhead,https://www.reddit.com/r/lettertomyex/comments/134eh1x/the_ex_from_he_double_hockey_sticks/,"The ex from h-e- double hockey sticks 🏒🏒

For background, my ex (white 18M) and I (white 18F) dated for a few months, back in 2021. We were very much in love… or so I thought. For privacy purposes, we’ll call him Dick. Our relationship started out well, but we had very few boundaries. Pretty normal for the start of a high school relationship. He talked a lot about his friend that had died, but never really any specifics. this seemed pretty normal to me, being that he had died only a year prior and it had been a homicide. A few months in, our relationship started to get really rocky. Dick was a race-car driver and constantly talked about racing, but wouldn’t let me come to any of his races. His mom’s side of the family loved me, but his dad’s side refused to even meet me, and hated me for no apparent reason. Dick started racing constantly, and would never answer his phone. He made some excuse about how his phone was broken or something, and I believed him. I had no reason not to. One of the biggest red flags within his change in behavior was on a day that he had been gaming all day and called me (after days of not responding). He called someone an fing N word. I was lost for words and hung up the phone immediately. Later, after making me the most anxious person in the world for about a month and a half (at this point he had stopped even hanging out with me), he broke up with me. He blamed it on being depressed and worried because the guy who shot his friend was being “let out on parole” and he was “scared and depressed all over again.” The worst part about it is that the guys who killed his friend were white, and his friend was black, so they weren’t tried as adults and were completely let off. This outraged me, and I wanted to do anything and everything I could to help. I completely understood and told him I would wait as long as he needed… rookie mistake. He dragged me along for two months afterward, clearly with no intentions of getting back together. When I found out he was adding his exes back on snapchat (even though his snap was “broken”), I finally took the plunge and hung out with a guy that had been after me for some time. The important thing here is this guy was sort of in our friend group but I had known him far longer than my ex. We made out a bit and watched a show. I only told my best friend, who knew none of these people, but the guy I had hung out with told our mutual friends, and they told Dick. Dick flipped out and got super angry at me. I couldn’t believe it, because I felt like I had been dragged along this entire time and was finally breaking free, but some of our friends were mad at me too. 

Side note: I ended up finding out months later that the guys involved in killing Dick’s friend were all black, and well over the age of 18. I wonder sometimes if he was even really that close with his friend and if he has used this excuse on other girls. He ended up in another relationship and started posting about her very shortly after getting angry with me over kissing the guy.",2023-05-01
