loc_id,title,date,description,subject,location,permalink,image_url,local_path,combined_text
musihas.200217796,[Unidentified Production: Unidentified Portrait],1934,,theater | costume designs | united states,,http://www.loc.gov/item/musihas.200217796/,https://tile.loc.gov/image-services/iiif/public:music:musihas-200217796:musihas-200217796.0001/full/pct:3.125/0/default.jpg,data/raw/loc/images/musihas.200217796__Unidentified Production_ Unidentified P.jpg,[Unidentified Production: Unidentified Portrait].  theater | costume designs | united states
musihas.200217787,[Unidentified Production A: Unidentified Character],1934,,theater | costume designs | united states,,http://www.loc.gov/item/musihas.200217787/,https://tile.loc.gov/image-services/iiif/public:music:musihas-200217787:musihas-200217787.0001/full/pct:6.25/0/default.jpg,data/raw/loc/images/musihas.200217787__Unidentified Production A_ Unidentified.jpg,[Unidentified Production A: Unidentified Character].  theater | costume designs | united states
musihas.200217789,"[Unidentified Production: Unidentified ""Men + Women""]",1934,,theater | costume designs | united states,,http://www.loc.gov/item/musihas.200217789/,https://tile.loc.gov/image-services/iiif/public:music:musihas-200217789:musihas-200217789.0001/full/pct:6.25/0/default.jpg,data/raw/loc/images/musihas.200217789__Unidentified Production_ Unidentified _.jpg,"[Unidentified Production: Unidentified ""Men + Women""].  theater | costume designs | united states"
musihas.200217788,[Unidentified Production A: Unidentified Characters 2],1934,,theater | costume designs | united states,,http://www.loc.gov/item/musihas.200217788/,https://tile.loc.gov/image-services/iiif/public:music:musihas-200217788:musihas-200217788.0001/full/pct:6.25/0/default.jpg,data/raw/loc/images/musihas.200217788__Unidentified Production A_ Unidentified.jpg,[Unidentified Production A: Unidentified Characters 2].  theater | costume designs | united states
musftpphotoprints.200224524,Unidentified Portraits,1934,,theater | photographic prints | united states | photographic prints - portraits,,http://www.loc.gov/item/musftpphotoprints.200224524/,https://tile.loc.gov/image-services/iiif/public:music:musftpphotoprints-200224524:musftpphotoprints-200224524.0001/full/pct:12.5/0/default.jpg,data/raw/loc/images/musftpphotoprints.200224524_Unidentified Portraits.jpg,Unidentified Portraits.  theater | photographic prints | united states | photographic prints - portraits
musftpnegatives.12270214,Portraits (unidentified),1934,,theater | photographic negative file | united states,,http://www.loc.gov/item/musftpnegatives.12270214/,https://tile.loc.gov/image-services/iiif/public:music:musftpnegatives-12270214:musftpnegatives-12270214.0001/full/pct:3.125/0/default.jpg,data/raw/loc/images/musftpnegatives.12270214_Portraits (unidentified).jpg,Portraits (unidentified).  theater | photographic negative file | united states
2023861881,[Unidentified] [1],,"n.d. Two drawings of a set design which consist of a steep incline For information about this resource, refer to finding aid available at https://hdl.loc.gov/loc.music/eadmus.mu023015 Record created through migration from the Performing Arts Encyclopedia Database.",drawings,,http://www.loc.gov/item/2023861881/,https://tile.loc.gov/image-services/iiif/public:music:musihas-200154618:musihas-200154618.0001/full/pct:6.25/0/default.jpg,data/raw/loc/images/2023861881__Unidentified_ _1_.jpg,"[Unidentified] [1]. n.d. Two drawings of a set design which consist of a steep incline For information about this resource, refer to finding aid available at https://hdl.loc.gov/loc.music/eadmus.mu023015 Record created through migration from the Performing Arts Encyclopedia Database. drawings"
2023861908,[Unidentified] [9],,"(White blouse with yellow, red, and blue ribbons on the sleeves, black bodice, white apron with red, blue, yellow, and green stripes, and yellow skirt with pink detailing near the hem) Costume design for Female with attached green fabric swatch and yellow fabric swatch n.d. For information about this resource, refer to finding aid available at https://hdl.loc.gov/loc.music/eadmus.mu023015 Record created through migration from the Performing Arts Encyclopedia Database.",drawings,,http://www.loc.gov/item/2023861908/,https://tile.loc.gov/image-services/iiif/public:music:musihas-200154718:musihas-200154718.0001/full/pct:12.5/0/default.jpg,data/raw/loc/images/2023861908__Unidentified_ _9_.jpg,"[Unidentified] [9]. (White blouse with yellow, red, and blue ribbons on the sleeves, black bodice, white apron with red, blue, yellow, and green stripes, and yellow skirt with pink detailing near the hem) Costume design for Female with attached green fabric swatch and yellow fabric swatch n.d. For information about this resource, refer to finding aid available at https://hdl.loc.gov/loc.music/eadmus.mu023015 Record created through migration from the Performing Arts Encyclopedia Database. drawings"
2023861900,[Unidentified] [13],1920,"Costume design for Japanese Dancer. [Possible costume design for On the Road.] For information about this resource, refer to finding aid available at https://hdl.loc.gov/loc.music/eadmus.mu023015 Record created through migration from the Performing Arts Encyclopedia Database.",drawings,,http://www.loc.gov/item/2023861900/,https://tile.loc.gov/image-services/iiif/public:music:musihas-200154710:musihas-200154710.0001/full/pct:12.5/0/default.jpg,data/raw/loc/images/2023861900__Unidentified_ _13_.jpg,"[Unidentified] [13]. Costume design for Japanese Dancer. [Possible costume design for On the Road.] For information about this resource, refer to finding aid available at https://hdl.loc.gov/loc.music/eadmus.mu023015 Record created through migration from the Performing Arts Encyclopedia Database. drawings"
2023861902,[Unidentified] [3],,"(Red neck scarf, white shirt, green jacket, green and red vest, blue stirrup pants, white stockings, black shoes) Costume design for Male (on reverse side: rough costume sketch for Female) n.d. For information about this resource, refer to finding aid available at https://hdl.loc.gov/loc.music/eadmus.mu023015 Record created through migration from the Performing Arts Encyclopedia Database.",drawings,,http://www.loc.gov/item/2023861902/,https://tile.loc.gov/image-services/iiif/public:music:musihas-200154712:musihas-200154712.0001/full/pct:6.25/0/default.jpg,data/raw/loc/images/2023861902__Unidentified_ _3_.jpg,"[Unidentified] [3]. (Red neck scarf, white shirt, green jacket, green and red vest, blue stirrup pants, white stockings, black shoes) Costume design for Male (on reverse side: rough costume sketch for Female) n.d. For information about this resource, refer to finding aid available at https://hdl.loc.gov/loc.music/eadmus.mu023015 Record created through migration from the Performing Arts Encyclopedia Database. drawings"
2023861903,[Unidentified] [4],,"(Green hat with yellow tassel, white shirt with purple print sleeves, multicolored vest, green pants, yellow stockings, black shoes with red ribbons) Costume design for Street Organ Grinder with attached green fabric swatch and multicolored fabric swatch n.d. For information about this resource, refer to finding aid available at https://hdl.loc.gov/loc.music/eadmus.mu023015 Record created through migration from the Performing Arts Encyclopedia Database.",drawings,,http://www.loc.gov/item/2023861903/,https://tile.loc.gov/image-services/iiif/public:music:musihas-200154713:musihas-200154713.0001/full/pct:6.25/0/default.jpg,data/raw/loc/images/2023861903__Unidentified_ _4_.jpg,"[Unidentified] [4]. (Green hat with yellow tassel, white shirt with purple print sleeves, multicolored vest, green pants, yellow stockings, black shoes with red ribbons) Costume design for Street Organ Grinder with attached green fabric swatch and multicolored fabric swatch n.d. For information about this resource, refer to finding aid available at https://hdl.loc.gov/loc.music/eadmus.mu023015 Record created through migration from the Performing Arts Encyclopedia Database. drawings"
2023861910,[Unidentified] [11],,"(Three sketches of dresses; one with short sleeves, one with puffed sleeves, and one with no sleeves. A skirt design. Also a design of a green dress, with buttons down the torso, red stockings, and a green head scarf.) Costume design for Females with attached white fabric swatch n.d. For information about this resource, refer to finding aid available at https://hdl.loc.gov/loc.music/eadmus.mu023015 Record created through migration from the Performing Arts Encyclopedia Database.",drawings,,http://www.loc.gov/item/2023861910/,https://tile.loc.gov/image-services/iiif/public:music:musihas-200154720:musihas-200154720.0001/full/pct:6.25/0/default.jpg,data/raw/loc/images/2023861910__Unidentified_ _11_.jpg,"[Unidentified] [11]. (Three sketches of dresses; one with short sleeves, one with puffed sleeves, and one with no sleeves. A skirt design. Also a design of a green dress, with buttons down the torso, red stockings, and a green head scarf.) Costume design for Females with attached white fabric swatch n.d. For information about this resource, refer to finding aid available at https://hdl.loc.gov/loc.music/eadmus.mu023015 Record created through migration from the Performing Arts Encyclopedia Database. drawings"
2023861911,[Unidentified] [12],,"n.d. Set design portraying a neighborhood with pastel-colored buildings and a blue cloudy sky For information about this resource, refer to finding aid available at https://hdl.loc.gov/loc.music/eadmus.mu023015 Record created through migration from the Performing Arts Encyclopedia Database.",drawings,,http://www.loc.gov/item/2023861911/,https://tile.loc.gov/image-services/iiif/public:music:musihas-200154721:musihas-200154721.0001/full/pct:12.5/0/default.jpg,data/raw/loc/images/2023861911__Unidentified_ _12_.jpg,"[Unidentified] [12]. n.d. Set design portraying a neighborhood with pastel-colored buildings and a blue cloudy sky For information about this resource, refer to finding aid available at https://hdl.loc.gov/loc.music/eadmus.mu023015 Record created through migration from the Performing Arts Encyclopedia Database. drawings"
2023861901,[Unidentified] [2],,"(Red and white striped shirt, black ribbon tie, white stirrup pants, black and white striped stockings, black shoes) Costume design for Male n.d. For information about this resource, refer to finding aid available at https://hdl.loc.gov/loc.music/eadmus.mu023015 Record created through migration from the Performing Arts Encyclopedia Database.",drawings,,http://www.loc.gov/item/2023861901/,https://tile.loc.gov/image-services/iiif/public:music:musihas-200154711:musihas-200154711.0001/full/pct:6.25/0/default.jpg,data/raw/loc/images/2023861901__Unidentified_ _2_.jpg,"[Unidentified] [2]. (Red and white striped shirt, black ribbon tie, white stirrup pants, black and white striped stockings, black shoes) Costume design for Male n.d. For information about this resource, refer to finding aid available at https://hdl.loc.gov/loc.music/eadmus.mu023015 Record created through migration from the Performing Arts Encyclopedia Database. drawings"
2023861904,[Unidentified] [5],,"(Red, green, and yellow scarf, white blouse, black bodice, white apron with yellow and green stripes, red skirt) Costume design for Female with attached red fabric swatch n.d. For information about this resource, refer to finding aid available at https://hdl.loc.gov/loc.music/eadmus.mu023015 Record created through migration from the Performing Arts Encyclopedia Database.",drawings,,http://www.loc.gov/item/2023861904/,https://tile.loc.gov/image-services/iiif/public:music:musihas-200154714:musihas-200154714.0001/full/pct:12.5/0/default.jpg,data/raw/loc/images/2023861904__Unidentified_ _5_.jpg,"[Unidentified] [5]. (Red, green, and yellow scarf, white blouse, black bodice, white apron with yellow and green stripes, red skirt) Costume design for Female with attached red fabric swatch n.d. For information about this resource, refer to finding aid available at https://hdl.loc.gov/loc.music/eadmus.mu023015 Record created through migration from the Performing Arts Encyclopedia Database. drawings"
2023861905,[Unidentified] [6],,"(White blouse with red, yellow, and blue ribbons on the sleeves, black bodice, white apron with yellow, green, red, blue, and black stripes, green skirt) Costume design for Female with attached green fabric swatch n.d. For information about this resource, refer to finding aid available at https://hdl.loc.gov/loc.music/eadmus.mu023015 Record created through migration from the Performing Arts Encyclopedia Database.",drawings,,http://www.loc.gov/item/2023861905/,https://tile.loc.gov/image-services/iiif/public:music:musihas-200154715:musihas-200154715.0001/full/pct:12.5/0/default.jpg,data/raw/loc/images/2023861905__Unidentified_ _6_.jpg,"[Unidentified] [6]. (White blouse with red, yellow, and blue ribbons on the sleeves, black bodice, white apron with yellow, green, red, blue, and black stripes, green skirt) Costume design for Female with attached green fabric swatch n.d. For information about this resource, refer to finding aid available at https://hdl.loc.gov/loc.music/eadmus.mu023015 Record created through migration from the Performing Arts Encyclopedia Database. drawings"
2023861906,[Unidentified] [7],,"(White blouse with purple, yellow, red, and green ribbons on the sleeves, black bodice, white apron with green, red, yellow, and black stripes, purple skirt) Costume design for Female with attached purple fabric swatch n.d. For information about this resource, refer to finding aid available at https://hdl.loc.gov/loc.music/eadmus.mu023015 Record created through migration from the Performing Arts Encyclopedia Database.",drawings,,http://www.loc.gov/item/2023861906/,https://tile.loc.gov/image-services/iiif/public:music:musihas-200154716:musihas-200154716.0001/full/pct:12.5/0/default.jpg,data/raw/loc/images/2023861906__Unidentified_ _7_.jpg,"[Unidentified] [7]. (White blouse with purple, yellow, red, and green ribbons on the sleeves, black bodice, white apron with green, red, yellow, and black stripes, purple skirt) Costume design for Female with attached purple fabric swatch n.d. For information about this resource, refer to finding aid available at https://hdl.loc.gov/loc.music/eadmus.mu023015 Record created through migration from the Performing Arts Encyclopedia Database. drawings"
2023861907,[Unidentified] [8],,"(White blouse with yellow, red, and blue ribbons on the sleeves, black bodice, white apron with yellow, blue, and red stripes, red skirt) Costume design for Female with attached gold fabric swatch and red fabric swatch n.d. For information about this resource, refer to finding aid available at https://hdl.loc.gov/loc.music/eadmus.mu023015 Record created through migration from the Performing Arts Encyclopedia Database.",drawings,,http://www.loc.gov/item/2023861907/,https://tile.loc.gov/image-services/iiif/public:music:musihas-200154717:musihas-200154717.0001/full/pct:12.5/0/default.jpg,data/raw/loc/images/2023861907__Unidentified_ _8_.jpg,"[Unidentified] [8]. (White blouse with yellow, red, and blue ribbons on the sleeves, black bodice, white apron with yellow, blue, and red stripes, red skirt) Costume design for Female with attached gold fabric swatch and red fabric swatch n.d. For information about this resource, refer to finding aid available at https://hdl.loc.gov/loc.music/eadmus.mu023015 Record created through migration from the Performing Arts Encyclopedia Database. drawings"
2023861909,[Unidentified] [10],,"(Pink head scarf, green dress with black buttons down the torso, white apron, red stockings, and black shoes) Costume design for Female showing the front and rear view of the costume. Green fabric swatch attached. n.d. For information about this resource, refer to finding aid available at https://hdl.loc.gov/loc.music/eadmus.mu023015 Record created through migration from the Performing Arts Encyclopedia Database.",drawings,,http://www.loc.gov/item/2023861909/,https://tile.loc.gov/image-services/iiif/public:music:musihas-200154719:musihas-200154719.0001/full/pct:6.25/0/default.jpg,data/raw/loc/images/2023861909__Unidentified_ _10_.jpg,"[Unidentified] [10]. (Pink head scarf, green dress with black buttons down the torso, white apron, red stockings, and black shoes) Costume design for Female showing the front and rear view of the costume. Green fabric swatch attached. n.d. For information about this resource, refer to finding aid available at https://hdl.loc.gov/loc.music/eadmus.mu023015 Record created through migration from the Performing Arts Encyclopedia Database. drawings"
musihas.200217795,[Unidentified Production: Eight Unidentified Characters in Large Ball Gowns],1934,,theater | costume designs | united states,,http://www.loc.gov/item/musihas.200217795/,https://tile.loc.gov/image-services/iiif/public:music:musihas-200217795:musihas-200217795.0001/full/pct:3.125/0/default.jpg,data/raw/loc/images/musihas.200217795__Unidentified Production_ Eight Unidenti.jpg,[Unidentified Production: Eight Unidentified Characters in Large Ball Gowns].  theater | costume designs | united states
musftpphotoprints.200224581,Miscellaneous Marionettes Unidentified,1934,,theater | photographic prints | united states,,http://www.loc.gov/item/musftpphotoprints.200224581/,https://tile.loc.gov/image-services/iiif/public:music:musftpphotoprints-200224581:musftpphotoprints-200224581.0001/full/pct:6.25/0/default.jpg,data/raw/loc/images/musftpphotoprints.200224581_Miscellaneous Marionettes Unidentified.jpg,Miscellaneous Marionettes Unidentified.  theater | photographic prints | united states
musihas.200217741,[Patience: unidentified character],1934,,theater | costume designs | united states,,http://www.loc.gov/item/musihas.200217741/,https://tile.loc.gov/image-services/iiif/public:music:musihas-200217741:musihas-200217741.0001/full/pct:3.125/0/default.jpg,data/raw/loc/images/musihas.200217741__Patience_ unidentified character_.jpg,[Patience: unidentified character].  theater | costume designs | united states
musihas.200217793,[Unidentified Production: Cat],1934,,theater | costume designs | united states,,http://www.loc.gov/item/musihas.200217793/,https://tile.loc.gov/image-services/iiif/public:music:musihas-200217793:musihas-200217793.0001/full/pct:6.25/0/default.jpg,data/raw/loc/images/musihas.200217793__Unidentified Production_ Cat_.jpg,[Unidentified Production: Cat].  theater | costume designs | united states
musftpphotoprints.200224525,Unidentified Portraits--Duplicate,1934,,theater | photographic prints | united states | photographic prints - portraits,,http://www.loc.gov/item/musftpphotoprints.200224525/,https://tile.loc.gov/image-services/iiif/public:music:musftpphotoprints-200224525:musftpphotoprints-200224525.0001/full/pct:12.5/0/default.jpg,data/raw/loc/images/musftpphotoprints.200224525_Unidentified Portraits--Duplicate.jpg,Unidentified Portraits--Duplicate.  theater | photographic prints | united states | photographic prints - portraits
musihas.200217785,[Unidentified Production: Accordion],1934,,theater | costume designs | united states,,http://www.loc.gov/item/musihas.200217785/,https://tile.loc.gov/image-services/iiif/public:music:musihas-200217785:musihas-200217785.0001/full/pct:6.25/0/default.jpg,data/raw/loc/images/musihas.200217785__Unidentified Production_ Accordion_.jpg,[Unidentified Production: Accordion].  theater | costume designs | united states
musihas.200217661,[Circus: unidentified character],1934,,theater | costume designs | united states,,http://www.loc.gov/item/musihas.200217661/,https://tile.loc.gov/image-services/iiif/public:music:musihas-200217661:musihas-200217661.0001/full/pct:6.25/0/default.jpg,data/raw/loc/images/musihas.200217661__Circus_ unidentified character_.jpg,[Circus: unidentified character].  theater | costume designs | united states
musihas.200217797,[Unidentified Production: Puppeter],1934,,theater | costume designs | united states,,http://www.loc.gov/item/musihas.200217797/,https://tile.loc.gov/image-services/iiif/public:music:musihas-200217797:musihas-200217797.0001/full/pct:3.125/0/default.jpg,data/raw/loc/images/musihas.200217797__Unidentified Production_ Puppeter_.jpg,[Unidentified Production: Puppeter].  theater | costume designs | united states
2014647473,"[Unidentified soldier in Union uniform, unidentified woman, and unidentified baby]",1861,"1 photograph : hand-colored ambrotype ; plate 81 x 69 mm (sixth plate format), case 94 x 81 mm.",ambrotypes | army | group portraits | infants | women | people | history | portrait photographs | soldiers | union | united states | military uniforms | civil war | families | military personnel,united states,http://www.loc.gov/item/2014647473/,https://tile.loc.gov/storage-services/service/pnp/ppmsca/38300/38355_150px.jpg#h=150&w=132,data/raw/loc/images/2014647473__Unidentified soldier in Union uniform_ .jpg,"[Unidentified soldier in Union uniform, unidentified woman, and unidentified baby]. 1 photograph : hand-colored ambrotype ; plate 81 x 69 mm (sixth plate format), case 94 x 81 mm. ambrotypes | army | group portraits | infants | women | people | history | portrait photographs | soldiers | union | united states | military uniforms | civil war | families | military personnel"
musftpphotoprints.200224923,[Unidentified productions w/puppets],,,theater | photographic prints | united states,,http://www.loc.gov/item/musftpphotoprints.200224923/,https://tile.loc.gov/image-services/iiif/public:music:musftpphotoprints-200224923:musftpphotoprints-200224923.0001/full/pct:1.5625/0/default.jpg,data/raw/loc/images/musftpphotoprints.200224923__Unidentified productions w_puppets_.jpg,[Unidentified productions w/puppets].  theater | photographic prints | united states
musftpsets.200217984,[Swing It: Unidentified Props],1934,,theater | united states | set designs,,http://www.loc.gov/item/musftpsets.200217984/,https://tile.loc.gov/image-services/iiif/public:music:musftpsets-200217984:musftpsets-200217984.0001/full/pct:6.25/0/default.jpg,data/raw/loc/images/musftpsets.200217984__Swing It_ Unidentified Props_.jpg,[Swing It: Unidentified Props].  theater | united states | set designs
musftpsets.200218031,[Unidentified Production C: Church],1934,,theater | united states | set designs,,http://www.loc.gov/item/musftpsets.200218031/,https://tile.loc.gov/image-services/iiif/public:music:musftpsets-200218031:musftpsets-200218031.0001/full/pct:3.125/0/default.jpg,data/raw/loc/images/musftpsets.200218031__Unidentified Production C_ Church_.jpg,[Unidentified Production C: Church].  theater | united states | set designs
musftpsets.200218075,[Unidentified Production: CCC Curtain],1934,,theater | united states | set designs,,http://www.loc.gov/item/musftpsets.200218075/,https://tile.loc.gov/image-services/iiif/public:music:musftpsets-200218075:musftpsets-200218075.0001/full/pct:6.25/0/default.jpg,data/raw/loc/images/musftpsets.200218075__Unidentified Production_ CCC Curtain_.jpg,[Unidentified Production: CCC Curtain].  theater | united states | set designs
musftpsets.200218200,"[Unidentified Production: U4, Curtains]",1934,,theater | united states | set designs,,http://www.loc.gov/item/musftpsets.200218200/,https://tile.loc.gov/image-services/iiif/public:music:musftpsets-200218200:musftpsets-200218200.0001/full/pct:6.25/0/default.jpg,data/raw/loc/images/musftpsets.200218200__Unidentified Production_ U4_ Curtains_.jpg,"[Unidentified Production: U4, Curtains].  theater | united states | set designs"
musftpsets.200218208,"[Unidentified Production: U10, Columns]",1934,,theater | united states | set designs,,http://www.loc.gov/item/musftpsets.200218208/,https://tile.loc.gov/image-services/iiif/public:music:musftpsets-200218208:musftpsets-200218208.0001/full/pct:6.25/0/default.jpg,data/raw/loc/images/musftpsets.200218208__Unidentified Production_ U10_ Columns_.jpg,"[Unidentified Production: U10, Columns].  theater | united states | set designs"
musftpsets.200218210,"[Unidentified Production: U12, Taxi]",1934,,theater | united states | set designs,,http://www.loc.gov/item/musftpsets.200218210/,https://tile.loc.gov/image-services/iiif/public:music:musftpsets-200218210:musftpsets-200218210.0001/full/pct:12.5/0/default.jpg,data/raw/loc/images/musftpsets.200218210__Unidentified Production_ U12_ Taxi_.jpg,"[Unidentified Production: U12, Taxi].  theater | united states | set designs"
musftpsets.200217812,[Ask Dad: Unidentified Scenery],1934,,theater | united states | set designs,,http://www.loc.gov/item/musftpsets.200217812/,https://tile.loc.gov/image-services/iiif/public:music:musftpsets-200217812:musftpsets-200217812.0001/full/pct:3.125/0/default.jpg,data/raw/loc/images/musftpsets.200217812__Ask Dad_ Unidentified Scenery_.jpg,[Ask Dad: Unidentified Scenery].  theater | united states | set designs
musftpsets.200217971,[Seamen's Ballad: Unidentified Interior],1934,,theater | united states | set designs,,http://www.loc.gov/item/musftpsets.200217971/,https://tile.loc.gov/image-services/iiif/public:music:musftpsets-200217971:musftpsets-200217971.0001/full/pct:6.25/0/default.jpg,data/raw/loc/images/musftpsets.200217971__Seamen_s Ballad_ Unidentified Interior_.jpg,[Seamen's Ballad: Unidentified Interior].  theater | united states | set designs
musihas.200217721,[Mary Stuart: unidentified character],1934,,theater | costume designs | united states,,http://www.loc.gov/item/musihas.200217721/,https://tile.loc.gov/image-services/iiif/public:music:musihas-200217721:musihas-200217721.0001/full/pct:3.125/0/default.jpg,data/raw/loc/images/musihas.200217721__Mary Stuart_ unidentified character_.jpg,[Mary Stuart: unidentified character].  theater | costume designs | united states
musihas.200217742,[Patience: unidentified character 2],1934,,theater | costume designs | united states,,http://www.loc.gov/item/musihas.200217742/,https://tile.loc.gov/image-services/iiif/public:music:musihas-200217742:musihas-200217742.0001/full/pct:6.25/0/default.jpg,data/raw/loc/images/musihas.200217742__Patience_ unidentified character 2_.jpg,[Patience: unidentified character 2].  theater | costume designs | united states
musihas.200217769,[Twelfth Night: unidentified character],1934,,theater | costume designs | united states,,http://www.loc.gov/item/musihas.200217769/,https://tile.loc.gov/image-services/iiif/public:music:musihas-200217769:musihas-200217769.0001/full/pct:6.25/0/default.jpg,data/raw/loc/images/musihas.200217769__Twelfth Night_ unidentified character_.jpg,[Twelfth Night: unidentified character].  theater | costume designs | united states
musihas.200217784,[Unidentified Production: Miss Brenner],1934,,theater | costume designs | united states,,http://www.loc.gov/item/musihas.200217784/,https://tile.loc.gov/image-services/iiif/public:music:musihas-200217784:musihas-200217784.0001/full/pct:6.25/0/default.jpg,data/raw/loc/images/musihas.200217784__Unidentified Production_ Miss Brenner_.jpg,[Unidentified Production: Miss Brenner].  theater | costume designs | united states
musihas.200217794,[Unidentified Production: Spain Costume],1934,,theater | costume designs | united states,,http://www.loc.gov/item/musihas.200217794/,https://tile.loc.gov/image-services/iiif/public:music:musihas-200217794:musihas-200217794.0001/full/pct:3.125/0/default.jpg,data/raw/loc/images/musihas.200217794__Unidentified Production_ Spain Costume_.jpg,[Unidentified Production: Spain Costume].  theater | costume designs | united states
musihas.200217635,[Aladdin: unidentified character 1],1934,,theater | costume designs | united states,,http://www.loc.gov/item/musihas.200217635/,https://tile.loc.gov/image-services/iiif/public:music:musihas-200217635:musihas-200217635.0001/full/pct:6.25/0/default.jpg,data/raw/loc/images/musihas.200217635__Aladdin_ unidentified character 1_.jpg,[Aladdin: unidentified character 1].  theater | costume designs | united states
musihas.200217640,[Black Empire: unidentified character],1934,,theater | costume designs | united states,,http://www.loc.gov/item/musihas.200217640/,https://tile.loc.gov/image-services/iiif/public:music:musihas-200217640:musihas-200217640.0001/full/pct:6.25/0/default.jpg,data/raw/loc/images/musihas.200217640__Black Empire_ unidentified character_.jpg,[Black Empire: unidentified character].  theater | costume designs | united states
musihas.200217662,[Circus: unidentified character 2],1934,,theater | costume designs | united states,,http://www.loc.gov/item/musihas.200217662/,https://tile.loc.gov/image-services/iiif/public:music:musihas-200217662:musihas-200217662.0001/full/pct:6.25/0/default.jpg,data/raw/loc/images/musihas.200217662__Circus_ unidentified character 2_.jpg,[Circus: unidentified character 2].  theater | costume designs | united states
musihas.200217663,[Circus: unidentified character 3],1934,,theater | costume designs | united states,,http://www.loc.gov/item/musihas.200217663/,https://tile.loc.gov/image-services/iiif/public:music:musihas-200217663:musihas-200217663.0001/full/pct:6.25/0/default.jpg,data/raw/loc/images/musihas.200217663__Circus_ unidentified character 3_.jpg,[Circus: unidentified character 3].  theater | costume designs | united states
musihas.200217665,[Circus: unidentified character 4],1934,,theater | costume designs | united states,,http://www.loc.gov/item/musihas.200217665/,https://tile.loc.gov/image-services/iiif/public:music:musihas-200217665:musihas-200217665.0001/full/pct:6.25/0/default.jpg,data/raw/loc/images/musihas.200217665__Circus_ unidentified character 4_.jpg,[Circus: unidentified character 4].  theater | costume designs | united states
musihas.200217720,[Lysistrata: unidentified characters (8)],1934,,theater | costume designs | united states,,http://www.loc.gov/item/musihas.200217720/,https://tile.loc.gov/image-services/iiif/public:music:musihas-200217720:musihas-200217720.0001/full/pct:3.125/0/default.jpg,data/raw/loc/images/musihas.200217720__Lysistrata_ unidentified characters (8).jpg,[Lysistrata: unidentified characters (8)].  theater | costume designs | united states
2016820244,[Unidentified],1909-01-01,1 negative : glass ; 4 x 5 in. or smaller,glass negatives,,http://www.loc.gov/item/2016820244/,https://tile.loc.gov/storage-services/service/pnp/npcc/18400/18411_150px.jpg#h=121&w=150,data/raw/loc/images/2016820244__Unidentified_.jpg,[Unidentified]. 1 negative : glass ; 4 x 5 in. or smaller glass negatives
2016820245,[Unidentified],1909-01-01,1 negative : glass ; 4 x 5 in. or smaller,glass negatives,,http://www.loc.gov/item/2016820245/,https://tile.loc.gov/storage-services/service/pnp/npcc/18400/18412_150px.jpg#h=120&w=150,data/raw/loc/images/2016820245__Unidentified_.jpg,[Unidentified]. 1 negative : glass ; 4 x 5 in. or smaller glass negatives
2018695134,[Unidentified],1940-01-01,1 print : [process not identified] ; sheet 92 x 122 cm. or less.,prints,,http://www.loc.gov/item/2018695134/,https://tile.loc.gov/storage-services/service/pnp/ppmsca/44400/44483_150px.jpg#h=150&w=124,data/raw/loc/images/2018695134__Unidentified_.jpg,[Unidentified]. 1 print : [process not identified] ; sheet 92 x 122 cm. or less. prints
2018670482,[Unidentified],1860,"1 negative : glass, wet collodion.",civil war | history | united states | glass negatives | portrait photographs,united states,http://www.loc.gov/item/2018670482/,https://tile.loc.gov/storage-services/service/pnp/cwpb/07600/07633_150px.jpg#h=150&w=100,data/raw/loc/images/2018670482__Unidentified_.jpg,"[Unidentified]. 1 negative : glass, wet collodion. civil war | history | united states | glass negatives | portrait photographs"
2018670483,[Unidentified],1860,"1 negative : glass, wet collodion.",civil war | history | united states | glass negatives | portrait photographs,united states,http://www.loc.gov/item/2018670483/,https://tile.loc.gov/storage-services/service/pnp/cwpb/07600/07634_150px.jpg#h=150&w=101,data/raw/loc/images/2018670483__Unidentified_.jpg,"[Unidentified]. 1 negative : glass, wet collodion. civil war | history | united states | glass negatives | portrait photographs"
2018670486,[Unidentified],1860,"1 negative : glass, wet collodion.",civil war | history | united states | glass negatives | portrait photographs,united states,http://www.loc.gov/item/2018670486/,https://tile.loc.gov/storage-services/service/pnp/cwpb/07600/07637_150px.jpg#h=150&w=68,data/raw/loc/images/2018670486__Unidentified_.jpg,"[Unidentified]. 1 negative : glass, wet collodion. civil war | history | united states | glass negatives | portrait photographs"
2019704949,[Unidentified],1925-01-01,1 negative : safety film ; 5 x 7 in.,safety film negatives,,http://www.loc.gov/item/2019704949/,https://tile.loc.gov/storage-services/service/pnp/matpc/14700/14746_150px.jpg#h=109&w=150,data/raw/loc/images/2019704949__Unidentified_.jpg,[Unidentified]. 1 negative : safety film ; 5 x 7 in. safety film negatives
2019709965,[Unidentified],1934-01-01,1 negative : nitrate ; 4 x 5 in.,nitrate negatives,,http://www.loc.gov/item/2019709965/,https://tile.loc.gov/storage-services/service/pnp/matpc/19100/19195_150px.jpg#h=106&w=150,data/raw/loc/images/2019709965__Unidentified_.jpg,[Unidentified]. 1 negative : nitrate ; 4 x 5 in. nitrate negatives
2019709966,[Unidentified],1934-01-01,1 negative : nitrate ; 4 x 5 in.,nitrate negatives,,http://www.loc.gov/item/2019709966/,https://tile.loc.gov/storage-services/service/pnp/matpc/19100/19196_150px.jpg#h=105&w=150,data/raw/loc/images/2019709966__Unidentified_.jpg,[Unidentified]. 1 negative : nitrate ; 4 x 5 in. nitrate negatives
2019709967,[Unidentified],1934-01-01,1 negative : nitrate ; 4 x 5 in.,nitrate negatives,,http://www.loc.gov/item/2019709967/,https://tile.loc.gov/storage-services/service/pnp/matpc/19100/19197_150px.jpg#h=105&w=150,data/raw/loc/images/2019709967__Unidentified_.jpg,[Unidentified]. 1 negative : nitrate ; 4 x 5 in. nitrate negatives
2019709963,[Unidentified],1934-01-01,1 negative : nitrate ; 4 x 5 in.,nitrate negatives,,http://www.loc.gov/item/2019709963/,https://tile.loc.gov/storage-services/service/pnp/matpc/19100/19193_150px.jpg#h=105&w=150,data/raw/loc/images/2019709963__Unidentified_.jpg,[Unidentified]. 1 negative : nitrate ; 4 x 5 in. nitrate negatives
2019709964,[Unidentified],1934-01-01,1 negative : nitrate ; 4 x 5 in.,nitrate negatives,,http://www.loc.gov/item/2019709964/,https://tile.loc.gov/storage-services/service/pnp/matpc/19100/19194_150px.jpg#h=109&w=150,data/raw/loc/images/2019709964__Unidentified_.jpg,[Unidentified]. 1 negative : nitrate ; 4 x 5 in. nitrate negatives
2016820116,[Unidentified],1909-01-01,1 negative : glass ; 4 x 5 in. or smaller,glass negatives,,http://www.loc.gov/item/2016820116/,https://tile.loc.gov/storage-services/service/pnp/npcc/18200/18280_150px.jpg#h=150&w=123,data/raw/loc/images/2016820116__Unidentified_.jpg,[Unidentified]. 1 negative : glass ; 4 x 5 in. or smaller glass negatives
2016820287,[Unidentified],1909-01-01,1 negative : glass ; 4 x 5 in. or smaller,glass negatives,,http://www.loc.gov/item/2016820287/,https://tile.loc.gov/storage-services/service/pnp/npcc/18400/18498_150px.jpg#h=120&w=150,data/raw/loc/images/2016820287__Unidentified_.jpg,[Unidentified]. 1 negative : glass ; 4 x 5 in. or smaller glass negatives
2016820251,[Unidentified],1909-01-01,1 negative : glass ; 4 x 5 in. or smaller,glass negatives,,http://www.loc.gov/item/2016820251/,https://tile.loc.gov/storage-services/service/pnp/npcc/18400/18418_150px.jpg#h=121&w=150,data/raw/loc/images/2016820251__Unidentified_.jpg,[Unidentified]. 1 negative : glass ; 4 x 5 in. or smaller glass negatives
2016820242,[Unidentified],1909-01-01,1 negative : glass ; 4 x 5 in. or smaller,glass negatives,,http://www.loc.gov/item/2016820242/,https://tile.loc.gov/storage-services/service/pnp/npcc/18400/18409_150px.jpg#h=121&w=150,data/raw/loc/images/2016820242__Unidentified_.jpg,[Unidentified]. 1 negative : glass ; 4 x 5 in. or smaller glass negatives
2016820243,[Unidentified],1909-01-01,1 negative : glass ; 4 x 5 in. or smaller,glass negatives,,http://www.loc.gov/item/2016820243/,https://tile.loc.gov/storage-services/service/pnp/npcc/18400/18410_150px.jpg#h=121&w=150,data/raw/loc/images/2016820243__Unidentified_.jpg,[Unidentified]. 1 negative : glass ; 4 x 5 in. or smaller glass negatives
2016820246,[Unidentified],1909-01-01,1 negative : glass ; 4 x 5 in. or smaller,glass negatives,,http://www.loc.gov/item/2016820246/,https://tile.loc.gov/storage-services/service/pnp/npcc/18400/18413_150px.jpg#h=121&w=150,data/raw/loc/images/2016820246__Unidentified_.jpg,[Unidentified]. 1 negative : glass ; 4 x 5 in. or smaller glass negatives
2016820247,[Unidentified],1909-01-01,1 negative : glass ; 4 x 5 in. or smaller,glass negatives,,http://www.loc.gov/item/2016820247/,https://tile.loc.gov/storage-services/service/pnp/npcc/18400/18414_150px.jpg#h=120&w=150,data/raw/loc/images/2016820247__Unidentified_.jpg,[Unidentified]. 1 negative : glass ; 4 x 5 in. or smaller glass negatives
2016820248,[Unidentified],1909-01-01,1 negative : glass ; 4 x 5 in. or smaller,glass negatives,,http://www.loc.gov/item/2016820248/,https://tile.loc.gov/storage-services/service/pnp/npcc/18400/18415_150px.jpg#h=150&w=122,data/raw/loc/images/2016820248__Unidentified_.jpg,[Unidentified]. 1 negative : glass ; 4 x 5 in. or smaller glass negatives
2016820249,[Unidentified],1909-01-01,1 negative : glass ; 4 x 5 in. or smaller,glass negatives,,http://www.loc.gov/item/2016820249/,https://tile.loc.gov/storage-services/service/pnp/npcc/18400/18416_150px.jpg#h=150&w=121,data/raw/loc/images/2016820249__Unidentified_.jpg,[Unidentified]. 1 negative : glass ; 4 x 5 in. or smaller glass negatives
2016820250,[Unidentified],1909-01-01,1 negative : glass ; 4 x 5 in. or smaller,glass negatives,,http://www.loc.gov/item/2016820250/,https://tile.loc.gov/storage-services/service/pnp/npcc/18400/18417_150px.jpg#h=150&w=123,data/raw/loc/images/2016820250__Unidentified_.jpg,[Unidentified]. 1 negative : glass ; 4 x 5 in. or smaller glass negatives
2016820208,[Unidentified],1909-01-01,1 negative : glass ; 4 x 5 in. or smaller,glass negatives,,http://www.loc.gov/item/2016820208/,https://tile.loc.gov/storage-services/service/pnp/npcc/18300/18375t.gif#h=150&w=120,data/raw/loc/images/2016820208__Unidentified_.jpg,[Unidentified]. 1 negative : glass ; 4 x 5 in. or smaller glass negatives
2016820209,[Unidentified],1909-01-01,1 negative : glass ; 4 x 5 in. or smaller,glass negatives,,http://www.loc.gov/item/2016820209/,https://tile.loc.gov/storage-services/service/pnp/npcc/18300/18376_150px.jpg#h=121&w=150,data/raw/loc/images/2016820209__Unidentified_.jpg,[Unidentified]. 1 negative : glass ; 4 x 5 in. or smaller glass negatives
2016820210,[Unidentified],1909-01-01,1 negative : glass ; 4 x 5 in. or smaller,glass negatives,,http://www.loc.gov/item/2016820210/,https://tile.loc.gov/storage-services/service/pnp/npcc/18300/18377_150px.jpg#h=120&w=150,data/raw/loc/images/2016820210__Unidentified_.jpg,[Unidentified]. 1 negative : glass ; 4 x 5 in. or smaller glass negatives
2016820211,[Unidentified],1909-01-01,1 negative : glass ; 4 x 5 in. or smaller,glass negatives,,http://www.loc.gov/item/2016820211/,https://tile.loc.gov/storage-services/service/pnp/npcc/18300/18378_150px.jpg#h=150&w=122,data/raw/loc/images/2016820211__Unidentified_.jpg,[Unidentified]. 1 negative : glass ; 4 x 5 in. or smaller glass negatives
2016820212,[Unidentified],1909-01-01,1 negative : glass ; 4 x 5 in. or smaller,glass negatives,,http://www.loc.gov/item/2016820212/,https://tile.loc.gov/storage-services/service/pnp/npcc/18300/18379_150px.jpg#h=120&w=150,data/raw/loc/images/2016820212__Unidentified_.jpg,[Unidentified]. 1 negative : glass ; 4 x 5 in. or smaller glass negatives
2016820213,[Unidentified],1909-01-01,1 negative : glass ; 4 x 5 in. or smaller,glass negatives,,http://www.loc.gov/item/2016820213/,https://tile.loc.gov/storage-services/service/pnp/npcc/18300/18380_150px.jpg#h=150&w=122,data/raw/loc/images/2016820213__Unidentified_.jpg,[Unidentified]. 1 negative : glass ; 4 x 5 in. or smaller glass negatives
2016820159,[Unidentified],1909-01-01,1 negative : glass ; 4 x 5 in. or smaller,glass negatives,,http://www.loc.gov/item/2016820159/,https://tile.loc.gov/storage-services/service/pnp/npcc/18300/18323_150px.jpg#h=121&w=150,data/raw/loc/images/2016820159__Unidentified_.jpg,[Unidentified]. 1 negative : glass ; 4 x 5 in. or smaller glass negatives
2016820161,[Unidentified],1909-01-01,1 negative : glass ; 4 x 5 in. or smaller,glass negatives,,http://www.loc.gov/item/2016820161/,https://tile.loc.gov/storage-services/service/pnp/npcc/18300/18325_150px.jpg#h=150&w=122,data/raw/loc/images/2016820161__Unidentified_.jpg,[Unidentified]. 1 negative : glass ; 4 x 5 in. or smaller glass negatives
2016820162,[Unidentified],1909-01-01,1 negative : glass ; 4 x 5 in. or smaller,glass negatives,,http://www.loc.gov/item/2016820162/,https://tile.loc.gov/storage-services/service/pnp/npcc/18300/18326_150px.jpg#h=150&w=122,data/raw/loc/images/2016820162__Unidentified_.jpg,[Unidentified]. 1 negative : glass ; 4 x 5 in. or smaller glass negatives
2016820166,[Unidentified],1909-01-01,1 negative : glass ; 4 x 5 in. or smaller,glass negatives,,http://www.loc.gov/item/2016820166/,https://tile.loc.gov/storage-services/service/pnp/npcc/18300/18330_150px.jpg#h=120&w=150,data/raw/loc/images/2016820166__Unidentified_.jpg,[Unidentified]. 1 negative : glass ; 4 x 5 in. or smaller glass negatives
2016820173,[Unidentified],1909-01-01,1 negative : glass ; 4 x 5 in. or smaller,glass negatives,,http://www.loc.gov/item/2016820173/,https://tile.loc.gov/storage-services/service/pnp/npcc/18300/18340_150px.jpg#h=150&w=122,data/raw/loc/images/2016820173__Unidentified_.jpg,[Unidentified]. 1 negative : glass ; 4 x 5 in. or smaller glass negatives
2016820174,[Unidentified],1909-01-01,1 negative : glass ; 4 x 5 in. or smaller,glass negatives,,http://www.loc.gov/item/2016820174/,https://tile.loc.gov/storage-services/service/pnp/npcc/18300/18341_150px.jpg#h=121&w=150,data/raw/loc/images/2016820174__Unidentified_.jpg,[Unidentified]. 1 negative : glass ; 4 x 5 in. or smaller glass negatives
2016820175,[Unidentified],1909-01-01,1 negative : glass ; 4 x 5 in. or smaller,glass negatives,,http://www.loc.gov/item/2016820175/,https://tile.loc.gov/storage-services/service/pnp/npcc/18300/18342_150px.jpg#h=120&w=150,data/raw/loc/images/2016820175__Unidentified_.jpg,[Unidentified]. 1 negative : glass ; 4 x 5 in. or smaller glass negatives
2016820176,[Unidentified],1909-01-01,1 negative : glass ; 4 x 5 in. or smaller,glass negatives,,http://www.loc.gov/item/2016820176/,https://tile.loc.gov/storage-services/service/pnp/npcc/18300/18343_150px.jpg#h=121&w=150,data/raw/loc/images/2016820176__Unidentified_.jpg,[Unidentified]. 1 negative : glass ; 4 x 5 in. or smaller glass negatives
2016820222,[Unidentified],1909-01-01,1 negative : glass ; 4 x 5 in. or smaller,glass negatives,,http://www.loc.gov/item/2016820222/,https://tile.loc.gov/storage-services/service/pnp/npcc/18300/18389_150px.jpg#h=121&w=150,data/raw/loc/images/2016820222__Unidentified_.jpg,[Unidentified]. 1 negative : glass ; 4 x 5 in. or smaller glass negatives
2016820223,[Unidentified],1909-01-01,1 negative : glass ; 4 x 5 in. or smaller,glass negatives,,http://www.loc.gov/item/2016820223/,https://tile.loc.gov/storage-services/service/pnp/npcc/18300/18390_150px.jpg#h=121&w=150,data/raw/loc/images/2016820223__Unidentified_.jpg,[Unidentified]. 1 negative : glass ; 4 x 5 in. or smaller glass negatives
2016820224,[Unidentified],1909-01-01,1 negative : glass ; 4 x 5 in. or smaller,glass negatives,,http://www.loc.gov/item/2016820224/,https://tile.loc.gov/storage-services/service/pnp/npcc/18300/18391_150px.jpg#h=150&w=120,data/raw/loc/images/2016820224__Unidentified_.jpg,[Unidentified]. 1 negative : glass ; 4 x 5 in. or smaller glass negatives
2016820225,[Unidentified],1909-01-01,1 negative : glass ; 4 x 5 in. or smaller,glass negatives,,http://www.loc.gov/item/2016820225/,https://tile.loc.gov/storage-services/service/pnp/npcc/18300/18392_150px.jpg#h=150&w=122,data/raw/loc/images/2016820225__Unidentified_.jpg,[Unidentified]. 1 negative : glass ; 4 x 5 in. or smaller glass negatives
2016820226,[Unidentified],1909-01-01,1 negative : glass ; 4 x 5 in. or smaller,glass negatives,,http://www.loc.gov/item/2016820226/,https://tile.loc.gov/storage-services/service/pnp/npcc/18300/18393_150px.jpg#h=150&w=120,data/raw/loc/images/2016820226__Unidentified_.jpg,[Unidentified]. 1 negative : glass ; 4 x 5 in. or smaller glass negatives
2016820177,[Unidentified],1909-01-01,1 negative : glass ; 4 x 5 in. or smaller,glass negatives,,http://www.loc.gov/item/2016820177/,https://tile.loc.gov/storage-services/service/pnp/npcc/18300/18344_150px.jpg#h=120&w=150,data/raw/loc/images/2016820177__Unidentified_.jpg,[Unidentified]. 1 negative : glass ; 4 x 5 in. or smaller glass negatives
2016820178,[Unidentified],1909-01-01,1 negative : glass ; 4 x 5 in. or smaller,glass negatives,,http://www.loc.gov/item/2016820178/,https://tile.loc.gov/storage-services/service/pnp/npcc/18300/18345_150px.jpg#h=121&w=150,data/raw/loc/images/2016820178__Unidentified_.jpg,[Unidentified]. 1 negative : glass ; 4 x 5 in. or smaller glass negatives
2016820179,[Unidentified],1909-01-01,1 negative : glass ; 4 x 5 in. or smaller,glass negatives,,http://www.loc.gov/item/2016820179/,https://tile.loc.gov/storage-services/service/pnp/npcc/18300/18346_150px.jpg#h=121&w=150,data/raw/loc/images/2016820179__Unidentified_.jpg,[Unidentified]. 1 negative : glass ; 4 x 5 in. or smaller glass negatives
2016820180,[Unidentified],1909-01-01,1 negative : glass ; 4 x 5 in. or smaller,glass negatives,,http://www.loc.gov/item/2016820180/,https://tile.loc.gov/storage-services/service/pnp/npcc/18300/18347_150px.jpg#h=121&w=150,data/raw/loc/images/2016820180__Unidentified_.jpg,[Unidentified]. 1 negative : glass ; 4 x 5 in. or smaller glass negatives
2016820181,[Unidentified],1909-01-01,1 negative : glass ; 4 x 5 in. or smaller,glass negatives,,http://www.loc.gov/item/2016820181/,https://tile.loc.gov/storage-services/service/pnp/npcc/18300/18348_150px.jpg#h=120&w=150,data/raw/loc/images/2016820181__Unidentified_.jpg,[Unidentified]. 1 negative : glass ; 4 x 5 in. or smaller glass negatives
2016820182,[Unidentified],1909-01-01,1 negative : glass ; 4 x 5 in. or smaller,glass negatives,,http://www.loc.gov/item/2016820182/,https://tile.loc.gov/storage-services/service/pnp/npcc/18300/18349_150px.jpg#h=120&w=150,data/raw/loc/images/2016820182__Unidentified_.jpg,[Unidentified]. 1 negative : glass ; 4 x 5 in. or smaller glass negatives
2016820183,[Unidentified],1909-01-01,1 negative : glass ; 4 x 5 in. or smaller,glass negatives,,http://www.loc.gov/item/2016820183/,https://tile.loc.gov/storage-services/service/pnp/npcc/18300/18350_150px.jpg#h=121&w=150,data/raw/loc/images/2016820183__Unidentified_.jpg,[Unidentified]. 1 negative : glass ; 4 x 5 in. or smaller glass negatives
2016820184,[Unidentified],1909-01-01,1 negative : glass ; 4 x 5 in. or smaller,glass negatives,,http://www.loc.gov/item/2016820184/,https://tile.loc.gov/storage-services/service/pnp/npcc/18300/18351_150px.jpg#h=120&w=150,data/raw/loc/images/2016820184__Unidentified_.jpg,[Unidentified]. 1 negative : glass ; 4 x 5 in. or smaller glass negatives
2016820188,[Unidentified],1909-01-01,1 negative : glass ; 4 x 5 in. or smaller,glass negatives,,http://www.loc.gov/item/2016820188/,https://tile.loc.gov/storage-services/service/pnp/npcc/18300/18355_150px.jpg#h=120&w=150,data/raw/loc/images/2016820188__Unidentified_.jpg,[Unidentified]. 1 negative : glass ; 4 x 5 in. or smaller glass negatives
2016820189,[Unidentified],1909-01-01,1 negative : glass ; 4 x 5 in. or smaller,glass negatives,,http://www.loc.gov/item/2016820189/,https://tile.loc.gov/storage-services/service/pnp/npcc/18300/18356_150px.jpg#h=121&w=150,data/raw/loc/images/2016820189__Unidentified_.jpg,[Unidentified]. 1 negative : glass ; 4 x 5 in. or smaller glass negatives
2016820190,[Unidentified],1909-01-01,1 negative : glass ; 4 x 5 in. or smaller,glass negatives,,http://www.loc.gov/item/2016820190/,https://tile.loc.gov/storage-services/service/pnp/npcc/18300/18357_150px.jpg#h=121&w=150,data/raw/loc/images/2016820190__Unidentified_.jpg,[Unidentified]. 1 negative : glass ; 4 x 5 in. or smaller glass negatives
2016820233,[Unidentified],1909-01-01,1 negative : glass ; 4 x 5 in. or smaller,glass negatives,,http://www.loc.gov/item/2016820233/,https://tile.loc.gov/storage-services/service/pnp/npcc/18400/18400_150px.jpg#h=120&w=150,data/raw/loc/images/2016820233__Unidentified_.jpg,[Unidentified]. 1 negative : glass ; 4 x 5 in. or smaller glass negatives
2016820234,[Unidentified],1909-01-01,1 negative : glass ; 4 x 5 in. or smaller,glass negatives,,http://www.loc.gov/item/2016820234/,https://tile.loc.gov/storage-services/service/pnp/npcc/18400/18401_150px.jpg#h=121&w=150,data/raw/loc/images/2016820234__Unidentified_.jpg,[Unidentified]. 1 negative : glass ; 4 x 5 in. or smaller glass negatives
2016820235,[Unidentified],1909-01-01,1 negative : glass ; 4 x 5 in. or smaller,glass negatives,,http://www.loc.gov/item/2016820235/,https://tile.loc.gov/storage-services/service/pnp/npcc/18400/18402_150px.jpg#h=150&w=123,data/raw/loc/images/2016820235__Unidentified_.jpg,[Unidentified]. 1 negative : glass ; 4 x 5 in. or smaller glass negatives
2016820241,[Unidentified],1909-01-01,1 negative : glass ; 4 x 5 in. or smaller,glass negatives,,http://www.loc.gov/item/2016820241/,https://tile.loc.gov/storage-services/service/pnp/npcc/18400/18408_150px.jpg#h=150&w=122,data/raw/loc/images/2016820241__Unidentified_.jpg,[Unidentified]. 1 negative : glass ; 4 x 5 in. or smaller glass negatives
2016820232,[Unidentified],1909-01-01,1 negative : glass ; 4 x 5 in. or smaller,glass negatives,,http://www.loc.gov/item/2016820232/,https://tile.loc.gov/storage-services/service/pnp/npcc/18300/18399_150px.jpg#h=150&w=121,data/raw/loc/images/2016820232__Unidentified_.jpg,[Unidentified]. 1 negative : glass ; 4 x 5 in. or smaller glass negatives
2014686272,[Unidentified],1900,1 negative : glass ; 5 x 7 in. or smaller.,glass negatives,,http://www.loc.gov/item/2014686272/,https://tile.loc.gov/storage-services/service/pnp/ggbain/06200/06280_150px.jpg#h=150&w=108,data/raw/loc/images/2014686272__Unidentified_.jpg,[Unidentified]. 1 negative : glass ; 5 x 7 in. or smaller. glass negatives
2018670484,[Unidentified],1860,"1 negative : glass, wet collodion.",portrait photographs | glass negatives | history | united states | civil war,united states,http://www.loc.gov/item/2018670484/,https://tile.loc.gov/storage-services/service/pnp/cwpb/07600/07635_150px.jpg#h=140&w=150,data/raw/loc/images/2018670484__Unidentified_.jpg,"[Unidentified]. 1 negative : glass, wet collodion. portrait photographs | glass negatives | history | united states | civil war"
2019630776,"[Unidentified houses, unidentified interior details, mantels for Cass Gilbert, Saint Paul, Minnesota]",1890-01-01,"7 drawings on 1 page : ink and graphite ; page 48 x 34 cm. | Design sketches show unidentified houses as elevations and plans, undated; unidentified interior wall and stair details, dated 1895; and mantels for dining room and nursery at Cass Gilbert's house, dated Sept. 24, 1890.","mantels | minnesota | architectural drawings | gilbert, cass | sketches | saint paul | houses | homes & haunts",minnesota | saint paul,http://www.loc.gov/item/2019630776/,https://tile.loc.gov/storage-services/service/pnp/ds/13100/13103_150px.jpg#h=150&w=114,data/raw/loc/images/2019630776__Unidentified houses_ unidentified inter.jpg,"[Unidentified houses, unidentified interior details, mantels for Cass Gilbert, Saint Paul, Minnesota]. 7 drawings on 1 page : ink and graphite ; page 48 x 34 cm. | Design sketches show unidentified houses as elevations and plans, undated; unidentified interior wall and stair details, dated 1895; and mantels for dining room and nursery at Cass Gilbert's house, dated Sept. 24, 1890. mantels | minnesota | architectural drawings | gilbert, cass | sketches | saint paul | houses | homes & haunts"
2017659693,[Unidentified Civil War veteran],1880,"1 photograph : print ; sheet 15 x 10 cm, mat 18 x 13 cm. | Photograph shows portrait of unidentified Confederate veteran.",confederate | veterans | army | portrait photographs | people | history | united states | civil war | confederate states of america | photographic prints,united states,http://www.loc.gov/item/2017659693/,https://tile.loc.gov/storage-services/service/pnp/ppmsca/53100/53111_150px.jpg#h=150&w=108,data/raw/loc/images/2017659693__Unidentified Civil War veteran_.jpg,"[Unidentified Civil War veteran]. 1 photograph : print ; sheet 15 x 10 cm, mat 18 x 13 cm. | Photograph shows portrait of unidentified Confederate veteran. confederate | veterans | army | portrait photographs | people | history | united states | civil war | confederate states of america | photographic prints"
2020714951,"[Unidentified Buildings, Stockholm, Sweden]",1952-01-01,"4 photographs : nitrate negative ; film width 35mm (roll format) | Photograph (4 frames) shows two unidentified buildings in Stockholm, Sweden.",stockholm | sweden | nitrate negatives | architectural photographs | buildings,stockholm | sweden,http://www.loc.gov/item/2020714951/,https://tile.loc.gov/storage-services/service/pnp/ppmsca/68600/68616_150px.jpg#h=150&w=32,data/raw/loc/images/2020714951__Unidentified Buildings_ Stockholm_ Swed.jpg,"[Unidentified Buildings, Stockholm, Sweden]. 4 photographs : nitrate negative ; film width 35mm (roll format) | Photograph (4 frames) shows two unidentified buildings in Stockholm, Sweden. stockholm | sweden | nitrate negatives | architectural photographs | buildings"
2017659694,[Unidentified Civil war veteran],1880,"1 photograph : print ; sheet 14 x 10 cm, mount 23 x 15 cm. | Photograph shows portrait of unidentified Confederate veteran.",confederate | veterans | army | portrait photographs | people | history | united states | civil war | confederate states of america | photographic prints,united states,http://www.loc.gov/item/2017659694/,https://tile.loc.gov/storage-services/service/pnp/ppmsca/53100/53113_150px.jpg#h=150&w=100,data/raw/loc/images/2017659694__Unidentified Civil war veteran_.jpg,"[Unidentified Civil war veteran]. 1 photograph : print ; sheet 14 x 10 cm, mount 23 x 15 cm. | Photograph shows portrait of unidentified Confederate veteran. confederate | veterans | army | portrait photographs | people | history | united states | civil war | confederate states of america | photographic prints"
2023630391,[Unidentified officer in uniform],1861,1 photograph : albumen print on card mount ; mount 101 x 61 mm (carte de visite format) | Photograph shows unidentified soldier.,albumen prints | army | portrait photographs | people | history | soldiers | union | cartes de visite | united states | military uniforms | civil war | military personnel,united states,http://www.loc.gov/item/2023630391/,https://tile.loc.gov/storage-services/service/pnp/ppmsca/85800/85857_150px.jpg#h=150&w=92,data/raw/loc/images/2023630391__Unidentified officer in uniform_.jpg,[Unidentified officer in uniform]. 1 photograph : albumen print on card mount ; mount 101 x 61 mm (carte de visite format) | Photograph shows unidentified soldier. albumen prints | army | portrait photographs | people | history | soldiers | union | cartes de visite | united states | military uniforms | civil war | military personnel
2021636705,[Unidentified soldier in Union uniform and two unidentified women reading a Bible],1861,"1 photograph : albumen print on card mount ; mount 101 x 62 mm (carte de visite format) | Photograph shows portrait of unidentified soldier with two older women, possibly his mother and aunt.",albumen prints | army | group portraits | women | people | history | portrait photographs | soldiers | union | cartes de visite | united states | military uniforms | bibles | civil war | military personnel,united states,http://www.loc.gov/item/2021636705/,https://tile.loc.gov/storage-services/service/pnp/ppmsca/71400/71438_150px.jpg#h=150&w=94,data/raw/loc/images/2021636705__Unidentified soldier in Union uniform a.jpg,"[Unidentified soldier in Union uniform and two unidentified women reading a Bible]. 1 photograph : albumen print on card mount ; mount 101 x 62 mm (carte de visite format) | Photograph shows portrait of unidentified soldier with two older women, possibly his mother and aunt. albumen prints | army | group portraits | women | people | history | portrait photographs | soldiers | union | cartes de visite | united states | military uniforms | bibles | civil war | military personnel"
2017659691,[Unidentified Civil War veteran],1890,"1 photograph : print ; sheet 14 x 11 cm, mount 17 x 11 cm. | Photograph shows portrait of unidentified Union veteran in uniform with medals.",veterans | army | portrait photographs | people | history | union | united states | civil war | photographic prints,united states,http://www.loc.gov/item/2017659691/,https://tile.loc.gov/storage-services/service/pnp/ppmsca/53100/53108_150px.jpg#h=150&w=99,data/raw/loc/images/2017659691__Unidentified Civil War veteran_.jpg,"[Unidentified Civil War veteran]. 1 photograph : print ; sheet 14 x 11 cm, mount 17 x 11 cm. | Photograph shows portrait of unidentified Union veteran in uniform with medals. veterans | army | portrait photographs | people | history | union | united states | civil war | photographic prints"
2010650358,[Unidentified soldier in Union uniform and unidentified woman],1861-01-01,"1 photograph : sixth-plate tintype, hand-colored ; 9.2 x 8.0 cm (case)",army | group portraits | couples | tintypes | women | people | history | portrait photographs | soldiers | union | united states | military uniforms | civil war | hand-colored | military personnel,united states,http://www.loc.gov/item/2010650358/,https://tile.loc.gov/storage-services/service/pnp/ppmsca/27200/27240_150px.jpg#h=128&w=150,data/raw/loc/images/2010650358__Unidentified soldier in Union uniform a.jpg,"[Unidentified soldier in Union uniform and unidentified woman]. 1 photograph : sixth-plate tintype, hand-colored ; 9.2 x 8.0 cm (case) army | group portraits | couples | tintypes | women | people | history | portrait photographs | soldiers | union | united states | military uniforms | civil war | hand-colored | military personnel"
2012649876,[Unidentified soldier in Union uniform and unidentified woman],1861-01-01,1 photograph : sixth-plate tintype ; 9.7 x 8.4 cm (case),army | couples | tintypes | women | people | history | portrait photographs | soldiers | union | united states | military uniforms | civil war | military personnel,united states,http://www.loc.gov/item/2012649876/,https://tile.loc.gov/storage-services/service/pnp/ppmsca/34200/34268_150px.jpg#h=150&w=133,data/raw/loc/images/2012649876__Unidentified soldier in Union uniform a.jpg,[Unidentified soldier in Union uniform and unidentified woman]. 1 photograph : sixth-plate tintype ; 9.7 x 8.4 cm (case) army | couples | tintypes | women | people | history | portrait photographs | soldiers | union | united states | military uniforms | civil war | military personnel
2011661477,[Unidentified soldier in Union uniform and unidentified woman],1861-01-01,"1 photograph : sixth-plate ambrotype, hand-colored ; 9.3 x 8.2 cm (case)",ambrotypes | army | couples | women | people | history | portrait photographs | soldiers | union | united states | military uniforms | civil war | hand-colored | military personnel,united states,http://www.loc.gov/item/2011661477/,https://tile.loc.gov/storage-services/service/pnp/ppmsca/32000/32084_150px.jpg#h=150&w=128,data/raw/loc/images/2011661477__Unidentified soldier in Union uniform a.jpg,"[Unidentified soldier in Union uniform and unidentified woman]. 1 photograph : sixth-plate ambrotype, hand-colored ; 9.3 x 8.2 cm (case) ambrotypes | army | couples | women | people | history | portrait photographs | soldiers | union | united states | military uniforms | civil war | hand-colored | military personnel"
2017648709,[Unidentified African American man],1917-01-01,"1 photograph : gelatin silver print ; sheet 5 x 4 cm. | Photograph shows identification portrait of unidentified African American man, probably a World War I soldier.",army | american | world war | portrait photographs | people | military service | african americans | soldiers | identification photographs | united states | photographic prints | military personnel,,http://www.loc.gov/item/2017648709/,https://tile.loc.gov/storage-services/service/pnp/ppmsca/51900/51935_150px.jpg#h=150&w=113,data/raw/loc/images/2017648709__Unidentified African American man_.jpg,"[Unidentified African American man]. 1 photograph : gelatin silver print ; sheet 5 x 4 cm. | Photograph shows identification portrait of unidentified African American man, probably a World War I soldier. army | american | world war | portrait photographs | people | military service | african americans | soldiers | identification photographs | united states | photographic prints | military personnel"
2019637154,[Unidentified soldier in Union uniform with unidentified woman],1861,1 photograph : albumen print on card mount ; mount 10 x 6 cm (carte de visite format),albumen prints | army | couples | women | people | history | portrait photographs | soldiers | union | cartes de visite | united states | military uniforms | civil war | military personnel,united states,http://www.loc.gov/item/2019637154/,https://tile.loc.gov/storage-services/service/pnp/ppmsca/59900/59919_150px.jpg#h=150&w=94,data/raw/loc/images/2019637154__Unidentified soldier in Union uniform w.jpg,[Unidentified soldier in Union uniform with unidentified woman]. 1 photograph : albumen print on card mount ; mount 10 x 6 cm (carte de visite format) albumen prints | army | couples | women | people | history | portrait photographs | soldiers | union | cartes de visite | united states | military uniforms | civil war | military personnel
musftpphotoprints.200224566,Miscellaneous Community theater Unidentified groups,1934,,theater | photographic prints | united states,,http://www.loc.gov/item/musftpphotoprints.200224566/,https://tile.loc.gov/image-services/iiif/public:music:musftpphotoprints-200224566:musftpphotoprints-200224566.0001/full/pct:12.5/0/default.jpg,data/raw/loc/images/musftpphotoprints.200224566_Miscellaneous Community theater Unidenti.jpg,Miscellaneous Community theater Unidentified groups.  theater | photographic prints | united states
2012648997,[Unidentified soldier in Confederate uniform and unidentified woman],1861-01-01,"2 photographs in 1 case : sixth-plate ambrotype and sixth-plate tintype, hand-colored ; 9.6 x 8.6 cm (case)",confederate | ambrotypes | army | couples | tintypes | women | people | history | portrait photographs | soldiers | united states | military uniforms | civil war | confederate states of america | hand-colored | military personnel,united states,http://www.loc.gov/item/2012648997/,https://tile.loc.gov/storage-services/service/pnp/ppmsca/33300/33349_150px.jpg#h=85&w=150,data/raw/loc/images/2012648997__Unidentified soldier in Confederate uni.jpg,"[Unidentified soldier in Confederate uniform and unidentified woman]. 2 photographs in 1 case : sixth-plate ambrotype and sixth-plate tintype, hand-colored ; 9.6 x 8.6 cm (case) confederate | ambrotypes | army | couples | tintypes | women | people | history | portrait photographs | soldiers | united states | military uniforms | civil war | confederate states of america | hand-colored | military personnel"
musftpsets.200218199,"[Unidentified Production: U3, Drum Bar]",1934,,theater | united states | set designs,,http://www.loc.gov/item/musftpsets.200218199/,https://tile.loc.gov/image-services/iiif/public:music:musftpsets-200218199:musftpsets-200218199.0001/full/pct:6.25/0/default.jpg,data/raw/loc/images/musftpsets.200218199__Unidentified Production_ U3_ Drum Bar_.jpg,"[Unidentified Production: U3, Drum Bar].  theater | united states | set designs"
musftpsets.200218204,"[Unidentified Production: U6, Trees/Shrubs]",1934,,theater | united states | set designs,,http://www.loc.gov/item/musftpsets.200218204/,https://tile.loc.gov/image-services/iiif/public:music:musftpsets-200218204:musftpsets-200218204.0001/full/pct:12.5/0/default.jpg,data/raw/loc/images/musftpsets.200218204__Unidentified Production_ U6_ Trees_Shru.jpg,"[Unidentified Production: U6, Trees/Shrubs].  theater | united states | set designs"
musftpsets.200218212,"[Unidentified Production: U13, Abstract Colors]",1934,,theater | united states | set designs,,http://www.loc.gov/item/musftpsets.200218212/,https://tile.loc.gov/image-services/iiif/public:music:musftpsets-200218212:musftpsets-200218212.0001/full/pct:12.5/0/default.jpg,data/raw/loc/images/musftpsets.200218212__Unidentified Production_ U13_ Abstract .jpg,"[Unidentified Production: U13, Abstract Colors].  theater | united states | set designs"
musftpsets.200218213,"[Unidentified Production: U14, Abstract Colors]",1934,,theater | united states | set designs,,http://www.loc.gov/item/musftpsets.200218213/,https://tile.loc.gov/image-services/iiif/public:music:musftpsets-200218213:musftpsets-200218213.0001/full/pct:12.5/0/default.jpg,data/raw/loc/images/musftpsets.200218213__Unidentified Production_ U14_ Abstract .jpg,"[Unidentified Production: U14, Abstract Colors].  theater | united states | set designs"
musftpsets.200218214,"[Unidentified Production: U15, Abstract Colors]",1934,,theater | united states | set designs,,http://www.loc.gov/item/musftpsets.200218214/,https://tile.loc.gov/image-services/iiif/public:music:musftpsets-200218214:musftpsets-200218214.0001/full/pct:12.5/0/default.jpg,data/raw/loc/images/musftpsets.200218214__Unidentified Production_ U15_ Abstract .jpg,"[Unidentified Production: U15, Abstract Colors].  theater | united states | set designs"
musftpsets.200218215,"[Unidentified Production: U16, Abstract Colors]",1934,,theater | united states | set designs,,http://www.loc.gov/item/musftpsets.200218215/,https://tile.loc.gov/image-services/iiif/public:music:musftpsets-200218215:musftpsets-200218215.0001/full/pct:12.5/0/default.jpg,data/raw/loc/images/musftpsets.200218215__Unidentified Production_ U16_ Abstract .jpg,"[Unidentified Production: U16, Abstract Colors].  theater | united states | set designs"
musftpsets.200217996,[Tempo: Scenery for Unidentified Dance],1934,,theater | united states | set designs,,http://www.loc.gov/item/musftpsets.200217996/,https://tile.loc.gov/image-services/iiif/public:music:musftpsets-200217996:musftpsets-200217996.0001/full/pct:6.25/0/default.jpg,data/raw/loc/images/musftpsets.200217996__Tempo_ Scenery for Unidentified Dance_.jpg,[Tempo: Scenery for Unidentified Dance].  theater | united states | set designs
musihas.200217664,[Circus: unidentified tightrope-walking character],1934,,theater | costume designs | united states,,http://www.loc.gov/item/musihas.200217664/,https://tile.loc.gov/image-services/iiif/public:music:musihas-200217664:musihas-200217664.0001/full/pct:6.25/0/default.jpg,data/raw/loc/images/musihas.200217664__Circus_ unidentified tightrope-walking .jpg,[Circus: unidentified tightrope-walking character].  theater | costume designs | united states
musihas.200217689,[Horse Eats Hat: unidentified character],1934,,theater | costume designs | united states,,http://www.loc.gov/item/musihas.200217689/,https://tile.loc.gov/image-services/iiif/public:music:musihas-200217689:musihas-200217689.0001/full/pct:6.25/0/default.jpg,data/raw/loc/images/musihas.200217689__Horse Eats Hat_ unidentified character_.jpg,[Horse Eats Hat: unidentified character].  theater | costume designs | united states
2022635557,[Unidentified African American woman],1861,"1 photograph : tintype ; plate 82 x 70 mm (sixth plate format), case 98 x 88 mm. | Photograph shows portrait of an unidentified African American woman, possibly from the area of Philadelphia or Delaware.",african americans | women | portrait photographs | tintypes,,http://www.loc.gov/item/2022635557/,https://tile.loc.gov/storage-services/service/pnp/ppmsca/75400/75472_150px.jpg#h=150&w=135,data/raw/loc/images/2022635557__Unidentified African American woman_.jpg,"[Unidentified African American woman]. 1 photograph : tintype ; plate 82 x 70 mm (sixth plate format), case 98 x 88 mm. | Photograph shows portrait of an unidentified African American woman, possibly from the area of Philadelphia or Delaware. african americans | women | portrait photographs | tintypes"
2003688682,[Unidentified vendor],,1 print.,,,http://www.loc.gov/item/2003688682/,https://tile.loc.gov/storage-services/service/pnp/pga/10700/10778_150px.jpg#h=150&w=92,data/raw/loc/images/2003688682__Unidentified vendor_.jpg,[Unidentified vendor]. 1 print.
2003690949,[Unidentified woman],1891-01-01,1 print.,,,http://www.loc.gov/item/2003690949/,https://tile.loc.gov/storage-services/service/pnp/pga/02900/02905_150px.jpg#h=150&w=115,data/raw/loc/images/2003690949__Unidentified woman_.jpg,[Unidentified woman]. 1 print.
2022638057,[Unidentified woman],1860,1 photograph : tintype ; plate 76 x 50 mm (trimmed sixth plate format),hand-colored | tintypes | women | portrait photographs,,http://www.loc.gov/item/2022638057/,https://tile.loc.gov/storage-services/service/pnp/ppmsca/77700/77732_150px.jpg#h=150&w=103,data/raw/loc/images/2022638057__Unidentified woman_.jpg,[Unidentified woman]. 1 photograph : tintype ; plate 76 x 50 mm (trimmed sixth plate format) hand-colored | tintypes | women | portrait photographs
2004664118,[Unidentified portrait],1844-01-01,"1 photograph : half plate daguerreotype, gold toned.",portrait photographs | daguerreotypes,,http://www.loc.gov/item/2004664118/,https://tile.loc.gov/storage-services/service/pnp/cph/3c10000/3c10000/3c10000/3c10037_150px.jpg#h=150&w=121,data/raw/loc/images/2004664118__Unidentified portrait_.jpg,"[Unidentified portrait]. 1 photograph : half plate daguerreotype, gold toned. portrait photographs | daguerreotypes"
2004670682,[Unidentified building.],1881-01-01,1 print.,,,http://www.loc.gov/item/2004670682/,https://tile.loc.gov/storage-services/service/pnp/pga/01700/01710_150px.jpg#h=113&w=150,data/raw/loc/images/2004670682__Unidentified building._.jpg,[Unidentified building.]. 1 print.
2012649111,[Unidentified soldier in Union uniform with three unidentified women in bonnets and one unidentified man],1861,"1 photograph : sixth-plate ambrotype, hand-colored ; 9.3 x 8.1 cm (case)",ambrotypes | army | men | group portraits | women | people | history | portrait photographs | soldiers | union | united states | military uniforms | civil war | hand-colored | military personnel,united states,http://www.loc.gov/item/2012649111/,https://tile.loc.gov/storage-services/service/pnp/ppmsca/33400/33427_150px.jpg#h=150&w=132,data/raw/loc/images/2012649111__Unidentified soldier in Union uniform w.jpg,"[Unidentified soldier in Union uniform with three unidentified women in bonnets and one unidentified man]. 1 photograph : sixth-plate ambrotype, hand-colored ; 9.3 x 8.1 cm (case) ambrotypes | army | men | group portraits | women | people | history | portrait photographs | soldiers | union | united states | military uniforms | civil war | hand-colored | military personnel"
2017659692,[Unidentified Civil War veteran],1870,"1 photograph : albumen print on card mount ; sheet 14 x 10 cm, mount 17 x 11 cm (cabinet card format) | Photograph shows portrait of unidentified Union veteran in uniform with memorial ribbon, in front of painted backdrop.",veterans | cabinet photographs | army | backdrops | portrait photographs | people | history | union | united states | civil war | photographic prints,united states,http://www.loc.gov/item/2017659692/,https://tile.loc.gov/storage-services/service/pnp/ppmsca/53100/53110_150px.jpg#h=150&w=99,data/raw/loc/images/2017659692__Unidentified Civil War veteran_.jpg,"[Unidentified Civil War veteran]. 1 photograph : albumen print on card mount ; sheet 14 x 10 cm, mount 17 x 11 cm (cabinet card format) | Photograph shows portrait of unidentified Union veteran in uniform with memorial ribbon, in front of painted backdrop. veterans | cabinet photographs | army | backdrops | portrait photographs | people | history | union | united states | civil war | photographic prints"
2016712887,[Unidentified group],1873,1 negative : glass ; 5 x 7 in.,portrait photographs | glass negatives,,http://www.loc.gov/item/2016712887/,https://tile.loc.gov/storage-services/service/pnp/bellcm/25400/25449_150px.jpg#h=150&w=109,data/raw/loc/images/2016712887__Unidentified group_.jpg,[Unidentified group]. 1 negative : glass ; 5 x 7 in. portrait photographs | glass negatives
2016712888,[Unidentified group],1873,1 negative : glass ; 5 x 7 in.,portrait photographs | glass negatives,,http://www.loc.gov/item/2016712888/,https://tile.loc.gov/storage-services/service/pnp/bellcm/25400/25450_150px.jpg#h=150&w=110,data/raw/loc/images/2016712888__Unidentified group_.jpg,[Unidentified group]. 1 negative : glass ; 5 x 7 in. portrait photographs | glass negatives
2016712889,[Unidentified group],1873,1 negative : glass ; 5 x 7 in.,portrait photographs | glass negatives,,http://www.loc.gov/item/2016712889/,https://tile.loc.gov/storage-services/service/pnp/bellcm/25400/25451_150px.jpg#h=150&w=109,data/raw/loc/images/2016712889__Unidentified group_.jpg,[Unidentified group]. 1 negative : glass ; 5 x 7 in. portrait photographs | glass negatives
2016712890,[Unidentified group],1873,1 negative : glass ; 5 x 7 in.,portrait photographs | glass negatives,,http://www.loc.gov/item/2016712890/,https://tile.loc.gov/storage-services/service/pnp/bellcm/25400/25452_150px.jpg#h=110&w=150,data/raw/loc/images/2016712890__Unidentified group_.jpg,[Unidentified group]. 1 negative : glass ; 5 x 7 in. portrait photographs | glass negatives
2016712891,[Unidentified group],1873,1 negative : glass ; 5 x 7 in.,portrait photographs | glass negatives,,http://www.loc.gov/item/2016712891/,https://tile.loc.gov/storage-services/service/pnp/bellcm/25400/25453_150px.jpg#h=108&w=150,data/raw/loc/images/2016712891__Unidentified group_.jpg,[Unidentified group]. 1 negative : glass ; 5 x 7 in. portrait photographs | glass negatives
2016712893,[Unidentified group],1873,1 negative : glass ; 5 x 7 in.,portrait photographs | glass negatives,,http://www.loc.gov/item/2016712893/,https://tile.loc.gov/storage-services/service/pnp/bellcm/25400/25455_150px.jpg#h=110&w=150,data/raw/loc/images/2016712893__Unidentified group_.jpg,[Unidentified group]. 1 negative : glass ; 5 x 7 in. portrait photographs | glass negatives
2016712894,[Unidentified group],1873,1 negative : glass ; 5 x 7 in.,portrait photographs | glass negatives,,http://www.loc.gov/item/2016712894/,https://tile.loc.gov/storage-services/service/pnp/bellcm/25400/25456_150px.jpg#h=150&w=110,data/raw/loc/images/2016712894__Unidentified group_.jpg,[Unidentified group]. 1 negative : glass ; 5 x 7 in. portrait photographs | glass negatives
2016712895,[Unidentified group],1873,1 negative : glass ; 5 x 7 in.,portrait photographs | glass negatives,,http://www.loc.gov/item/2016712895/,https://tile.loc.gov/storage-services/service/pnp/bellcm/25400/25457_150px.jpg#h=150&w=110,data/raw/loc/images/2016712895__Unidentified group_.jpg,[Unidentified group]. 1 negative : glass ; 5 x 7 in. portrait photographs | glass negatives
2016712896,[Unidentified group],1873,1 negative : glass ; 5 x 7 in.,portrait photographs | glass negatives,,http://www.loc.gov/item/2016712896/,https://tile.loc.gov/storage-services/service/pnp/bellcm/25400/25458_150px.jpg#h=150&w=110,data/raw/loc/images/2016712896__Unidentified group_.jpg,[Unidentified group]. 1 negative : glass ; 5 x 7 in. portrait photographs | glass negatives
2016712897,[Unidentified group],1873,1 negative : glass ; 5 x 7 in.,portrait photographs | glass negatives,,http://www.loc.gov/item/2016712897/,https://tile.loc.gov/storage-services/service/pnp/bellcm/25400/25459_150px.jpg#h=150&w=110,data/raw/loc/images/2016712897__Unidentified group_.jpg,[Unidentified group]. 1 negative : glass ; 5 x 7 in. portrait photographs | glass negatives
2016712899,[Unidentified group],1873,1 negative : glass ; 5 x 7 in.,portrait photographs | glass negatives,,http://www.loc.gov/item/2016712899/,https://tile.loc.gov/storage-services/service/pnp/bellcm/25400/25461_150px.jpg#h=150&w=109,data/raw/loc/images/2016712899__Unidentified group_.jpg,[Unidentified group]. 1 negative : glass ; 5 x 7 in. portrait photographs | glass negatives
2016712901,[Unidentified group],1873,1 negative : glass ; 5 x 7 in.,portrait photographs | glass negatives,,http://www.loc.gov/item/2016712901/,https://tile.loc.gov/storage-services/service/pnp/bellcm/25400/25463_150px.jpg#h=150&w=109,data/raw/loc/images/2016712901__Unidentified group_.jpg,[Unidentified group]. 1 negative : glass ; 5 x 7 in. portrait photographs | glass negatives
2016712902,[Unidentified group],1873,1 negative : glass ; 5 x 7 in.,portrait photographs | glass negatives,,http://www.loc.gov/item/2016712902/,https://tile.loc.gov/storage-services/service/pnp/bellcm/25400/25464_150px.jpg#h=150&w=109,data/raw/loc/images/2016712902__Unidentified group_.jpg,[Unidentified group]. 1 negative : glass ; 5 x 7 in. portrait photographs | glass negatives
2016712903,[Unidentified group],1873,1 negative : glass ; 5 x 7 in.,portrait photographs | glass negatives,,http://www.loc.gov/item/2016712903/,https://tile.loc.gov/storage-services/service/pnp/bellcm/25400/25465_150px.jpg#h=108&w=150,data/raw/loc/images/2016712903__Unidentified group_.jpg,[Unidentified group]. 1 negative : glass ; 5 x 7 in. portrait photographs | glass negatives
2016712904,[Unidentified group],1873,1 negative : glass ; 5 x 7 in.,portrait photographs | glass negatives,,http://www.loc.gov/item/2016712904/,https://tile.loc.gov/storage-services/service/pnp/bellcm/25400/25466_150px.jpg#h=108&w=150,data/raw/loc/images/2016712904__Unidentified group_.jpg,[Unidentified group]. 1 negative : glass ; 5 x 7 in. portrait photographs | glass negatives
2016712905,[Unidentified group],1873,1 negative : glass ; 5 x 7 in.,portrait photographs | glass negatives,,http://www.loc.gov/item/2016712905/,https://tile.loc.gov/storage-services/service/pnp/bellcm/25400/25467_150px.jpg#h=150&w=108,data/raw/loc/images/2016712905__Unidentified group_.jpg,[Unidentified group]. 1 negative : glass ; 5 x 7 in. portrait photographs | glass negatives
2016712906,[Unidentified group],1873,1 negative : glass ; 5 x 7 in.,portrait photographs | glass negatives,,http://www.loc.gov/item/2016712906/,https://tile.loc.gov/storage-services/service/pnp/bellcm/25400/25468_150px.jpg#h=150&w=109,data/raw/loc/images/2016712906__Unidentified group_.jpg,[Unidentified group]. 1 negative : glass ; 5 x 7 in. portrait photographs | glass negatives
2016712908,[Unidentified group],1873,1 negative : glass ; 5 x 7 in.,portrait photographs | glass negatives,,http://www.loc.gov/item/2016712908/,https://tile.loc.gov/storage-services/service/pnp/bellcm/25400/25470_150px.jpg#h=109&w=150,data/raw/loc/images/2016712908__Unidentified group_.jpg,[Unidentified group]. 1 negative : glass ; 5 x 7 in. portrait photographs | glass negatives
2016712909,[Unidentified group],1873,1 negative : glass ; 5 x 7 in.,portrait photographs | glass negatives,,http://www.loc.gov/item/2016712909/,https://tile.loc.gov/storage-services/service/pnp/bellcm/25400/25471_150px.jpg#h=150&w=109,data/raw/loc/images/2016712909__Unidentified group_.jpg,[Unidentified group]. 1 negative : glass ; 5 x 7 in. portrait photographs | glass negatives
2016712910,[Unidentified group],1873,1 negative : glass ; 5 x 7 in.,portrait photographs | glass negatives,,http://www.loc.gov/item/2016712910/,https://tile.loc.gov/storage-services/service/pnp/bellcm/25400/25472_150px.jpg#h=150&w=109,data/raw/loc/images/2016712910__Unidentified group_.jpg,[Unidentified group]. 1 negative : glass ; 5 x 7 in. portrait photographs | glass negatives
2016712911,[Unidentified group],1873,1 negative : glass ; 5 x 7 in.,portrait photographs | glass negatives,,http://www.loc.gov/item/2016712911/,https://tile.loc.gov/storage-services/service/pnp/bellcm/25400/25473_150px.jpg#h=109&w=150,data/raw/loc/images/2016712911__Unidentified group_.jpg,[Unidentified group]. 1 negative : glass ; 5 x 7 in. portrait photographs | glass negatives
2016712913,[Unidentified group],1873,1 negative : glass ; 5 x 7 in.,portrait photographs | glass negatives,,http://www.loc.gov/item/2016712913/,https://tile.loc.gov/storage-services/service/pnp/bellcm/25400/25475_150px.jpg#h=150&w=109,data/raw/loc/images/2016712913__Unidentified group_.jpg,[Unidentified group]. 1 negative : glass ; 5 x 7 in. portrait photographs | glass negatives
2016712914,[Unidentified group],1873,1 negative : glass ; 5 x 7 in.,portrait photographs | glass negatives,,http://www.loc.gov/item/2016712914/,https://tile.loc.gov/storage-services/service/pnp/bellcm/25400/25476_150px.jpg#h=109&w=150,data/raw/loc/images/2016712914__Unidentified group_.jpg,[Unidentified group]. 1 negative : glass ; 5 x 7 in. portrait photographs | glass negatives
2016712915,[Unidentified group],1873,1 negative : glass ; 5 x 7 in.,portrait photographs | glass negatives,,http://www.loc.gov/item/2016712915/,https://tile.loc.gov/storage-services/service/pnp/bellcm/25400/25477_150px.jpg#h=109&w=150,data/raw/loc/images/2016712915__Unidentified group_.jpg,[Unidentified group]. 1 negative : glass ; 5 x 7 in. portrait photographs | glass negatives
2016712916,[Unidentified group],1873,1 negative : glass ; 5 x 7 in.,portrait photographs | glass negatives,,http://www.loc.gov/item/2016712916/,https://tile.loc.gov/storage-services/service/pnp/bellcm/25400/25478_150px.jpg#h=109&w=150,data/raw/loc/images/2016712916__Unidentified group_.jpg,[Unidentified group]. 1 negative : glass ; 5 x 7 in. portrait photographs | glass negatives
2016712918,[Unidentified group],1873,1 negative : glass ; 5 x 7 in.,portrait photographs | glass negatives,,http://www.loc.gov/item/2016712918/,https://tile.loc.gov/storage-services/service/pnp/bellcm/25400/25480_150px.jpg#h=150&w=109,data/raw/loc/images/2016712918__Unidentified group_.jpg,[Unidentified group]. 1 negative : glass ; 5 x 7 in. portrait photographs | glass negatives
2016712919,[Unidentified group],1873,1 negative : glass ; 5 x 7 in.,portrait photographs | glass negatives,,http://www.loc.gov/item/2016712919/,https://tile.loc.gov/storage-services/service/pnp/bellcm/25400/25481_150px.jpg#h=150&w=113,data/raw/loc/images/2016712919__Unidentified group_.jpg,[Unidentified group]. 1 negative : glass ; 5 x 7 in. portrait photographs | glass negatives
2016712920,[Unidentified group],1873,1 negative : glass ; 5 x 7 in.,portrait photographs | glass negatives,,http://www.loc.gov/item/2016712920/,https://tile.loc.gov/storage-services/service/pnp/bellcm/25400/25482_150px.jpg#h=150&w=109,data/raw/loc/images/2016712920__Unidentified group_.jpg,[Unidentified group]. 1 negative : glass ; 5 x 7 in. portrait photographs | glass negatives
2016712922,[Unidentified group],1873,1 negative : glass ; 5 x 7 in.,portrait photographs | glass negatives,,http://www.loc.gov/item/2016712922/,https://tile.loc.gov/storage-services/service/pnp/bellcm/25400/25484_150px.jpg#h=150&w=109,data/raw/loc/images/2016712922__Unidentified group_.jpg,[Unidentified group]. 1 negative : glass ; 5 x 7 in. portrait photographs | glass negatives
2016712923,[Unidentified group],1873,1 negative : glass ; 5 x 7 in.,portrait photographs | glass negatives,,http://www.loc.gov/item/2016712923/,https://tile.loc.gov/storage-services/service/pnp/bellcm/25400/25485_150px.jpg#h=150&w=109,data/raw/loc/images/2016712923__Unidentified group_.jpg,[Unidentified group]. 1 negative : glass ; 5 x 7 in. portrait photographs | glass negatives
2016712924,[Unidentified group],1873,1 negative : glass ; 5 x 7 in.,portrait photographs | glass negatives,,http://www.loc.gov/item/2016712924/,https://tile.loc.gov/storage-services/service/pnp/bellcm/25400/25486_150px.jpg#h=111&w=150,data/raw/loc/images/2016712924__Unidentified group_.jpg,[Unidentified group]. 1 negative : glass ; 5 x 7 in. portrait photographs | glass negatives
2016712926,[Unidentified group],1873,1 negative : glass ; 5 x 7 in.,portrait photographs | glass negatives,,http://www.loc.gov/item/2016712926/,https://tile.loc.gov/storage-services/service/pnp/bellcm/25400/25488_150px.jpg#h=150&w=109,data/raw/loc/images/2016712926__Unidentified group_.jpg,[Unidentified group]. 1 negative : glass ; 5 x 7 in. portrait photographs | glass negatives
2016712927,[Unidentified group],1873,1 negative : glass ; 5 x 7 in.,portrait photographs | glass negatives,,http://www.loc.gov/item/2016712927/,https://tile.loc.gov/storage-services/service/pnp/bellcm/25400/25489_150px.jpg#h=150&w=110,data/raw/loc/images/2016712927__Unidentified group_.jpg,[Unidentified group]. 1 negative : glass ; 5 x 7 in. portrait photographs | glass negatives
2016712928,[Unidentified group],1873,1 negative : glass ; 5 x 7 in.,portrait photographs | glass negatives,,http://www.loc.gov/item/2016712928/,https://tile.loc.gov/storage-services/service/pnp/bellcm/25400/25490_150px.jpg#h=150&w=110,data/raw/loc/images/2016712928__Unidentified group_.jpg,[Unidentified group]. 1 negative : glass ; 5 x 7 in. portrait photographs | glass negatives
2016712930,[Unidentified group],1873,1 negative : glass ; 5 x 7 in.,portrait photographs | glass negatives,,http://www.loc.gov/item/2016712930/,https://tile.loc.gov/storage-services/service/pnp/bellcm/25400/25492_150px.jpg#h=150&w=109,data/raw/loc/images/2016712930__Unidentified group_.jpg,[Unidentified group]. 1 negative : glass ; 5 x 7 in. portrait photographs | glass negatives
2016712932,[Unidentified group],1873,1 negative : glass ; 5 x 7 in.,portrait photographs | glass negatives,,http://www.loc.gov/item/2016712932/,https://tile.loc.gov/storage-services/service/pnp/bellcm/25400/25494_150px.jpg#h=150&w=109,data/raw/loc/images/2016712932__Unidentified group_.jpg,[Unidentified group]. 1 negative : glass ; 5 x 7 in. portrait photographs | glass negatives
2016712933,[Unidentified group],1873,1 negative : glass ; 5 x 7 in.,portrait photographs | glass negatives,,http://www.loc.gov/item/2016712933/,https://tile.loc.gov/storage-services/service/pnp/bellcm/25400/25495_150px.jpg#h=110&w=150,data/raw/loc/images/2016712933__Unidentified group_.jpg,[Unidentified group]. 1 negative : glass ; 5 x 7 in. portrait photographs | glass negatives
2016712935,[Unidentified group],1873,1 negative : glass ; 5 x 7 in.,portrait photographs | glass negatives,,http://www.loc.gov/item/2016712935/,https://tile.loc.gov/storage-services/service/pnp/bellcm/25400/25497_150px.jpg#h=108&w=150,data/raw/loc/images/2016712935__Unidentified group_.jpg,[Unidentified group]. 1 negative : glass ; 5 x 7 in. portrait photographs | glass negatives
2016712936,[Unidentified group],1873,1 negative : glass ; 5 x 7 in.,portrait photographs | glass negatives,,http://www.loc.gov/item/2016712936/,https://tile.loc.gov/storage-services/service/pnp/bellcm/25400/25498_150px.jpg#h=109&w=150,data/raw/loc/images/2016712936__Unidentified group_.jpg,[Unidentified group]. 1 negative : glass ; 5 x 7 in. portrait photographs | glass negatives
2016712937,[Unidentified group],1873,1 negative : glass ; 5 x 7 in.,portrait photographs | glass negatives,,http://www.loc.gov/item/2016712937/,https://tile.loc.gov/storage-services/service/pnp/bellcm/25400/25499_150px.jpg#h=150&w=110,data/raw/loc/images/2016712937__Unidentified group_.jpg,[Unidentified group]. 1 negative : glass ; 5 x 7 in. portrait photographs | glass negatives
2016712939,[Unidentified group],1873,1 negative : glass ; 5 x 7 in.,portrait photographs | glass negatives,,http://www.loc.gov/item/2016712939/,https://tile.loc.gov/storage-services/service/pnp/bellcm/25500/25501_150px.jpg#h=150&w=109,data/raw/loc/images/2016712939__Unidentified group_.jpg,[Unidentified group]. 1 negative : glass ; 5 x 7 in. portrait photographs | glass negatives
2016712941,[Unidentified group],1873,1 negative : glass ; 5 x 7 in.,portrait photographs | glass negatives,,http://www.loc.gov/item/2016712941/,https://tile.loc.gov/storage-services/service/pnp/bellcm/25500/25503_150px.jpg#h=150&w=109,data/raw/loc/images/2016712941__Unidentified group_.jpg,[Unidentified group]. 1 negative : glass ; 5 x 7 in. portrait photographs | glass negatives
2016712942,[Unidentified group],1873,1 negative : glass ; 5 x 7 in.,portrait photographs | glass negatives,,http://www.loc.gov/item/2016712942/,https://tile.loc.gov/storage-services/service/pnp/bellcm/25500/25504_150px.jpg#h=150&w=110,data/raw/loc/images/2016712942__Unidentified group_.jpg,[Unidentified group]. 1 negative : glass ; 5 x 7 in. portrait photographs | glass negatives
2016712943,[Unidentified group],1873,1 negative : glass ; 5 x 7 in.,portrait photographs | glass negatives,,http://www.loc.gov/item/2016712943/,https://tile.loc.gov/storage-services/service/pnp/bellcm/25500/25505_150px.jpg#h=150&w=110,data/raw/loc/images/2016712943__Unidentified group_.jpg,[Unidentified group]. 1 negative : glass ; 5 x 7 in. portrait photographs | glass negatives
2016712944,[Unidentified group],1873,1 negative : glass ; 5 x 7 in.,portrait photographs | glass negatives,,http://www.loc.gov/item/2016712944/,https://tile.loc.gov/storage-services/service/pnp/bellcm/25500/25506_150px.jpg#h=109&w=150,data/raw/loc/images/2016712944__Unidentified group_.jpg,[Unidentified group]. 1 negative : glass ; 5 x 7 in. portrait photographs | glass negatives
2016712945,[Unidentified group],1873,1 negative : glass ; 5 x 7 in.,portrait photographs | glass negatives,,http://www.loc.gov/item/2016712945/,https://tile.loc.gov/storage-services/service/pnp/bellcm/25500/25507_150px.jpg#h=110&w=150,data/raw/loc/images/2016712945__Unidentified group_.jpg,[Unidentified group]. 1 negative : glass ; 5 x 7 in. portrait photographs | glass negatives
2016712946,[Unidentified group],1873,1 negative : glass ; 5 x 7 in.,portrait photographs | glass negatives,,http://www.loc.gov/item/2016712946/,https://tile.loc.gov/storage-services/service/pnp/bellcm/25500/25508_150px.jpg#h=150&w=110,data/raw/loc/images/2016712946__Unidentified group_.jpg,[Unidentified group]. 1 negative : glass ; 5 x 7 in. portrait photographs | glass negatives
2016712947,[Unidentified group],1873,1 negative : glass ; 5 x 7 in.,portrait photographs | glass negatives,,http://www.loc.gov/item/2016712947/,https://tile.loc.gov/storage-services/service/pnp/bellcm/25500/25509_150px.jpg#h=150&w=128,data/raw/loc/images/2016712947__Unidentified group_.jpg,[Unidentified group]. 1 negative : glass ; 5 x 7 in. portrait photographs | glass negatives
2016712949,[Unidentified group],1873,1 negative : glass ; 5 x 7 in.,portrait photographs | glass negatives,,http://www.loc.gov/item/2016712949/,https://tile.loc.gov/storage-services/service/pnp/bellcm/25500/25511_150px.jpg#h=150&w=124,data/raw/loc/images/2016712949__Unidentified group_.jpg,[Unidentified group]. 1 negative : glass ; 5 x 7 in. portrait photographs | glass negatives
2016712950,[Unidentified group],1873,1 negative : glass ; 5 x 7 in.,portrait photographs | glass negatives,,http://www.loc.gov/item/2016712950/,https://tile.loc.gov/storage-services/service/pnp/bellcm/25500/25512_150px.jpg#h=109&w=150,data/raw/loc/images/2016712950__Unidentified group_.jpg,[Unidentified group]. 1 negative : glass ; 5 x 7 in. portrait photographs | glass negatives
2016712953,[Unidentified group],1873,1 negative : glass ; 5 x 7 in.,portrait photographs | glass negatives,,http://www.loc.gov/item/2016712953/,https://tile.loc.gov/storage-services/service/pnp/bellcm/25500/25515_150px.jpg#h=150&w=109,data/raw/loc/images/2016712953__Unidentified group_.jpg,[Unidentified group]. 1 negative : glass ; 5 x 7 in. portrait photographs | glass negatives
2016712954,[Unidentified group],1873,1 negative : glass ; 5 x 7 in.,portrait photographs | glass negatives,,http://www.loc.gov/item/2016712954/,https://tile.loc.gov/storage-services/service/pnp/bellcm/25500/25516_150px.jpg#h=150&w=109,data/raw/loc/images/2016712954__Unidentified group_.jpg,[Unidentified group]. 1 negative : glass ; 5 x 7 in. portrait photographs | glass negatives
2016712955,[Unidentified group],1873,1 negative : glass ; 5 x 7 in.,portrait photographs | glass negatives,,http://www.loc.gov/item/2016712955/,https://tile.loc.gov/storage-services/service/pnp/bellcm/25500/25517_150px.jpg#h=150&w=110,data/raw/loc/images/2016712955__Unidentified group_.jpg,[Unidentified group]. 1 negative : glass ; 5 x 7 in. portrait photographs | glass negatives
2016712956,[Unidentified group],1873,1 negative : glass ; 5 x 7 in.,portrait photographs | glass negatives,,http://www.loc.gov/item/2016712956/,https://tile.loc.gov/storage-services/service/pnp/bellcm/25500/25518_150px.jpg#h=150&w=109,data/raw/loc/images/2016712956__Unidentified group_.jpg,[Unidentified group]. 1 negative : glass ; 5 x 7 in. portrait photographs | glass negatives
2016712957,[Unidentified group],1873,1 negative : glass ; 5 x 7 in.,portrait photographs | glass negatives,,http://www.loc.gov/item/2016712957/,https://tile.loc.gov/storage-services/service/pnp/bellcm/25500/25519_150px.jpg#h=150&w=110,data/raw/loc/images/2016712957__Unidentified group_.jpg,[Unidentified group]. 1 negative : glass ; 5 x 7 in. portrait photographs | glass negatives
2016712958,[Unidentified group],1873,1 negative : glass ; 5 x 7 in.,portrait photographs | glass negatives,,http://www.loc.gov/item/2016712958/,https://tile.loc.gov/storage-services/service/pnp/bellcm/25500/25520_150px.jpg#h=150&w=110,data/raw/loc/images/2016712958__Unidentified group_.jpg,[Unidentified group]. 1 negative : glass ; 5 x 7 in. portrait photographs | glass negatives
2016712959,[Unidentified group],1873,1 negative : glass ; 5 x 7 in.,portrait photographs | glass negatives,,http://www.loc.gov/item/2016712959/,https://tile.loc.gov/storage-services/service/pnp/bellcm/25500/25521_150px.jpg#h=150&w=109,data/raw/loc/images/2016712959__Unidentified group_.jpg,[Unidentified group]. 1 negative : glass ; 5 x 7 in. portrait photographs | glass negatives
2016712960,[Unidentified group],1873,1 negative : glass ; 5 x 7 in.,portrait photographs | glass negatives,,http://www.loc.gov/item/2016712960/,https://tile.loc.gov/storage-services/service/pnp/bellcm/25500/25522_150px.jpg#h=150&w=111,data/raw/loc/images/2016712960__Unidentified group_.jpg,[Unidentified group]. 1 negative : glass ; 5 x 7 in. portrait photographs | glass negatives
2016712961,[Unidentified group],1873,1 negative : glass ; 5 x 7 in.,portrait photographs | glass negatives,,http://www.loc.gov/item/2016712961/,https://tile.loc.gov/storage-services/service/pnp/bellcm/25500/25523_150px.jpg#h=150&w=109,data/raw/loc/images/2016712961__Unidentified group_.jpg,[Unidentified group]. 1 negative : glass ; 5 x 7 in. portrait photographs | glass negatives
2016712962,[Unidentified group],1873,1 negative : glass ; 5 x 7 in.,portrait photographs | glass negatives,,http://www.loc.gov/item/2016712962/,https://tile.loc.gov/storage-services/service/pnp/bellcm/25500/25524_150px.jpg#h=150&w=109,data/raw/loc/images/2016712962__Unidentified group_.jpg,[Unidentified group]. 1 negative : glass ; 5 x 7 in. portrait photographs | glass negatives
2016712964,[Unidentified group],1873,1 negative : glass ; 5 x 7 in.,portrait photographs | glass negatives,,http://www.loc.gov/item/2016712964/,https://tile.loc.gov/storage-services/service/pnp/bellcm/25500/25526_150px.jpg#h=150&w=109,data/raw/loc/images/2016712964__Unidentified group_.jpg,[Unidentified group]. 1 negative : glass ; 5 x 7 in. portrait photographs | glass negatives
2016712965,[Unidentified group],1873,1 negative : glass ; 5 x 7 in.,portrait photographs | glass negatives,,http://www.loc.gov/item/2016712965/,https://tile.loc.gov/storage-services/service/pnp/bellcm/25500/25527_150px.jpg#h=150&w=109,data/raw/loc/images/2016712965__Unidentified group_.jpg,[Unidentified group]. 1 negative : glass ; 5 x 7 in. portrait photographs | glass negatives
2016712966,[Unidentified group],1873,1 negative : glass ; 5 x 7 in.,portrait photographs | glass negatives,,http://www.loc.gov/item/2016712966/,https://tile.loc.gov/storage-services/service/pnp/bellcm/25500/25528_150px.jpg#h=109&w=150,data/raw/loc/images/2016712966__Unidentified group_.jpg,[Unidentified group]. 1 negative : glass ; 5 x 7 in. portrait photographs | glass negatives
2016712967,[Unidentified group],1873,1 negative : glass ; 5 x 7 in.,portrait photographs | glass negatives,,http://www.loc.gov/item/2016712967/,https://tile.loc.gov/storage-services/service/pnp/bellcm/25500/25529_150px.jpg#h=150&w=108,data/raw/loc/images/2016712967__Unidentified group_.jpg,[Unidentified group]. 1 negative : glass ; 5 x 7 in. portrait photographs | glass negatives
2016712968,[Unidentified group],1873,1 negative : glass ; 5 x 7 in.,portrait photographs | glass negatives,,http://www.loc.gov/item/2016712968/,https://tile.loc.gov/storage-services/service/pnp/bellcm/25500/25530_150px.jpg#h=109&w=150,data/raw/loc/images/2016712968__Unidentified group_.jpg,[Unidentified group]. 1 negative : glass ; 5 x 7 in. portrait photographs | glass negatives
2016712970,[Unidentified group],1873,1 negative : glass ; 5 x 7 in.,portrait photographs | glass negatives,,http://www.loc.gov/item/2016712970/,https://tile.loc.gov/storage-services/service/pnp/bellcm/25500/25532_150px.jpg#h=110&w=150,data/raw/loc/images/2016712970__Unidentified group_.jpg,[Unidentified group]. 1 negative : glass ; 5 x 7 in. portrait photographs | glass negatives
2016712973,[Unidentified group],1873,1 negative : glass ; 5 x 7 in.,portrait photographs | glass negatives,,http://www.loc.gov/item/2016712973/,https://tile.loc.gov/storage-services/service/pnp/bellcm/25500/25535_150px.jpg#h=109&w=150,data/raw/loc/images/2016712973__Unidentified group_.jpg,[Unidentified group]. 1 negative : glass ; 5 x 7 in. portrait photographs | glass negatives
2016712974,[Unidentified group],1873,1 negative : glass ; 5 x 7 in.,portrait photographs | glass negatives,,http://www.loc.gov/item/2016712974/,https://tile.loc.gov/storage-services/service/pnp/bellcm/25500/25536_150px.jpg#h=150&w=110,data/raw/loc/images/2016712974__Unidentified group_.jpg,[Unidentified group]. 1 negative : glass ; 5 x 7 in. portrait photographs | glass negatives
2016712975,[Unidentified group],1873,1 negative : glass ; 5 x 7 in.,portrait photographs | glass negatives,,http://www.loc.gov/item/2016712975/,https://tile.loc.gov/storage-services/service/pnp/bellcm/25500/25537_150px.jpg#h=109&w=150,data/raw/loc/images/2016712975__Unidentified group_.jpg,[Unidentified group]. 1 negative : glass ; 5 x 7 in. portrait photographs | glass negatives
2016712976,[Unidentified group],1873,1 negative : glass ; 5 x 7 in.,portrait photographs | glass negatives,,http://www.loc.gov/item/2016712976/,https://tile.loc.gov/storage-services/service/pnp/bellcm/25500/25538_150px.jpg#h=150&w=110,data/raw/loc/images/2016712976__Unidentified group_.jpg,[Unidentified group]. 1 negative : glass ; 5 x 7 in. portrait photographs | glass negatives
2016712977,[Unidentified group],1873,1 negative : glass ; 5 x 7 in.,portrait photographs | glass negatives,,http://www.loc.gov/item/2016712977/,https://tile.loc.gov/storage-services/service/pnp/bellcm/25500/25539_150px.jpg#h=150&w=109,data/raw/loc/images/2016712977__Unidentified group_.jpg,[Unidentified group]. 1 negative : glass ; 5 x 7 in. portrait photographs | glass negatives
2016712587,[Unidentified man],1873,1 negative : glass ; 5 x 7 in.,portrait photographs | glass negatives,,http://www.loc.gov/item/2016712587/,https://tile.loc.gov/storage-services/service/pnp/bellcm/25100/25149_150px.jpg#h=150&w=108,data/raw/loc/images/2016712587__Unidentified man_.jpg,[Unidentified man]. 1 negative : glass ; 5 x 7 in. portrait photographs | glass negatives
2016712588,[Unidentified man],1873,1 negative : glass ; 5 x 7 in.,portrait photographs | glass negatives,,http://www.loc.gov/item/2016712588/,https://tile.loc.gov/storage-services/service/pnp/bellcm/25100/25150_150px.jpg#h=150&w=110,data/raw/loc/images/2016712588__Unidentified man_.jpg,[Unidentified man]. 1 negative : glass ; 5 x 7 in. portrait photographs | glass negatives
2016712589,[Unidentified man],1873,1 negative : glass ; 5 x 7 in.,portrait photographs | glass negatives,,http://www.loc.gov/item/2016712589/,https://tile.loc.gov/storage-services/service/pnp/bellcm/25100/25151_150px.jpg#h=150&w=109,data/raw/loc/images/2016712589__Unidentified man_.jpg,[Unidentified man]. 1 negative : glass ; 5 x 7 in. portrait photographs | glass negatives
2016712590,[Unidentified man],1873,1 negative : glass ; 5 x 7 in.,portrait photographs | glass negatives,,http://www.loc.gov/item/2016712590/,https://tile.loc.gov/storage-services/service/pnp/bellcm/25100/25152_150px.jpg#h=150&w=109,data/raw/loc/images/2016712590__Unidentified man_.jpg,[Unidentified man]. 1 negative : glass ; 5 x 7 in. portrait photographs | glass negatives
2016712591,[Unidentified man],1873,1 negative : glass ; 5 x 7 in.,portrait photographs | glass negatives,,http://www.loc.gov/item/2016712591/,https://tile.loc.gov/storage-services/service/pnp/bellcm/25100/25153_150px.jpg#h=150&w=109,data/raw/loc/images/2016712591__Unidentified man_.jpg,[Unidentified man]. 1 negative : glass ; 5 x 7 in. portrait photographs | glass negatives
2016712592,[Unidentified man],1873,1 negative : glass ; 5 x 7 in.,portrait photographs | glass negatives,,http://www.loc.gov/item/2016712592/,https://tile.loc.gov/storage-services/service/pnp/bellcm/25100/25154_150px.jpg#h=150&w=109,data/raw/loc/images/2016712592__Unidentified man_.jpg,[Unidentified man]. 1 negative : glass ; 5 x 7 in. portrait photographs | glass negatives
2016712593,[Unidentified man],1873,1 negative : glass ; 5 x 7 in.,portrait photographs | glass negatives,,http://www.loc.gov/item/2016712593/,https://tile.loc.gov/storage-services/service/pnp/bellcm/25100/25155_150px.jpg#h=150&w=109,data/raw/loc/images/2016712593__Unidentified man_.jpg,[Unidentified man]. 1 negative : glass ; 5 x 7 in. portrait photographs | glass negatives
2016712596,[Unidentified man],1873,1 negative : glass ; 5 x 7 in.,portrait photographs | glass negatives,,http://www.loc.gov/item/2016712596/,https://tile.loc.gov/storage-services/service/pnp/bellcm/25100/25158_150px.jpg#h=150&w=110,data/raw/loc/images/2016712596__Unidentified man_.jpg,[Unidentified man]. 1 negative : glass ; 5 x 7 in. portrait photographs | glass negatives
2016712597,[Unidentified man],1873,1 negative : glass ; 5 x 7 in.,portrait photographs | glass negatives,,http://www.loc.gov/item/2016712597/,https://tile.loc.gov/storage-services/service/pnp/bellcm/25100/25159_150px.jpg#h=150&w=108,data/raw/loc/images/2016712597__Unidentified man_.jpg,[Unidentified man]. 1 negative : glass ; 5 x 7 in. portrait photographs | glass negatives
2016712599,[Unidentified man],1873,1 negative : glass ; 5 x 7 in.,portrait photographs | glass negatives,,http://www.loc.gov/item/2016712599/,https://tile.loc.gov/storage-services/service/pnp/bellcm/25100/25161_150px.jpg#h=150&w=109,data/raw/loc/images/2016712599__Unidentified man_.jpg,[Unidentified man]. 1 negative : glass ; 5 x 7 in. portrait photographs | glass negatives
2016712600,[Unidentified man],1873,1 negative : glass ; 5 x 7 in.,portrait photographs | glass negatives,,http://www.loc.gov/item/2016712600/,https://tile.loc.gov/storage-services/service/pnp/bellcm/25100/25162_150px.jpg#h=150&w=108,data/raw/loc/images/2016712600__Unidentified man_.jpg,[Unidentified man]. 1 negative : glass ; 5 x 7 in. portrait photographs | glass negatives
2016712601,[Unidentified man],1873,1 negative : glass ; 5 x 7 in.,portrait photographs | glass negatives,,http://www.loc.gov/item/2016712601/,https://tile.loc.gov/storage-services/service/pnp/bellcm/25100/25163_150px.jpg#h=150&w=108,data/raw/loc/images/2016712601__Unidentified man_.jpg,[Unidentified man]. 1 negative : glass ; 5 x 7 in. portrait photographs | glass negatives
2016712602,[Unidentified man],1873,1 negative : glass ; 5 x 7 in.,portrait photographs | glass negatives,,http://www.loc.gov/item/2016712602/,https://tile.loc.gov/storage-services/service/pnp/bellcm/25100/25164_150px.jpg#h=150&w=109,data/raw/loc/images/2016712602__Unidentified man_.jpg,[Unidentified man]. 1 negative : glass ; 5 x 7 in. portrait photographs | glass negatives
2016712603,[Unidentified man],1873,1 negative : glass ; 5 x 7 in.,portrait photographs | glass negatives,,http://www.loc.gov/item/2016712603/,https://tile.loc.gov/storage-services/service/pnp/bellcm/25100/25165_150px.jpg#h=150&w=110,data/raw/loc/images/2016712603__Unidentified man_.jpg,[Unidentified man]. 1 negative : glass ; 5 x 7 in. portrait photographs | glass negatives
2016712604,[Unidentified man],1873,1 negative : glass ; 5 x 7 in.,glass negatives | portrait photographs,,http://www.loc.gov/item/2016712604/,https://tile.loc.gov/storage-services/service/pnp/bellcm/25100/25166_150px.jpg#h=150&w=109,data/raw/loc/images/2016712604__Unidentified man_.jpg,[Unidentified man]. 1 negative : glass ; 5 x 7 in. glass negatives | portrait photographs
2016712605,[Unidentified man],1873,1 negative : glass ; 5 x 7 in.,glass negatives | portrait photographs,,http://www.loc.gov/item/2016712605/,https://tile.loc.gov/storage-services/service/pnp/bellcm/25100/25167_150px.jpg#h=150&w=109,data/raw/loc/images/2016712605__Unidentified man_.jpg,[Unidentified man]. 1 negative : glass ; 5 x 7 in. glass negatives | portrait photographs
2016712606,[Unidentified man],1873,1 negative : glass ; 5 x 7 in.,glass negatives | portrait photographs,,http://www.loc.gov/item/2016712606/,https://tile.loc.gov/storage-services/service/pnp/bellcm/25100/25168_150px.jpg#h=150&w=109,data/raw/loc/images/2016712606__Unidentified man_.jpg,[Unidentified man]. 1 negative : glass ; 5 x 7 in. glass negatives | portrait photographs
2016712607,[Unidentified man],1873,1 negative : glass ; 5 x 7 in.,glass negatives | portrait photographs,,http://www.loc.gov/item/2016712607/,https://tile.loc.gov/storage-services/service/pnp/bellcm/25100/25169_150px.jpg#h=150&w=108,data/raw/loc/images/2016712607__Unidentified man_.jpg,[Unidentified man]. 1 negative : glass ; 5 x 7 in. glass negatives | portrait photographs
2016712608,[Unidentified man],1873,1 negative : glass ; 5 x 7 in.,glass negatives | portrait photographs,,http://www.loc.gov/item/2016712608/,https://tile.loc.gov/storage-services/service/pnp/bellcm/25100/25170_150px.jpg#h=150&w=109,data/raw/loc/images/2016712608__Unidentified man_.jpg,[Unidentified man]. 1 negative : glass ; 5 x 7 in. glass negatives | portrait photographs
2016712609,[Unidentified man],1873,1 negative : glass ; 5 x 7 in.,glass negatives | portrait photographs,,http://www.loc.gov/item/2016712609/,https://tile.loc.gov/storage-services/service/pnp/bellcm/25100/25171_150px.jpg#h=109&w=150,data/raw/loc/images/2016712609__Unidentified man_.jpg,[Unidentified man]. 1 negative : glass ; 5 x 7 in. glass negatives | portrait photographs
2016712611,[Unidentified man],1873,1 negative : glass ; 5 x 7 in.,glass negatives | portrait photographs,,http://www.loc.gov/item/2016712611/,https://tile.loc.gov/storage-services/service/pnp/bellcm/25100/25173_150px.jpg#h=150&w=110,data/raw/loc/images/2016712611__Unidentified man_.jpg,[Unidentified man]. 1 negative : glass ; 5 x 7 in. glass negatives | portrait photographs
2016712614,[Unidentified man],1873,1 negative : glass ; 5 x 7 in.,glass negatives | portrait photographs,,http://www.loc.gov/item/2016712614/,https://tile.loc.gov/storage-services/service/pnp/bellcm/25100/25176_150px.jpg#h=150&w=110,data/raw/loc/images/2016712614__Unidentified man_.jpg,[Unidentified man]. 1 negative : glass ; 5 x 7 in. glass negatives | portrait photographs
2016712615,[Unidentified man],1873,1 negative : glass ; 5 x 7 in.,glass negatives | portrait photographs,,http://www.loc.gov/item/2016712615/,https://tile.loc.gov/storage-services/service/pnp/bellcm/25100/25177_150px.jpg#h=150&w=110,data/raw/loc/images/2016712615__Unidentified man_.jpg,[Unidentified man]. 1 negative : glass ; 5 x 7 in. glass negatives | portrait photographs
2016712617,[Unidentified man],1873,1 negative : glass ; 5 x 7 in.,glass negatives | portrait photographs,,http://www.loc.gov/item/2016712617/,https://tile.loc.gov/storage-services/service/pnp/bellcm/25100/25179_150px.jpg#h=150&w=110,data/raw/loc/images/2016712617__Unidentified man_.jpg,[Unidentified man]. 1 negative : glass ; 5 x 7 in. glass negatives | portrait photographs
2016712620,[Unidentified man],1873,1 negative : glass ; 5 x 7 in.,glass negatives | portrait photographs,,http://www.loc.gov/item/2016712620/,https://tile.loc.gov/storage-services/service/pnp/bellcm/25100/25182_150px.jpg#h=150&w=128,data/raw/loc/images/2016712620__Unidentified man_.jpg,[Unidentified man]. 1 negative : glass ; 5 x 7 in. glass negatives | portrait photographs
2016712621,[Unidentified man],1873,1 negative : glass ; 5 x 7 in.,glass negatives | portrait photographs,,http://www.loc.gov/item/2016712621/,https://tile.loc.gov/storage-services/service/pnp/bellcm/25100/25183_150px.jpg#h=150&w=110,data/raw/loc/images/2016712621__Unidentified man_.jpg,[Unidentified man]. 1 negative : glass ; 5 x 7 in. glass negatives | portrait photographs
2016712622,[Unidentified man],1873,1 negative : glass ; 5 x 7 in.,glass negatives | portrait photographs,,http://www.loc.gov/item/2016712622/,https://tile.loc.gov/storage-services/service/pnp/bellcm/25100/25184_150px.jpg#h=150&w=111,data/raw/loc/images/2016712622__Unidentified man_.jpg,[Unidentified man]. 1 negative : glass ; 5 x 7 in. glass negatives | portrait photographs
2016712623,[Unidentified man],1873,1 negative : glass ; 5 x 7 in.,glass negatives | portrait photographs,,http://www.loc.gov/item/2016712623/,https://tile.loc.gov/storage-services/service/pnp/bellcm/25100/25185_150px.jpg#h=150&w=108,data/raw/loc/images/2016712623__Unidentified man_.jpg,[Unidentified man]. 1 negative : glass ; 5 x 7 in. glass negatives | portrait photographs
2016712626,[Unidentified man],1873,1 negative : glass ; 5 x 7 in.,glass negatives | portrait photographs,,http://www.loc.gov/item/2016712626/,https://tile.loc.gov/storage-services/service/pnp/bellcm/25100/25188_150px.jpg#h=150&w=110,data/raw/loc/images/2016712626__Unidentified man_.jpg,[Unidentified man]. 1 negative : glass ; 5 x 7 in. glass negatives | portrait photographs
2016712627,[Unidentified man],1873,1 negative : glass ; 5 x 7 in.,glass negatives | portrait photographs,,http://www.loc.gov/item/2016712627/,https://tile.loc.gov/storage-services/service/pnp/bellcm/25100/25189_150px.jpg#h=150&w=109,data/raw/loc/images/2016712627__Unidentified man_.jpg,[Unidentified man]. 1 negative : glass ; 5 x 7 in. glass negatives | portrait photographs
2016712628,[Unidentified man],1873,1 negative : glass ; 5 x 7 in.,glass negatives | portrait photographs,,http://www.loc.gov/item/2016712628/,https://tile.loc.gov/storage-services/service/pnp/bellcm/25100/25190_150px.jpg#h=150&w=109,data/raw/loc/images/2016712628__Unidentified man_.jpg,[Unidentified man]. 1 negative : glass ; 5 x 7 in. glass negatives | portrait photographs
2016712629,[Unidentified man],1873,1 negative : glass ; 5 x 7 in.,glass negatives | portrait photographs,,http://www.loc.gov/item/2016712629/,https://tile.loc.gov/storage-services/service/pnp/bellcm/25100/25191_150px.jpg#h=150&w=109,data/raw/loc/images/2016712629__Unidentified man_.jpg,[Unidentified man]. 1 negative : glass ; 5 x 7 in. glass negatives | portrait photographs
2016712630,[Unidentified man],1873,1 negative : glass ; 5 x 7 in.,glass negatives | portrait photographs,,http://www.loc.gov/item/2016712630/,https://tile.loc.gov/storage-services/service/pnp/bellcm/25100/25192_150px.jpg#h=150&w=110,data/raw/loc/images/2016712630__Unidentified man_.jpg,[Unidentified man]. 1 negative : glass ; 5 x 7 in. glass negatives | portrait photographs
2016712633,[Unidentified man],1873,1 negative : glass ; 5 x 7 in.,glass negatives | portrait photographs,,http://www.loc.gov/item/2016712633/,https://tile.loc.gov/storage-services/service/pnp/bellcm/25100/25195_150px.jpg#h=150&w=109,data/raw/loc/images/2016712633__Unidentified man_.jpg,[Unidentified man]. 1 negative : glass ; 5 x 7 in. glass negatives | portrait photographs
2016712638,[Unidentified man],1873,1 negative : glass ; 5 x 7 in.,glass negatives | portrait photographs,,http://www.loc.gov/item/2016712638/,https://tile.loc.gov/storage-services/service/pnp/bellcm/25200/25200_150px.jpg#h=150&w=110,data/raw/loc/images/2016712638__Unidentified man_.jpg,[Unidentified man]. 1 negative : glass ; 5 x 7 in. glass negatives | portrait photographs
2016712645,[Unidentified man],1873,1 negative : glass ; 5 x 7 in.,glass negatives | portrait photographs,,http://www.loc.gov/item/2016712645/,https://tile.loc.gov/storage-services/service/pnp/bellcm/25200/25207_150px.jpg#h=150&w=110,data/raw/loc/images/2016712645__Unidentified man_.jpg,[Unidentified man]. 1 negative : glass ; 5 x 7 in. glass negatives | portrait photographs
2016712646,[Unidentified man],1873,1 negative : glass ; 5 x 7 in.,glass negatives | portrait photographs,,http://www.loc.gov/item/2016712646/,https://tile.loc.gov/storage-services/service/pnp/bellcm/25200/25208_150px.jpg#h=150&w=109,data/raw/loc/images/2016712646__Unidentified man_.jpg,[Unidentified man]. 1 negative : glass ; 5 x 7 in. glass negatives | portrait photographs
2016712648,[Unidentified man],1873,1 negative : glass ; 5 x 7 in.,glass negatives | portrait photographs,,http://www.loc.gov/item/2016712648/,https://tile.loc.gov/storage-services/service/pnp/bellcm/25200/25210_150px.jpg#h=150&w=109,data/raw/loc/images/2016712648__Unidentified man_.jpg,[Unidentified man]. 1 negative : glass ; 5 x 7 in. glass negatives | portrait photographs
2016712649,[Unidentified man],1873,1 negative : glass ; 5 x 7 in.,glass negatives | portrait photographs,,http://www.loc.gov/item/2016712649/,https://tile.loc.gov/storage-services/service/pnp/bellcm/25200/25211_150px.jpg#h=150&w=109,data/raw/loc/images/2016712649__Unidentified man_.jpg,[Unidentified man]. 1 negative : glass ; 5 x 7 in. glass negatives | portrait photographs
2016712650,[Unidentified child],1873,1 negative : glass ; 5 x 7 in.,glass negatives | african americans | portrait photographs,,http://www.loc.gov/item/2016712650/,https://tile.loc.gov/storage-services/service/pnp/bellcm/25200/25212_150px.jpg#h=150&w=109,data/raw/loc/images/2016712650__Unidentified child_.jpg,[Unidentified child]. 1 negative : glass ; 5 x 7 in. glass negatives | african americans | portrait photographs
2016712651,[Unidentified child],1873,1 negative : glass ; 5 x 7 in.,glass negatives | portrait photographs,,http://www.loc.gov/item/2016712651/,https://tile.loc.gov/storage-services/service/pnp/bellcm/25200/25213_150px.jpg#h=150&w=109,data/raw/loc/images/2016712651__Unidentified child_.jpg,[Unidentified child]. 1 negative : glass ; 5 x 7 in. glass negatives | portrait photographs
2016712652,[Unidentified child],1873,1 negative : glass ; 5 x 7 in.,glass negatives | portrait photographs,,http://www.loc.gov/item/2016712652/,https://tile.loc.gov/storage-services/service/pnp/bellcm/25200/25214_150px.jpg#h=150&w=109,data/raw/loc/images/2016712652__Unidentified child_.jpg,[Unidentified child]. 1 negative : glass ; 5 x 7 in. glass negatives | portrait photographs
2016712653,[Unidentified child],1873,1 negative : glass ; 5 x 7 in.,glass negatives | portrait photographs,,http://www.loc.gov/item/2016712653/,https://tile.loc.gov/storage-services/service/pnp/bellcm/25200/25215_150px.jpg#h=150&w=109,data/raw/loc/images/2016712653__Unidentified child_.jpg,[Unidentified child]. 1 negative : glass ; 5 x 7 in. glass negatives | portrait photographs
2016712655,[Unidentified child],1873,1 negative : glass ; 5 x 7 in.,glass negatives | portrait photographs,,http://www.loc.gov/item/2016712655/,https://tile.loc.gov/storage-services/service/pnp/bellcm/25200/25217_150px.jpg#h=150&w=109,data/raw/loc/images/2016712655__Unidentified child_.jpg,[Unidentified child]. 1 negative : glass ; 5 x 7 in. glass negatives | portrait photographs
2016712656,[Unidentified child],1873,1 negative : glass ; 5 x 7 in.,glass negatives | portrait photographs,,http://www.loc.gov/item/2016712656/,https://tile.loc.gov/storage-services/service/pnp/bellcm/25200/25218_150px.jpg#h=150&w=109,data/raw/loc/images/2016712656__Unidentified child_.jpg,[Unidentified child]. 1 negative : glass ; 5 x 7 in. glass negatives | portrait photographs
2016712657,[Unidentified child],1873,1 negative : glass ; 5 x 7 in.,glass negatives | portrait photographs,,http://www.loc.gov/item/2016712657/,https://tile.loc.gov/storage-services/service/pnp/bellcm/25200/25219_150px.jpg#h=150&w=109,data/raw/loc/images/2016712657__Unidentified child_.jpg,[Unidentified child]. 1 negative : glass ; 5 x 7 in. glass negatives | portrait photographs
2016712658,[Unidentified child],1873,1 negative : glass ; 5 x 7 in.,glass negatives | portrait photographs,,http://www.loc.gov/item/2016712658/,https://tile.loc.gov/storage-services/service/pnp/bellcm/25200/25220_150px.jpg#h=150&w=109,data/raw/loc/images/2016712658__Unidentified child_.jpg,[Unidentified child]. 1 negative : glass ; 5 x 7 in. glass negatives | portrait photographs
2016712659,[Unidentified child],1873,1 negative : glass ; 5 x 7 in.,glass negatives | portrait photographs,,http://www.loc.gov/item/2016712659/,https://tile.loc.gov/storage-services/service/pnp/bellcm/25200/25221_150px.jpg#h=110&w=150,data/raw/loc/images/2016712659__Unidentified child_.jpg,[Unidentified child]. 1 negative : glass ; 5 x 7 in. glass negatives | portrait photographs
2016712661,[Unidentified child],1873,1 negative : glass ; 5 x 7 in.,glass negatives | portrait photographs,,http://www.loc.gov/item/2016712661/,https://tile.loc.gov/storage-services/service/pnp/bellcm/25200/25223_150px.jpg#h=108&w=150,data/raw/loc/images/2016712661__Unidentified child_.jpg,[Unidentified child]. 1 negative : glass ; 5 x 7 in. glass negatives | portrait photographs
2016712662,[Unidentified child],1873,1 negative : glass ; 5 x 7 in.,glass negatives | portrait photographs,,http://www.loc.gov/item/2016712662/,https://tile.loc.gov/storage-services/service/pnp/bellcm/25200/25224_150px.jpg#h=107&w=150,data/raw/loc/images/2016712662__Unidentified child_.jpg,[Unidentified child]. 1 negative : glass ; 5 x 7 in. glass negatives | portrait photographs
2016712664,[Unidentified child],1873,1 negative : glass ; 5 x 7 in.,glass negatives | portrait photographs,,http://www.loc.gov/item/2016712664/,https://tile.loc.gov/storage-services/service/pnp/bellcm/25200/25226_150px.jpg#h=150&w=110,data/raw/loc/images/2016712664__Unidentified child_.jpg,[Unidentified child]. 1 negative : glass ; 5 x 7 in. glass negatives | portrait photographs
2016712665,[Unidentified child],1873,1 negative : glass ; 5 x 7 in.,glass negatives | portrait photographs,,http://www.loc.gov/item/2016712665/,https://tile.loc.gov/storage-services/service/pnp/bellcm/25200/25227_150px.jpg#h=109&w=150,data/raw/loc/images/2016712665__Unidentified child_.jpg,[Unidentified child]. 1 negative : glass ; 5 x 7 in. glass negatives | portrait photographs
2016712666,[Unidentified child],1873,1 negative : glass ; 5 x 7 in.,glass negatives | portrait photographs,,http://www.loc.gov/item/2016712666/,https://tile.loc.gov/storage-services/service/pnp/bellcm/25200/25228_150px.jpg#h=150&w=110,data/raw/loc/images/2016712666__Unidentified child_.jpg,[Unidentified child]. 1 negative : glass ; 5 x 7 in. glass negatives | portrait photographs
2016712667,[Unidentified child],1873,1 negative : glass ; 5 x 7 in.,glass negatives | portrait photographs,,http://www.loc.gov/item/2016712667/,https://tile.loc.gov/storage-services/service/pnp/bellcm/25200/25229_150px.jpg#h=150&w=108,data/raw/loc/images/2016712667__Unidentified child_.jpg,[Unidentified child]. 1 negative : glass ; 5 x 7 in. glass negatives | portrait photographs
2016712668,[Unidentified child],1873,1 negative : glass ; 5 x 7 in.,glass negatives | portrait photographs,,http://www.loc.gov/item/2016712668/,https://tile.loc.gov/storage-services/service/pnp/bellcm/25200/25230_150px.jpg#h=150&w=110,data/raw/loc/images/2016712668__Unidentified child_.jpg,[Unidentified child]. 1 negative : glass ; 5 x 7 in. glass negatives | portrait photographs
2016712669,[Unidentified child],1873,1 negative : glass ; 5 x 7 in.,glass negatives | portrait photographs,,http://www.loc.gov/item/2016712669/,https://tile.loc.gov/storage-services/service/pnp/bellcm/25200/25231_150px.jpg#h=109&w=150,data/raw/loc/images/2016712669__Unidentified child_.jpg,[Unidentified child]. 1 negative : glass ; 5 x 7 in. glass negatives | portrait photographs
