domain,timestamp,original_url,snapshot_url,title,body_text,first_img,img_count,html_length,combined_text
geocities.com,19990128112023,http://www13.geocities.com:80/Athens/,https://web.archive.org/web/19990128112023/http://www13.geocities.com:80/Athens/,GeoCities - Athens,"GeoCities - Athens Save Now! 3.9% eCard Visa Up to 40% off related books from Amazon.com Visit Surplus Auction Build your own Valentine's CD @ CDnow Other Neighborhoods Great GeoShops Get a Virtual Office Explore The Suburbs: Choose a suburb Athens Academy Acropolis Aegean Agora Atlantis Crete Delphi Forum Ithaca Olympus Oracle Parthenon Rhodes Styx Thebes Troy Yahoo: Arts & Humanities Search: GeoCities Athens Password: Surrealism Home Help Info • Arts & Literature • Campus Life • Society Join This Neighborhood today! It's Free. Hood Happenings Arts Chat | Arts Forum The Athens Tabloid Journal : Rabid chickens, killer goldfish and insane Athens Community Leaders are all hot topics at the Athens Tabloid Journal . Engage yourself in extraordinary poetry and journey through outstanding homepages of poetry enthusiasts from across the nation in this showcase sponsored by the International Library of Poetry . Athens Community Resources : Let the Athens Community Leaders help you build your own slice of GeoHeaven. Getting Involved Community Leaders If you need GeoCities help or want to get more involved in your neighborhood, these are the people to ask. Blueprint We've created a zine to help you build better home pages. Check in every month for lots of tips and tricks! Landmark Sites Places to stop when you're surfing that info superhighway known as GeoCities. Landmarks are sites we consider the best of the best. [Join] [Help] [Info] [Home] [Avenues] [Neighborhoods] [Members] [Shopping Center] [Search] © 1995 - 1999 GeoCities. All rights reserved",http://pic.geocities.com/images/neighborhoods/geologo_neighborhood.gif,18,15369,"GeoCities - Athens

GeoCities - Athens Save Now! 3.9% eCard Visa Up to 40% off related books from Amazon.com Visit Surplus Auction Build your own Valentine's CD @ CDnow Other Neighborhoods Great GeoShops Get a Virtual Office Explore The Suburbs: Choose a suburb Athens Academy Acropolis Aegean Agora Atlantis Crete Delphi Forum Ithaca Olympus Oracle Parthenon Rhodes Styx Thebes Troy Yahoo: Arts & Humanities Search: GeoCities Athens Password: Surrealism Home Help Info • Arts & Literature • Campus Life • Society Join This Neighborhood today! It's Free. Hood Happenings Arts Chat | Arts Forum The Athens Tabloid Journal : Rabid chickens, killer goldfish and insane Athens Community Leaders are all hot topics at the Athens Tabloid Journal . Engage yourself in extraordinary poetry and journey through outstanding homepages of poetry enthusiasts from across the nation in this showcase sponsored by the International Library of Poetry . Athens Community Resources : Let the Athens Community Leaders help you build your own slice of GeoHeaven. Getting Involved Community Leaders If you need GeoCities help or want to get more involved in your neighborhood, these are the people to ask. Blueprint We've created a zine to help you build better home pages. Check in every month for lots of tips and tricks! Landmark Sites Places to stop when you're surfing that info superhighway known as GeoCities. Landmarks are sites we consider the best of the best. [Join] [Help] [Info] [Home] [Avenues] [Neighborhoods] [Members] [Shopping Center] [Search] © 1995 - 1999 GeoCities. All rights reserved"
geocities.com,19990202180638,http://geocities.com:80/Athens/,https://web.archive.org/web/19990202180638/http://geocities.com:80/Athens/,GeoCities - Athens,"GeoCities - Athens Visit Surplus Auction $5.00 off for Music Lovers@ CDnow Save Now! 3.9% eCard Visa Up to 40% off related books from Amazon.com Other Neighborhoods Great GeoShops Get a Virtual Office Explore The Suburbs: Choose a suburb Athens Academy Acropolis Aegean Agora Atlantis Crete Delphi Forum Ithaca Olympus Oracle Parthenon Rhodes Styx Thebes Troy Yahoo: Arts & Humanities Search: GeoCities Athens Password: Surrealism Home Help Info • Arts & Literature • Campus Life • Society Join This Neighborhood today! It's Free. Hood Happenings Arts Chat | Arts Forum Best of Athens : Have a great site in Athens, or want help fixing it up? Your Athens CLs point you in the right direction at the Best of Athens ! Surf the Net with Networds - Create Free Networds for every GeoCities and Internet location you visit. They will be available instantly to everyone on the Net. Use Networds and share them with others. The Athens Atrium : To get listed and be seen, come check out the Athens Atrium ! Getting Involved Community Leaders If you need GeoCities help or want to get more involved in your neighborhood, these are the people to ask. Blueprint We've created a zine to help you build better home pages. Check in every month for lots of tips and tricks! Landmark Sites Places to stop when you're surfing that info superhighway known as GeoCities. Landmarks are sites we consider the best of the best. [Join] [Help] [Info] [Home] [Avenues] [Neighborhoods] [Members] [Shopping Center] [Search] © 1995 - 1999 GeoCities. All rights reserved",http://pic.geocities.com/images/neighborhoods/geologo_neighborhood.gif,18,15372,"GeoCities - Athens

GeoCities - Athens Visit Surplus Auction $5.00 off for Music Lovers@ CDnow Save Now! 3.9% eCard Visa Up to 40% off related books from Amazon.com Other Neighborhoods Great GeoShops Get a Virtual Office Explore The Suburbs: Choose a suburb Athens Academy Acropolis Aegean Agora Atlantis Crete Delphi Forum Ithaca Olympus Oracle Parthenon Rhodes Styx Thebes Troy Yahoo: Arts & Humanities Search: GeoCities Athens Password: Surrealism Home Help Info • Arts & Literature • Campus Life • Society Join This Neighborhood today! It's Free. Hood Happenings Arts Chat | Arts Forum Best of Athens : Have a great site in Athens, or want help fixing it up? Your Athens CLs point you in the right direction at the Best of Athens ! Surf the Net with Networds - Create Free Networds for every GeoCities and Internet location you visit. They will be available instantly to everyone on the Net. Use Networds and share them with others. The Athens Atrium : To get listed and be seen, come check out the Athens Atrium ! Getting Involved Community Leaders If you need GeoCities help or want to get more involved in your neighborhood, these are the people to ask. Blueprint We've created a zine to help you build better home pages. Check in every month for lots of tips and tricks! Landmark Sites Places to stop when you're surfing that info superhighway known as GeoCities. Landmarks are sites we consider the best of the best. [Join] [Help] [Info] [Home] [Avenues] [Neighborhoods] [Members] [Shopping Center] [Search] © 1995 - 1999 GeoCities. All rights reserved"
geocities.com,19990203012217,http://www18.geocities.com:80/Athens/,https://web.archive.org/web/19990203012217/http://www18.geocities.com:80/Athens/,GeoCities - Athens,"GeoCities - Athens Up to 40% off related books from Amazon.com Visit Surplus Auction $5.00 off for Music Lovers@ CDnow Save Now! 3.9% eCard Visa Other Neighborhoods Great GeoShops Get a Virtual Office Explore The Suburbs: Choose a suburb Athens Academy Acropolis Aegean Agora Atlantis Crete Delphi Forum Ithaca Olympus Oracle Parthenon Rhodes Styx Thebes Troy Yahoo: Arts & Humanities Search: GeoCities Athens Password: Surrealism Home Help Info • Arts & Literature • Campus Life • Society Join This Neighborhood today! It's Free. Hood Happenings Arts Chat | Arts Forum Best of Athens : Have a great site in Athens, or want help fixing it up? Your Athens CLs point you in the right direction at the Best of Athens ! Engage yourself in extraordinary poetry and journey through outstanding homepages of poetry enthusiasts from across the nation in this showcase sponsored by the International Library of Poetry . Lover's Lane : Celebrate Valentine's Day with GeoCities! You can send your sweetie a card, take our Trivial Trivia Quiz or see what's going on in other Neighborhoods at Lovers Lane ! Getting Involved Community Leaders If you need GeoCities help or want to get more involved in your neighborhood, these are the people to ask. Blueprint We've created a zine to help you build better home pages. Check in every month for lots of tips and tricks! Landmark Sites Places to stop when you're surfing that info superhighway known as GeoCities. Landmarks are sites we consider the best of the best. [Join] [Help] [Info] [Home] [Avenues] [Neighborhoods] [Members] [Shopping Center] [Search] © 1995 - 1999 GeoCities. All rights reserved",http://pic.geocities.com/images/neighborhoods/geologo_neighborhood.gif,18,15498,"GeoCities - Athens

GeoCities - Athens Up to 40% off related books from Amazon.com Visit Surplus Auction $5.00 off for Music Lovers@ CDnow Save Now! 3.9% eCard Visa Other Neighborhoods Great GeoShops Get a Virtual Office Explore The Suburbs: Choose a suburb Athens Academy Acropolis Aegean Agora Atlantis Crete Delphi Forum Ithaca Olympus Oracle Parthenon Rhodes Styx Thebes Troy Yahoo: Arts & Humanities Search: GeoCities Athens Password: Surrealism Home Help Info • Arts & Literature • Campus Life • Society Join This Neighborhood today! It's Free. Hood Happenings Arts Chat | Arts Forum Best of Athens : Have a great site in Athens, or want help fixing it up? Your Athens CLs point you in the right direction at the Best of Athens ! Engage yourself in extraordinary poetry and journey through outstanding homepages of poetry enthusiasts from across the nation in this showcase sponsored by the International Library of Poetry . Lover's Lane : Celebrate Valentine's Day with GeoCities! You can send your sweetie a card, take our Trivial Trivia Quiz or see what's going on in other Neighborhoods at Lovers Lane ! Getting Involved Community Leaders If you need GeoCities help or want to get more involved in your neighborhood, these are the people to ask. Blueprint We've created a zine to help you build better home pages. Check in every month for lots of tips and tricks! Landmark Sites Places to stop when you're surfing that info superhighway known as GeoCities. Landmarks are sites we consider the best of the best. [Join] [Help] [Info] [Home] [Avenues] [Neighborhoods] [Members] [Shopping Center] [Search] © 1995 - 1999 GeoCities. All rights reserved"
geocities.com,19990203055928,http://www19.geocities.com:80/Athens/,https://web.archive.org/web/19990203055928/http://www19.geocities.com:80/Athens/,GeoCities - Athens,"GeoCities - Athens $5.00 off for Music Lovers@ CDnow Save Now! 3.9% eCard Visa Up to 40% off related books from Amazon.com Visit Surplus Auction Other Neighborhoods Great GeoShops Get a Virtual Office Explore The Suburbs: Choose a suburb Athens Academy Acropolis Aegean Agora Atlantis Crete Delphi Forum Ithaca Olympus Oracle Parthenon Rhodes Styx Thebes Troy Yahoo: Arts & Humanities Search: GeoCities Athens Password: Surrealism Home Help Info • Arts & Literature • Campus Life • Society Join This Neighborhood today! It's Free. Hood Happenings Arts Chat | Arts Forum GeoCities Community Cookbook : Do you have a culinary secret you'd love to share? Submit your favorite recipes to our new online recipe database, the GeoCities Community Cookbook . Engage yourself in extraordinary poetry and journey through outstanding homepages of poetry enthusiasts from across the nation in this showcase sponsored by the International Library of Poetry . An Athens Mystery : A game is afoot! Join us in hunting down the beloved and fabulous Athens icon and finding out which Community Leader is the thief at An Athens Mystery . Getting Involved Community Leaders If you need GeoCities help or want to get more involved in your neighborhood, these are the people to ask. Blueprint We've created a zine to help you build better home pages. Check in every month for lots of tips and tricks! Landmark Sites Places to stop when you're surfing that info superhighway known as GeoCities. Landmarks are sites we consider the best of the best. [Join] [Help] [Info] [Home] [Avenues] [Neighborhoods] [Members] [Shopping Center] [Search] © 1995 - 1999 GeoCities. All rights reserved",http://pic.geocities.com/images/neighborhoods/geologo_neighborhood.gif,18,15524,"GeoCities - Athens

GeoCities - Athens $5.00 off for Music Lovers@ CDnow Save Now! 3.9% eCard Visa Up to 40% off related books from Amazon.com Visit Surplus Auction Other Neighborhoods Great GeoShops Get a Virtual Office Explore The Suburbs: Choose a suburb Athens Academy Acropolis Aegean Agora Atlantis Crete Delphi Forum Ithaca Olympus Oracle Parthenon Rhodes Styx Thebes Troy Yahoo: Arts & Humanities Search: GeoCities Athens Password: Surrealism Home Help Info • Arts & Literature • Campus Life • Society Join This Neighborhood today! It's Free. Hood Happenings Arts Chat | Arts Forum GeoCities Community Cookbook : Do you have a culinary secret you'd love to share? Submit your favorite recipes to our new online recipe database, the GeoCities Community Cookbook . Engage yourself in extraordinary poetry and journey through outstanding homepages of poetry enthusiasts from across the nation in this showcase sponsored by the International Library of Poetry . An Athens Mystery : A game is afoot! Join us in hunting down the beloved and fabulous Athens icon and finding out which Community Leader is the thief at An Athens Mystery . Getting Involved Community Leaders If you need GeoCities help or want to get more involved in your neighborhood, these are the people to ask. Blueprint We've created a zine to help you build better home pages. Check in every month for lots of tips and tricks! Landmark Sites Places to stop when you're surfing that info superhighway known as GeoCities. Landmarks are sites we consider the best of the best. [Join] [Help] [Info] [Home] [Avenues] [Neighborhoods] [Members] [Shopping Center] [Search] © 1995 - 1999 GeoCities. All rights reserved"
geocities.com,19990204045609,http://www9.geocities.com:80/Athens/,https://web.archive.org/web/19990204045609/http://www9.geocities.com:80/Athens/,GeoCities - Athens,"GeoCities - Athens $5.00 off for Music Lovers@ CDnow Save Now! 3.9% eCard Visa Up to 40% off related books from Amazon.com Visit Surplus Auction Other Neighborhoods Great GeoShops Get a Virtual Office Explore The Suburbs: Choose a suburb Athens Academy Acropolis Aegean Agora Atlantis Crete Delphi Forum Ithaca Olympus Oracle Parthenon Rhodes Styx Thebes Troy Yahoo: Arts & Humanities Search: GeoCities Athens Password: Surrealism Home Help Info • Arts & Literature • Campus Life • Society Join This Neighborhood today! It's Free. Hood Happenings Arts Chat | Arts Forum The Athens Religions Round Table : Looking for religious enlightenment? Find everything from Christian to Pagan at the Religions Round Table . Surf the Net with Networds - Create Free Networds for every GeoCities and Internet location you visit. They will be available instantly to everyone on the Net. Use Networds and share them with others. The Athens Atrium : To get listed and be seen, come check out the Athens Atrium ! Getting Involved Community Leaders If you need GeoCities help or want to get more involved in your neighborhood, these are the people to ask. Blueprint We've created a zine to help you build better home pages. Check in every month for lots of tips and tricks! Landmark Sites Places to stop when you're surfing that info superhighway known as GeoCities. Landmarks are sites we consider the best of the best. [Join] [Help] [Info] [Home] [Avenues] [Neighborhoods] [Members] [Shopping Center] [Search] © 1995 - 1999 GeoCities. All rights reserved",http://pic.geocities.com/images/neighborhoods/geologo_neighborhood.gif,18,15341,"GeoCities - Athens

GeoCities - Athens $5.00 off for Music Lovers@ CDnow Save Now! 3.9% eCard Visa Up to 40% off related books from Amazon.com Visit Surplus Auction Other Neighborhoods Great GeoShops Get a Virtual Office Explore The Suburbs: Choose a suburb Athens Academy Acropolis Aegean Agora Atlantis Crete Delphi Forum Ithaca Olympus Oracle Parthenon Rhodes Styx Thebes Troy Yahoo: Arts & Humanities Search: GeoCities Athens Password: Surrealism Home Help Info • Arts & Literature • Campus Life • Society Join This Neighborhood today! It's Free. Hood Happenings Arts Chat | Arts Forum The Athens Religions Round Table : Looking for religious enlightenment? Find everything from Christian to Pagan at the Religions Round Table . Surf the Net with Networds - Create Free Networds for every GeoCities and Internet location you visit. They will be available instantly to everyone on the Net. Use Networds and share them with others. The Athens Atrium : To get listed and be seen, come check out the Athens Atrium ! Getting Involved Community Leaders If you need GeoCities help or want to get more involved in your neighborhood, these are the people to ask. Blueprint We've created a zine to help you build better home pages. Check in every month for lots of tips and tricks! Landmark Sites Places to stop when you're surfing that info superhighway known as GeoCities. Landmarks are sites we consider the best of the best. [Join] [Help] [Info] [Home] [Avenues] [Neighborhoods] [Members] [Shopping Center] [Search] © 1995 - 1999 GeoCities. All rights reserved"
geocities.com,19990208211807,http://www20.geocities.com:80/Athens/,https://web.archive.org/web/19990208211807/http://www20.geocities.com:80/Athens/,GeoCities - Athens,"GeoCities - Athens Visit Surplus Auction $5.00 off for Music Lovers@ CDnow Instant Credit Apply Now! Up to 40% off related books from Amazon.com Other Neighborhoods Great GeoShops Get a Virtual Office Explore The Suburbs: Choose a suburb Athens Academy Acropolis Aegean Agora Atlantis Crete Delphi Forum Ithaca Olympus Oracle Parthenon Rhodes Styx Thebes Troy Yahoo: Arts & Humanities Search: GeoCities Athens Password: Surrealism Home Help Info • Arts & Literature • Campus Life • Society Join This Neighborhood today! It's Free. Hood Happenings Arts Chat | Arts Forum Best of Athens : Have a great site in Athens, or want help fixing it up? Your Athens CLs point you in the right direction at the Best of Athens ! Surf the Net with Networds - Create Free Networds for every GeoCities and Internet location you visit. They will be available instantly to everyone on the Net. Use Networds and share them with others. An Athens Mystery : A game is afoot! Join us in hunting down the beloved and fabulous Athens icon and finding out which Community Leader is the thief at An Athens Mystery . Getting Involved Community Leaders If you need GeoCities help or want to get more involved in your neighborhood, these are the people to ask. Blueprint We've created a zine to help you build better home pages. Check in every month for lots of tips and tricks! Landmark Sites Places to stop when you're surfing that info superhighway known as GeoCities. Landmarks are sites we consider the best of the best. [Join] [Help] [Info] [Home] [Avenues] [Neighborhoods] [Members] [Shopping Center] [Search] © 1995 - 1999 GeoCities. All rights reserved",http://pic.geocities.com/images/neighborhoods/geologo_neighborhood.gif,18,15528,"GeoCities - Athens

GeoCities - Athens Visit Surplus Auction $5.00 off for Music Lovers@ CDnow Instant Credit Apply Now! Up to 40% off related books from Amazon.com Other Neighborhoods Great GeoShops Get a Virtual Office Explore The Suburbs: Choose a suburb Athens Academy Acropolis Aegean Agora Atlantis Crete Delphi Forum Ithaca Olympus Oracle Parthenon Rhodes Styx Thebes Troy Yahoo: Arts & Humanities Search: GeoCities Athens Password: Surrealism Home Help Info • Arts & Literature • Campus Life • Society Join This Neighborhood today! It's Free. Hood Happenings Arts Chat | Arts Forum Best of Athens : Have a great site in Athens, or want help fixing it up? Your Athens CLs point you in the right direction at the Best of Athens ! Surf the Net with Networds - Create Free Networds for every GeoCities and Internet location you visit. They will be available instantly to everyone on the Net. Use Networds and share them with others. An Athens Mystery : A game is afoot! Join us in hunting down the beloved and fabulous Athens icon and finding out which Community Leader is the thief at An Athens Mystery . Getting Involved Community Leaders If you need GeoCities help or want to get more involved in your neighborhood, these are the people to ask. Blueprint We've created a zine to help you build better home pages. Check in every month for lots of tips and tricks! Landmark Sites Places to stop when you're surfing that info superhighway known as GeoCities. Landmarks are sites we consider the best of the best. [Join] [Help] [Info] [Home] [Avenues] [Neighborhoods] [Members] [Shopping Center] [Search] © 1995 - 1999 GeoCities. All rights reserved"
geocities.com,19990218141238,http://www3.geocities.com:80/Athens/,https://web.archive.org/web/19990218141238/http://www3.geocities.com:80/Athens/,GeoCities - Athens,"GeoCities - Athens Up to 40% off related books from Amazon.com Visit Surplus Auction $5.00 off music at CDnow! Instant Credit Apply Now! Other Neighborhoods Great GeoShops Get a Virtual Office Explore The Suburbs: Choose a suburb Athens Academy Acropolis Aegean Agora Atlantis Crete Cyprus Delphi Forum Ithaca Olympus Oracle Parthenon Rhodes Styx Thebes Troy Yahoo: Arts & Humanities Search: GeoCities Athens Password: Surrealism Home Help Info • Arts & Literature • Campus Life • Society Join This Neighborhood today! It's Free. Hood Happenings Arts Chat | Arts Forum GeoCities Community Cookbook : Do you have a culinary secret you'd love to share? Submit your favorite recipes to our new online recipe database, the GeoCities Community Cookbook . Surf the Net with Networds - Create Free Networds for every GeoCities and Internet location you visit. They will be available instantly to everyone on the Net. Use Networds and share them with others. An Athens Mystery : A game is afoot! Join us in hunting down the beloved and fabulous Athens icon and finding out which Community Leader is the thief at An Athens Mystery . Getting Involved Community Leaders If you need GeoCities help or want to get more involved in your neighborhood, these are the people to ask. Blueprint We've created a zine to help you build better home pages. Check in every month for lots of tips and tricks! Landmark Sites Places to stop when you're surfing that info superhighway known as GeoCities. Landmarks are sites we consider the best of the best. [Join] [Help] [Info] [Home] [Avenues] [Neighborhoods] [Members] [Shopping Center] [Search] © 1995 - 1999 GeoCities. All rights reserved",http://pic.geocities.com/images/neighborhoods/geologo_neighborhood.gif,18,15560,"GeoCities - Athens

GeoCities - Athens Up to 40% off related books from Amazon.com Visit Surplus Auction $5.00 off music at CDnow! Instant Credit Apply Now! Other Neighborhoods Great GeoShops Get a Virtual Office Explore The Suburbs: Choose a suburb Athens Academy Acropolis Aegean Agora Atlantis Crete Cyprus Delphi Forum Ithaca Olympus Oracle Parthenon Rhodes Styx Thebes Troy Yahoo: Arts & Humanities Search: GeoCities Athens Password: Surrealism Home Help Info • Arts & Literature • Campus Life • Society Join This Neighborhood today! It's Free. Hood Happenings Arts Chat | Arts Forum GeoCities Community Cookbook : Do you have a culinary secret you'd love to share? Submit your favorite recipes to our new online recipe database, the GeoCities Community Cookbook . Surf the Net with Networds - Create Free Networds for every GeoCities and Internet location you visit. They will be available instantly to everyone on the Net. Use Networds and share them with others. An Athens Mystery : A game is afoot! Join us in hunting down the beloved and fabulous Athens icon and finding out which Community Leader is the thief at An Athens Mystery . Getting Involved Community Leaders If you need GeoCities help or want to get more involved in your neighborhood, these are the people to ask. Blueprint We've created a zine to help you build better home pages. Check in every month for lots of tips and tricks! Landmark Sites Places to stop when you're surfing that info superhighway known as GeoCities. Landmarks are sites we consider the best of the best. [Join] [Help] [Info] [Home] [Avenues] [Neighborhoods] [Members] [Shopping Center] [Search] © 1995 - 1999 GeoCities. All rights reserved"
geocities.com,19990220071346,http://www2.geocities.com:80/Athens/,https://web.archive.org/web/19990220071346/http://www2.geocities.com:80/Athens/,GeoCities - Athens,"GeoCities - Athens Instant Credit Apply Now! Up to 40% off related books from Amazon.com Visit Surplus Auction $5.00 off music at CDnow! Other Neighborhoods Great GeoShops Get a Virtual Office Explore The Suburbs: Choose a suburb Athens Academy Acropolis Aegean Agora Atlantis Crete Cyprus Delphi Forum Ithaca Olympus Oracle Parthenon Rhodes Styx Thebes Troy Yahoo: Arts & Humanities Search: GeoCities Athens Password: Surrealism Home Help Info • Arts & Literature • Campus Life • Society Join This Neighborhood today! It's Free. Hood Happenings Arts Chat | Arts Forum The Athens Tabloid Journal : Rabid chickens, killer goldfish and insane Athens Community Leaders are all hot topics at the Athens Tabloid Journal . Surf the Net with Networds - Create Free Networds for every GeoCities and Internet location you visit. They will be available instantly to everyone on the Net. Use Networds and share them with others. Lover's Lane : Celebrate Valentine's Day with GeoCities! You can send your sweetie a card, take our Trivial Trivia Quiz or see what's going on in other Neighborhoods at Lovers Lane ! Getting Involved Community Leaders If you need GeoCities help or want to get more involved in your neighborhood, these are the people to ask. Blueprint We've created a zine to help you build better home pages. Check in every month for lots of tips and tricks! Landmark Sites Places to stop when you're surfing that info superhighway known as GeoCities. Landmarks are sites we consider the best of the best. [Join] [Help] [Info] [Home] [Avenues] [Neighborhoods] [Members] [Shopping Center] [Search] © 1995 - 1999 GeoCities. All rights reserved",http://pic.geocities.com/images/neighborhoods/geologo_neighborhood.gif,18,15482,"GeoCities - Athens

GeoCities - Athens Instant Credit Apply Now! Up to 40% off related books from Amazon.com Visit Surplus Auction $5.00 off music at CDnow! Other Neighborhoods Great GeoShops Get a Virtual Office Explore The Suburbs: Choose a suburb Athens Academy Acropolis Aegean Agora Atlantis Crete Cyprus Delphi Forum Ithaca Olympus Oracle Parthenon Rhodes Styx Thebes Troy Yahoo: Arts & Humanities Search: GeoCities Athens Password: Surrealism Home Help Info • Arts & Literature • Campus Life • Society Join This Neighborhood today! It's Free. Hood Happenings Arts Chat | Arts Forum The Athens Tabloid Journal : Rabid chickens, killer goldfish and insane Athens Community Leaders are all hot topics at the Athens Tabloid Journal . Surf the Net with Networds - Create Free Networds for every GeoCities and Internet location you visit. They will be available instantly to everyone on the Net. Use Networds and share them with others. Lover's Lane : Celebrate Valentine's Day with GeoCities! You can send your sweetie a card, take our Trivial Trivia Quiz or see what's going on in other Neighborhoods at Lovers Lane ! Getting Involved Community Leaders If you need GeoCities help or want to get more involved in your neighborhood, these are the people to ask. Blueprint We've created a zine to help you build better home pages. Check in every month for lots of tips and tricks! Landmark Sites Places to stop when you're surfing that info superhighway known as GeoCities. Landmarks are sites we consider the best of the best. [Join] [Help] [Info] [Home] [Avenues] [Neighborhoods] [Members] [Shopping Center] [Search] © 1995 - 1999 GeoCities. All rights reserved"
geocities.com,19990221105444,http://www8.geocities.com:80/Athens/,https://web.archive.org/web/19990221105444/http://www8.geocities.com:80/Athens/,GeoCities - Athens,"GeoCities - Athens $5.00 off music at CDnow! Instant Credit Apply Now! Up to 40% off related books from Amazon.com Visit Surplus Auction Other Neighborhoods Great GeoShops Get a Virtual Office Explore The Suburbs: Choose a suburb Athens Academy Acropolis Aegean Agora Atlantis Crete Cyprus Delphi Forum Ithaca Olympus Oracle Parthenon Rhodes Styx Thebes Troy Yahoo: Arts & Humanities Search: GeoCities Athens Password: Surrealism Home Help Info • Arts & Literature • Campus Life • Society Join This Neighborhood today! It's Free. Hood Happenings Arts Chat | Arts Forum Best of Athens : Have a great site in Athens, or want help fixing it up? Your Athens CLs point you in the right direction at the Best of Athens ! Surf the Net with Networds - Create Free Networds for every GeoCities and Internet location you visit. They will be available instantly to everyone on the Net. Use Networds and share them with others. An Athens Mystery : A game is afoot! Join us in hunting down the beloved and fabulous Athens icon and finding out which Community Leader is the thief at An Athens Mystery . Getting Involved Community Leaders If you need GeoCities help or want to get more involved in your neighborhood, these are the people to ask. Blueprint We've created a zine to help you build better home pages. Check in every month for lots of tips and tricks! Landmark Sites Places to stop when you're surfing that info superhighway known as GeoCities. Landmarks are sites we consider the best of the best. [Join] [Help] [Info] [Home] [Avenues] [Neighborhoods] [Members] [Shopping Center] [Search] © 1995 - 1999 GeoCities. All rights reserved",http://pic.geocities.com/images/neighborhoods/geologo_neighborhood.gif,18,15566,"GeoCities - Athens

GeoCities - Athens $5.00 off music at CDnow! Instant Credit Apply Now! Up to 40% off related books from Amazon.com Visit Surplus Auction Other Neighborhoods Great GeoShops Get a Virtual Office Explore The Suburbs: Choose a suburb Athens Academy Acropolis Aegean Agora Atlantis Crete Cyprus Delphi Forum Ithaca Olympus Oracle Parthenon Rhodes Styx Thebes Troy Yahoo: Arts & Humanities Search: GeoCities Athens Password: Surrealism Home Help Info • Arts & Literature • Campus Life • Society Join This Neighborhood today! It's Free. Hood Happenings Arts Chat | Arts Forum Best of Athens : Have a great site in Athens, or want help fixing it up? Your Athens CLs point you in the right direction at the Best of Athens ! Surf the Net with Networds - Create Free Networds for every GeoCities and Internet location you visit. They will be available instantly to everyone on the Net. Use Networds and share them with others. An Athens Mystery : A game is afoot! Join us in hunting down the beloved and fabulous Athens icon and finding out which Community Leader is the thief at An Athens Mystery . Getting Involved Community Leaders If you need GeoCities help or want to get more involved in your neighborhood, these are the people to ask. Blueprint We've created a zine to help you build better home pages. Check in every month for lots of tips and tricks! Landmark Sites Places to stop when you're surfing that info superhighway known as GeoCities. Landmarks are sites we consider the best of the best. [Join] [Help] [Info] [Home] [Avenues] [Neighborhoods] [Members] [Shopping Center] [Search] © 1995 - 1999 GeoCities. All rights reserved"
geocities.com,19990221153600,http://www16.geocities.com:80/Athens/,https://web.archive.org/web/19990221153600/http://www16.geocities.com:80/Athens/,GeoCities - Athens,"GeoCities - Athens Instant Credit Apply Now! Up to 40% off related books from Amazon.com Visit Surplus Auction $5.00 off music at CDnow! Other Neighborhoods Great GeoShops Get a Virtual Office Explore The Suburbs: Choose a suburb Athens Academy Acropolis Aegean Agora Atlantis Crete Cyprus Delphi Forum Ithaca Olympus Oracle Parthenon Rhodes Styx Thebes Troy Yahoo: Arts & Humanities Search: GeoCities Athens Password: Surrealism Home Help Info • Arts & Literature • Campus Life • Society Join This Neighborhood today! It's Free. Hood Happenings Arts Chat | Arts Forum Best of Athens : Have a great site in Athens, or want help fixing it up? Your Athens CLs point you in the right direction at the Best of Athens ! Surf the Net with Networds - Create Free Networds for every GeoCities and Internet location you visit. They will be available instantly to everyone on the Net. Use Networds and share them with others. The Athens Atrium : To get listed and be seen, come check out the Athens Atrium ! Getting Involved Community Leaders If you need GeoCities help or want to get more involved in your neighborhood, these are the people to ask. Blueprint We've created a zine to help you build better home pages. Check in every month for lots of tips and tricks! Landmark Sites Places to stop when you're surfing that info superhighway known as GeoCities. Landmarks are sites we consider the best of the best. [Join] [Help] [Info] [Home] [Avenues] [Neighborhoods] [Members] [Shopping Center] [Search] © 1995 - 1999 GeoCities. All rights reserved",http://pic.geocities.com/images/neighborhoods/geologo_neighborhood.gif,18,15409,"GeoCities - Athens

GeoCities - Athens Instant Credit Apply Now! Up to 40% off related books from Amazon.com Visit Surplus Auction $5.00 off music at CDnow! Other Neighborhoods Great GeoShops Get a Virtual Office Explore The Suburbs: Choose a suburb Athens Academy Acropolis Aegean Agora Atlantis Crete Cyprus Delphi Forum Ithaca Olympus Oracle Parthenon Rhodes Styx Thebes Troy Yahoo: Arts & Humanities Search: GeoCities Athens Password: Surrealism Home Help Info • Arts & Literature • Campus Life • Society Join This Neighborhood today! It's Free. Hood Happenings Arts Chat | Arts Forum Best of Athens : Have a great site in Athens, or want help fixing it up? Your Athens CLs point you in the right direction at the Best of Athens ! Surf the Net with Networds - Create Free Networds for every GeoCities and Internet location you visit. They will be available instantly to everyone on the Net. Use Networds and share them with others. The Athens Atrium : To get listed and be seen, come check out the Athens Atrium ! Getting Involved Community Leaders If you need GeoCities help or want to get more involved in your neighborhood, these are the people to ask. Blueprint We've created a zine to help you build better home pages. Check in every month for lots of tips and tricks! Landmark Sites Places to stop when you're surfing that info superhighway known as GeoCities. Landmarks are sites we consider the best of the best. [Join] [Help] [Info] [Home] [Avenues] [Neighborhoods] [Members] [Shopping Center] [Search] © 1995 - 1999 GeoCities. All rights reserved"
geocities.com,19990221181250,http://www21.geocities.com:80/Athens/,https://web.archive.org/web/19990221181250/http://www21.geocities.com:80/Athens/,GeoCities - Athens,"GeoCities - Athens $5.00 off music at CDnow! Instant Credit Apply Now! Up to 40% off related books from Amazon.com Visit Surplus Auction Other Neighborhoods Great GeoShops Get a Virtual Office Explore The Suburbs: Choose a suburb Athens Academy Acropolis Aegean Agora Atlantis Crete Cyprus Delphi Forum Ithaca Olympus Oracle Parthenon Rhodes Styx Thebes Troy Yahoo: Arts & Humanities Search: GeoCities Athens Password: Surrealism Home Help Info • Arts & Literature • Campus Life • Society Join This Neighborhood today! It's Free. Hood Happenings Arts Chat | Arts Forum The Athens Religions Round Table : Looking for religious enlightenment? Find everything from Christian to Pagan at the Religions Round Table . Surf the Net with Networds - Create Free Networds for every GeoCities and Internet location you visit. They will be available instantly to everyone on the Net. Use Networds and share them with others. An Athens Mystery : A game is afoot! Join us in hunting down the beloved and fabulous Athens icon and finding out which Community Leader is the thief at An Athens Mystery . Getting Involved Community Leaders If you need GeoCities help or want to get more involved in your neighborhood, these are the people to ask. Blueprint We've created a zine to help you build better home pages. Check in every month for lots of tips and tricks! Landmark Sites Places to stop when you're surfing that info superhighway known as GeoCities. Landmarks are sites we consider the best of the best. [Join] [Help] [Info] [Home] [Avenues] [Neighborhoods] [Members] [Shopping Center] [Search] © 1995 - 1999 GeoCities. All rights reserved",http://pic.geocities.com/images/neighborhoods/geologo_neighborhood.gif,18,15537,"GeoCities - Athens

GeoCities - Athens $5.00 off music at CDnow! Instant Credit Apply Now! Up to 40% off related books from Amazon.com Visit Surplus Auction Other Neighborhoods Great GeoShops Get a Virtual Office Explore The Suburbs: Choose a suburb Athens Academy Acropolis Aegean Agora Atlantis Crete Cyprus Delphi Forum Ithaca Olympus Oracle Parthenon Rhodes Styx Thebes Troy Yahoo: Arts & Humanities Search: GeoCities Athens Password: Surrealism Home Help Info • Arts & Literature • Campus Life • Society Join This Neighborhood today! It's Free. Hood Happenings Arts Chat | Arts Forum The Athens Religions Round Table : Looking for religious enlightenment? Find everything from Christian to Pagan at the Religions Round Table . Surf the Net with Networds - Create Free Networds for every GeoCities and Internet location you visit. They will be available instantly to everyone on the Net. Use Networds and share them with others. An Athens Mystery : A game is afoot! Join us in hunting down the beloved and fabulous Athens icon and finding out which Community Leader is the thief at An Athens Mystery . Getting Involved Community Leaders If you need GeoCities help or want to get more involved in your neighborhood, these are the people to ask. Blueprint We've created a zine to help you build better home pages. Check in every month for lots of tips and tricks! Landmark Sites Places to stop when you're surfing that info superhighway known as GeoCities. Landmarks are sites we consider the best of the best. [Join] [Help] [Info] [Home] [Avenues] [Neighborhoods] [Members] [Shopping Center] [Search] © 1995 - 1999 GeoCities. All rights reserved"
geocities.com,19990221202712,http://www14.geocities.com:80/Athens/,https://web.archive.org/web/19990221202712/http://www14.geocities.com:80/Athens/,GeoCities - Athens,"GeoCities - Athens Visit Surplus Auction $5.00 off music at CDnow! Instant Credit Apply Now! Up to 40% off related books from Amazon.com Other Neighborhoods Great GeoShops Get a Virtual Office Explore The Suburbs: Choose a suburb Athens Academy Acropolis Aegean Agora Atlantis Crete Cyprus Delphi Forum Ithaca Olympus Oracle Parthenon Rhodes Styx Thebes Troy Yahoo: Arts & Humanities Search: GeoCities Athens Password: Surrealism Home Help Info • Arts & Literature • Campus Life • Society Join This Neighborhood today! It's Free. Hood Happenings Arts Chat | Arts Forum The Athens Tabloid Journal : Rabid chickens, killer goldfish and insane Athens Community Leaders are all hot topics at the Athens Tabloid Journal . Surf the Net with Networds - Create Free Networds for every GeoCities and Internet location you visit. They will be available instantly to everyone on the Net. Use Networds and share them with others. Athens Community Resources : Let the Athens Community Leaders help you build your own slice of GeoHeaven. Getting Involved Community Leaders If you need GeoCities help or want to get more involved in your neighborhood, these are the people to ask. Blueprint We've created a zine to help you build better home pages. Check in every month for lots of tips and tricks! Landmark Sites Places to stop when you're surfing that info superhighway known as GeoCities. Landmarks are sites we consider the best of the best. [Join] [Help] [Info] [Home] [Avenues] [Neighborhoods] [Members] [Shopping Center] [Search] © 1995 - 1999 GeoCities. All rights reserved",http://pic.geocities.com/images/neighborhoods/geologo_neighborhood.gif,18,15404,"GeoCities - Athens

GeoCities - Athens Visit Surplus Auction $5.00 off music at CDnow! Instant Credit Apply Now! Up to 40% off related books from Amazon.com Other Neighborhoods Great GeoShops Get a Virtual Office Explore The Suburbs: Choose a suburb Athens Academy Acropolis Aegean Agora Atlantis Crete Cyprus Delphi Forum Ithaca Olympus Oracle Parthenon Rhodes Styx Thebes Troy Yahoo: Arts & Humanities Search: GeoCities Athens Password: Surrealism Home Help Info • Arts & Literature • Campus Life • Society Join This Neighborhood today! It's Free. Hood Happenings Arts Chat | Arts Forum The Athens Tabloid Journal : Rabid chickens, killer goldfish and insane Athens Community Leaders are all hot topics at the Athens Tabloid Journal . Surf the Net with Networds - Create Free Networds for every GeoCities and Internet location you visit. They will be available instantly to everyone on the Net. Use Networds and share them with others. Athens Community Resources : Let the Athens Community Leaders help you build your own slice of GeoHeaven. Getting Involved Community Leaders If you need GeoCities help or want to get more involved in your neighborhood, these are the people to ask. Blueprint We've created a zine to help you build better home pages. Check in every month for lots of tips and tricks! Landmark Sites Places to stop when you're surfing that info superhighway known as GeoCities. Landmarks are sites we consider the best of the best. [Join] [Help] [Info] [Home] [Avenues] [Neighborhoods] [Members] [Shopping Center] [Search] © 1995 - 1999 GeoCities. All rights reserved"
geocities.com,19990222172753,http://www5.geocities.com:80/Athens/,https://web.archive.org/web/19990222172753/http://www5.geocities.com:80/Athens/,GeoCities - Athens,"GeoCities - Athens Visit Surplus Auction $5.00 off music at CDnow! Instant Credit Apply Now! Up to 40% off related books from Amazon.com Other Neighborhoods Great GeoShops Get a Virtual Office Explore The Suburbs: Choose a suburb Athens Academy Acropolis Aegean Agora Atlantis Crete Cyprus Delphi Forum Ithaca Olympus Oracle Parthenon Rhodes Styx Thebes Troy Yahoo: Arts & Humanities Search: GeoCities Athens Password: Surrealism Home Help Info • Arts & Literature • Campus Life • Society Join This Neighborhood today! It's Free. Hood Happenings Arts Chat | Arts Forum The Athens Tabloid Journal : Rabid chickens, killer goldfish and insane Athens Community Leaders are all hot topics at the Athens Tabloid Journal . Surf the Net with Networds - Create Free Networds for every GeoCities and Internet location you visit. They will be available instantly to everyone on the Net. Use Networds and share them with others. Lover's Lane : Celebrate Valentine's Day with GeoCities! You can send your sweetie a card, take our Trivial Trivia Quiz or see what's going on in other Neighborhoods at Lovers Lane ! Getting Involved Community Leaders If you need GeoCities help or want to get more involved in your neighborhood, these are the people to ask. Blueprint We've created a zine to help you build better home pages. Check in every month for lots of tips and tricks! Landmark Sites Places to stop when you're surfing that info superhighway known as GeoCities. Landmarks are sites we consider the best of the best. [Join] [Help] [Info] [Home] [Avenues] [Neighborhoods] [Members] [Shopping Center] [Search] © 1995 - 1999 GeoCities. All rights reserved",http://pic.geocities.com/images/neighborhoods/geologo_neighborhood.gif,18,15482,"GeoCities - Athens

GeoCities - Athens Visit Surplus Auction $5.00 off music at CDnow! Instant Credit Apply Now! Up to 40% off related books from Amazon.com Other Neighborhoods Great GeoShops Get a Virtual Office Explore The Suburbs: Choose a suburb Athens Academy Acropolis Aegean Agora Atlantis Crete Cyprus Delphi Forum Ithaca Olympus Oracle Parthenon Rhodes Styx Thebes Troy Yahoo: Arts & Humanities Search: GeoCities Athens Password: Surrealism Home Help Info • Arts & Literature • Campus Life • Society Join This Neighborhood today! It's Free. Hood Happenings Arts Chat | Arts Forum The Athens Tabloid Journal : Rabid chickens, killer goldfish and insane Athens Community Leaders are all hot topics at the Athens Tabloid Journal . Surf the Net with Networds - Create Free Networds for every GeoCities and Internet location you visit. They will be available instantly to everyone on the Net. Use Networds and share them with others. Lover's Lane : Celebrate Valentine's Day with GeoCities! You can send your sweetie a card, take our Trivial Trivia Quiz or see what's going on in other Neighborhoods at Lovers Lane ! Getting Involved Community Leaders If you need GeoCities help or want to get more involved in your neighborhood, these are the people to ask. Blueprint We've created a zine to help you build better home pages. Check in every month for lots of tips and tricks! Landmark Sites Places to stop when you're surfing that info superhighway known as GeoCities. Landmarks are sites we consider the best of the best. [Join] [Help] [Info] [Home] [Avenues] [Neighborhoods] [Members] [Shopping Center] [Search] © 1995 - 1999 GeoCities. All rights reserved"
geocities.com,19991001063538,http://www1.geocities.com:80/Athens/,https://web.archive.org/web/19991001063538/http://www1.geocities.com:80/Athens/,Yahoo! GeoCities - Athens,Yahoo! GeoCities - Athens Yahoo! Home Help Free Home Pages! Get your own free home page today In Our Neighborhoods Community Leaders World Report Landmark Sites Other Neighborhoods Search Yahoo! GeoCities Athens Yahoo! Resources Yahoo! Clubs Yahoo! Education Explore the Suburbs Choose a suburb Athens Athens/Academy Athens/Acropolis Athens/Aegean Athens/Agora Athens/Atlantis Athens/Atrium Athens/Crete Athens/Cyprus Athens/Delphi Athens/Forum Athens/Ithaca Athens/Olympus Athens/Oracle Athens/Pantheon Athens/Parthenon Athens/Rhodes Athens/Sparta Athens/Styx Athens/Thebes Athens/Troy Hood Happenings Athens Chat | Athens Message Boards The Athens Religions Round Table : Looking for religious enlightenment? Find everything from Christian to Pagan at the Religions Round Table . An Athens Mystery : A game is afoot! Join us in hunting down the beloved and fabulous Athens icon and finding out which Community Leader is the thief at An Athens Mystery . Copyright © 1994-1999 Yahoo! Inc. All rights reserved. Help Privacy Policy Terms of Service Legal Disclaimers,http://a372.g.akamaitech.net/7/372/27/11661111b03c56/pic.geocities.com/img/geoplus/geologo.gif,6,7959,"Yahoo! GeoCities - Athens

Yahoo! GeoCities - Athens Yahoo! Home Help Free Home Pages! Get your own free home page today In Our Neighborhoods Community Leaders World Report Landmark Sites Other Neighborhoods Search Yahoo! GeoCities Athens Yahoo! Resources Yahoo! Clubs Yahoo! Education Explore the Suburbs Choose a suburb Athens Athens/Academy Athens/Acropolis Athens/Aegean Athens/Agora Athens/Atlantis Athens/Atrium Athens/Crete Athens/Cyprus Athens/Delphi Athens/Forum Athens/Ithaca Athens/Olympus Athens/Oracle Athens/Pantheon Athens/Parthenon Athens/Rhodes Athens/Sparta Athens/Styx Athens/Thebes Athens/Troy Hood Happenings Athens Chat | Athens Message Boards The Athens Religions Round Table : Looking for religious enlightenment? Find everything from Christian to Pagan at the Religions Round Table . An Athens Mystery : A game is afoot! Join us in hunting down the beloved and fabulous Athens icon and finding out which Community Leader is the thief at An Athens Mystery . Copyright © 1994-1999 Yahoo! Inc. All rights reserved. Help Privacy Policy Terms of Service Legal Disclaimers"
geocities.com,19991002155144,http://www12.geocities.com:80/Athens/,https://web.archive.org/web/19991002155144/http://www12.geocities.com:80/Athens/,Yahoo! GeoCities - Athens,"Yahoo! GeoCities - Athens Yahoo! Home Help Free Home Pages! Get your own free home page today In Our Neighborhoods Community Leaders World Report Landmark Sites Other Neighborhoods Search Yahoo! GeoCities Athens Yahoo! Resources Yahoo! Clubs Yahoo! Education Explore the Suburbs Choose a suburb Athens Athens/Academy Athens/Acropolis Athens/Aegean Athens/Agora Athens/Atlantis Athens/Atrium Athens/Crete Athens/Cyprus Athens/Delphi Athens/Forum Athens/Ithaca Athens/Olympus Athens/Oracle Athens/Pantheon Athens/Parthenon Athens/Rhodes Athens/Sparta Athens/Styx Athens/Thebes Athens/Troy Hood Happenings Athens Chat | Athens Message Boards GeoCities Community Cookbook : Do you have a culinary secret you'd love to share? Submit your favorite recipes to our new online recipe database, the GeoCities Community Cookbook . An Athens Mystery : A game is afoot! Join us in hunting down the beloved and fabulous Athens icon and finding out which Community Leader is the thief at An Athens Mystery . Copyright © 1994-1999 Yahoo! Inc. All rights reserved. Help Privacy Policy Terms of Service Legal Disclaimers",http://a372.g.akamaitech.net/7/372/27/11661111b03c56/pic.geocities.com/img/geoplus/geologo.gif,6,7984,"Yahoo! GeoCities - Athens

Yahoo! GeoCities - Athens Yahoo! Home Help Free Home Pages! Get your own free home page today In Our Neighborhoods Community Leaders World Report Landmark Sites Other Neighborhoods Search Yahoo! GeoCities Athens Yahoo! Resources Yahoo! Clubs Yahoo! Education Explore the Suburbs Choose a suburb Athens Athens/Academy Athens/Acropolis Athens/Aegean Athens/Agora Athens/Atlantis Athens/Atrium Athens/Crete Athens/Cyprus Athens/Delphi Athens/Forum Athens/Ithaca Athens/Olympus Athens/Oracle Athens/Pantheon Athens/Parthenon Athens/Rhodes Athens/Sparta Athens/Styx Athens/Thebes Athens/Troy Hood Happenings Athens Chat | Athens Message Boards GeoCities Community Cookbook : Do you have a culinary secret you'd love to share? Submit your favorite recipes to our new online recipe database, the GeoCities Community Cookbook . An Athens Mystery : A game is afoot! Join us in hunting down the beloved and fabulous Athens icon and finding out which Community Leader is the thief at An Athens Mystery . Copyright © 1994-1999 Yahoo! Inc. All rights reserved. Help Privacy Policy Terms of Service Legal Disclaimers"
geocities.com,19991010111947,http://www4.geocities.com:80/Athens/,https://web.archive.org/web/19991010111947/http://www4.geocities.com:80/Athens/,Yahoo! GeoCities - Athens,Yahoo! GeoCities - Athens Yahoo! Home Help Free Home Pages! Get your own free home page today In Our Neighborhoods Community Leaders World Report Landmark Sites Other Neighborhoods Search Yahoo! GeoCities Athens Yahoo! Resources Yahoo! Clubs Yahoo! Education Explore the Suburbs Choose a suburb Athens Athens/Academy Athens/Acropolis Athens/Aegean Athens/Agora Athens/Atlantis Athens/Atrium Athens/Crete Athens/Cyprus Athens/Delphi Athens/Forum Athens/Ithaca Athens/Olympus Athens/Oracle Athens/Pantheon Athens/Parthenon Athens/Rhodes Athens/Sparta Athens/Styx Athens/Thebes Athens/Troy Hood Happenings Athens Chat | Athens Message Boards Copyright © 1994-1999 Yahoo! Inc. All rights reserved. Help Privacy Policy Terms of Service Legal Disclaimers,http://a372.g.akamaitech.net/7/372/27/11661111b03c56/pic.geocities.com/img/geoplus/geologo.gif,4,7047,"Yahoo! GeoCities - Athens

Yahoo! GeoCities - Athens Yahoo! Home Help Free Home Pages! Get your own free home page today In Our Neighborhoods Community Leaders World Report Landmark Sites Other Neighborhoods Search Yahoo! GeoCities Athens Yahoo! Resources Yahoo! Clubs Yahoo! Education Explore the Suburbs Choose a suburb Athens Athens/Academy Athens/Acropolis Athens/Aegean Athens/Agora Athens/Atlantis Athens/Atrium Athens/Crete Athens/Cyprus Athens/Delphi Athens/Forum Athens/Ithaca Athens/Olympus Athens/Oracle Athens/Pantheon Athens/Parthenon Athens/Rhodes Athens/Sparta Athens/Styx Athens/Thebes Athens/Troy Hood Happenings Athens Chat | Athens Message Boards Copyright © 1994-1999 Yahoo! Inc. All rights reserved. Help Privacy Policy Terms of Service Legal Disclaimers"
geocities.com,19991011005527,http://www7.geocities.com:80/Athens/,https://web.archive.org/web/19991011005527/http://www7.geocities.com:80/Athens/,Yahoo! GeoCities - Athens,Yahoo! GeoCities - Athens Yahoo! Home Help Free Home Pages! Get your own free home page today In Our Neighborhoods Community Leaders World Report Landmark Sites Other Neighborhoods Search Yahoo! GeoCities Athens Yahoo! Resources Yahoo! Clubs Yahoo! Education Explore the Suburbs Choose a suburb Athens Athens/Academy Athens/Acropolis Athens/Aegean Athens/Agora Athens/Atlantis Athens/Atrium Athens/Crete Athens/Cyprus Athens/Delphi Athens/Forum Athens/Ithaca Athens/Olympus Athens/Oracle Athens/Pantheon Athens/Parthenon Athens/Rhodes Athens/Sparta Athens/Styx Athens/Thebes Athens/Troy Hood Happenings Athens Chat | Athens Message Boards Copyright © 1994-1999 Yahoo! Inc. All rights reserved. Help Privacy Policy Terms of Service Legal Disclaimers,http://a372.g.akamaitech.net/7/372/27/11661111b03c56/pic.geocities.com/img/geoplus/geologo.gif,4,7047,"Yahoo! GeoCities - Athens

Yahoo! GeoCities - Athens Yahoo! Home Help Free Home Pages! Get your own free home page today In Our Neighborhoods Community Leaders World Report Landmark Sites Other Neighborhoods Search Yahoo! GeoCities Athens Yahoo! Resources Yahoo! Clubs Yahoo! Education Explore the Suburbs Choose a suburb Athens Athens/Academy Athens/Acropolis Athens/Aegean Athens/Agora Athens/Atlantis Athens/Atrium Athens/Crete Athens/Cyprus Athens/Delphi Athens/Forum Athens/Ithaca Athens/Olympus Athens/Oracle Athens/Pantheon Athens/Parthenon Athens/Rhodes Athens/Sparta Athens/Styx Athens/Thebes Athens/Troy Hood Happenings Athens Chat | Athens Message Boards Copyright © 1994-1999 Yahoo! Inc. All rights reserved. Help Privacy Policy Terms of Service Legal Disclaimers"
geocities.com,19991013191318,http://www.geocities.com:80/Athens/,https://web.archive.org/web/19991013191318/http://www.geocities.com:80/Athens/,Yahoo! GeoCities - Athens,"Yahoo! GeoCities - Athens Yahoo! Home Help Free Home Pages! Get your own free home page today In Our Neighborhoods Community Leaders World Report Landmark Sites Other Neighborhoods Search Yahoo! GeoCities Athens Yahoo! Resources Yahoo! Clubs Yahoo! Education Explore the Suburbs Choose a suburb Athens Athens/Academy Athens/Acropolis Athens/Aegean Athens/Agora Athens/Atlantis Athens/Atrium Athens/Crete Athens/Cyprus Athens/Delphi Athens/Forum Athens/Ithaca Athens/Olympus Athens/Oracle Athens/Pantheon Athens/Parthenon Athens/Rhodes Athens/Sparta Athens/Styx Athens/Thebes Athens/Troy Hood Happenings Athens Chat | Athens Message Boards GeoCities Community Cookbook : Do you have a culinary secret you'd love to share? Submit your favorite recipes to our new online recipe database, the GeoCities Community Cookbook . The Academy : Do you dream of becoming a famous writer? Come to the Athens Academy for a helping hand. Copyright © 1994-1999 Yahoo! Inc. All rights reserved. Help Privacy Policy Terms of Service Legal Disclaimers",http://a372.g.akamaitech.net/7/372/27/11661111b03c56/pic.geocities.com/img/geoplus/geologo.gif,6,7847,"Yahoo! GeoCities - Athens

Yahoo! GeoCities - Athens Yahoo! Home Help Free Home Pages! Get your own free home page today In Our Neighborhoods Community Leaders World Report Landmark Sites Other Neighborhoods Search Yahoo! GeoCities Athens Yahoo! Resources Yahoo! Clubs Yahoo! Education Explore the Suburbs Choose a suburb Athens Athens/Academy Athens/Acropolis Athens/Aegean Athens/Agora Athens/Atlantis Athens/Atrium Athens/Crete Athens/Cyprus Athens/Delphi Athens/Forum Athens/Ithaca Athens/Olympus Athens/Oracle Athens/Pantheon Athens/Parthenon Athens/Rhodes Athens/Sparta Athens/Styx Athens/Thebes Athens/Troy Hood Happenings Athens Chat | Athens Message Boards GeoCities Community Cookbook : Do you have a culinary secret you'd love to share? Submit your favorite recipes to our new online recipe database, the GeoCities Community Cookbook . The Academy : Do you dream of becoming a famous writer? Come to the Athens Academy for a helping hand. Copyright © 1994-1999 Yahoo! Inc. All rights reserved. Help Privacy Policy Terms of Service Legal Disclaimers"
geocities.com,20000229085255,http://www.geocities.com:80/Athens/?,https://web.archive.org/web/20000229085255/http://www.geocities.com:80/Athens/?,Yahoo! GeoCities,"Yahoo! GeoCities This area has moved. Please update your bookmarks. You will be automatically redirected in a few seconds. If your browser does not support the refresh tag, click here .",http://geo.yahoo.com/serv?s=76000026&t=951814294,1,833,"Yahoo! GeoCities

Yahoo! GeoCities This area has moved. Please update your bookmarks. You will be automatically redirected in a few seconds. If your browser does not support the refresh tag, click here ."
geocities.com,20000303094102,http://geocities.com:80/Athens/?,https://web.archive.org/web/20000303094102/http://geocities.com:80/Athens/?,Yahoo! GeoCities,"Yahoo! GeoCities This area has moved. Please update your bookmarks. You will be automatically redirected in a few seconds. If your browser does not support the refresh tag, click here .",http://geo.yahoo.com/serv?s=76000026&t=952076370,1,833,"Yahoo! GeoCities

Yahoo! GeoCities This area has moved. Please update your bookmarks. You will be automatically redirected in a few seconds. If your browser does not support the refresh tag, click here ."
geocities.com,20021017111349,http://www.geocities.com:80/athens-digest/,https://web.archive.org/web/20021017111349/http://www.geocities.com:80/athens-digest/,Dennis Randall's Resume,Dennis Randall's Resume <BODY> <P>Viewing this page requires a browser capable of displaying frames. New Uplad test. </P> </BODY>,http://geo.yahoo.com/serv?s=76001081&t=1034853231,1,1053,"Dennis Randall's Resume

Dennis Randall's Resume <BODY> <P>Viewing this page requires a browser capable of displaying frames. New Uplad test. </P> </BODY>"
geocities.com,20090830083114,http://geocities.com/athens-digest/,https://web.archive.org/web/20090830083114/http://geocities.com/athens-digest/,Dennis Randall's Resume,Dennis Randall's Resume <BODY> <P>Viewing this page requires a browser capable of displaying frames. New Uplad test. </P> </BODY>,,0,492,"Dennis Randall's Resume

Dennis Randall's Resume <BODY> <P>Viewing this page requires a browser capable of displaying frames. New Uplad test. </P> </BODY>"
geocities.com,20091027013157,http://geocities.com/athens-digest/articles/,https://web.archive.org/web/20091027013157/http://geocities.com/athens-digest/articles/,50Meg.com Webweaver's Workshop,50Meg.com Webweaver's Workshop <BODY> <P>Viewing this page requires a browser capable of displaying frames. </P> </BODY> AMESET> 00> Home Creativity Community Content Connection Cool Tools Site Map Resume ~ Welcome to the Webweaver's Workshop ~ Home | Creativity | Community | Content | Connection | Cool Tools | Site Map | Resume index.html drandall@adelphia.net Copyright © 2000 Dennis Randall All Rights Reserved,https://web.archive.org/web/20091027013157/http:/geocities.com/athens-digest/articles/bullet.gif,11,4469,"50Meg.com Webweaver's Workshop

50Meg.com Webweaver's Workshop <BODY> <P>Viewing this page requires a browser capable of displaying frames. </P> </BODY> AMESET> 00> Home Creativity Community Content Connection Cool Tools Site Map Resume ~ Welcome to the Webweaver's Workshop ~ Home | Creativity | Community | Content | Connection | Cool Tools | Site Map | Resume index.html drandall@adelphia.net Copyright © 2000 Dennis Randall All Rights Reserved"
geocities.com,20021212002215,http://www.geocities.com:80/athens-digest/articles/community.html,https://web.archive.org/web/20021212002215/http://www.geocities.com:80/athens-digest/articles/community.html,Dennis Randall: Community,"Dennis Randall: Community Home | Creativity | Community | Content | Connection | Cool Tools | Site Map | Resume FEN Communities Created and Managed by Randall I take a measure of pride in the growth of Community at FEN. Over the years our online community has expanded from 30 messages a week to more than 10,000 postings a month. Today there are more than 40,000 registered users and a dozen board hosts. Find it quickly! INSTANT POLL FEATURED DISCUSSIONS Corporal Punishment... What Makes a 'Gifted' Child? Discipline & Child Raising Religion and Public Schools Middle School Help Desk PTA Membership Ideas PTA Idea Sharing Discipline and Spanking What Good Are Manners? ASK THE EXPERTS Gifted and Talented Learning Disabilities & ADD/ADHD Social/Emotional Issues COMMUNITY RESOURCES Message Board Help Terms of Use Tips for Online Safety Help Boards BOARD CATEGORIES ADD and ADHD Archives Backyard Science Book Clubs College & Career Computing & Internet Elementary & K-5 Entertainment Family Finance Genealogy Gifted Children Health & Wellness High School Holidays Home & Hobbies Homeschooling Homework Help Hot Topics K-12 Learning Disabilities Member Help Middle & 6 - 8 myschoolonline National PTA Boards Parent to Parent Pets and Families Politics Preschool Physical Disabilities Relationships/Sex School Safety Special Needs Sports and Kids Working From Home",https://web.archive.org/web/20021212002215/http:/www.geocities.com:80/athens-digest/images/web-pop.gif,55,13015,"Dennis Randall: Community

Dennis Randall: Community Home | Creativity | Community | Content | Connection | Cool Tools | Site Map | Resume FEN Communities Created and Managed by Randall I take a measure of pride in the growth of Community at FEN. Over the years our online community has expanded from 30 messages a week to more than 10,000 postings a month. Today there are more than 40,000 registered users and a dozen board hosts. Find it quickly! INSTANT POLL FEATURED DISCUSSIONS Corporal Punishment... What Makes a 'Gifted' Child? Discipline & Child Raising Religion and Public Schools Middle School Help Desk PTA Membership Ideas PTA Idea Sharing Discipline and Spanking What Good Are Manners? ASK THE EXPERTS Gifted and Talented Learning Disabilities & ADD/ADHD Social/Emotional Issues COMMUNITY RESOURCES Message Board Help Terms of Use Tips for Online Safety Help Boards BOARD CATEGORIES ADD and ADHD Archives Backyard Science Book Clubs College & Career Computing & Internet Elementary & K-5 Entertainment Family Finance Genealogy Gifted Children Health & Wellness High School Holidays Home & Hobbies Homeschooling Homework Help Hot Topics K-12 Learning Disabilities Member Help Middle & 6 - 8 myschoolonline National PTA Boards Parent to Parent Pets and Families Politics Preschool Physical Disabilities Relationships/Sex School Safety Special Needs Sports and Kids Working From Home"
geocities.com,20090830184241,http://geocities.com/athens-digest/articles/community.html,https://web.archive.org/web/20090830184241/http://geocities.com/athens-digest/articles/community.html,Dennis Randall: Community,"Dennis Randall: Community Home | Creativity | Community | Content | Connection | Cool Tools | Site Map | Resume FEN Communities Created and Managed by Randall I take a measure of pride in the growth of Community at FEN. Over the years our online community has expanded from 30 messages a week to more than 10,000 postings a month. Today there are more than 40,000 registered users and a dozen board hosts. Find it quickly! INSTANT POLL FEATURED DISCUSSIONS Corporal Punishment... What Makes a 'Gifted' Child? Discipline & Child Raising Religion and Public Schools Middle School Help Desk PTA Membership Ideas PTA Idea Sharing Discipline and Spanking What Good Are Manners? ASK THE EXPERTS Gifted and Talented Learning Disabilities & ADD/ADHD Social/Emotional Issues COMMUNITY RESOURCES Message Board Help Terms of Use Tips for Online Safety Help Boards BOARD CATEGORIES ADD and ADHD Archives Backyard Science Book Clubs College & Career Computing & Internet Elementary & K-5 Entertainment Family Finance Genealogy Gifted Children Health & Wellness High School Holidays Home & Hobbies Homeschooling Homework Help Hot Topics K-12 Learning Disabilities Member Help Middle & 6 - 8 myschoolonline National PTA Boards Parent to Parent Pets and Families Politics Preschool Physical Disabilities Relationships/Sex School Safety Special Needs Sports and Kids Working From Home",https://web.archive.org/web/20090830184241/http:/geocities.com/athens-digest/images/web-pop.gif,55,13194,"Dennis Randall: Community

Dennis Randall: Community Home | Creativity | Community | Content | Connection | Cool Tools | Site Map | Resume FEN Communities Created and Managed by Randall I take a measure of pride in the growth of Community at FEN. Over the years our online community has expanded from 30 messages a week to more than 10,000 postings a month. Today there are more than 40,000 registered users and a dozen board hosts. Find it quickly! INSTANT POLL FEATURED DISCUSSIONS Corporal Punishment... What Makes a 'Gifted' Child? Discipline & Child Raising Religion and Public Schools Middle School Help Desk PTA Membership Ideas PTA Idea Sharing Discipline and Spanking What Good Are Manners? ASK THE EXPERTS Gifted and Talented Learning Disabilities & ADD/ADHD Social/Emotional Issues COMMUNITY RESOURCES Message Board Help Terms of Use Tips for Online Safety Help Boards BOARD CATEGORIES ADD and ADHD Archives Backyard Science Book Clubs College & Career Computing & Internet Elementary & K-5 Entertainment Family Finance Genealogy Gifted Children Health & Wellness High School Holidays Home & Hobbies Homeschooling Homework Help Hot Topics K-12 Learning Disabilities Member Help Middle & 6 - 8 myschoolonline National PTA Boards Parent to Parent Pets and Families Politics Preschool Physical Disabilities Relationships/Sex School Safety Special Needs Sports and Kids Working From Home"
geocities.com,20011118113820,http://www.geocities.com:80/athens-digest/articles/connection.html,https://web.archive.org/web/20011118113820/http://www.geocities.com:80/athens-digest/articles/connection.html,Dennis Randall: Connections,"Dennis Randall: Connections Home | Creativity | Community | Content | Connection | Cool Tools | Site Map | Resume The email connection with members and users is the most critical (and cost effective) way to bind folks to your website. For years I edited and produced Weekend Fun in a text only ASCII format. Frustrated with the plain vanilla format of text-only I mucked around one weekend and produced a sample HTML format for our members. You be the judge, which would you rather find in your email on Thursday morning? Copyright © 2000 Dennis Randall All Rights Reserved l>",https://web.archive.org/web/20011118113820/http:/www.geocities.com:80/athens-digest/images/web-pop.gif,7,2693,"Dennis Randall: Connections

Dennis Randall: Connections Home | Creativity | Community | Content | Connection | Cool Tools | Site Map | Resume The email connection with members and users is the most critical (and cost effective) way to bind folks to your website. For years I edited and produced Weekend Fun in a text only ASCII format. Frustrated with the plain vanilla format of text-only I mucked around one weekend and produced a sample HTML format for our members. You be the judge, which would you rather find in your email on Thursday morning? Copyright © 2000 Dennis Randall All Rights Reserved l>"
geocities.com,20090901200518,http://geocities.com/athens-digest/articles/connection.html,https://web.archive.org/web/20090901200518/http://geocities.com/athens-digest/articles/connection.html,Dennis Randall: Connections,"Dennis Randall: Connections Home | Creativity | Community | Content | Connection | Cool Tools | Site Map | Resume The email connection with members and users is the most critical (and cost effective) way to bind folks to your website. For years I edited and produced Weekend Fun in a text only ASCII format. Frustrated with the plain vanilla format of text-only I mucked around one weekend and produced a sample HTML format for our members. You be the judge, which would you rather find in your email on Thursday morning? Copyright © 2000 Dennis Randall All Rights Reserved l>",https://web.archive.org/web/20090901200518/http:/geocities.com/athens-digest/images/web-pop.gif,7,2972,"Dennis Randall: Connections

Dennis Randall: Connections Home | Creativity | Community | Content | Connection | Cool Tools | Site Map | Resume The email connection with members and users is the most critical (and cost effective) way to bind folks to your website. For years I edited and produced Weekend Fun in a text only ASCII format. Frustrated with the plain vanilla format of text-only I mucked around one weekend and produced a sample HTML format for our members. You be the judge, which would you rather find in your email on Thursday morning? Copyright © 2000 Dennis Randall All Rights Reserved l>"
geocities.com,20011118112847,http://www.geocities.com:80/athens-digest/articles/content.html,https://web.archive.org/web/20011118112847/http://www.geocities.com:80/athens-digest/articles/content.html,Dennis Randall: Content,"Dennis Randall: Content Home | Creativity | Community | Content | Connection | Cool Tools | Site Map | Resume The Best of Randall's Backyard Science While at FEN I created more than 1,500 original editorial items including the ones featured below. I think they're some of the best articles I've written and produced for FamilyEducation. Enjoy! Weather | Astronomy | The Environment | Just for Fun | Top Weather: Weather : Check out these cool links to some weather hot spots. Backyard Weather Station : Ever think of building a backyard weather station with your kids? It's fun, easy, and makes a great family project! Here's how... How Rain Works -- Science for Kids : Is your kid wondering what this drought is all about? While you weather this dry spell, turn your kid into a weatherperson and your home into a weather station! Also, some tips on saving water ... The Science of Snow : Snowflakes and kids are made for each other. You can use your children's natural curiosity about snow as a gateway into scientific exploration. Here's a primer. Let it Snow! Here's a cool quiz with nifty questions like: What is the biggest snowflake on record? Bet you can't guess... For more great weather information for kids visit... Snow Crystals : While no two snowflakes are alike, they can be generally classified into six basic patterns as a result of unique atmospheric conditions present at the crystal's birth. Think of them as a kind of ""cloud diary"" and a record of conditions aloft. Snow Sculptures : When it comes to playing in the snow, kids love it and we adults often get cold feet. Literally. This doesn't have to be the case. Weather | Astronomy | The Environment | Just for Fun | Top Astronomy: The Night Sky : Some of the best backyard science can be found over your head! Getting started is easy -- here are a few activities for you and kids of all ages... Meteors on Film: Photography Tips -- Capturing a meteor on film is mostly a point, click, and luck proposition. By following these tips and a little luck you might get something. Tracking the Space Station : Look! Up in the sky. It's a bird. It's a plane. It's a Space Station?? Learn how you can track it's flight path -- it might be over your house tonight! Night Sky Net Guide: Next to a good pair of eyes, the Internet is the backyard star gazer's best friend. There are almost as many great websites devoted to astronomy as there are stars in the sky. Here are some of the best. Mars Colony : Are your kids ready for an out-of-this-world adventure? How about building and planning a colony on Mars! Weather | Astronomy | The Environment | Just for Fun | Top The Environment: It's Easy Being Green! These activities will help you teach your children about the environment. Living Green, Learning Green : For most kids, three of the great mysteries of urban life are: What happens to the poop after I flush? -- What's on the other side of the light switch and why does mom go nuts when I leave the light on? -- Where does all th",https://web.archive.org/web/20011118112847/http:/www.geocities.com:80/athens-digest/images/web-pop.gif,25,11084,"Dennis Randall: Content

Dennis Randall: Content Home | Creativity | Community | Content | Connection | Cool Tools | Site Map | Resume The Best of Randall's Backyard Science While at FEN I created more than 1,500 original editorial items including the ones featured below. I think they're some of the best articles I've written and produced for FamilyEducation. Enjoy! Weather | Astronomy | The Environment | Just for Fun | Top Weather: Weather : Check out these cool links to some weather hot spots. Backyard Weather Station : Ever think of building a backyard weather station with your kids? It's fun, easy, and makes a great family project! Here's how... How Rain Works -- Science for Kids : Is your kid wondering what this drought is all about? While you weather this dry spell, turn your kid into a weatherperson and your home into a weather station! Also, some tips on saving water ... The Science of Snow : Snowflakes and kids are made for each other. You can use your children's natural curiosity about snow as a gateway into scientific exploration. Here's a primer. Let it Snow! Here's a cool quiz with nifty questions like: What is the biggest snowflake on record? Bet you can't guess... For more great weather information for kids visit... Snow Crystals : While no two snowflakes are alike, they can be generally classified into six basic patterns as a result of unique atmospheric conditions present at the crystal's birth. Think of them as a kind of ""cloud diary"" and a record of conditions aloft. Snow Sculptures : When it comes to playing in the snow, kids love it and we adults often get cold feet. Literally. This doesn't have to be the case. Weather | Astronomy | The Environment | Just for Fun | Top Astronomy: The Night Sky : Some of the best backyard science can be found over your head! Getting started is easy -- here are a few activities for you and kids of all ages... Meteors on Film: Photography Tips -- Capturing a meteor on film is mostly a point, click, and luck proposition. By following these tips and a little luck you might get something. Tracking the Space Station : Look! Up in the sky. It's a bird. It's a plane. It's a Space Station?? Learn how you can track it's flight path -- it might be over your house tonight! Night Sky Net Guide: Next to a good pair of eyes, the Internet is the backyard star gazer's best friend. There are almost as many great websites devoted to astronomy as there are stars in the sky. Here are some of the best. Mars Colony : Are your kids ready for an out-of-this-world adventure? How about building and planning a colony on Mars! Weather | Astronomy | The Environment | Just for Fun | Top The Environment: It's Easy Being Green! These activities will help you teach your children about the environment. Living Green, Learning Green : For most kids, three of the great mysteries of urban life are: What happens to the poop after I flush? -- What's on the other side of the light switch and why does mom go nuts when I leave the light on? -- Where does all th"
geocities.com,20090831024530,http://geocities.com/athens-digest/articles/content.html,https://web.archive.org/web/20090831024530/http://geocities.com/athens-digest/articles/content.html,Dennis Randall: Content,"Dennis Randall: Content Home | Creativity | Community | Content | Connection | Cool Tools | Site Map | Resume The Best of Randall's Backyard Science While at FEN I created more than 1,500 original editorial items including the ones featured below. I think they're some of the best articles I've written and produced for FamilyEducation. Enjoy! Weather | Astronomy | The Environment | Just for Fun | Top Weather: Weather : Check out these cool links to some weather hot spots. Backyard Weather Station : Ever think of building a backyard weather station with your kids? It's fun, easy, and makes a great family project! Here's how... How Rain Works -- Science for Kids : Is your kid wondering what this drought is all about? While you weather this dry spell, turn your kid into a weatherperson and your home into a weather station! Also, some tips on saving water ... The Science of Snow : Snowflakes and kids are made for each other. You can use your children's natural curiosity about snow as a gateway into scientific exploration. Here's a primer. Let it Snow! Here's a cool quiz with nifty questions like: What is the biggest snowflake on record? Bet you can't guess... For more great weather information for kids visit... Snow Crystals : While no two snowflakes are alike, they can be generally classified into six basic patterns as a result of unique atmospheric conditions present at the crystal's birth. Think of them as a kind of ""cloud diary"" and a record of conditions aloft. Snow Sculptures : When it comes to playing in the snow, kids love it and we adults often get cold feet. Literally. This doesn't have to be the case. Weather | Astronomy | The Environment | Just for Fun | Top Astronomy: The Night Sky : Some of the best backyard science can be found over your head! Getting started is easy -- here are a few activities for you and kids of all ages... Meteors on Film: Photography Tips -- Capturing a meteor on film is mostly a point, click, and luck proposition. By following these tips and a little luck you might get something. Tracking the Space Station : Look! Up in the sky. It's a bird. It's a plane. It's a Space Station?? Learn how you can track it's flight path -- it might be over your house tonight! Night Sky Net Guide: Next to a good pair of eyes, the Internet is the backyard star gazer's best friend. There are almost as many great websites devoted to astronomy as there are stars in the sky. Here are some of the best. Mars Colony : Are your kids ready for an out-of-this-world adventure? How about building and planning a colony on Mars! Weather | Astronomy | The Environment | Just for Fun | Top The Environment: It's Easy Being Green! These activities will help you teach your children about the environment. Living Green, Learning Green : For most kids, three of the great mysteries of urban life are: What happens to the poop after I flush? -- What's on the other side of the light switch and why does mom go nuts when I leave the light on? -- Where does all th",https://web.archive.org/web/20090831024530/http:/geocities.com/athens-digest/images/web-pop.gif,25,11363,"Dennis Randall: Content

Dennis Randall: Content Home | Creativity | Community | Content | Connection | Cool Tools | Site Map | Resume The Best of Randall's Backyard Science While at FEN I created more than 1,500 original editorial items including the ones featured below. I think they're some of the best articles I've written and produced for FamilyEducation. Enjoy! Weather | Astronomy | The Environment | Just for Fun | Top Weather: Weather : Check out these cool links to some weather hot spots. Backyard Weather Station : Ever think of building a backyard weather station with your kids? It's fun, easy, and makes a great family project! Here's how... How Rain Works -- Science for Kids : Is your kid wondering what this drought is all about? While you weather this dry spell, turn your kid into a weatherperson and your home into a weather station! Also, some tips on saving water ... The Science of Snow : Snowflakes and kids are made for each other. You can use your children's natural curiosity about snow as a gateway into scientific exploration. Here's a primer. Let it Snow! Here's a cool quiz with nifty questions like: What is the biggest snowflake on record? Bet you can't guess... For more great weather information for kids visit... Snow Crystals : While no two snowflakes are alike, they can be generally classified into six basic patterns as a result of unique atmospheric conditions present at the crystal's birth. Think of them as a kind of ""cloud diary"" and a record of conditions aloft. Snow Sculptures : When it comes to playing in the snow, kids love it and we adults often get cold feet. Literally. This doesn't have to be the case. Weather | Astronomy | The Environment | Just for Fun | Top Astronomy: The Night Sky : Some of the best backyard science can be found over your head! Getting started is easy -- here are a few activities for you and kids of all ages... Meteors on Film: Photography Tips -- Capturing a meteor on film is mostly a point, click, and luck proposition. By following these tips and a little luck you might get something. Tracking the Space Station : Look! Up in the sky. It's a bird. It's a plane. It's a Space Station?? Learn how you can track it's flight path -- it might be over your house tonight! Night Sky Net Guide: Next to a good pair of eyes, the Internet is the backyard star gazer's best friend. There are almost as many great websites devoted to astronomy as there are stars in the sky. Here are some of the best. Mars Colony : Are your kids ready for an out-of-this-world adventure? How about building and planning a colony on Mars! Weather | Astronomy | The Environment | Just for Fun | Top The Environment: It's Easy Being Green! These activities will help you teach your children about the environment. Living Green, Learning Green : For most kids, three of the great mysteries of urban life are: What happens to the poop after I flush? -- What's on the other side of the light switch and why does mom go nuts when I leave the light on? -- Where does all th"
geocities.com,20020308090201,http://www.geocities.com:80/athens-digest/articles/cool-tools.html,https://web.archive.org/web/20020308090201/http://www.geocities.com:80/athens-digest/articles/cool-tools.html,Dennis Randall: Cool Tools,"Dennis Randall: Cool Tools Home | Creativity | Community | Content | Connection | Cool Tools | Site Map | Resume More than anything, a Web site needs to be useful and informative. Next, it needs to be fun to use. Fun on the Web means interactive. In the world of the Web, community sits at the top of the interactive food-chain. We've added a few applications you can use to help make your site interactive and fun. The beauty is they're all FREE. A good price for anyone on a budget ;-) Image Editors: All the graphics on this Web site were created or edited using PaintShop Pro: v4.12. While there are newer versions of Paint Shop pro, they all contain a ""drop dead after 30 day"" feature. The 4.12 release was the last with an infinite evaluation period . Honor suggests that you really should discontinue use after 30 days if you don't purchase it. There's a nag screen advising me that I'm on the 413th day of my 30 day evaluation trial. PaintShop pro was created by the good folks at Jasc Software, Inc. and it's, IMHO, one of the very best image editors available today. Windows 3.x (and above): PaintShop Pro v4.12: Review Download: Psp412.zip (2.97MB) Download Paint Shop Pro 3.11 (Evaluation version): psp311.exe [1.9MB] Windows 95, 98 and NT4.0: Download Paint Shop Pro 5.03 - psp503ev.exe [7.02MB] More: PaintShop Pro Help Center: Tutorials to get you started -- everything from working with your first image to creating transparent and animated GIFs. Latest Graphics Tips & How-tos: Links to dozens of great graphic utilities and programs. All free! Top Organization: Ten Quick Tips for Better Site Design Tom Karlo put this list together to help provide pointers and direction for folks who know HTML and want to produce better site designs. His list is more concerned with the issues of designing pages than the technical problems of HTML or Photoshop and is a must read for any wannabe webmaster. The Tips : 1. Keep your goal in sight 2. Design sites, not pages 3. Never design in HTML 4. Write down your design 5. Go for consistency 6. Templates 7. Think like a user 8. Ask your users what they see 9. Content is king 10. Don't link for the heck of it 1 . Keep your goal in mind Too often, people forget why the site they're designing is being put up. The purpose of designing a site carefully is not to make it look cool, or win awards. It's to accomplish the intended goal of the site. If you're making a site for a company, sometimes the goal is simply to distribute information about the firm. Often, however, the real goal is to sell or advertise some product of the company. Obviously, the structure and design of the site would have to vary greatly depending on which of these two objectives was viewed as the primary one. Note, however, that you usually will have more than one goal in building a site. Before starting a project, carefully write down a statement of the goals of the site. How do you know what your goals are? Simple. Ask your client. If you're your own client",https://web.archive.org/web/20020308090201/http:/www.geocities.com:80/athens-digest/images/web-pop.gif,18,29952,"Dennis Randall: Cool Tools

Dennis Randall: Cool Tools Home | Creativity | Community | Content | Connection | Cool Tools | Site Map | Resume More than anything, a Web site needs to be useful and informative. Next, it needs to be fun to use. Fun on the Web means interactive. In the world of the Web, community sits at the top of the interactive food-chain. We've added a few applications you can use to help make your site interactive and fun. The beauty is they're all FREE. A good price for anyone on a budget ;-) Image Editors: All the graphics on this Web site were created or edited using PaintShop Pro: v4.12. While there are newer versions of Paint Shop pro, they all contain a ""drop dead after 30 day"" feature. The 4.12 release was the last with an infinite evaluation period . Honor suggests that you really should discontinue use after 30 days if you don't purchase it. There's a nag screen advising me that I'm on the 413th day of my 30 day evaluation trial. PaintShop pro was created by the good folks at Jasc Software, Inc. and it's, IMHO, one of the very best image editors available today. Windows 3.x (and above): PaintShop Pro v4.12: Review Download: Psp412.zip (2.97MB) Download Paint Shop Pro 3.11 (Evaluation version): psp311.exe [1.9MB] Windows 95, 98 and NT4.0: Download Paint Shop Pro 5.03 - psp503ev.exe [7.02MB] More: PaintShop Pro Help Center: Tutorials to get you started -- everything from working with your first image to creating transparent and animated GIFs. Latest Graphics Tips & How-tos: Links to dozens of great graphic utilities and programs. All free! Top Organization: Ten Quick Tips for Better Site Design Tom Karlo put this list together to help provide pointers and direction for folks who know HTML and want to produce better site designs. His list is more concerned with the issues of designing pages than the technical problems of HTML or Photoshop and is a must read for any wannabe webmaster. The Tips : 1. Keep your goal in sight 2. Design sites, not pages 3. Never design in HTML 4. Write down your design 5. Go for consistency 6. Templates 7. Think like a user 8. Ask your users what they see 9. Content is king 10. Don't link for the heck of it 1 . Keep your goal in mind Too often, people forget why the site they're designing is being put up. The purpose of designing a site carefully is not to make it look cool, or win awards. It's to accomplish the intended goal of the site. If you're making a site for a company, sometimes the goal is simply to distribute information about the firm. Often, however, the real goal is to sell or advertise some product of the company. Obviously, the structure and design of the site would have to vary greatly depending on which of these two objectives was viewed as the primary one. Note, however, that you usually will have more than one goal in building a site. Before starting a project, carefully write down a statement of the goals of the site. How do you know what your goals are? Simple. Ask your client. If you're your own client"
geocities.com,20090830223216,http://geocities.com/athens-digest/articles/cool-tools.html,https://web.archive.org/web/20090830223216/http://geocities.com/athens-digest/articles/cool-tools.html,Dennis Randall: Cool Tools,"Dennis Randall: Cool Tools Home | Creativity | Community | Content | Connection | Cool Tools | Site Map | Resume More than anything, a Web site needs to be useful and informative. Next, it needs to be fun to use. Fun on the Web means interactive. In the world of the Web, community sits at the top of the interactive food-chain. We've added a few applications you can use to help make your site interactive and fun. The beauty is they're all FREE. A good price for anyone on a budget ;-) Image Editors: All the graphics on this Web site were created or edited using PaintShop Pro: v4.12. While there are newer versions of Paint Shop pro, they all contain a ""drop dead after 30 day"" feature. The 4.12 release was the last with an infinite evaluation period . Honor suggests that you really should discontinue use after 30 days if you don't purchase it. There's a nag screen advising me that I'm on the 413th day of my 30 day evaluation trial. PaintShop pro was created by the good folks at Jasc Software, Inc. and it's, IMHO, one of the very best image editors available today. Windows 3.x (and above): PaintShop Pro v4.12: Review Download: Psp412.zip (2.97MB) Download Paint Shop Pro 3.11 (Evaluation version): psp311.exe [1.9MB] Windows 95, 98 and NT4.0: Download Paint Shop Pro 5.03 - psp503ev.exe [7.02MB] More: PaintShop Pro Help Center: Tutorials to get you started -- everything from working with your first image to creating transparent and animated GIFs. Latest Graphics Tips & How-tos: Links to dozens of great graphic utilities and programs. All free! Top Organization: Ten Quick Tips for Better Site Design Tom Karlo put this list together to help provide pointers and direction for folks who know HTML and want to produce better site designs. His list is more concerned with the issues of designing pages than the technical problems of HTML or Photoshop and is a must read for any wannabe webmaster. The Tips : 1. Keep your goal in sight 2. Design sites, not pages 3. Never design in HTML 4. Write down your design 5. Go for consistency 6. Templates 7. Think like a user 8. Ask your users what they see 9. Content is king 10. Don't link for the heck of it 1 . Keep your goal in mind Too often, people forget why the site they're designing is being put up. The purpose of designing a site carefully is not to make it look cool, or win awards. It's to accomplish the intended goal of the site. If you're making a site for a company, sometimes the goal is simply to distribute information about the firm. Often, however, the real goal is to sell or advertise some product of the company. Obviously, the structure and design of the site would have to vary greatly depending on which of these two objectives was viewed as the primary one. Note, however, that you usually will have more than one goal in building a site. Before starting a project, carefully write down a statement of the goals of the site. How do you know what your goals are? Simple. Ask your client. If you're your own client",https://web.archive.org/web/20090830223216/http:/geocities.com/athens-digest/images/web-pop.gif,18,30141,"Dennis Randall: Cool Tools

Dennis Randall: Cool Tools Home | Creativity | Community | Content | Connection | Cool Tools | Site Map | Resume More than anything, a Web site needs to be useful and informative. Next, it needs to be fun to use. Fun on the Web means interactive. In the world of the Web, community sits at the top of the interactive food-chain. We've added a few applications you can use to help make your site interactive and fun. The beauty is they're all FREE. A good price for anyone on a budget ;-) Image Editors: All the graphics on this Web site were created or edited using PaintShop Pro: v4.12. While there are newer versions of Paint Shop pro, they all contain a ""drop dead after 30 day"" feature. The 4.12 release was the last with an infinite evaluation period . Honor suggests that you really should discontinue use after 30 days if you don't purchase it. There's a nag screen advising me that I'm on the 413th day of my 30 day evaluation trial. PaintShop pro was created by the good folks at Jasc Software, Inc. and it's, IMHO, one of the very best image editors available today. Windows 3.x (and above): PaintShop Pro v4.12: Review Download: Psp412.zip (2.97MB) Download Paint Shop Pro 3.11 (Evaluation version): psp311.exe [1.9MB] Windows 95, 98 and NT4.0: Download Paint Shop Pro 5.03 - psp503ev.exe [7.02MB] More: PaintShop Pro Help Center: Tutorials to get you started -- everything from working with your first image to creating transparent and animated GIFs. Latest Graphics Tips & How-tos: Links to dozens of great graphic utilities and programs. All free! Top Organization: Ten Quick Tips for Better Site Design Tom Karlo put this list together to help provide pointers and direction for folks who know HTML and want to produce better site designs. His list is more concerned with the issues of designing pages than the technical problems of HTML or Photoshop and is a must read for any wannabe webmaster. The Tips : 1. Keep your goal in sight 2. Design sites, not pages 3. Never design in HTML 4. Write down your design 5. Go for consistency 6. Templates 7. Think like a user 8. Ask your users what they see 9. Content is king 10. Don't link for the heck of it 1 . Keep your goal in mind Too often, people forget why the site they're designing is being put up. The purpose of designing a site carefully is not to make it look cool, or win awards. It's to accomplish the intended goal of the site. If you're making a site for a company, sometimes the goal is simply to distribute information about the firm. Often, however, the real goal is to sell or advertise some product of the company. Obviously, the structure and design of the site would have to vary greatly depending on which of these two objectives was viewed as the primary one. Note, however, that you usually will have more than one goal in building a site. Before starting a project, carefully write down a statement of the goals of the site. How do you know what your goals are? Simple. Ask your client. If you're your own client"
geocities.com,20020808130208,http://www.geocities.com:80/athens-digest/articles/creativity.html,https://web.archive.org/web/20020808130208/http://www.geocities.com:80/athens-digest/articles/creativity.html,Dennis Randall: Creativity,Dennis Randall: Creativity Home | Creativity | Community | Content | Connection | Cool Tools | Site Map | Resume Copyright © 2000 Dennis Randall All Rights Reserved,https://web.archive.org/web/20020808130208/http:/www.geocities.com:80/athens-digest/images/web-pop.gif,5,3780,"Dennis Randall: Creativity

Dennis Randall: Creativity Home | Creativity | Community | Content | Connection | Cool Tools | Site Map | Resume Copyright © 2000 Dennis Randall All Rights Reserved"
geocities.com,20090831030751,http://geocities.com/athens-digest/articles/creativity.html,https://web.archive.org/web/20090831030751/http://geocities.com/athens-digest/articles/creativity.html,Dennis Randall: Creativity,Dennis Randall: Creativity Home | Creativity | Community | Content | Connection | Cool Tools | Site Map | Resume Copyright © 2000 Dennis Randall All Rights Reserved,https://web.archive.org/web/20090831030751/http:/geocities.com/athens-digest/images/web-pop.gif,5,3969,"Dennis Randall: Creativity

Dennis Randall: Creativity Home | Creativity | Community | Content | Connection | Cool Tools | Site Map | Resume Copyright © 2000 Dennis Randall All Rights Reserved"
geocities.com,20021010210857,http://www.geocities.com:80/athens-digest/articles/dream-teach.html,https://web.archive.org/web/20021010210857/http://www.geocities.com:80/athens-digest/articles/dream-teach.html,The Athens Digest - What color is the rainbow?,"The Athens Digest - What color is the rainbow? Home | Creativity | Community | Content | Connection | Cool Tools | Site Map | Resume My Grandfather's House by Dennis Randall We all carry the memories of perfect childhood summers when we stood still and time rolled out from under us. Effortless, endless lazy days of joy and tranquillity. I found my perfect summer in Plympton, Massachusetts at my grandfather's house. ""...his words transformed the kitchen into the whaling grounds and ships..."" His home was a three hundred year old farmhouse located deep in the forest. The house had no electricity, running water or central heating. With the exception of age it was virtually unchanged from that day in the 1650's when it was built. It was a little island in time that had somehow escaped the benefits of the 20th century. My grandfather lived alone in the house and each summer I would stay with him for a few weeks. Simple but delicious meals were prepared on an ancient wood cookstove located in a corner of the kitchen. The stove was a smokey thing and everything we ate or wore had the comfortable mellow-brown flavor of wood. Food and milk was kept cool and safe in a wobbly wooden bucket at the bottom of a deep stone well. Even in the hottest days of August, water from that well was cold and clear. In the evenings, after dinner and dishes were finished, he and I would sit for hours at the kitchen table and I listened as he told story after story. Shadows from the flickering yellow light of the kerosene lamp moved on the walls as he unraveled countless tales of knights and unicorns, leprechauns, elves and the travels of Gulliver. ""Look over there,"" he would say pointing to the shelf above the stove, ""those three boxes of cereal are just like the sails on a whaling ship. And, over there, that butter dish looks just like the dories the men would use to hunt the Great White Whale."" His words transformed the kitchen into the whaling grounds and ships from the story of Moby Dick. Shadows became the characters and crew and the coat rack with my grandfathers felt hat came alive as the stern and possessed Captain Ahab. A long story like Moby Dick would take several nights to tell. The evening hours my grandfather and I would spend around the kerosene lamp became the center of my summer days. ""Hold it from the inside and look out through its eyes. Hear its story."" I have so many recollections of that kitchen as the deck of a sailing ship or the treasure mines of King Solomon that it is difficult to recall how the place really appeared. The remembrances and images of his stories are more vivid than my memories of that room in daylight. My grandfather would ask, in fact demand, that I see things in a different way. ""Look at something and then look at the things around it, ask questions of it,"" he would say, ""What else does it look like? How does it feel and how did it get there? Pick it up with your thoughts and turn it over in your mind. Hold it from the inside and ",https://web.archive.org/web/20021010210857/http:/www.geocities.com:80/athens-digest/images/web-pop.gif,6,10350,"The Athens Digest - What color is the rainbow?

The Athens Digest - What color is the rainbow? Home | Creativity | Community | Content | Connection | Cool Tools | Site Map | Resume My Grandfather's House by Dennis Randall We all carry the memories of perfect childhood summers when we stood still and time rolled out from under us. Effortless, endless lazy days of joy and tranquillity. I found my perfect summer in Plympton, Massachusetts at my grandfather's house. ""...his words transformed the kitchen into the whaling grounds and ships..."" His home was a three hundred year old farmhouse located deep in the forest. The house had no electricity, running water or central heating. With the exception of age it was virtually unchanged from that day in the 1650's when it was built. It was a little island in time that had somehow escaped the benefits of the 20th century. My grandfather lived alone in the house and each summer I would stay with him for a few weeks. Simple but delicious meals were prepared on an ancient wood cookstove located in a corner of the kitchen. The stove was a smokey thing and everything we ate or wore had the comfortable mellow-brown flavor of wood. Food and milk was kept cool and safe in a wobbly wooden bucket at the bottom of a deep stone well. Even in the hottest days of August, water from that well was cold and clear. In the evenings, after dinner and dishes were finished, he and I would sit for hours at the kitchen table and I listened as he told story after story. Shadows from the flickering yellow light of the kerosene lamp moved on the walls as he unraveled countless tales of knights and unicorns, leprechauns, elves and the travels of Gulliver. ""Look over there,"" he would say pointing to the shelf above the stove, ""those three boxes of cereal are just like the sails on a whaling ship. And, over there, that butter dish looks just like the dories the men would use to hunt the Great White Whale."" His words transformed the kitchen into the whaling grounds and ships from the story of Moby Dick. Shadows became the characters and crew and the coat rack with my grandfathers felt hat came alive as the stern and possessed Captain Ahab. A long story like Moby Dick would take several nights to tell. The evening hours my grandfather and I would spend around the kerosene lamp became the center of my summer days. ""Hold it from the inside and look out through its eyes. Hear its story."" I have so many recollections of that kitchen as the deck of a sailing ship or the treasure mines of King Solomon that it is difficult to recall how the place really appeared. The remembrances and images of his stories are more vivid than my memories of that room in daylight. My grandfather would ask, in fact demand, that I see things in a different way. ""Look at something and then look at the things around it, ask questions of it,"" he would say, ""What else does it look like? How does it feel and how did it get there? Pick it up with your thoughts and turn it over in your mind. Hold it from the inside and"
geocities.com,20090830184241,http://geocities.com/athens-digest/articles/dream-teach.html,https://web.archive.org/web/20090830184241/http://geocities.com/athens-digest/articles/dream-teach.html,The Athens Digest - What color is the rainbow?,"The Athens Digest - What color is the rainbow? Home | Creativity | Community | Content | Connection | Cool Tools | Site Map | Resume My Grandfather's House by Dennis Randall We all carry the memories of perfect childhood summers when we stood still and time rolled out from under us. Effortless, endless lazy days of joy and tranquillity. I found my perfect summer in Plympton, Massachusetts at my grandfather's house. ""...his words transformed the kitchen into the whaling grounds and ships..."" His home was a three hundred year old farmhouse located deep in the forest. The house had no electricity, running water or central heating. With the exception of age it was virtually unchanged from that day in the 1650's when it was built. It was a little island in time that had somehow escaped the benefits of the 20th century. My grandfather lived alone in the house and each summer I would stay with him for a few weeks. Simple but delicious meals were prepared on an ancient wood cookstove located in a corner of the kitchen. The stove was a smokey thing and everything we ate or wore had the comfortable mellow-brown flavor of wood. Food and milk was kept cool and safe in a wobbly wooden bucket at the bottom of a deep stone well. Even in the hottest days of August, water from that well was cold and clear. In the evenings, after dinner and dishes were finished, he and I would sit for hours at the kitchen table and I listened as he told story after story. Shadows from the flickering yellow light of the kerosene lamp moved on the walls as he unraveled countless tales of knights and unicorns, leprechauns, elves and the travels of Gulliver. ""Look over there,"" he would say pointing to the shelf above the stove, ""those three boxes of cereal are just like the sails on a whaling ship. And, over there, that butter dish looks just like the dories the men would use to hunt the Great White Whale."" His words transformed the kitchen into the whaling grounds and ships from the story of Moby Dick. Shadows became the characters and crew and the coat rack with my grandfathers felt hat came alive as the stern and possessed Captain Ahab. A long story like Moby Dick would take several nights to tell. The evening hours my grandfather and I would spend around the kerosene lamp became the center of my summer days. ""Hold it from the inside and look out through its eyes. Hear its story."" I have so many recollections of that kitchen as the deck of a sailing ship or the treasure mines of King Solomon that it is difficult to recall how the place really appeared. The remembrances and images of his stories are more vivid than my memories of that room in daylight. My grandfather would ask, in fact demand, that I see things in a different way. ""Look at something and then look at the things around it, ask questions of it,"" he would say, ""What else does it look like? How does it feel and how did it get there? Pick it up with your thoughts and turn it over in your mind. Hold it from the inside and ",https://web.archive.org/web/20090830184241/http:/geocities.com/athens-digest/images/web-pop.gif,6,10529,"The Athens Digest - What color is the rainbow?

The Athens Digest - What color is the rainbow? Home | Creativity | Community | Content | Connection | Cool Tools | Site Map | Resume My Grandfather's House by Dennis Randall We all carry the memories of perfect childhood summers when we stood still and time rolled out from under us. Effortless, endless lazy days of joy and tranquillity. I found my perfect summer in Plympton, Massachusetts at my grandfather's house. ""...his words transformed the kitchen into the whaling grounds and ships..."" His home was a three hundred year old farmhouse located deep in the forest. The house had no electricity, running water or central heating. With the exception of age it was virtually unchanged from that day in the 1650's when it was built. It was a little island in time that had somehow escaped the benefits of the 20th century. My grandfather lived alone in the house and each summer I would stay with him for a few weeks. Simple but delicious meals were prepared on an ancient wood cookstove located in a corner of the kitchen. The stove was a smokey thing and everything we ate or wore had the comfortable mellow-brown flavor of wood. Food and milk was kept cool and safe in a wobbly wooden bucket at the bottom of a deep stone well. Even in the hottest days of August, water from that well was cold and clear. In the evenings, after dinner and dishes were finished, he and I would sit for hours at the kitchen table and I listened as he told story after story. Shadows from the flickering yellow light of the kerosene lamp moved on the walls as he unraveled countless tales of knights and unicorns, leprechauns, elves and the travels of Gulliver. ""Look over there,"" he would say pointing to the shelf above the stove, ""those three boxes of cereal are just like the sails on a whaling ship. And, over there, that butter dish looks just like the dories the men would use to hunt the Great White Whale."" His words transformed the kitchen into the whaling grounds and ships from the story of Moby Dick. Shadows became the characters and crew and the coat rack with my grandfathers felt hat came alive as the stern and possessed Captain Ahab. A long story like Moby Dick would take several nights to tell. The evening hours my grandfather and I would spend around the kerosene lamp became the center of my summer days. ""Hold it from the inside and look out through its eyes. Hear its story."" I have so many recollections of that kitchen as the deck of a sailing ship or the treasure mines of King Solomon that it is difficult to recall how the place really appeared. The remembrances and images of his stories are more vivid than my memories of that room in daylight. My grandfather would ask, in fact demand, that I see things in a different way. ""Look at something and then look at the things around it, ask questions of it,"" he would say, ""What else does it look like? How does it feel and how did it get there? Pick it up with your thoughts and turn it over in your mind. Hold it from the inside and"
geocities.com,20011118095921,http://www.geocities.com:80/athens-digest/articles/home.html,https://web.archive.org/web/20011118095921/http://www.geocities.com:80/athens-digest/articles/home.html,Webweaver's Workshop Home Page,"Webweaver's Workshop Home Page Home | Creativity | Community | Content | Connection | Cool Tools | Site Map | Resume Electronic Portfolio My six years working on the Web has allowed me to develop a multitude of skills including: community building, writing, graphics, site planning and management, and more. This site is a collection of some of my best work. Enjoy! Dennis Randall, Webweaver FEN Features by Dennis Randall Other Feature Articles: Other Web-Spaces Created, Designed, or Managed by Randall: Copyright © 2000 Dennis Randall All Rights Reserved",https://web.archive.org/web/20011118095921/http:/www.geocities.com:80/athens-digest/images/web-pop.gif,17,4556,"Webweaver's Workshop Home Page

Webweaver's Workshop Home Page Home | Creativity | Community | Content | Connection | Cool Tools | Site Map | Resume Electronic Portfolio My six years working on the Web has allowed me to develop a multitude of skills including: community building, writing, graphics, site planning and management, and more. This site is a collection of some of my best work. Enjoy! Dennis Randall, Webweaver FEN Features by Dennis Randall Other Feature Articles: Other Web-Spaces Created, Designed, or Managed by Randall: Copyright © 2000 Dennis Randall All Rights Reserved"
geocities.com,20090830184241,http://geocities.com/athens-digest/articles/home.html,https://web.archive.org/web/20090830184241/http://geocities.com/athens-digest/articles/home.html,Webweaver's Workshop Home Page,"Webweaver's Workshop Home Page Home | Creativity | Community | Content | Connection | Cool Tools | Site Map | Resume Electronic Portfolio My six years working on the Web has allowed me to develop a multitude of skills including: community building, writing, graphics, site planning and management, and more. This site is a collection of some of my best work. Enjoy! Dennis Randall, Webweaver FEN Features by Dennis Randall Other Feature Articles: Other Web-Spaces Created, Designed, or Managed by Randall: Copyright © 2000 Dennis Randall All Rights Reserved",https://web.archive.org/web/20090830184241/http:/geocities.com/athens-digest/images/web-pop.gif,17,4835,"Webweaver's Workshop Home Page

Webweaver's Workshop Home Page Home | Creativity | Community | Content | Connection | Cool Tools | Site Map | Resume Electronic Portfolio My six years working on the Web has allowed me to develop a multitude of skills including: community building, writing, graphics, site planning and management, and more. This site is a collection of some of my best work. Enjoy! Dennis Randall, Webweaver FEN Features by Dennis Randall Other Feature Articles: Other Web-Spaces Created, Designed, or Managed by Randall: Copyright © 2000 Dennis Randall All Rights Reserved"
geocities.com,20091027154809,http://geocities.com/athens-digest/articles/index.html,https://web.archive.org/web/20091027154809/http://geocities.com/athens-digest/articles/index.html,50Meg.com Webweaver's Workshop,50Meg.com Webweaver's Workshop <BODY> <P>Viewing this page requires a browser capable of displaying frames. </P> </BODY> AMESET> 00> Home Creativity Community Content Connection Cool Tools Site Map Resume ~ Welcome to the Webweaver's Workshop ~ Home | Creativity | Community | Content | Connection | Cool Tools | Site Map | Resume index.html drandall@adelphia.net Copyright © 2000 Dennis Randall All Rights Reserved,https://web.archive.org/web/20091027154809/http:/geocities.com/athens-digest/articles/bullet.gif,11,4469,"50Meg.com Webweaver's Workshop

50Meg.com Webweaver's Workshop <BODY> <P>Viewing this page requires a browser capable of displaying frames. </P> </BODY> AMESET> 00> Home Creativity Community Content Connection Cool Tools Site Map Resume ~ Welcome to the Webweaver's Workshop ~ Home | Creativity | Community | Content | Connection | Cool Tools | Site Map | Resume index.html drandall@adelphia.net Copyright © 2000 Dennis Randall All Rights Reserved"
geocities.com,20021011174709,http://www.geocities.com:80/athens-digest/articles/old-days-next.html,https://web.archive.org/web/20021011174709/http://www.geocities.com:80/athens-digest/articles/old-days-next.html,The Athens Digest - What color is the rainbow?,"The Athens Digest - What color is the rainbow? Home | Creativity | Community | Content | Connection | Cool Tools | Site Map | Resume Part Two by Dennis N. Randall Lighting After a hard day at work, in the fields or factory, most people returned home, ate whatever dinner was ready, and collapsed until the start of the next work day. Folks who wished to stay up and socialize or finish chores often did so in dim, candle lit rooms. By the standards of yesterday, our homes blaze with the brilliance of day. A twenty-five watt bulb burns with the light of more than 200 candles. An average family room today has about 175 watts of light - or the equivalent of more than 1,400 candles. Horses Horses were common forms of transportation and their pollutants were everywhere. The early street sweepers and sanitation men who were hired to keep the streets clean were not just picking up gum wrappers. In twelve months a city with 15,000 horses produces enough manure to cover an acre of ground to the depth of 175 feet. That amount of waste, when mixed with summer rains and the hot August sun turned large cities like Boston, New York, and Chicago into the worst kind of steam baths imaginable. Rural towns and villages werent much better. The areas around hitching posts were open cesspools. When the rains came, everything mixed with mud. The quaint wooden boardwalks were not constructed as a convenience. They were a necessity. Civil Rights Racial and religious minorities were at the mercy of the times. In 1836 a school for black children was burned to the ground by an angry white mob in Canton, Connecticut. Slavery was the law of the land until it was ended by the civil war and a constitutional amendment. Between 1882 and 1903, more than 3,300 people were lynched across the United States. Lynching of blacks alone totaled 2,060. Guilt or innocence made little difference to a mob driven by a blood lust. Lynching went far beyond simple hanging and often include anything from boiling the victim alive, castration, and torture to burning at the stake. Discrimination in the workplace was rampant. Blacks, Jews, and Catholics were not allowed to work at many jobs. The law of the land did not protect minorities in the good old days. Pollution As cities became industrialized, the air was modernized. Smoke stacks were considered a sign of progress and large industrialized cities had hundreds, if not thousands, of them. Clouds of pollutants - sulfur, ammonia, and coal dust  settled on laundry, lungs, and gardens. Tanneries with their slaughter houses, bone boiling, and manure added their own unique flavor to the air around them. Government regulations to protect citizens and the environment were nonexistent. Business resisted then, as much as it does today, any attempt to make it clean up its act. Pollution was accepted as the necessary price of progress. Food Food in the good old days wasnt always that good. Reports abound of stores selling food products that were adulterated",https://web.archive.org/web/20021011174709/http:/www.geocities.com:80/athens-digest/images/web-pop.gif,9,10564,"The Athens Digest - What color is the rainbow?

The Athens Digest - What color is the rainbow? Home | Creativity | Community | Content | Connection | Cool Tools | Site Map | Resume Part Two by Dennis N. Randall Lighting After a hard day at work, in the fields or factory, most people returned home, ate whatever dinner was ready, and collapsed until the start of the next work day. Folks who wished to stay up and socialize or finish chores often did so in dim, candle lit rooms. By the standards of yesterday, our homes blaze with the brilliance of day. A twenty-five watt bulb burns with the light of more than 200 candles. An average family room today has about 175 watts of light - or the equivalent of more than 1,400 candles. Horses Horses were common forms of transportation and their pollutants were everywhere. The early street sweepers and sanitation men who were hired to keep the streets clean were not just picking up gum wrappers. In twelve months a city with 15,000 horses produces enough manure to cover an acre of ground to the depth of 175 feet. That amount of waste, when mixed with summer rains and the hot August sun turned large cities like Boston, New York, and Chicago into the worst kind of steam baths imaginable. Rural towns and villages werent much better. The areas around hitching posts were open cesspools. When the rains came, everything mixed with mud. The quaint wooden boardwalks were not constructed as a convenience. They were a necessity. Civil Rights Racial and religious minorities were at the mercy of the times. In 1836 a school for black children was burned to the ground by an angry white mob in Canton, Connecticut. Slavery was the law of the land until it was ended by the civil war and a constitutional amendment. Between 1882 and 1903, more than 3,300 people were lynched across the United States. Lynching of blacks alone totaled 2,060. Guilt or innocence made little difference to a mob driven by a blood lust. Lynching went far beyond simple hanging and often include anything from boiling the victim alive, castration, and torture to burning at the stake. Discrimination in the workplace was rampant. Blacks, Jews, and Catholics were not allowed to work at many jobs. The law of the land did not protect minorities in the good old days. Pollution As cities became industrialized, the air was modernized. Smoke stacks were considered a sign of progress and large industrialized cities had hundreds, if not thousands, of them. Clouds of pollutants - sulfur, ammonia, and coal dust  settled on laundry, lungs, and gardens. Tanneries with their slaughter houses, bone boiling, and manure added their own unique flavor to the air around them. Government regulations to protect citizens and the environment were nonexistent. Business resisted then, as much as it does today, any attempt to make it clean up its act. Pollution was accepted as the necessary price of progress. Food Food in the good old days wasnt always that good. Reports abound of stores selling food products that were adulterated"
geocities.com,20090831142355,http://geocities.com/athens-digest/articles/old-days-next.html,https://web.archive.org/web/20090831142355/http://geocities.com/athens-digest/articles/old-days-next.html,The Athens Digest - What color is the rainbow?,"The Athens Digest - What color is the rainbow? Home | Creativity | Community | Content | Connection | Cool Tools | Site Map | Resume Part Two by Dennis N. Randall Lighting After a hard day at work, in the fields or factory, most people returned home, ate whatever dinner was ready, and collapsed until the start of the next work day. Folks who wished to stay up and socialize or finish chores often did so in dim, candle lit rooms. By the standards of yesterday, our homes blaze with the brilliance of day. A twenty-five watt bulb burns with the light of more than 200 candles. An average family room today has about 175 watts of light - or the equivalent of more than 1,400 candles. Horses Horses were common forms of transportation and their pollutants were everywhere. The early street sweepers and sanitation men who were hired to keep the streets clean were not just picking up gum wrappers. In twelve months a city with 15,000 horses produces enough manure to cover an acre of ground to the depth of 175 feet. That amount of waste, when mixed with summer rains and the hot August sun turned large cities like Boston, New York, and Chicago into the worst kind of steam baths imaginable. Rural towns and villages werent much better. The areas around hitching posts were open cesspools. When the rains came, everything mixed with mud. The quaint wooden boardwalks were not constructed as a convenience. They were a necessity. Civil Rights Racial and religious minorities were at the mercy of the times. In 1836 a school for black children was burned to the ground by an angry white mob in Canton, Connecticut. Slavery was the law of the land until it was ended by the civil war and a constitutional amendment. Between 1882 and 1903, more than 3,300 people were lynched across the United States. Lynching of blacks alone totaled 2,060. Guilt or innocence made little difference to a mob driven by a blood lust. Lynching went far beyond simple hanging and often include anything from boiling the victim alive, castration, and torture to burning at the stake. Discrimination in the workplace was rampant. Blacks, Jews, and Catholics were not allowed to work at many jobs. The law of the land did not protect minorities in the good old days. Pollution As cities became industrialized, the air was modernized. Smoke stacks were considered a sign of progress and large industrialized cities had hundreds, if not thousands, of them. Clouds of pollutants - sulfur, ammonia, and coal dust  settled on laundry, lungs, and gardens. Tanneries with their slaughter houses, bone boiling, and manure added their own unique flavor to the air around them. Government regulations to protect citizens and the environment were nonexistent. Business resisted then, as much as it does today, any attempt to make it clean up its act. Pollution was accepted as the necessary price of progress. Food Food in the good old days wasnt always that good. Reports abound of stores selling food products that were adulterated",https://web.archive.org/web/20090831142355/http:/geocities.com/athens-digest/images/web-pop.gif,9,10743,"The Athens Digest - What color is the rainbow?

The Athens Digest - What color is the rainbow? Home | Creativity | Community | Content | Connection | Cool Tools | Site Map | Resume Part Two by Dennis N. Randall Lighting After a hard day at work, in the fields or factory, most people returned home, ate whatever dinner was ready, and collapsed until the start of the next work day. Folks who wished to stay up and socialize or finish chores often did so in dim, candle lit rooms. By the standards of yesterday, our homes blaze with the brilliance of day. A twenty-five watt bulb burns with the light of more than 200 candles. An average family room today has about 175 watts of light - or the equivalent of more than 1,400 candles. Horses Horses were common forms of transportation and their pollutants were everywhere. The early street sweepers and sanitation men who were hired to keep the streets clean were not just picking up gum wrappers. In twelve months a city with 15,000 horses produces enough manure to cover an acre of ground to the depth of 175 feet. That amount of waste, when mixed with summer rains and the hot August sun turned large cities like Boston, New York, and Chicago into the worst kind of steam baths imaginable. Rural towns and villages werent much better. The areas around hitching posts were open cesspools. When the rains came, everything mixed with mud. The quaint wooden boardwalks were not constructed as a convenience. They were a necessity. Civil Rights Racial and religious minorities were at the mercy of the times. In 1836 a school for black children was burned to the ground by an angry white mob in Canton, Connecticut. Slavery was the law of the land until it was ended by the civil war and a constitutional amendment. Between 1882 and 1903, more than 3,300 people were lynched across the United States. Lynching of blacks alone totaled 2,060. Guilt or innocence made little difference to a mob driven by a blood lust. Lynching went far beyond simple hanging and often include anything from boiling the victim alive, castration, and torture to burning at the stake. Discrimination in the workplace was rampant. Blacks, Jews, and Catholics were not allowed to work at many jobs. The law of the land did not protect minorities in the good old days. Pollution As cities became industrialized, the air was modernized. Smoke stacks were considered a sign of progress and large industrialized cities had hundreds, if not thousands, of them. Clouds of pollutants - sulfur, ammonia, and coal dust  settled on laundry, lungs, and gardens. Tanneries with their slaughter houses, bone boiling, and manure added their own unique flavor to the air around them. Government regulations to protect citizens and the environment were nonexistent. Business resisted then, as much as it does today, any attempt to make it clean up its act. Pollution was accepted as the necessary price of progress. Food Food in the good old days wasnt always that good. Reports abound of stores selling food products that were adulterated"
geocities.com,20021010203439,http://www.geocities.com:80/athens-digest/articles/old-days-pt1.html,https://web.archive.org/web/20021010203439/http://www.geocities.com:80/athens-digest/articles/old-days-pt1.html,The Athens Digest - What color is the rainbow?,"The Athens Digest - What color is the rainbow? Home | Creativity | Community | Content | Connection | Cool Tools | Site Map | Resume by Dennis N. Randall Life in the 1800s has taken on an almost Utopian quality in the minds of many Americans. The images associated with this era of our history are, on the surface, pleasant to recall: one room school houses with a heavy dose of the 3 Rs; rugged self-reliance; living close to the earth, no income tax, steam-powered railroads and individual freedom. Topics: A Typical Workday Child Labor Workplace Safety Industry and Energy The Standard of Living Hard Times All-in-all, we seem to recall a well-scrubbed past taken from the pages of those Currier & Ives prints. Maybe, as we cross into the next century, it's time to take another look at the so-called ""good old days."" On the job Workdays in the mid to late 1800s were long and hard. The average worker could expect to labor anywhere from ten to fourteen hours a day, six days a week. A sixty or eighty hour work week was the rule, not the exception. By 1830, a skilled worker or experienced machinist earned as much as $1.25 a day. However, jobs that paid that well were uncommon. An average worker could expect to earn between fifty and seventy-five cents a day. A woman lucky enough to find a paying job earned far less than a man. Her standard wage was anywhere from half to two-thirds less than her male counterpart. Unions were almost unheard of. Where they existed they were considered, by factory owners and industrialists, to be ""un-American."" When horse-car drivers in New York City demanded that their traditional 16-hour work day be reduced to only 12 hours, their demands were branded as ""communistic"" by state assemblyman Teddy Roosevelt. When strikes did occur, they were often put down by troops and militiamen. Child labor Children often worked the same long hours as their parents. By 1900 there were nearly two million children under fifteen years of age working in factories across the nation. Child labor was in great demand by employers who considered children to be a bargain. Kids were paid between $1.50 and $2.50 a week for up to 84 hours of work. (Two or three cents an hour was considered low pay, even by the standards of the day.) Safety in the workplace In the days before government regulations and the union movement, the place where you worked could easily become the place where you died. President Harrison observed in 1892 that, ""American workmen are subjected to peril of life and limb as great as a soldier in time of war."" During the 1890s it was estimated that nearly a million workers were killed or injured each year in the work place. Power shafts and belts to drive the machines were open and unprotected. Factories were dimly lighted and the workers' machines and equipment were not equipped with the safety devices now required by law. The rule of thumb, for those lucky enough to still have one, was, ""if you take the job - you assume the risk."" Rail",https://web.archive.org/web/20021010203439/http:/www.geocities.com:80/athens-digest/images/web-pop.gif,15,13892,"The Athens Digest - What color is the rainbow?

The Athens Digest - What color is the rainbow? Home | Creativity | Community | Content | Connection | Cool Tools | Site Map | Resume by Dennis N. Randall Life in the 1800s has taken on an almost Utopian quality in the minds of many Americans. The images associated with this era of our history are, on the surface, pleasant to recall: one room school houses with a heavy dose of the 3 Rs; rugged self-reliance; living close to the earth, no income tax, steam-powered railroads and individual freedom. Topics: A Typical Workday Child Labor Workplace Safety Industry and Energy The Standard of Living Hard Times All-in-all, we seem to recall a well-scrubbed past taken from the pages of those Currier & Ives prints. Maybe, as we cross into the next century, it's time to take another look at the so-called ""good old days."" On the job Workdays in the mid to late 1800s were long and hard. The average worker could expect to labor anywhere from ten to fourteen hours a day, six days a week. A sixty or eighty hour work week was the rule, not the exception. By 1830, a skilled worker or experienced machinist earned as much as $1.25 a day. However, jobs that paid that well were uncommon. An average worker could expect to earn between fifty and seventy-five cents a day. A woman lucky enough to find a paying job earned far less than a man. Her standard wage was anywhere from half to two-thirds less than her male counterpart. Unions were almost unheard of. Where they existed they were considered, by factory owners and industrialists, to be ""un-American."" When horse-car drivers in New York City demanded that their traditional 16-hour work day be reduced to only 12 hours, their demands were branded as ""communistic"" by state assemblyman Teddy Roosevelt. When strikes did occur, they were often put down by troops and militiamen. Child labor Children often worked the same long hours as their parents. By 1900 there were nearly two million children under fifteen years of age working in factories across the nation. Child labor was in great demand by employers who considered children to be a bargain. Kids were paid between $1.50 and $2.50 a week for up to 84 hours of work. (Two or three cents an hour was considered low pay, even by the standards of the day.) Safety in the workplace In the days before government regulations and the union movement, the place where you worked could easily become the place where you died. President Harrison observed in 1892 that, ""American workmen are subjected to peril of life and limb as great as a soldier in time of war."" During the 1890s it was estimated that nearly a million workers were killed or injured each year in the work place. Power shafts and belts to drive the machines were open and unprotected. Factories were dimly lighted and the workers' machines and equipment were not equipped with the safety devices now required by law. The rule of thumb, for those lucky enough to still have one, was, ""if you take the job - you assume the risk."" Rail"
geocities.com,20090830184241,http://geocities.com/athens-digest/articles/old-days-pt1.html,https://web.archive.org/web/20090830184241/http://geocities.com/athens-digest/articles/old-days-pt1.html,The Athens Digest - What color is the rainbow?,"The Athens Digest - What color is the rainbow? Home | Creativity | Community | Content | Connection | Cool Tools | Site Map | Resume by Dennis N. Randall Life in the 1800s has taken on an almost Utopian quality in the minds of many Americans. The images associated with this era of our history are, on the surface, pleasant to recall: one room school houses with a heavy dose of the 3 Rs; rugged self-reliance; living close to the earth, no income tax, steam-powered railroads and individual freedom. Topics: A Typical Workday Child Labor Workplace Safety Industry and Energy The Standard of Living Hard Times All-in-all, we seem to recall a well-scrubbed past taken from the pages of those Currier & Ives prints. Maybe, as we cross into the next century, it's time to take another look at the so-called ""good old days."" On the job Workdays in the mid to late 1800s were long and hard. The average worker could expect to labor anywhere from ten to fourteen hours a day, six days a week. A sixty or eighty hour work week was the rule, not the exception. By 1830, a skilled worker or experienced machinist earned as much as $1.25 a day. However, jobs that paid that well were uncommon. An average worker could expect to earn between fifty and seventy-five cents a day. A woman lucky enough to find a paying job earned far less than a man. Her standard wage was anywhere from half to two-thirds less than her male counterpart. Unions were almost unheard of. Where they existed they were considered, by factory owners and industrialists, to be ""un-American."" When horse-car drivers in New York City demanded that their traditional 16-hour work day be reduced to only 12 hours, their demands were branded as ""communistic"" by state assemblyman Teddy Roosevelt. When strikes did occur, they were often put down by troops and militiamen. Child labor Children often worked the same long hours as their parents. By 1900 there were nearly two million children under fifteen years of age working in factories across the nation. Child labor was in great demand by employers who considered children to be a bargain. Kids were paid between $1.50 and $2.50 a week for up to 84 hours of work. (Two or three cents an hour was considered low pay, even by the standards of the day.) Safety in the workplace In the days before government regulations and the union movement, the place where you worked could easily become the place where you died. President Harrison observed in 1892 that, ""American workmen are subjected to peril of life and limb as great as a soldier in time of war."" During the 1890s it was estimated that nearly a million workers were killed or injured each year in the work place. Power shafts and belts to drive the machines were open and unprotected. Factories were dimly lighted and the workers' machines and equipment were not equipped with the safety devices now required by law. The rule of thumb, for those lucky enough to still have one, was, ""if you take the job - you assume the risk."" Rail",https://web.archive.org/web/20090830184241/http:/geocities.com/athens-digest/images/web-pop.gif,15,14071,"The Athens Digest - What color is the rainbow?

The Athens Digest - What color is the rainbow? Home | Creativity | Community | Content | Connection | Cool Tools | Site Map | Resume by Dennis N. Randall Life in the 1800s has taken on an almost Utopian quality in the minds of many Americans. The images associated with this era of our history are, on the surface, pleasant to recall: one room school houses with a heavy dose of the 3 Rs; rugged self-reliance; living close to the earth, no income tax, steam-powered railroads and individual freedom. Topics: A Typical Workday Child Labor Workplace Safety Industry and Energy The Standard of Living Hard Times All-in-all, we seem to recall a well-scrubbed past taken from the pages of those Currier & Ives prints. Maybe, as we cross into the next century, it's time to take another look at the so-called ""good old days."" On the job Workdays in the mid to late 1800s were long and hard. The average worker could expect to labor anywhere from ten to fourteen hours a day, six days a week. A sixty or eighty hour work week was the rule, not the exception. By 1830, a skilled worker or experienced machinist earned as much as $1.25 a day. However, jobs that paid that well were uncommon. An average worker could expect to earn between fifty and seventy-five cents a day. A woman lucky enough to find a paying job earned far less than a man. Her standard wage was anywhere from half to two-thirds less than her male counterpart. Unions were almost unheard of. Where they existed they were considered, by factory owners and industrialists, to be ""un-American."" When horse-car drivers in New York City demanded that their traditional 16-hour work day be reduced to only 12 hours, their demands were branded as ""communistic"" by state assemblyman Teddy Roosevelt. When strikes did occur, they were often put down by troops and militiamen. Child labor Children often worked the same long hours as their parents. By 1900 there were nearly two million children under fifteen years of age working in factories across the nation. Child labor was in great demand by employers who considered children to be a bargain. Kids were paid between $1.50 and $2.50 a week for up to 84 hours of work. (Two or three cents an hour was considered low pay, even by the standards of the day.) Safety in the workplace In the days before government regulations and the union movement, the place where you worked could easily become the place where you died. President Harrison observed in 1892 that, ""American workmen are subjected to peril of life and limb as great as a soldier in time of war."" During the 1890s it was estimated that nearly a million workers were killed or injured each year in the work place. Power shafts and belts to drive the machines were open and unprotected. Factories were dimly lighted and the workers' machines and equipment were not equipped with the safety devices now required by law. The rule of thumb, for those lucky enough to still have one, was, ""if you take the job - you assume the risk."" Rail"
geocities.com,20021010202848,http://www.geocities.com:80/athens-digest/articles/randall-resume.html,https://web.archive.org/web/20021010202848/http://www.geocities.com:80/athens-digest/articles/randall-resume.html,Dennis Randall's Resume,"Dennis Randall's Resume Home | Creativity | Community | Content | Connection | Cool Tools | Site Map | Resume Dennis is a skilled manager, producer, editor, and web-writer with extensive experience in start-up and Resume Links Content Production Supporting Skills Online Experience Internet Work Pre-Net Experience Pre-Net Work Education pre-IPO operations. Since 1995 he's served as an editor, producer, and Director of Online Community Development for the FamilyEducation Network . Most recently Randall has served as the Community Producer for TNBT.com . TNBT provides business leaders with the latest news, research and analysis about the impact of new media and technology on businesses. Family Education is the #1 Parenting and K-12 website on the Internet today and is an industry leader in its category. Under his management, the FEN message boards have grown from 30 messages a week to more than 10,000 postings a month. Content Management & Production: Proficient with ASP and Vignette StoryServer content management systems. Wrote and/or produced over 1,500 articles , newsletters , polls , and key topic/channel programming pages for familyeducation.com including: Backyard Science ; Health and Family Safety ; Quiz Whiz ; Computers and Technology ; and the FEN Community Center . Web Site Design: Served on planning team as Senior Producer and Director of Online Community Development representing consumer/member interests when planning and evaluating site and page design. Resulting design and interface changes produced a 50% increase in page views and member sign-ups. . Content Producer/Editor: Wrote and produced over 1,500 original articles, newsletters, polls, topic pages, and channel programming pages for familyeducation.com. . E-Mail: Senior Editor and producer for numerous weekly and biweekly interactive e-mail products for familyeducation.com including: Weekend Fun; What's Hot on the Web for Parents and Kids; Community Update; Family Safety and Recall Alert; QuizWhiz, and special all-member mailings. . Message Boards: Seasoned SYSOP, Community Designer, and Discussion Leader (Moderator) with multi-platform experience at familyeducation.com including: AT&T's Interchange; net.Thread; Allaire Forums; and WebCrossing. . SYSOP Recruitment and Training: Developed and implemented Discussion Leader recruitment and training program for the Family Education Network utilizing onsite notices and announcements, e-mail newsletters and ""Help Wanted"" postings in appropriate newsgroups. . Live Chat: Trained and Experience Chat Host on AOL, The Front Porch in the Religion and Ethics area of America Online. IRC experience. Top . Skilled Web Writer able to write to and for the medium utilizing the full power of HTML to create compelling and inviting page environments for online members. . Veteran Managing Editor proficient at all phases of operations. Experience includes new start-ups; strategic planning, business plans; budget management; staff recruitment (developmen",https://web.archive.org/web/20021010202848/http:/www.geocities.com:80/athens-digest/images/web-pop.gif,56,24732,"Dennis Randall's Resume

Dennis Randall's Resume Home | Creativity | Community | Content | Connection | Cool Tools | Site Map | Resume Dennis is a skilled manager, producer, editor, and web-writer with extensive experience in start-up and Resume Links Content Production Supporting Skills Online Experience Internet Work Pre-Net Experience Pre-Net Work Education pre-IPO operations. Since 1995 he's served as an editor, producer, and Director of Online Community Development for the FamilyEducation Network . Most recently Randall has served as the Community Producer for TNBT.com . TNBT provides business leaders with the latest news, research and analysis about the impact of new media and technology on businesses. Family Education is the #1 Parenting and K-12 website on the Internet today and is an industry leader in its category. Under his management, the FEN message boards have grown from 30 messages a week to more than 10,000 postings a month. Content Management & Production: Proficient with ASP and Vignette StoryServer content management systems. Wrote and/or produced over 1,500 articles , newsletters , polls , and key topic/channel programming pages for familyeducation.com including: Backyard Science ; Health and Family Safety ; Quiz Whiz ; Computers and Technology ; and the FEN Community Center . Web Site Design: Served on planning team as Senior Producer and Director of Online Community Development representing consumer/member interests when planning and evaluating site and page design. Resulting design and interface changes produced a 50% increase in page views and member sign-ups. . Content Producer/Editor: Wrote and produced over 1,500 original articles, newsletters, polls, topic pages, and channel programming pages for familyeducation.com. . E-Mail: Senior Editor and producer for numerous weekly and biweekly interactive e-mail products for familyeducation.com including: Weekend Fun; What's Hot on the Web for Parents and Kids; Community Update; Family Safety and Recall Alert; QuizWhiz, and special all-member mailings. . Message Boards: Seasoned SYSOP, Community Designer, and Discussion Leader (Moderator) with multi-platform experience at familyeducation.com including: AT&T's Interchange; net.Thread; Allaire Forums; and WebCrossing. . SYSOP Recruitment and Training: Developed and implemented Discussion Leader recruitment and training program for the Family Education Network utilizing onsite notices and announcements, e-mail newsletters and ""Help Wanted"" postings in appropriate newsgroups. . Live Chat: Trained and Experience Chat Host on AOL, The Front Porch in the Religion and Ethics area of America Online. IRC experience. Top . Skilled Web Writer able to write to and for the medium utilizing the full power of HTML to create compelling and inviting page environments for online members. . Veteran Managing Editor proficient at all phases of operations. Experience includes new start-ups; strategic planning, business plans; budget management; staff recruitment (developmen"
geocities.com,20090831024530,http://geocities.com/athens-digest/articles/randall-resume.html,https://web.archive.org/web/20090831024530/http://geocities.com/athens-digest/articles/randall-resume.html,Dennis Randall's Resume,"Dennis Randall's Resume Home | Creativity | Community | Content | Connection | Cool Tools | Site Map | Resume Dennis is a skilled manager, producer, editor, and web-writer with extensive experience in start-up and Resume Links Content Production Supporting Skills Online Experience Internet Work Pre-Net Experience Pre-Net Work Education pre-IPO operations. Since 1995 he's served as an editor, producer, and Director of Online Community Development for the FamilyEducation Network . Most recently Randall has served as the Community Producer for TNBT.com . TNBT provides business leaders with the latest news, research and analysis about the impact of new media and technology on businesses. Family Education is the #1 Parenting and K-12 website on the Internet today and is an industry leader in its category. Under his management, the FEN message boards have grown from 30 messages a week to more than 10,000 postings a month. Content Management & Production: Proficient with ASP and Vignette StoryServer content management systems. Wrote and/or produced over 1,500 articles , newsletters , polls , and key topic/channel programming pages for familyeducation.com including: Backyard Science ; Health and Family Safety ; Quiz Whiz ; Computers and Technology ; and the FEN Community Center . Web Site Design: Served on planning team as Senior Producer and Director of Online Community Development representing consumer/member interests when planning and evaluating site and page design. Resulting design and interface changes produced a 50% increase in page views and member sign-ups. . Content Producer/Editor: Wrote and produced over 1,500 original articles, newsletters, polls, topic pages, and channel programming pages for familyeducation.com. . E-Mail: Senior Editor and producer for numerous weekly and biweekly interactive e-mail products for familyeducation.com including: Weekend Fun; What's Hot on the Web for Parents and Kids; Community Update; Family Safety and Recall Alert; QuizWhiz, and special all-member mailings. . Message Boards: Seasoned SYSOP, Community Designer, and Discussion Leader (Moderator) with multi-platform experience at familyeducation.com including: AT&T's Interchange; net.Thread; Allaire Forums; and WebCrossing. . SYSOP Recruitment and Training: Developed and implemented Discussion Leader recruitment and training program for the Family Education Network utilizing onsite notices and announcements, e-mail newsletters and ""Help Wanted"" postings in appropriate newsgroups. . Live Chat: Trained and Experience Chat Host on AOL, The Front Porch in the Religion and Ethics area of America Online. IRC experience. Top . Skilled Web Writer able to write to and for the medium utilizing the full power of HTML to create compelling and inviting page environments for online members. . Veteran Managing Editor proficient at all phases of operations. Experience includes new start-ups; strategic planning, business plans; budget management; staff recruitment (developmen",https://web.archive.org/web/20090831024530/http:/geocities.com/athens-digest/images/web-pop.gif,56,24911,"Dennis Randall's Resume

Dennis Randall's Resume Home | Creativity | Community | Content | Connection | Cool Tools | Site Map | Resume Dennis is a skilled manager, producer, editor, and web-writer with extensive experience in start-up and Resume Links Content Production Supporting Skills Online Experience Internet Work Pre-Net Experience Pre-Net Work Education pre-IPO operations. Since 1995 he's served as an editor, producer, and Director of Online Community Development for the FamilyEducation Network . Most recently Randall has served as the Community Producer for TNBT.com . TNBT provides business leaders with the latest news, research and analysis about the impact of new media and technology on businesses. Family Education is the #1 Parenting and K-12 website on the Internet today and is an industry leader in its category. Under his management, the FEN message boards have grown from 30 messages a week to more than 10,000 postings a month. Content Management & Production: Proficient with ASP and Vignette StoryServer content management systems. Wrote and/or produced over 1,500 articles , newsletters , polls , and key topic/channel programming pages for familyeducation.com including: Backyard Science ; Health and Family Safety ; Quiz Whiz ; Computers and Technology ; and the FEN Community Center . Web Site Design: Served on planning team as Senior Producer and Director of Online Community Development representing consumer/member interests when planning and evaluating site and page design. Resulting design and interface changes produced a 50% increase in page views and member sign-ups. . Content Producer/Editor: Wrote and produced over 1,500 original articles, newsletters, polls, topic pages, and channel programming pages for familyeducation.com. . E-Mail: Senior Editor and producer for numerous weekly and biweekly interactive e-mail products for familyeducation.com including: Weekend Fun; What's Hot on the Web for Parents and Kids; Community Update; Family Safety and Recall Alert; QuizWhiz, and special all-member mailings. . Message Boards: Seasoned SYSOP, Community Designer, and Discussion Leader (Moderator) with multi-platform experience at familyeducation.com including: AT&T's Interchange; net.Thread; Allaire Forums; and WebCrossing. . SYSOP Recruitment and Training: Developed and implemented Discussion Leader recruitment and training program for the Family Education Network utilizing onsite notices and announcements, e-mail newsletters and ""Help Wanted"" postings in appropriate newsgroups. . Live Chat: Trained and Experience Chat Host on AOL, The Front Porch in the Religion and Ethics area of America Online. IRC experience. Top . Skilled Web Writer able to write to and for the medium utilizing the full power of HTML to create compelling and inviting page environments for online members. . Veteran Managing Editor proficient at all phases of operations. Experience includes new start-ups; strategic planning, business plans; budget management; staff recruitment (developmen"
geocities.com,20011119231527,http://www.geocities.com:80/athens-digest/articles/site-map.html,https://web.archive.org/web/20011119231527/http://www.geocities.com:80/athens-digest/articles/site-map.html,Webweaver's Workshop: Site Map,Webweaver's Workshop: Site Map Home | Creativity | Community | Content | Connection | Cool Tools | Site Map | Resume Map of the Web Weaver's Workshop Last Updated: 7/7/2000 Home Page Revolutionary Facts Quiz Sandcastle Construction Build Your Own Stonehenge Getting to Know the Night Sky My Grandfather's House Dream Snakes The Good Old Days Kids and Family Travel to Washington DC The Inner Sanctuary Church Mouse Cookbook A Field Guide to the Gods New England Village Creativity (Under Construction) Community Board Links Content (Under Construction) The Philosophy of Web Design (Pending) Connection (e-mail products) (Under Construction) Community Update (Pending) Quiz Whiz (Pending) Weekend Fun (Pending) What's Hot on the Web (Pending) Product Recall (Pending) HTML vs. ASCII (Pending) Cool Tools (Under Construction) Site Map (You are here!) Resume,https://web.archive.org/web/20011119231527/http:/www.geocities.com:80/athens-digest/images/web-pop.gif,31,7085,"Webweaver's Workshop: Site Map

Webweaver's Workshop: Site Map Home | Creativity | Community | Content | Connection | Cool Tools | Site Map | Resume Map of the Web Weaver's Workshop Last Updated: 7/7/2000 Home Page Revolutionary Facts Quiz Sandcastle Construction Build Your Own Stonehenge Getting to Know the Night Sky My Grandfather's House Dream Snakes The Good Old Days Kids and Family Travel to Washington DC The Inner Sanctuary Church Mouse Cookbook A Field Guide to the Gods New England Village Creativity (Under Construction) Community Board Links Content (Under Construction) The Philosophy of Web Design (Pending) Connection (e-mail products) (Under Construction) Community Update (Pending) Quiz Whiz (Pending) Weekend Fun (Pending) What's Hot on the Web (Pending) Product Recall (Pending) HTML vs. ASCII (Pending) Cool Tools (Under Construction) Site Map (You are here!) Resume"
geocities.com,20090830223217,http://geocities.com/athens-digest/articles/site-map.html,https://web.archive.org/web/20090830223217/http://geocities.com/athens-digest/articles/site-map.html,Webweaver's Workshop: Site Map,Webweaver's Workshop: Site Map Home | Creativity | Community | Content | Connection | Cool Tools | Site Map | Resume Map of the Web Weaver's Workshop Last Updated: 7/7/2000 Home Page Revolutionary Facts Quiz Sandcastle Construction Build Your Own Stonehenge Getting to Know the Night Sky My Grandfather's House Dream Snakes The Good Old Days Kids and Family Travel to Washington DC The Inner Sanctuary Church Mouse Cookbook A Field Guide to the Gods New England Village Creativity (Under Construction) Community Board Links Content (Under Construction) The Philosophy of Web Design (Pending) Connection (e-mail products) (Under Construction) Community Update (Pending) Quiz Whiz (Pending) Weekend Fun (Pending) What's Hot on the Web (Pending) Product Recall (Pending) HTML vs. ASCII (Pending) Cool Tools (Under Construction) Site Map (You are here!) Resume,https://web.archive.org/web/20090830223217/http:/geocities.com/athens-digest/images/web-pop.gif,31,7364,"Webweaver's Workshop: Site Map

Webweaver's Workshop: Site Map Home | Creativity | Community | Content | Connection | Cool Tools | Site Map | Resume Map of the Web Weaver's Workshop Last Updated: 7/7/2000 Home Page Revolutionary Facts Quiz Sandcastle Construction Build Your Own Stonehenge Getting to Know the Night Sky My Grandfather's House Dream Snakes The Good Old Days Kids and Family Travel to Washington DC The Inner Sanctuary Church Mouse Cookbook A Field Guide to the Gods New England Village Creativity (Under Construction) Community Board Links Content (Under Construction) The Philosophy of Web Design (Pending) Connection (e-mail products) (Under Construction) Community Update (Pending) Quiz Whiz (Pending) Weekend Fun (Pending) What's Hot on the Web (Pending) Product Recall (Pending) HTML vs. ASCII (Pending) Cool Tools (Under Construction) Site Map (You are here!) Resume"
geocities.com,20021011073609,http://www.geocities.com:80/athens-digest/articles/washington-travel.html,https://web.archive.org/web/20021011073609/http://www.geocities.com:80/athens-digest/articles/washington-travel.html,Washington- new HTML Template,"Washington- new HTML Template by Dennis Randall Travel Tips Hiking & Walking National Parks Museums Our nation's capital can be an overwhelming adventure -- you could spend a lifetime in the city and still not see everything! The key is: Plan your time wisely. The links below will help you get started. Editor's Pick -- Tourmobile : Don't walk, don't drive -- take a guided tour -- there are more than 20 to choose from. The Tourmobile is a privately operated, licensed concession of the National Park Service. Editor's Pick -- Capital Children's Museum -- Interactive, hands-on museum where children and adults find learning fun and rewarding. 800 3rd St., NE, Washington, DC 20002 (near Union Station Metro station ). (202) 543-8600. Daily, 10:00 a.m. -- 5:00 p.m. Admission: $6 adults and children; children under 2, free. _________________________________________ Travel Tips: Washington is not a car-friendly city. Parking is expensive and next to impossible to find. When it comes to getting around, your best bet is a good map and a guided tour (there are tons of them) or the city's excellent Metro system. Visiting almost any place in the city requires walking, and lots of it! If you've got little ones with you we recommend a well-stocked stroller -- by the end of the day, the kids will need it. Summer in DC can be very hot and humid with an average temperature of 82 degrees. So, bring lots of water along -- unless you like to spend $2.00 and up for a can of cold soda. _________________________________________ Hiking/Walking The city is crisscrossed with 16 trails providing more than 50 miles of hiking experience in northwest Washington. All trails are within easy walking distance of local Metro stations. Since you'll likely be traveling with kids, we've listed only trails less than 2 miles long. For a complete list, chect the D.C. Trail Guide. Editor's Pick -- Dumbarton Oaks Trail (trail goes through the beautiful 27-acre Dumbarton Oaks Park and is an ideal walk for young kids -- only 0.8 mile) Editor's Pick -- D.C. Trail Guide (Links to all Washington hiking and walking trails) Former trolley right of way (0.6 mile) Wesley Heights Trail (0.8 mile) Normanstone Trail (0.9 mile) Soapstone Valley Trail (0.9 mile) Whitehaven Trail (1 mile) Melvin Hazen Trail (1.1 mile) Battery Kemble Trail (1.3 miles) _________________________________________ National Parks There are 51 national parks and historic sites in and around Washington. Most involve quite a bit of walking and the larger sites should be considered all-day events. Visitors to Washington have two options: visit dozens of places and leave with only vague impressions; or, visit only a few places and explore each one in-depth. We favor a blend both styles -- select a few for in-depth exploration and several others for quick visits. Editor's Pick -- Tourmobile : Don't walk, don't drive -- take a guided tour -- there are more than 20 to choose from. The Tourmobile is a privetly operated, licensed concessio",https://web.archive.org/web/20021011073609/http:/www.geocities.com:80/athens-digest/images/title-rotunda-lg.gif,111,45712,"Washington- new HTML Template

Washington- new HTML Template by Dennis Randall Travel Tips Hiking & Walking National Parks Museums Our nation's capital can be an overwhelming adventure -- you could spend a lifetime in the city and still not see everything! The key is: Plan your time wisely. The links below will help you get started. Editor's Pick -- Tourmobile : Don't walk, don't drive -- take a guided tour -- there are more than 20 to choose from. The Tourmobile is a privately operated, licensed concession of the National Park Service. Editor's Pick -- Capital Children's Museum -- Interactive, hands-on museum where children and adults find learning fun and rewarding. 800 3rd St., NE, Washington, DC 20002 (near Union Station Metro station ). (202) 543-8600. Daily, 10:00 a.m. -- 5:00 p.m. Admission: $6 adults and children; children under 2, free. _________________________________________ Travel Tips: Washington is not a car-friendly city. Parking is expensive and next to impossible to find. When it comes to getting around, your best bet is a good map and a guided tour (there are tons of them) or the city's excellent Metro system. Visiting almost any place in the city requires walking, and lots of it! If you've got little ones with you we recommend a well-stocked stroller -- by the end of the day, the kids will need it. Summer in DC can be very hot and humid with an average temperature of 82 degrees. So, bring lots of water along -- unless you like to spend $2.00 and up for a can of cold soda. _________________________________________ Hiking/Walking The city is crisscrossed with 16 trails providing more than 50 miles of hiking experience in northwest Washington. All trails are within easy walking distance of local Metro stations. Since you'll likely be traveling with kids, we've listed only trails less than 2 miles long. For a complete list, chect the D.C. Trail Guide. Editor's Pick -- Dumbarton Oaks Trail (trail goes through the beautiful 27-acre Dumbarton Oaks Park and is an ideal walk for young kids -- only 0.8 mile) Editor's Pick -- D.C. Trail Guide (Links to all Washington hiking and walking trails) Former trolley right of way (0.6 mile) Wesley Heights Trail (0.8 mile) Normanstone Trail (0.9 mile) Soapstone Valley Trail (0.9 mile) Whitehaven Trail (1 mile) Melvin Hazen Trail (1.1 mile) Battery Kemble Trail (1.3 miles) _________________________________________ National Parks There are 51 national parks and historic sites in and around Washington. Most involve quite a bit of walking and the larger sites should be considered all-day events. Visitors to Washington have two options: visit dozens of places and leave with only vague impressions; or, visit only a few places and explore each one in-depth. We favor a blend both styles -- select a few for in-depth exploration and several others for quick visits. Editor's Pick -- Tourmobile : Don't walk, don't drive -- take a guided tour -- there are more than 20 to choose from. The Tourmobile is a privetly operated, licensed concessio"
geocities.com,20090901200518,http://geocities.com/athens-digest/articles/washington-travel.html,https://web.archive.org/web/20090901200518/http://geocities.com/athens-digest/articles/washington-travel.html,Washington- new HTML Template,"Washington- new HTML Template by Dennis Randall Travel Tips Hiking & Walking National Parks Museums Our nation's capital can be an overwhelming adventure -- you could spend a lifetime in the city and still not see everything! The key is: Plan your time wisely. The links below will help you get started. Editor's Pick -- Tourmobile : Don't walk, don't drive -- take a guided tour -- there are more than 20 to choose from. The Tourmobile is a privately operated, licensed concession of the National Park Service. Editor's Pick -- Capital Children's Museum -- Interactive, hands-on museum where children and adults find learning fun and rewarding. 800 3rd St., NE, Washington, DC 20002 (near Union Station Metro station ). (202) 543-8600. Daily, 10:00 a.m. -- 5:00 p.m. Admission: $6 adults and children; children under 2, free. _________________________________________ Travel Tips: Washington is not a car-friendly city. Parking is expensive and next to impossible to find. When it comes to getting around, your best bet is a good map and a guided tour (there are tons of them) or the city's excellent Metro system. Visiting almost any place in the city requires walking, and lots of it! If you've got little ones with you we recommend a well-stocked stroller -- by the end of the day, the kids will need it. Summer in DC can be very hot and humid with an average temperature of 82 degrees. So, bring lots of water along -- unless you like to spend $2.00 and up for a can of cold soda. _________________________________________ Hiking/Walking The city is crisscrossed with 16 trails providing more than 50 miles of hiking experience in northwest Washington. All trails are within easy walking distance of local Metro stations. Since you'll likely be traveling with kids, we've listed only trails less than 2 miles long. For a complete list, chect the D.C. Trail Guide. Editor's Pick -- Dumbarton Oaks Trail (trail goes through the beautiful 27-acre Dumbarton Oaks Park and is an ideal walk for young kids -- only 0.8 mile) Editor's Pick -- D.C. Trail Guide (Links to all Washington hiking and walking trails) Former trolley right of way (0.6 mile) Wesley Heights Trail (0.8 mile) Normanstone Trail (0.9 mile) Soapstone Valley Trail (0.9 mile) Whitehaven Trail (1 mile) Melvin Hazen Trail (1.1 mile) Battery Kemble Trail (1.3 miles) _________________________________________ National Parks There are 51 national parks and historic sites in and around Washington. Most involve quite a bit of walking and the larger sites should be considered all-day events. Visitors to Washington have two options: visit dozens of places and leave with only vague impressions; or, visit only a few places and explore each one in-depth. We favor a blend both styles -- select a few for in-depth exploration and several others for quick visits. Editor's Pick -- Tourmobile : Don't walk, don't drive -- take a guided tour -- there are more than 20 to choose from. The Tourmobile is a privetly operated, licensed concessio",https://web.archive.org/web/20090901200518/http:/geocities.com/athens-digest/images/title-rotunda-lg.gif,111,45891,"Washington- new HTML Template

Washington- new HTML Template by Dennis Randall Travel Tips Hiking & Walking National Parks Museums Our nation's capital can be an overwhelming adventure -- you could spend a lifetime in the city and still not see everything! The key is: Plan your time wisely. The links below will help you get started. Editor's Pick -- Tourmobile : Don't walk, don't drive -- take a guided tour -- there are more than 20 to choose from. The Tourmobile is a privately operated, licensed concession of the National Park Service. Editor's Pick -- Capital Children's Museum -- Interactive, hands-on museum where children and adults find learning fun and rewarding. 800 3rd St., NE, Washington, DC 20002 (near Union Station Metro station ). (202) 543-8600. Daily, 10:00 a.m. -- 5:00 p.m. Admission: $6 adults and children; children under 2, free. _________________________________________ Travel Tips: Washington is not a car-friendly city. Parking is expensive and next to impossible to find. When it comes to getting around, your best bet is a good map and a guided tour (there are tons of them) or the city's excellent Metro system. Visiting almost any place in the city requires walking, and lots of it! If you've got little ones with you we recommend a well-stocked stroller -- by the end of the day, the kids will need it. Summer in DC can be very hot and humid with an average temperature of 82 degrees. So, bring lots of water along -- unless you like to spend $2.00 and up for a can of cold soda. _________________________________________ Hiking/Walking The city is crisscrossed with 16 trails providing more than 50 miles of hiking experience in northwest Washington. All trails are within easy walking distance of local Metro stations. Since you'll likely be traveling with kids, we've listed only trails less than 2 miles long. For a complete list, chect the D.C. Trail Guide. Editor's Pick -- Dumbarton Oaks Trail (trail goes through the beautiful 27-acre Dumbarton Oaks Park and is an ideal walk for young kids -- only 0.8 mile) Editor's Pick -- D.C. Trail Guide (Links to all Washington hiking and walking trails) Former trolley right of way (0.6 mile) Wesley Heights Trail (0.8 mile) Normanstone Trail (0.9 mile) Soapstone Valley Trail (0.9 mile) Whitehaven Trail (1 mile) Melvin Hazen Trail (1.1 mile) Battery Kemble Trail (1.3 miles) _________________________________________ National Parks There are 51 national parks and historic sites in and around Washington. Most involve quite a bit of walking and the larger sites should be considered all-day events. Visitors to Washington have two options: visit dozens of places and leave with only vague impressions; or, visit only a few places and explore each one in-depth. We favor a blend both styles -- select a few for in-depth exploration and several others for quick visits. Editor's Pick -- Tourmobile : Don't walk, don't drive -- take a guided tour -- there are more than 20 to choose from. The Tourmobile is a privetly operated, licensed concessio"
geocities.com,20010511054018,http://geocities.com:80/athens-digest/community-nav.html,https://web.archive.org/web/20010511054018/http://geocities.com:80/athens-digest/community-nav.html,Webweaver's Workshop: Nav Frame,Webweaver's Workshop: Nav Frame Home Creativity Community Ideal Community Philosophy Discussions Quizzes Polling Content Connection Cool Tools Site Map Resume,http://www.geocities.com/athens-digest/images/www-logo3.gif,16,4625,"Webweaver's Workshop: Nav Frame

Webweaver's Workshop: Nav Frame Home Creativity Community Ideal Community Philosophy Discussions Quizzes Polling Content Connection Cool Tools Site Map Resume"
geocities.com,20090830223211,http://geocities.com/athens-digest/community-nav.html,https://web.archive.org/web/20090830223211/http://geocities.com/athens-digest/community-nav.html,Webweaver's Workshop: Nav Frame,Webweaver's Workshop: Nav Frame Home Creativity Community Ideal Community Discussions Quizzes Polling Content Connection Cool Tools Site Map Resume,http://www.geocities.com/athens-digest/images/www-logo3.gif,17,4593,"Webweaver's Workshop: Nav Frame

Webweaver's Workshop: Nav Frame Home Creativity Community Ideal Community Discussions Quizzes Polling Content Connection Cool Tools Site Map Resume"
geocities.com,19990127175547,http://www4.geocities.com:80/SiliconValley/,https://web.archive.org/web/19990127175547/http://www4.geocities.com:80/SiliconValley/,GeoCities - SiliconValley,"GeoCities - SiliconValley Save Now! 3.9% eCard Visa Up to 40% off related books from Amazon.com Visit Surplus Auction Build your own Valentine's CD @ CDnow Other Neighborhoods Great GeoShops Get a Virtual Office Explore The Suburbs: Choose a suburb SiliconValley Bay Bridge Campus Circuit Chip Foothills Garage Grid Haven Heights Hills Horizon Lab Lakes Network Orchard Park Peaks Pines Platform Ridge Sector Station Vista Way Yahoo: Computers Search: GeoCities SiliconValley Password: Net News Home Help Info • Computers & Technology • Business & Money Join This Neighborhood today! It's Free. Hood Happenings Computers Chat | Computers Forum Find out about ICQ, writable CDs, FrontPage97 and more while staying up-to-date on your community with SiliconValley News and Reviews . Surf the Net with Networds - Create Free Networds for every GeoCities and Internet location you visit. They will be available instantly to everyone on the Net. Use Networds and share them with others. It's Programmers' Pavilion , where we highlight the programming talents of GeoCitizens like you. Take a look at the featured pages, apply for membership, get cool tools from the Developer Toolbox, or sound off in the Redmond Roundtable. Getting Involved Community Leaders If you need GeoCities help or want to get more involved in your neighborhood, these are the people to ask. Blueprint We've created a zine to help you build better home pages. Check in every month for lots of tips and tricks! Landmark Sites Places to stop when you're surfing that info superhighway known as GeoCities. Landmarks are sites we consider the best of the best. [Join] [Help] [Info] [Home] [Avenues] [Neighborhoods] [Members] [Shopping Center] [Search] © 1995 - 1999 GeoCities. All rights reserved",http://pic.geocities.com/images/neighborhoods/geologo_neighborhood.gif,18,16615,"GeoCities - SiliconValley

GeoCities - SiliconValley Save Now! 3.9% eCard Visa Up to 40% off related books from Amazon.com Visit Surplus Auction Build your own Valentine's CD @ CDnow Other Neighborhoods Great GeoShops Get a Virtual Office Explore The Suburbs: Choose a suburb SiliconValley Bay Bridge Campus Circuit Chip Foothills Garage Grid Haven Heights Hills Horizon Lab Lakes Network Orchard Park Peaks Pines Platform Ridge Sector Station Vista Way Yahoo: Computers Search: GeoCities SiliconValley Password: Net News Home Help Info • Computers & Technology • Business & Money Join This Neighborhood today! It's Free. Hood Happenings Computers Chat | Computers Forum Find out about ICQ, writable CDs, FrontPage97 and more while staying up-to-date on your community with SiliconValley News and Reviews . Surf the Net with Networds - Create Free Networds for every GeoCities and Internet location you visit. They will be available instantly to everyone on the Net. Use Networds and share them with others. It's Programmers' Pavilion , where we highlight the programming talents of GeoCitizens like you. Take a look at the featured pages, apply for membership, get cool tools from the Developer Toolbox, or sound off in the Redmond Roundtable. Getting Involved Community Leaders If you need GeoCities help or want to get more involved in your neighborhood, these are the people to ask. Blueprint We've created a zine to help you build better home pages. Check in every month for lots of tips and tricks! Landmark Sites Places to stop when you're surfing that info superhighway known as GeoCities. Landmarks are sites we consider the best of the best. [Join] [Help] [Info] [Home] [Avenues] [Neighborhoods] [Members] [Shopping Center] [Search] © 1995 - 1999 GeoCities. All rights reserved"
geocities.com,19990202115713,http://www10.geocities.com:80/SiliconValley/,https://web.archive.org/web/19990202115713/http://www10.geocities.com:80/SiliconValley/,GeoCities - SiliconValley,"GeoCities - SiliconValley Up to 40% off related books from Amazon.com Visit Surplus Auction $5.00 off for Music Lovers@ CDnow Save Now! 3.9% eCard Visa Other Neighborhoods Great GeoShops Get a Virtual Office Explore The Suburbs: Choose a suburb SiliconValley Bay Bridge Campus Circuit Chip Foothills Garage Grid Haven Heights Hills Horizon Lab Lakes Network Orchard Park Peaks Pines Platform Port Ridge Sector Station Vista Way Yahoo: Computers Search: GeoCities SiliconValley Password: Net News Home Help Info • Computers & Technology • Business & Money Join This Neighborhood today! It's Free. Hood Happenings Computers Chat | Computers Forum Find out about ICQ, writable CDs, FrontPage97 and more while staying up-to-date on your community with SiliconValley News and Reviews . Surf the Net with Networds - Create Free Networds for every GeoCities and Internet location you visit. They will be available instantly to everyone on the Net. Use Networds and share them with others. It's Programmers' Pavilion , where we highlight the programming talents of GeoCitizens like you. Take a look at the featured pages, apply for membership, get cool tools from the Developer Toolbox, or sound off in the Redmond Roundtable. Getting Involved Community Leaders If you need GeoCities help or want to get more involved in your neighborhood, these are the people to ask. Blueprint We've created a zine to help you build better home pages. Check in every month for lots of tips and tricks! Landmark Sites Places to stop when you're surfing that info superhighway known as GeoCities. Landmarks are sites we consider the best of the best. [Join] [Help] [Info] [Home] [Avenues] [Neighborhoods] [Members] [Shopping Center] [Search] © 1995 - 1999 GeoCities. All rights reserved",http://pic.geocities.com/images/neighborhoods/geologo_neighborhood.gif,18,16677,"GeoCities - SiliconValley

GeoCities - SiliconValley Up to 40% off related books from Amazon.com Visit Surplus Auction $5.00 off for Music Lovers@ CDnow Save Now! 3.9% eCard Visa Other Neighborhoods Great GeoShops Get a Virtual Office Explore The Suburbs: Choose a suburb SiliconValley Bay Bridge Campus Circuit Chip Foothills Garage Grid Haven Heights Hills Horizon Lab Lakes Network Orchard Park Peaks Pines Platform Port Ridge Sector Station Vista Way Yahoo: Computers Search: GeoCities SiliconValley Password: Net News Home Help Info • Computers & Technology • Business & Money Join This Neighborhood today! It's Free. Hood Happenings Computers Chat | Computers Forum Find out about ICQ, writable CDs, FrontPage97 and more while staying up-to-date on your community with SiliconValley News and Reviews . Surf the Net with Networds - Create Free Networds for every GeoCities and Internet location you visit. They will be available instantly to everyone on the Net. Use Networds and share them with others. It's Programmers' Pavilion , where we highlight the programming talents of GeoCitizens like you. Take a look at the featured pages, apply for membership, get cool tools from the Developer Toolbox, or sound off in the Redmond Roundtable. Getting Involved Community Leaders If you need GeoCities help or want to get more involved in your neighborhood, these are the people to ask. Blueprint We've created a zine to help you build better home pages. Check in every month for lots of tips and tricks! Landmark Sites Places to stop when you're surfing that info superhighway known as GeoCities. Landmarks are sites we consider the best of the best. [Join] [Help] [Info] [Home] [Avenues] [Neighborhoods] [Members] [Shopping Center] [Search] © 1995 - 1999 GeoCities. All rights reserved"
geocities.com,19990202183501,http://www1.geocities.com:80/SiliconValley/,https://web.archive.org/web/19990202183501/http://www1.geocities.com:80/SiliconValley/,GeoCities - SiliconValley,"GeoCities - SiliconValley Up to 40% off related books from Amazon.com Visit Surplus Auction $5.00 off for Music Lovers@ CDnow Save Now! 3.9% eCard Visa Other Neighborhoods Great GeoShops Get a Virtual Office Explore The Suburbs: Choose a suburb SiliconValley Bay Bridge Campus Circuit Chip Foothills Garage Grid Haven Heights Hills Horizon Lab Lakes Network Orchard Park Peaks Pines Platform Port Ridge Sector Station Vista Way Yahoo: Computers Search: GeoCities SiliconValley Password: Net News Home Help Info • Computers & Technology • Business & Money Join This Neighborhood today! It's Free. Hood Happenings Computers Chat | Computers Forum Find out about ICQ, writable CDs, FrontPage97 and more while staying up-to-date on your community with SiliconValley News and Reviews . Surf the Net with Networds - Create Free Networds for every GeoCities and Internet location you visit. They will be available instantly to everyone on the Net. Use Networds and share them with others. It's Programmers' Pavilion , where we highlight the programming talents of GeoCitizens like you. Take a look at the featured pages, apply for membership, get cool tools from the Developer Toolbox, or sound off in the Redmond Roundtable. Getting Involved Community Leaders If you need GeoCities help or want to get more involved in your neighborhood, these are the people to ask. Blueprint We've created a zine to help you build better home pages. Check in every month for lots of tips and tricks! Landmark Sites Places to stop when you're surfing that info superhighway known as GeoCities. Landmarks are sites we consider the best of the best. [Join] [Help] [Info] [Home] [Avenues] [Neighborhoods] [Members] [Shopping Center] [Search] © 1995 - 1999 GeoCities. All rights reserved",http://pic.geocities.com/images/neighborhoods/geologo_neighborhood.gif,18,16677,"GeoCities - SiliconValley

GeoCities - SiliconValley Up to 40% off related books from Amazon.com Visit Surplus Auction $5.00 off for Music Lovers@ CDnow Save Now! 3.9% eCard Visa Other Neighborhoods Great GeoShops Get a Virtual Office Explore The Suburbs: Choose a suburb SiliconValley Bay Bridge Campus Circuit Chip Foothills Garage Grid Haven Heights Hills Horizon Lab Lakes Network Orchard Park Peaks Pines Platform Port Ridge Sector Station Vista Way Yahoo: Computers Search: GeoCities SiliconValley Password: Net News Home Help Info • Computers & Technology • Business & Money Join This Neighborhood today! It's Free. Hood Happenings Computers Chat | Computers Forum Find out about ICQ, writable CDs, FrontPage97 and more while staying up-to-date on your community with SiliconValley News and Reviews . Surf the Net with Networds - Create Free Networds for every GeoCities and Internet location you visit. They will be available instantly to everyone on the Net. Use Networds and share them with others. It's Programmers' Pavilion , where we highlight the programming talents of GeoCitizens like you. Take a look at the featured pages, apply for membership, get cool tools from the Developer Toolbox, or sound off in the Redmond Roundtable. Getting Involved Community Leaders If you need GeoCities help or want to get more involved in your neighborhood, these are the people to ask. Blueprint We've created a zine to help you build better home pages. Check in every month for lots of tips and tricks! Landmark Sites Places to stop when you're surfing that info superhighway known as GeoCities. Landmarks are sites we consider the best of the best. [Join] [Help] [Info] [Home] [Avenues] [Neighborhoods] [Members] [Shopping Center] [Search] © 1995 - 1999 GeoCities. All rights reserved"
geocities.com,19990202214342,http://www19.geocities.com:80/SiliconValley/,https://web.archive.org/web/19990202214342/http://www19.geocities.com:80/SiliconValley/,GeoCities - SiliconValley,"GeoCities - SiliconValley Up to 40% off related books from Amazon.com Visit Surplus Auction $5.00 off for Music Lovers@ CDnow Save Now! 3.9% eCard Visa Other Neighborhoods Great GeoShops Get a Virtual Office Explore The Suburbs: Choose a suburb SiliconValley Bay Bridge Campus Circuit Chip Foothills Garage Grid Haven Heights Hills Horizon Lab Lakes Network Orchard Park Peaks Pines Platform Port Ridge Sector Station Vista Way Yahoo: Computers Search: GeoCities SiliconValley Password: Net News Home Help Info • Computers & Technology • Business & Money Join This Neighborhood today! It's Free. Hood Happenings Computers Chat | Computers Forum SiliconValley teens and others are welcome to make their cyber home at the SiliconValley Teen Team headquarters. Surf the Net with Networds - Create Free Networds for every GeoCities and Internet location you visit. They will be available instantly to everyone on the Net. Use Networds and share them with others. It's Programmers' Pavilion , where we highlight the programming talents of GeoCitizens like you. Take a look at the featured pages, apply for membership, get cool tools from the Developer Toolbox, or sound off in the Redmond Roundtable. Getting Involved Community Leaders If you need GeoCities help or want to get more involved in your neighborhood, these are the people to ask. Blueprint We've created a zine to help you build better home pages. Check in every month for lots of tips and tricks! Landmark Sites Places to stop when you're surfing that info superhighway known as GeoCities. Landmarks are sites we consider the best of the best. [Join] [Help] [Info] [Home] [Avenues] [Neighborhoods] [Members] [Shopping Center] [Search] © 1995 - 1999 GeoCities. All rights reserved",http://pic.geocities.com/images/neighborhoods/geologo_neighborhood.gif,18,16644,"GeoCities - SiliconValley

GeoCities - SiliconValley Up to 40% off related books from Amazon.com Visit Surplus Auction $5.00 off for Music Lovers@ CDnow Save Now! 3.9% eCard Visa Other Neighborhoods Great GeoShops Get a Virtual Office Explore The Suburbs: Choose a suburb SiliconValley Bay Bridge Campus Circuit Chip Foothills Garage Grid Haven Heights Hills Horizon Lab Lakes Network Orchard Park Peaks Pines Platform Port Ridge Sector Station Vista Way Yahoo: Computers Search: GeoCities SiliconValley Password: Net News Home Help Info • Computers & Technology • Business & Money Join This Neighborhood today! It's Free. Hood Happenings Computers Chat | Computers Forum SiliconValley teens and others are welcome to make their cyber home at the SiliconValley Teen Team headquarters. Surf the Net with Networds - Create Free Networds for every GeoCities and Internet location you visit. They will be available instantly to everyone on the Net. Use Networds and share them with others. It's Programmers' Pavilion , where we highlight the programming talents of GeoCitizens like you. Take a look at the featured pages, apply for membership, get cool tools from the Developer Toolbox, or sound off in the Redmond Roundtable. Getting Involved Community Leaders If you need GeoCities help or want to get more involved in your neighborhood, these are the people to ask. Blueprint We've created a zine to help you build better home pages. Check in every month for lots of tips and tricks! Landmark Sites Places to stop when you're surfing that info superhighway known as GeoCities. Landmarks are sites we consider the best of the best. [Join] [Help] [Info] [Home] [Avenues] [Neighborhoods] [Members] [Shopping Center] [Search] © 1995 - 1999 GeoCities. All rights reserved"
geocities.com,19990208214137,http://www17.geocities.com:80/SiliconValley/,https://web.archive.org/web/19990208214137/http://www17.geocities.com:80/SiliconValley/,GeoCities - SiliconValley,"GeoCities - SiliconValley Instant Credit Apply Now! Up to 40% off related books from Amazon.com Visit Surplus Auction $5.00 off for Music Lovers@ CDnow Other Neighborhoods Great GeoShops Get a Virtual Office Explore The Suburbs: Choose a suburb SiliconValley Bay Bridge Byte Campus Circuit Chip Foothills Garage Grid Haven Heights Hills Horizon Lab Lakes Network Orchard Park Peaks Pines Platform Port Ridge Sector Station Vista Way Yahoo: Computers Search: GeoCities SiliconValley Password: Net News Home Help Info • Computers & Technology • Business & Money Join This Neighborhood today! It's Free. Hood Happenings Computers Chat | Computers Forum Find out about ICQ, writable CDs, FrontPage97 and more while staying up-to-date on your community with SiliconValley News and Reviews . Surf the Net with Networds - Create Free Networds for every GeoCities and Internet location you visit. They will be available instantly to everyone on the Net. Use Networds and share them with others. It's Programmers' Pavilion , where we highlight the programming talents of GeoCitizens like you. Take a look at the featured pages, apply for membership, get cool tools from the Developer Toolbox, or sound off in the Redmond Roundtable. Getting Involved Community Leaders If you need GeoCities help or want to get more involved in your neighborhood, these are the people to ask. Blueprint We've created a zine to help you build better home pages. Check in every month for lots of tips and tricks! Landmark Sites Places to stop when you're surfing that info superhighway known as GeoCities. Landmarks are sites we consider the best of the best. [Join] [Help] [Info] [Home] [Avenues] [Neighborhoods] [Members] [Shopping Center] [Search] © 1995 - 1999 GeoCities. All rights reserved",http://pic.geocities.com/images/neighborhoods/geologo_neighborhood.gif,18,16708,"GeoCities - SiliconValley

GeoCities - SiliconValley Instant Credit Apply Now! Up to 40% off related books from Amazon.com Visit Surplus Auction $5.00 off for Music Lovers@ CDnow Other Neighborhoods Great GeoShops Get a Virtual Office Explore The Suburbs: Choose a suburb SiliconValley Bay Bridge Byte Campus Circuit Chip Foothills Garage Grid Haven Heights Hills Horizon Lab Lakes Network Orchard Park Peaks Pines Platform Port Ridge Sector Station Vista Way Yahoo: Computers Search: GeoCities SiliconValley Password: Net News Home Help Info • Computers & Technology • Business & Money Join This Neighborhood today! It's Free. Hood Happenings Computers Chat | Computers Forum Find out about ICQ, writable CDs, FrontPage97 and more while staying up-to-date on your community with SiliconValley News and Reviews . Surf the Net with Networds - Create Free Networds for every GeoCities and Internet location you visit. They will be available instantly to everyone on the Net. Use Networds and share them with others. It's Programmers' Pavilion , where we highlight the programming talents of GeoCitizens like you. Take a look at the featured pages, apply for membership, get cool tools from the Developer Toolbox, or sound off in the Redmond Roundtable. Getting Involved Community Leaders If you need GeoCities help or want to get more involved in your neighborhood, these are the people to ask. Blueprint We've created a zine to help you build better home pages. Check in every month for lots of tips and tricks! Landmark Sites Places to stop when you're surfing that info superhighway known as GeoCities. Landmarks are sites we consider the best of the best. [Join] [Help] [Info] [Home] [Avenues] [Neighborhoods] [Members] [Shopping Center] [Search] © 1995 - 1999 GeoCities. All rights reserved"
geocities.com,19990209002625,http://www5.geocities.com:80/SiliconValley/,https://web.archive.org/web/19990209002625/http://www5.geocities.com:80/SiliconValley/,GeoCities - SiliconValley,"GeoCities - SiliconValley Instant Credit Apply Now! Up to 40% off related books from Amazon.com Visit Surplus Auction $5.00 off for Music Lovers@ CDnow Other Neighborhoods Great GeoShops Get a Virtual Office Explore The Suburbs: Choose a suburb SiliconValley Bay Bridge Byte Campus Circuit Chip Foothills Garage Grid Haven Heights Hills Horizon Lab Lakes Network Orchard Park Peaks Pines Platform Port Ridge Sector Station Vista Way Yahoo: Computers Search: GeoCities SiliconValley Password: Net News Home Help Info • Computers & Technology • Business & Money Join This Neighborhood today! It's Free. Hood Happenings Computers Chat | Computers Forum SiliconValley teens and others are welcome to make their cyber home at the SiliconValley Teen Team headquarters. Surf the Net with Networds - Create Free Networds for every GeoCities and Internet location you visit. They will be available instantly to everyone on the Net. Use Networds and share them with others. It's Programmers' Pavilion , where we highlight the programming talents of GeoCitizens like you. Take a look at the featured pages, apply for membership, get cool tools from the Developer Toolbox, or sound off in the Redmond Roundtable. Getting Involved Community Leaders If you need GeoCities help or want to get more involved in your neighborhood, these are the people to ask. Blueprint We've created a zine to help you build better home pages. Check in every month for lots of tips and tricks! Landmark Sites Places to stop when you're surfing that info superhighway known as GeoCities. Landmarks are sites we consider the best of the best. [Join] [Help] [Info] [Home] [Avenues] [Neighborhoods] [Members] [Shopping Center] [Search] © 1995 - 1999 GeoCities. All rights reserved",http://pic.geocities.com/images/neighborhoods/geologo_neighborhood.gif,18,16675,"GeoCities - SiliconValley

GeoCities - SiliconValley Instant Credit Apply Now! Up to 40% off related books from Amazon.com Visit Surplus Auction $5.00 off for Music Lovers@ CDnow Other Neighborhoods Great GeoShops Get a Virtual Office Explore The Suburbs: Choose a suburb SiliconValley Bay Bridge Byte Campus Circuit Chip Foothills Garage Grid Haven Heights Hills Horizon Lab Lakes Network Orchard Park Peaks Pines Platform Port Ridge Sector Station Vista Way Yahoo: Computers Search: GeoCities SiliconValley Password: Net News Home Help Info • Computers & Technology • Business & Money Join This Neighborhood today! It's Free. Hood Happenings Computers Chat | Computers Forum SiliconValley teens and others are welcome to make their cyber home at the SiliconValley Teen Team headquarters. Surf the Net with Networds - Create Free Networds for every GeoCities and Internet location you visit. They will be available instantly to everyone on the Net. Use Networds and share them with others. It's Programmers' Pavilion , where we highlight the programming talents of GeoCitizens like you. Take a look at the featured pages, apply for membership, get cool tools from the Developer Toolbox, or sound off in the Redmond Roundtable. Getting Involved Community Leaders If you need GeoCities help or want to get more involved in your neighborhood, these are the people to ask. Blueprint We've created a zine to help you build better home pages. Check in every month for lots of tips and tricks! Landmark Sites Places to stop when you're surfing that info superhighway known as GeoCities. Landmarks are sites we consider the best of the best. [Join] [Help] [Info] [Home] [Avenues] [Neighborhoods] [Members] [Shopping Center] [Search] © 1995 - 1999 GeoCities. All rights reserved"
geocities.com,19990209133119,http://www6.geocities.com:80/SiliconValley/,https://web.archive.org/web/19990209133119/http://www6.geocities.com:80/SiliconValley/,GeoCities - SiliconValley,"GeoCities - SiliconValley Up to 40% off related books from Amazon.com Visit Surplus Auction $5.00 off for Music Lovers@ CDnow Instant Credit Apply Now! Other Neighborhoods Great GeoShops Get a Virtual Office Explore The Suburbs: Choose a suburb SiliconValley Bay Bridge Byte Campus Circuit Chip Foothills Garage Grid Haven Heights Hills Horizon Lab Lakes Network Orchard Park Peaks Pines Platform Port Ridge Sector Station Vista Way Yahoo: Computers Search: GeoCities SiliconValley Password: Net News Home Help Info • Computers & Technology • Business & Money Join This Neighborhood today! It's Free. Hood Happenings Computers Chat | Computers Forum SiliconValley teens and others are welcome to make their cyber home at the SiliconValley Teen Team headquarters. Surf the Net with Networds - Create Free Networds for every GeoCities and Internet location you visit. They will be available instantly to everyone on the Net. Use Networds and share them with others. It's Programmers' Pavilion , where we highlight the programming talents of GeoCitizens like you. Take a look at the featured pages, apply for membership, get cool tools from the Developer Toolbox, or sound off in the Redmond Roundtable. Getting Involved Community Leaders If you need GeoCities help or want to get more involved in your neighborhood, these are the people to ask. Blueprint We've created a zine to help you build better home pages. Check in every month for lots of tips and tricks! Landmark Sites Places to stop when you're surfing that info superhighway known as GeoCities. Landmarks are sites we consider the best of the best. [Join] [Help] [Info] [Home] [Avenues] [Neighborhoods] [Members] [Shopping Center] [Search] © 1995 - 1999 GeoCities. All rights reserved",http://pic.geocities.com/images/neighborhoods/geologo_neighborhood.gif,18,16701,"GeoCities - SiliconValley

GeoCities - SiliconValley Up to 40% off related books from Amazon.com Visit Surplus Auction $5.00 off for Music Lovers@ CDnow Instant Credit Apply Now! Other Neighborhoods Great GeoShops Get a Virtual Office Explore The Suburbs: Choose a suburb SiliconValley Bay Bridge Byte Campus Circuit Chip Foothills Garage Grid Haven Heights Hills Horizon Lab Lakes Network Orchard Park Peaks Pines Platform Port Ridge Sector Station Vista Way Yahoo: Computers Search: GeoCities SiliconValley Password: Net News Home Help Info • Computers & Technology • Business & Money Join This Neighborhood today! It's Free. Hood Happenings Computers Chat | Computers Forum SiliconValley teens and others are welcome to make their cyber home at the SiliconValley Teen Team headquarters. Surf the Net with Networds - Create Free Networds for every GeoCities and Internet location you visit. They will be available instantly to everyone on the Net. Use Networds and share them with others. It's Programmers' Pavilion , where we highlight the programming talents of GeoCitizens like you. Take a look at the featured pages, apply for membership, get cool tools from the Developer Toolbox, or sound off in the Redmond Roundtable. Getting Involved Community Leaders If you need GeoCities help or want to get more involved in your neighborhood, these are the people to ask. Blueprint We've created a zine to help you build better home pages. Check in every month for lots of tips and tricks! Landmark Sites Places to stop when you're surfing that info superhighway known as GeoCities. Landmarks are sites we consider the best of the best. [Join] [Help] [Info] [Home] [Avenues] [Neighborhoods] [Members] [Shopping Center] [Search] © 1995 - 1999 GeoCities. All rights reserved"
geocities.com,19990219091235,http://www20.geocities.com:80/SiliconValley/,https://web.archive.org/web/19990219091235/http://www20.geocities.com:80/SiliconValley/,GeoCities - SiliconValley,"GeoCities - SiliconValley $5.00 off music at CDnow! Instant Credit Apply Now! Up to 40% off related books from Amazon.com Visit Surplus Auction Other Neighborhoods Great GeoShops Get a Virtual Office Explore The Suburbs: Choose a suburb SiliconValley Bay Bridge Byte Campus Circuit Chip Foothills Garage Grid Haven Heights Hills Horizon Lab Lakes Monitor Network Orchard Park Peaks Pines Platform Port Ridge Sector Station Vista Way Yahoo: Computers Search: GeoCities SiliconValley Password: Net News Home Help Info • Computers & Technology • Business & Money Join This Neighborhood today! It's Free. Hood Happenings Computers Chat | Computers Forum SiliconValley teens and others are welcome to make their cyber home at the SiliconValley Teen Team headquarters. Surf the Net with Networds - Create Free Networds for every GeoCities and Internet location you visit. They will be available instantly to everyone on the Net. Use Networds and share them with others. It's Programmers' Pavilion , where we highlight the programming talents of GeoCitizens like you. Take a look at the featured pages, apply for membership, get cool tools from the Developer Toolbox, or sound off in the Redmond Roundtable. Getting Involved Community Leaders If you need GeoCities help or want to get more involved in your neighborhood, these are the people to ask. Blueprint We've created a zine to help you build better home pages. Check in every month for lots of tips and tricks! Landmark Sites Places to stop when you're surfing that info superhighway known as GeoCities. Landmarks are sites we consider the best of the best. [Join] [Help] [Info] [Home] [Avenues] [Neighborhoods] [Members] [Shopping Center] [Search] © 1995 - 1999 GeoCities. All rights reserved",http://pic.geocities.com/images/neighborhoods/geologo_neighborhood.gif,18,16723,"GeoCities - SiliconValley

GeoCities - SiliconValley $5.00 off music at CDnow! Instant Credit Apply Now! Up to 40% off related books from Amazon.com Visit Surplus Auction Other Neighborhoods Great GeoShops Get a Virtual Office Explore The Suburbs: Choose a suburb SiliconValley Bay Bridge Byte Campus Circuit Chip Foothills Garage Grid Haven Heights Hills Horizon Lab Lakes Monitor Network Orchard Park Peaks Pines Platform Port Ridge Sector Station Vista Way Yahoo: Computers Search: GeoCities SiliconValley Password: Net News Home Help Info • Computers & Technology • Business & Money Join This Neighborhood today! It's Free. Hood Happenings Computers Chat | Computers Forum SiliconValley teens and others are welcome to make their cyber home at the SiliconValley Teen Team headquarters. Surf the Net with Networds - Create Free Networds for every GeoCities and Internet location you visit. They will be available instantly to everyone on the Net. Use Networds and share them with others. It's Programmers' Pavilion , where we highlight the programming talents of GeoCitizens like you. Take a look at the featured pages, apply for membership, get cool tools from the Developer Toolbox, or sound off in the Redmond Roundtable. Getting Involved Community Leaders If you need GeoCities help or want to get more involved in your neighborhood, these are the people to ask. Blueprint We've created a zine to help you build better home pages. Check in every month for lots of tips and tricks! Landmark Sites Places to stop when you're surfing that info superhighway known as GeoCities. Landmarks are sites we consider the best of the best. [Join] [Help] [Info] [Home] [Avenues] [Neighborhoods] [Members] [Shopping Center] [Search] © 1995 - 1999 GeoCities. All rights reserved"
geocities.com,19990220011511,http://geocities.com:80/SiliconValley/,https://web.archive.org/web/19990220011511/http://geocities.com:80/SiliconValley/,GeoCities - SiliconValley,"GeoCities - SiliconValley $5.00 off music at CDnow! Instant Credit Apply Now! Up to 40% off related books from Amazon.com Visit Surplus Auction Other Neighborhoods Great GeoShops Get a Virtual Office Explore The Suburbs: Choose a suburb SiliconValley Bay Bridge Byte Campus Circuit Chip Foothills Garage Grid Haven Heights Hills Horizon Lab Lakes Monitor Network Orchard Park Peaks Pines Platform Port Ridge Sector Station Vista Way Yahoo: Computers Search: GeoCities SiliconValley Password: Net News Home Help Info • Computers & Technology • Business & Money Join This Neighborhood today! It's Free. Hood Happenings Computers Chat | Computers Forum Find out about ICQ, writable CDs, FrontPage97 and more while staying up-to-date on your community with SiliconValley News and Reviews . Surf the Net with Networds - Create Free Networds for every GeoCities and Internet location you visit. They will be available instantly to everyone on the Net. Use Networds and share them with others. It's Programmers' Pavilion , where we highlight the programming talents of GeoCitizens like you. Take a look at the featured pages, apply for membership, get cool tools from the Developer Toolbox, or sound off in the Redmond Roundtable. Getting Involved Community Leaders If you need GeoCities help or want to get more involved in your neighborhood, these are the people to ask. Blueprint We've created a zine to help you build better home pages. Check in every month for lots of tips and tricks! Landmark Sites Places to stop when you're surfing that info superhighway known as GeoCities. Landmarks are sites we consider the best of the best. [Join] [Help] [Info] [Home] [Avenues] [Neighborhoods] [Members] [Shopping Center] [Search] © 1995 - 1999 GeoCities. All rights reserved",http://pic.geocities.com/images/neighborhoods/geologo_neighborhood.gif,18,16756,"GeoCities - SiliconValley

GeoCities - SiliconValley $5.00 off music at CDnow! Instant Credit Apply Now! Up to 40% off related books from Amazon.com Visit Surplus Auction Other Neighborhoods Great GeoShops Get a Virtual Office Explore The Suburbs: Choose a suburb SiliconValley Bay Bridge Byte Campus Circuit Chip Foothills Garage Grid Haven Heights Hills Horizon Lab Lakes Monitor Network Orchard Park Peaks Pines Platform Port Ridge Sector Station Vista Way Yahoo: Computers Search: GeoCities SiliconValley Password: Net News Home Help Info • Computers & Technology • Business & Money Join This Neighborhood today! It's Free. Hood Happenings Computers Chat | Computers Forum Find out about ICQ, writable CDs, FrontPage97 and more while staying up-to-date on your community with SiliconValley News and Reviews . Surf the Net with Networds - Create Free Networds for every GeoCities and Internet location you visit. They will be available instantly to everyone on the Net. Use Networds and share them with others. It's Programmers' Pavilion , where we highlight the programming talents of GeoCitizens like you. Take a look at the featured pages, apply for membership, get cool tools from the Developer Toolbox, or sound off in the Redmond Roundtable. Getting Involved Community Leaders If you need GeoCities help or want to get more involved in your neighborhood, these are the people to ask. Blueprint We've created a zine to help you build better home pages. Check in every month for lots of tips and tricks! Landmark Sites Places to stop when you're surfing that info superhighway known as GeoCities. Landmarks are sites we consider the best of the best. [Join] [Help] [Info] [Home] [Avenues] [Neighborhoods] [Members] [Shopping Center] [Search] © 1995 - 1999 GeoCities. All rights reserved"
geocities.com,19990220071852,http://www11.geocities.com:80/SiliconValley/,https://web.archive.org/web/19990220071852/http://www11.geocities.com:80/SiliconValley/,GeoCities - SiliconValley,"GeoCities - SiliconValley Visit Surplus Auction $5.00 off music at CDnow! Instant Credit Apply Now! Up to 40% off related books from Amazon.com Other Neighborhoods Great GeoShops Get a Virtual Office Explore The Suburbs: Choose a suburb SiliconValley Bay Bridge Byte Campus Circuit Chip Foothills Garage Grid Haven Heights Hills Horizon Lab Lakes Monitor Network Orchard Park Peaks Pines Platform Port Ridge Sector Station Vista Way Yahoo: Computers Search: GeoCities SiliconValley Password: Net News Home Help Info • Computers & Technology • Business & Money Join This Neighborhood today! It's Free. Hood Happenings Computers Chat | Computers Forum Find out about ICQ, writable CDs, FrontPage97 and more while staying up-to-date on your community with SiliconValley News and Reviews . Surf the Net with Networds - Create Free Networds for every GeoCities and Internet location you visit. They will be available instantly to everyone on the Net. Use Networds and share them with others. It's Programmers' Pavilion , where we highlight the programming talents of GeoCitizens like you. Take a look at the featured pages, apply for membership, get cool tools from the Developer Toolbox, or sound off in the Redmond Roundtable. Getting Involved Community Leaders If you need GeoCities help or want to get more involved in your neighborhood, these are the people to ask. Blueprint We've created a zine to help you build better home pages. Check in every month for lots of tips and tricks! Landmark Sites Places to stop when you're surfing that info superhighway known as GeoCities. Landmarks are sites we consider the best of the best. [Join] [Help] [Info] [Home] [Avenues] [Neighborhoods] [Members] [Shopping Center] [Search] © 1995 - 1999 GeoCities. All rights reserved",http://pic.geocities.com/images/neighborhoods/geologo_neighborhood.gif,18,16756,"GeoCities - SiliconValley

GeoCities - SiliconValley Visit Surplus Auction $5.00 off music at CDnow! Instant Credit Apply Now! Up to 40% off related books from Amazon.com Other Neighborhoods Great GeoShops Get a Virtual Office Explore The Suburbs: Choose a suburb SiliconValley Bay Bridge Byte Campus Circuit Chip Foothills Garage Grid Haven Heights Hills Horizon Lab Lakes Monitor Network Orchard Park Peaks Pines Platform Port Ridge Sector Station Vista Way Yahoo: Computers Search: GeoCities SiliconValley Password: Net News Home Help Info • Computers & Technology • Business & Money Join This Neighborhood today! It's Free. Hood Happenings Computers Chat | Computers Forum Find out about ICQ, writable CDs, FrontPage97 and more while staying up-to-date on your community with SiliconValley News and Reviews . Surf the Net with Networds - Create Free Networds for every GeoCities and Internet location you visit. They will be available instantly to everyone on the Net. Use Networds and share them with others. It's Programmers' Pavilion , where we highlight the programming talents of GeoCitizens like you. Take a look at the featured pages, apply for membership, get cool tools from the Developer Toolbox, or sound off in the Redmond Roundtable. Getting Involved Community Leaders If you need GeoCities help or want to get more involved in your neighborhood, these are the people to ask. Blueprint We've created a zine to help you build better home pages. Check in every month for lots of tips and tricks! Landmark Sites Places to stop when you're surfing that info superhighway known as GeoCities. Landmarks are sites we consider the best of the best. [Join] [Help] [Info] [Home] [Avenues] [Neighborhoods] [Members] [Shopping Center] [Search] © 1995 - 1999 GeoCities. All rights reserved"
geocities.com,19990220092056,http://www.geocities.com:80/SiliconValley/,https://web.archive.org/web/19990220092056/http://www.geocities.com:80/SiliconValley/,GeoCities - SiliconValley,"GeoCities - SiliconValley Up to 40% off related books from Amazon.com Visit Surplus Auction $5.00 off music at CDnow! Instant Credit Apply Now! Other Neighborhoods Great GeoShops Get a Virtual Office Explore The Suburbs: Choose a suburb SiliconValley Bay Bridge Byte Campus Circuit Chip Foothills Garage Grid Haven Heights Hills Horizon Lab Lakes Monitor Network Orchard Park Peaks Pines Platform Port Ridge Sector Station Vista Way Yahoo: Computers Search: GeoCities SiliconValley Password: Net News Home Help Info • Computers & Technology • Business & Money Join This Neighborhood today! It's Free. Hood Happenings Computers Chat | Computers Forum Find out about ICQ, writable CDs, FrontPage97 and more while staying up-to-date on your community with SiliconValley News and Reviews . Surf the Net with Networds - Create Free Networds for every GeoCities and Internet location you visit. They will be available instantly to everyone on the Net. Use Networds and share them with others. It's Programmers' Pavilion , where we highlight the programming talents of GeoCitizens like you. Take a look at the featured pages, apply for membership, get cool tools from the Developer Toolbox, or sound off in the Redmond Roundtable. Getting Involved Community Leaders If you need GeoCities help or want to get more involved in your neighborhood, these are the people to ask. Blueprint We've created a zine to help you build better home pages. Check in every month for lots of tips and tricks! Landmark Sites Places to stop when you're surfing that info superhighway known as GeoCities. Landmarks are sites we consider the best of the best. [Join] [Help] [Info] [Home] [Avenues] [Neighborhoods] [Members] [Shopping Center] [Search] © 1995 - 1999 GeoCities. All rights reserved",http://pic.geocities.com/images/neighborhoods/geologo_neighborhood.gif,18,16756,"GeoCities - SiliconValley

GeoCities - SiliconValley Up to 40% off related books from Amazon.com Visit Surplus Auction $5.00 off music at CDnow! Instant Credit Apply Now! Other Neighborhoods Great GeoShops Get a Virtual Office Explore The Suburbs: Choose a suburb SiliconValley Bay Bridge Byte Campus Circuit Chip Foothills Garage Grid Haven Heights Hills Horizon Lab Lakes Monitor Network Orchard Park Peaks Pines Platform Port Ridge Sector Station Vista Way Yahoo: Computers Search: GeoCities SiliconValley Password: Net News Home Help Info • Computers & Technology • Business & Money Join This Neighborhood today! It's Free. Hood Happenings Computers Chat | Computers Forum Find out about ICQ, writable CDs, FrontPage97 and more while staying up-to-date on your community with SiliconValley News and Reviews . Surf the Net with Networds - Create Free Networds for every GeoCities and Internet location you visit. They will be available instantly to everyone on the Net. Use Networds and share them with others. It's Programmers' Pavilion , where we highlight the programming talents of GeoCitizens like you. Take a look at the featured pages, apply for membership, get cool tools from the Developer Toolbox, or sound off in the Redmond Roundtable. Getting Involved Community Leaders If you need GeoCities help or want to get more involved in your neighborhood, these are the people to ask. Blueprint We've created a zine to help you build better home pages. Check in every month for lots of tips and tricks! Landmark Sites Places to stop when you're surfing that info superhighway known as GeoCities. Landmarks are sites we consider the best of the best. [Join] [Help] [Info] [Home] [Avenues] [Neighborhoods] [Members] [Shopping Center] [Search] © 1995 - 1999 GeoCities. All rights reserved"
geocities.com,19990221161429,http://www3.geocities.com:80/SiliconValley/,https://web.archive.org/web/19990221161429/http://www3.geocities.com:80/SiliconValley/,GeoCities - SiliconValley,"GeoCities - SiliconValley $5.00 off music at CDnow! Instant Credit Apply Now! Up to 40% off related books from Amazon.com Visit Surplus Auction Other Neighborhoods Great GeoShops Get a Virtual Office Explore The Suburbs: Choose a suburb SiliconValley Bay Bridge Byte Campus Circuit Chip Foothills Garage Grid Haven Heights Hills Horizon Lab Lakes Monitor Network Orchard Park Peaks Pines Platform Port Ridge Sector Station Vista Way Yahoo: Computers Search: GeoCities SiliconValley Password: Net News Home Help Info • Computers & Technology • Business & Money Join This Neighborhood today! It's Free. Hood Happenings Computers Chat | Computers Forum SiliconValley teens and others are welcome to make their cyber home at the SiliconValley Teen Team headquarters. Surf the Net with Networds - Create Free Networds for every GeoCities and Internet location you visit. They will be available instantly to everyone on the Net. Use Networds and share them with others. It's Programmers' Pavilion , where we highlight the programming talents of GeoCitizens like you. Take a look at the featured pages, apply for membership, get cool tools from the Developer Toolbox, or sound off in the Redmond Roundtable. Getting Involved Community Leaders If you need GeoCities help or want to get more involved in your neighborhood, these are the people to ask. Blueprint We've created a zine to help you build better home pages. Check in every month for lots of tips and tricks! Landmark Sites Places to stop when you're surfing that info superhighway known as GeoCities. Landmarks are sites we consider the best of the best. [Join] [Help] [Info] [Home] [Avenues] [Neighborhoods] [Members] [Shopping Center] [Search] © 1995 - 1999 GeoCities. All rights reserved",http://pic.geocities.com/images/neighborhoods/geologo_neighborhood.gif,18,16723,"GeoCities - SiliconValley

GeoCities - SiliconValley $5.00 off music at CDnow! Instant Credit Apply Now! Up to 40% off related books from Amazon.com Visit Surplus Auction Other Neighborhoods Great GeoShops Get a Virtual Office Explore The Suburbs: Choose a suburb SiliconValley Bay Bridge Byte Campus Circuit Chip Foothills Garage Grid Haven Heights Hills Horizon Lab Lakes Monitor Network Orchard Park Peaks Pines Platform Port Ridge Sector Station Vista Way Yahoo: Computers Search: GeoCities SiliconValley Password: Net News Home Help Info • Computers & Technology • Business & Money Join This Neighborhood today! It's Free. Hood Happenings Computers Chat | Computers Forum SiliconValley teens and others are welcome to make their cyber home at the SiliconValley Teen Team headquarters. Surf the Net with Networds - Create Free Networds for every GeoCities and Internet location you visit. They will be available instantly to everyone on the Net. Use Networds and share them with others. It's Programmers' Pavilion , where we highlight the programming talents of GeoCitizens like you. Take a look at the featured pages, apply for membership, get cool tools from the Developer Toolbox, or sound off in the Redmond Roundtable. Getting Involved Community Leaders If you need GeoCities help or want to get more involved in your neighborhood, these are the people to ask. Blueprint We've created a zine to help you build better home pages. Check in every month for lots of tips and tricks! Landmark Sites Places to stop when you're surfing that info superhighway known as GeoCities. Landmarks are sites we consider the best of the best. [Join] [Help] [Info] [Home] [Avenues] [Neighborhoods] [Members] [Shopping Center] [Search] © 1995 - 1999 GeoCities. All rights reserved"
geocities.com,19991007080925,http://www9.geocities.com:80/SiliconValley/,https://web.archive.org/web/19991007080925/http://www9.geocities.com:80/SiliconValley/,Yahoo! GeoCities - SiliconValley,Yahoo! GeoCities - SiliconValley Yahoo! Home Help Free Home Pages! Get your own free home page today In Our Neighborhoods Community Leaders World Report Landmark Sites Other Neighborhoods Search Yahoo! GeoCities SiliconValley Yahoo! Resources Yahoo! Clubs Yahoo! User Groups Explore the Suburbs Choose a suburb SiliconValley SiliconValley/Bay SiliconValley/Bit SiliconValley/Bridge SiliconValley/Byte SiliconValley/Cable SiliconValley/Campus SiliconValley/Chip SiliconValley/Circuit SiliconValley/Code SiliconValley/Drive SiliconValley/Foothills SiliconValley/Garage SiliconValley/Grid SiliconValley/Hardware SiliconValley/Haven SiliconValley/Heights SiliconValley/Hills SiliconValley/Horizon SiliconValley/Hub SiliconValley/Lab SiliconValley/Lakes SiliconValley/Monitor SiliconValley/Mouse SiliconValley/Network SiliconValley/Orchard SiliconValley/Park SiliconValley/Peaks SiliconValley/Pines SiliconValley/Platform SiliconValley/Port SiliconValley/Program SiliconValley/Ridge SiliconValley/Screen SiliconValley/Sector SiliconValley/Station SiliconValley/Vista SiliconValley/Way Hood Happenings SiliconValley Chat | SiliconValley Message Boards GeoThingMaker Contest! Be creative! Be cool! Win 150 bucks! Design your own GeoThing and enter our contest for a chance to win! Copyright © 1994-1999 Yahoo! Inc. All rights reserved. Help Privacy Policy Terms of Service Legal Disclaimers,http://a372.g.akamaitech.net/7/372/27/11661111b03c56/pic.geocities.com/img/geoplus/geologo.gif,5,9212,"Yahoo! GeoCities - SiliconValley

Yahoo! GeoCities - SiliconValley Yahoo! Home Help Free Home Pages! Get your own free home page today In Our Neighborhoods Community Leaders World Report Landmark Sites Other Neighborhoods Search Yahoo! GeoCities SiliconValley Yahoo! Resources Yahoo! Clubs Yahoo! User Groups Explore the Suburbs Choose a suburb SiliconValley SiliconValley/Bay SiliconValley/Bit SiliconValley/Bridge SiliconValley/Byte SiliconValley/Cable SiliconValley/Campus SiliconValley/Chip SiliconValley/Circuit SiliconValley/Code SiliconValley/Drive SiliconValley/Foothills SiliconValley/Garage SiliconValley/Grid SiliconValley/Hardware SiliconValley/Haven SiliconValley/Heights SiliconValley/Hills SiliconValley/Horizon SiliconValley/Hub SiliconValley/Lab SiliconValley/Lakes SiliconValley/Monitor SiliconValley/Mouse SiliconValley/Network SiliconValley/Orchard SiliconValley/Park SiliconValley/Peaks SiliconValley/Pines SiliconValley/Platform SiliconValley/Port SiliconValley/Program SiliconValley/Ridge SiliconValley/Screen SiliconValley/Sector SiliconValley/Station SiliconValley/Vista SiliconValley/Way Hood Happenings SiliconValley Chat | SiliconValley Message Boards GeoThingMaker Contest! Be creative! Be cool! Win 150 bucks! Design your own GeoThing and enter our contest for a chance to win! Copyright © 1994-1999 Yahoo! Inc. All rights reserved. Help Privacy Policy Terms of Service Legal Disclaimers"
geocities.com,19990220180955,http://www.geocities.com:80/SiliconValley/1000/,https://web.archive.org/web/19990220180955/http://www.geocities.com:80/SiliconValley/1000/,Chris Kirby's Home Page,Chris Kirby's Home Page Hits 31st January 1999 The Paging Page Chris's Radio Links Richmond Round Table My Family & Other Animals Richmond North Yorkshire Global Positioning System Sign my Logbook Let me hear from you ! Inspect my Logbook Member of LinkExchange Free Home Pages at GeoCities This Amateur Radio Webring site is owned by Chris Kirby . Want to join the Amateur Radio Webring? [ Skip Prev ] [ Prev ] [ Next ] [ Skip Next ] [ Random ] [ Next 5 ] [ List Sites ],https://web.archive.org/web/19990220180955/http:/www.geocities.com:80/SiliconValley/1000/hp.gif,15,10471,"Chris Kirby's Home Page

Chris Kirby's Home Page Hits 31st January 1999 The Paging Page Chris's Radio Links Richmond Round Table My Family & Other Animals Richmond North Yorkshire Global Positioning System Sign my Logbook Let me hear from you ! Inspect my Logbook Member of LinkExchange Free Home Pages at GeoCities This Amateur Radio Webring site is owned by Chris Kirby . Want to join the Amateur Radio Webring? [ Skip Prev ] [ Prev ] [ Next ] [ Skip Next ] [ Random ] [ Next 5 ] [ List Sites ]"
geocities.com,20010516221505,http://www.geocities.com:80/siliconvalley/1000/,https://web.archive.org/web/20010516221505/http://www.geocities.com:80/siliconvalley/1000/,Chris Kirby's Home Page,Chris Kirby's Home Page Hits since 1996! Updated - September 2000 The Paging Page Chris's Radio Links Richmond Round Table My Family & Other Animals Richmond North Yorkshire Global Positioning System Money for Old Rope! Sign Guestbook Email me! View Guestbook This Amateur Radio Webring site is owned by Chris Kirby . Want to join the Amateur Radio Webring? [ Skip Prev ] [ Prev ] [ Next ] [ Skip Next ] [ Random ] [ Next 5 ] [ List Sites ] Info,https://web.archive.org/web/20010516221505/http:/www.geocities.com:80/siliconvalley/1000/hp.gif,15,10336,"Chris Kirby's Home Page

Chris Kirby's Home Page Hits since 1996! Updated - September 2000 The Paging Page Chris's Radio Links Richmond Round Table My Family & Other Animals Richmond North Yorkshire Global Positioning System Money for Old Rope! Sign Guestbook Email me! View Guestbook This Amateur Radio Webring site is owned by Chris Kirby . Want to join the Amateur Radio Webring? [ Skip Prev ] [ Prev ] [ Next ] [ Skip Next ] [ Random ] [ Next 5 ] [ List Sites ] Info"
geocities.com,20090830124444,http://geocities.com/SiliconValley/1000/,https://web.archive.org/web/20090830124444/http://geocities.com/SiliconValley/1000/,Chris Kirby's Home Page,"Chris Kirby's Home Page Hits since 1996! Updated - March 2005 ""Ugly-Mug"" Ham Links My Family & Other Animals About Richmond North Yorkshire Old photo archive Sign Guestbook Email me! View Guestbook This Amateur Radio Webring site is owned by Chris Kirby . Want to join the Amateur Radio Webring? [ Skip Prev ] [ Prev ] [ Next ] [ Skip Next ] [ Random ] [ Next 5 ] [ List Sites ]",https://web.archive.org/web/20090830124444/http:/geocities.com/SiliconValley/1000/hp.gif,10,8704,"Chris Kirby's Home Page

Chris Kirby's Home Page Hits since 1996! Updated - March 2005 ""Ugly-Mug"" Ham Links My Family & Other Animals About Richmond North Yorkshire Old photo archive Sign Guestbook Email me! View Guestbook This Amateur Radio Webring site is owned by Chris Kirby . Want to join the Amateur Radio Webring? [ Skip Prev ] [ Prev ] [ Next ] [ Skip Next ] [ Random ] [ Next 5 ] [ List Sites ]"
geocities.com,20091027134215,http://www.geocities.com/siliconvalley/1000/,https://web.archive.org/web/20091027134215/http://www.geocities.com/siliconvalley/1000/,Chris Kirby's Home Page,"Chris Kirby's Home Page Hits since 1996! Updated - March 2005 ""Ugly-Mug"" Ham Links My Family & Other Animals About Richmond North Yorkshire Old photo archive Sign Guestbook Email me! View Guestbook This Amateur Radio Webring site is owned by Chris Kirby . Want to join the Amateur Radio Webring? [ Skip Prev ] [ Prev ] [ Next ] [ Skip Next ] [ Random ] [ Next 5 ] [ List Sites ]",https://web.archive.org/web/20091027134215/http:/www.geocities.com/siliconvalley/1000/hp.gif,10,8704,"Chris Kirby's Home Page

Chris Kirby's Home Page Hits since 1996! Updated - March 2005 ""Ugly-Mug"" Ham Links My Family & Other Animals About Richmond North Yorkshire Old photo archive Sign Guestbook Email me! View Guestbook This Amateur Radio Webring site is owned by Chris Kirby . Want to join the Amateur Radio Webring? [ Skip Prev ] [ Prev ] [ Next ] [ Skip Next ] [ Random ] [ Next 5 ] [ List Sites ]"
geocities.com,20010505153631,http://www.geocities.com:80/SiliconValley/1000/adbars.htm,https://web.archive.org/web/20010505153631/http://www.geocities.com:80/SiliconValley/1000/adbars.htm,Money for Old Rope - Adbars,"Money for Old Rope - Adbars A word about adbars For many people, the idea of being paid to use the Internet is strange. ""Why would anyone want to give me their money ?"", I hear you asking. The answer is that you are a potential purchaser of goods and services, and suppliers want to advertise to you. ""But I hate adverts!"" Adbars simply sit there on your screen and other than taking up a little screen space, they won't bother you at all. No one is asking you to study the adverts on your pc screen , you may have to run the mouse over them every few minutes, but you needn't actually buy anything. The higher the resolution of your screen, the less space they occupy. ""What is an Adbar ?"" An adbar is a banner. The size varies, but the ones I use are about half an inch high, and the full width of my screen. The adbars may sit at the top or bottom of your screen. You can turn them off, and they go away, but then so does your income :-( ""How much can I earn?"" The going rate differs, but most pay about 30p per hour. Not alot. You can, however have a few going at the same time and your income then starts to look attractive. I usually have two or three going, and hardly notice the reduction in screen size at all. I put them both at the top, move the taskbar over to the right hand side, and (gasp - I confess) sometimes I adjust the picture height of my monitor to eliminate them completely! Think about the last month. How many hours did you spend on the Internet ? Half an hour each evening maybe ? Well with two adbars up and running, thats over £9 you could have had. If you're still paying for your Internet phone calls - £9 will more than likely have covered your phone call costs, or if you're on a free internet service (and we all should be by now), it is £9 for you to save or spend as you like. Payment is usually made by cheque, when your dues exceed a certain amount. So, you won't get a cheque every month from each one, but you don't lose out either because earnings are carried forward at the end of the month until there is enough in the pot to trigger the payment. There's one more thing. In addition to signing up, these companies encourage you to recruit others. Now, I'd be lying if I said all this about adbars was purely for your education. I have a vested interest in persuading you to join! My pennies also increase if you sign up using the links I give. Consider, you have your own circle of friends, and if in turn you ask them to join up too, you will increase your earnings in the same way. Remember, it is not going to cost your friends anything to join - when you refer a friend to the service, you are not asking them to spend - you are giving them an opportunity to earn. Heads you win, Tails you win ! Return......",https://web.archive.org/web/20010505153631/http:/www.geocities.com:80/SiliconValley/1000/offers.gif,6,4781,"Money for Old Rope - Adbars

Money for Old Rope - Adbars A word about adbars For many people, the idea of being paid to use the Internet is strange. ""Why would anyone want to give me their money ?"", I hear you asking. The answer is that you are a potential purchaser of goods and services, and suppliers want to advertise to you. ""But I hate adverts!"" Adbars simply sit there on your screen and other than taking up a little screen space, they won't bother you at all. No one is asking you to study the adverts on your pc screen , you may have to run the mouse over them every few minutes, but you needn't actually buy anything. The higher the resolution of your screen, the less space they occupy. ""What is an Adbar ?"" An adbar is a banner. The size varies, but the ones I use are about half an inch high, and the full width of my screen. The adbars may sit at the top or bottom of your screen. You can turn them off, and they go away, but then so does your income :-( ""How much can I earn?"" The going rate differs, but most pay about 30p per hour. Not alot. You can, however have a few going at the same time and your income then starts to look attractive. I usually have two or three going, and hardly notice the reduction in screen size at all. I put them both at the top, move the taskbar over to the right hand side, and (gasp - I confess) sometimes I adjust the picture height of my monitor to eliminate them completely! Think about the last month. How many hours did you spend on the Internet ? Half an hour each evening maybe ? Well with two adbars up and running, thats over £9 you could have had. If you're still paying for your Internet phone calls - £9 will more than likely have covered your phone call costs, or if you're on a free internet service (and we all should be by now), it is £9 for you to save or spend as you like. Payment is usually made by cheque, when your dues exceed a certain amount. So, you won't get a cheque every month from each one, but you don't lose out either because earnings are carried forward at the end of the month until there is enough in the pot to trigger the payment. There's one more thing. In addition to signing up, these companies encourage you to recruit others. Now, I'd be lying if I said all this about adbars was purely for your education. I have a vested interest in persuading you to join! My pennies also increase if you sign up using the links I give. Consider, you have your own circle of friends, and if in turn you ask them to join up too, you will increase your earnings in the same way. Remember, it is not going to cost your friends anything to join - when you refer a friend to the service, you are not asking them to spend - you are giving them an opportunity to earn. Heads you win, Tails you win ! Return......"
geocities.com,19990221105545,http://www.geocities.com:80/SiliconValley/1000/family.htm,https://web.archive.org/web/19990221105545/http://www.geocities.com:80/SiliconValley/1000/family.htm,The Picture Gallery,"The Picture Gallery 3rd January 1999 Chris G4FZN ""I'm the author of these pages. Thanks for stopping by - I hope you find most of these pages interesting and informative. I'm licenced to operate on all of the amateur radio bands, but my main interest is VHF and UHF. I'm in the Richmond Raynet Group, who occasionally provide emergency communications for user services in this area. When I'm not playing radio, I play keyboard for a local band called ""The Pulse"". There are five of us, a superb lead guitarist, a bass guitarist, drummer (or is it called ""percussionist"" these days ?), a male vocalist, and yours truly on keys. Our music can be best described as ""rock classics"", - you know them all - numbers from the Rolling Stones, Zombies, Troggs, Beatles which we blend together with numbers from Bruce Springsteen and the Eagles to give the subtle change of tempo. Add to that lot the Wilson Pickett song, ""Midnight Hour"" and the Tommy James number, ""Mony Mony"" and others like that, and you'll see we've got a fantastic mix of music to play. Some of our best performances have been to biker's meets and music festivals - I don't think we'd go down very well at a house/garage party or a bass 'n drum rave!!!! EMail: chris_kirby@geocities.com Pauline G8HQW ""Hi, I'm Pauline. I'm an audiologist at a local hospital. Have you had your hearing tested recently? Its amazing how many people haven't. I try to keep fit by working out three times a week in the gym at the Fitness Centre. "" EMail: pjkirby@yahoo.com Stephen 2E1DZK ""Hello from Stephen. I'm a 6th form student at Richmond School. There is an Amateur Radio Club which meets almost every lunchtime. You will often our club callsign GX0RYS active on 20m and other bands. The club also operates on the 70cms amateur band, and operates a packet radio station. You can send a message to us at: GX0RYS@GB7CYM.#19.GBR.EU. Mr Vann, (G3RLV) is the Science teacher who runs the school Radio Club, and without him we wouldn't be able to meet. I support Luton Town Football Club because I was born at the Luton & Dunstable hospital in 1982."" EMail: sjkirby@yahoo.com Simon 2E1GUN ""Hello, Simon here. My favourite sports are football and hockey. I play hockey for Richmond School and have played for the County. The soccer team I support is Arsenal Football Club , (that's their strip I'm wearing) and I check out their Web pages from time to time. Don't you think my callsign is brill for an Aresnal supporter - their nickname is the GUNNERS !! EMail: scwkirby@yahoo.com Arthur G6FGE ""Hello, I'm Arthur, a retired civil engineer who has been licenced ten years, but I'm not very active on the bands. Colin G6AHF ""Where's my picture gone?"" Judith G4XMG © 1999 Chris Kirby Return to Chris Kirby's Home Page Return to Geocities",https://web.archive.org/web/19990221105545/http:/www.geocities.com:80/SiliconValley/1000/family.gif,10,4908,"The Picture Gallery

The Picture Gallery 3rd January 1999 Chris G4FZN ""I'm the author of these pages. Thanks for stopping by - I hope you find most of these pages interesting and informative. I'm licenced to operate on all of the amateur radio bands, but my main interest is VHF and UHF. I'm in the Richmond Raynet Group, who occasionally provide emergency communications for user services in this area. When I'm not playing radio, I play keyboard for a local band called ""The Pulse"". There are five of us, a superb lead guitarist, a bass guitarist, drummer (or is it called ""percussionist"" these days ?), a male vocalist, and yours truly on keys. Our music can be best described as ""rock classics"", - you know them all - numbers from the Rolling Stones, Zombies, Troggs, Beatles which we blend together with numbers from Bruce Springsteen and the Eagles to give the subtle change of tempo. Add to that lot the Wilson Pickett song, ""Midnight Hour"" and the Tommy James number, ""Mony Mony"" and others like that, and you'll see we've got a fantastic mix of music to play. Some of our best performances have been to biker's meets and music festivals - I don't think we'd go down very well at a house/garage party or a bass 'n drum rave!!!! EMail: chris_kirby@geocities.com Pauline G8HQW ""Hi, I'm Pauline. I'm an audiologist at a local hospital. Have you had your hearing tested recently? Its amazing how many people haven't. I try to keep fit by working out three times a week in the gym at the Fitness Centre. "" EMail: pjkirby@yahoo.com Stephen 2E1DZK ""Hello from Stephen. I'm a 6th form student at Richmond School. There is an Amateur Radio Club which meets almost every lunchtime. You will often our club callsign GX0RYS active on 20m and other bands. The club also operates on the 70cms amateur band, and operates a packet radio station. You can send a message to us at: GX0RYS@GB7CYM.#19.GBR.EU. Mr Vann, (G3RLV) is the Science teacher who runs the school Radio Club, and without him we wouldn't be able to meet. I support Luton Town Football Club because I was born at the Luton & Dunstable hospital in 1982."" EMail: sjkirby@yahoo.com Simon 2E1GUN ""Hello, Simon here. My favourite sports are football and hockey. I play hockey for Richmond School and have played for the County. The soccer team I support is Arsenal Football Club , (that's their strip I'm wearing) and I check out their Web pages from time to time. Don't you think my callsign is brill for an Aresnal supporter - their nickname is the GUNNERS !! EMail: scwkirby@yahoo.com Arthur G6FGE ""Hello, I'm Arthur, a retired civil engineer who has been licenced ten years, but I'm not very active on the bands. Colin G6AHF ""Where's my picture gone?"" Judith G4XMG © 1999 Chris Kirby Return to Chris Kirby's Home Page Return to Geocities"
geocities.com,20010815125733,http://www.geocities.com:80/siliconvalley/1000/family.htm,https://web.archive.org/web/20010815125733/http://www.geocities.com:80/siliconvalley/1000/family.htm,The Picture Gallery,"The Picture Gallery 17 May 2001 Chris G4FZN ""I'm the author of these pages. Thanks for stopping by - I hope you find most of these pages interesting and informative. I'm licenced to operate on all of the amateur radio bands and try to remain active on most of them. I've never been above the 23cm band though. When I'm not playing radio, I play keyboard in a popular local band called "" The Pulse "". Check out our website! EMail: g4fzn@yahoo.com Pauline G8HQW ""Hi, I'm Pauline. I'm an audiologist at a local hospital. Have you had your hearing tested recently? Its amazing how many people haven't. "" EMail: pjkirby@email.com Stephen M1ECH ""Hello from Stephen. I'm student at Leeds Met University studying design, management, technology and mixing red bull and Vodka. I first got my licence at Richmond School where there is an active Amateur Radio Club. You will often students from Richmond using the club callsign GX0RYS. I support Luton Town Football Club because I was born at the Luton & Dunstable hospital in 1982."" EMail: stephen.kirby@orange.net Simon 2E1GUN ""Hello, Simon here. My favourite sports are football and hockey. I play hockey for Richmond School, Richmond Town, and for Co. Durham and recently I've been selected to play for North East England. The soccer team I support is Arsenal Football Club , and I check out their Web pages from time to time. Don't you think my callsign, 2E1GUN, is appropriate for an Arsenal supporter - their nickname is the GUNNERS !!!"" I'm not really interested in radio, but it is useful to hold a licence when everyone else in the family has one! EMail: simon_k10@hotmail.com Arthur M5AIC My father, Arthur M5AIC died suddenly on 5th March 2001. I miss our 40m QSOs when I'm operating /M up and down the country. Colin G6AHF Colin is a leading light of the Douglas Valley Radio Club Judith G4XMG My sister, Judith. Licenced first as G6OWY, but soon passed the Morse test! © 2001 Chris Kirby Return to Chris Kirby's Home Page Return to Geocities",https://web.archive.org/web/20010815125733/http:/www.geocities.com:80/siliconvalley/1000/family.gif,11,4250,"The Picture Gallery

The Picture Gallery 17 May 2001 Chris G4FZN ""I'm the author of these pages. Thanks for stopping by - I hope you find most of these pages interesting and informative. I'm licenced to operate on all of the amateur radio bands and try to remain active on most of them. I've never been above the 23cm band though. When I'm not playing radio, I play keyboard in a popular local band called "" The Pulse "". Check out our website! EMail: g4fzn@yahoo.com Pauline G8HQW ""Hi, I'm Pauline. I'm an audiologist at a local hospital. Have you had your hearing tested recently? Its amazing how many people haven't. "" EMail: pjkirby@email.com Stephen M1ECH ""Hello from Stephen. I'm student at Leeds Met University studying design, management, technology and mixing red bull and Vodka. I first got my licence at Richmond School where there is an active Amateur Radio Club. You will often students from Richmond using the club callsign GX0RYS. I support Luton Town Football Club because I was born at the Luton & Dunstable hospital in 1982."" EMail: stephen.kirby@orange.net Simon 2E1GUN ""Hello, Simon here. My favourite sports are football and hockey. I play hockey for Richmond School, Richmond Town, and for Co. Durham and recently I've been selected to play for North East England. The soccer team I support is Arsenal Football Club , and I check out their Web pages from time to time. Don't you think my callsign, 2E1GUN, is appropriate for an Arsenal supporter - their nickname is the GUNNERS !!!"" I'm not really interested in radio, but it is useful to hold a licence when everyone else in the family has one! EMail: simon_k10@hotmail.com Arthur M5AIC My father, Arthur M5AIC died suddenly on 5th March 2001. I miss our 40m QSOs when I'm operating /M up and down the country. Colin G6AHF Colin is a leading light of the Douglas Valley Radio Club Judith G4XMG My sister, Judith. Licenced first as G6OWY, but soon passed the Morse test! © 2001 Chris Kirby Return to Chris Kirby's Home Page Return to Geocities"
geocities.com,20090803192229,http://geocities.com/SiliconValley/1000/family.htm,https://web.archive.org/web/20090803192229/http://geocities.com/SiliconValley/1000/family.htm,The Picture Gallery,"The Picture Gallery 26 March 2005 Chris G4FZN ""I'm the author of these pages. They not produced with the latest web technology (!), but hey! you've found them, and you're reading this aren't you. Thanks for stopping by - I hope you find most of these pages interesting and informative. I'm licenced to operate on all of the amateur radio bands and try to remain active on most of them. I've never been above the 23cm band though. When I'm not playing radio, I play keyboard in a popular local rock band called "" X-Pulse "". Check out our website! Pauline G8HQW ""Hi, I'm Pauline. I'm an audiologist at a local hospital. Have you had your hearing tested recently? Its amazing how many people haven't. "" Stephen M1ECH ""Hi. I've recently gained my degree in Technology and Management and I'm staying on in Leeds whilst I decide what to do next. It’s also a good place for a pint ;-) I've started building a kit car with a mate of mine, and you can read the whole story here . Simon 2E1GUN ""Hello, Simon here. My favourite sports are football and hockey. I have played hockey for Richmond School, Richmond Town, and for Co. Durham and recently I've been selected to play for North East England. I'm a second year student at Manchester University, studying for a Masters degree in Aerospace Engineering. It really is rocket science! The soccer team I support is Arsenal Football Club , and I check out their Web pages from time to time. Don't you think my callsign, 2E1GUN, is appropriate for an Arsenal supporter - their nickname is the GUNNERS !!!"" I'm not really interested in radio, but it is useful to hold a licence when everyone else in the family has one! Colin G6AHF Colin is the Chairman of the Wigan Douglas Valley Radio Society Judith G4XMG My sister, Judith. Licenced first as G6OWY, but soon passed the Morse test! Judith teaches English. © 2001 Chris Kirby Return to Chris Kirby's Home Page Return to Geocities",https://web.archive.org/web/20090803192229/http:/geocities.com/SiliconValley/1000/family.gif,10,4280,"The Picture Gallery

The Picture Gallery 26 March 2005 Chris G4FZN ""I'm the author of these pages. They not produced with the latest web technology (!), but hey! you've found them, and you're reading this aren't you. Thanks for stopping by - I hope you find most of these pages interesting and informative. I'm licenced to operate on all of the amateur radio bands and try to remain active on most of them. I've never been above the 23cm band though. When I'm not playing radio, I play keyboard in a popular local rock band called "" X-Pulse "". Check out our website! Pauline G8HQW ""Hi, I'm Pauline. I'm an audiologist at a local hospital. Have you had your hearing tested recently? Its amazing how many people haven't. "" Stephen M1ECH ""Hi. I've recently gained my degree in Technology and Management and I'm staying on in Leeds whilst I decide what to do next. It’s also a good place for a pint ;-) I've started building a kit car with a mate of mine, and you can read the whole story here . Simon 2E1GUN ""Hello, Simon here. My favourite sports are football and hockey. I have played hockey for Richmond School, Richmond Town, and for Co. Durham and recently I've been selected to play for North East England. I'm a second year student at Manchester University, studying for a Masters degree in Aerospace Engineering. It really is rocket science! The soccer team I support is Arsenal Football Club , and I check out their Web pages from time to time. Don't you think my callsign, 2E1GUN, is appropriate for an Arsenal supporter - their nickname is the GUNNERS !!!"" I'm not really interested in radio, but it is useful to hold a licence when everyone else in the family has one! Colin G6AHF Colin is the Chairman of the Wigan Douglas Valley Radio Society Judith G4XMG My sister, Judith. Licenced first as G6OWY, but soon passed the Morse test! Judith teaches English. © 2001 Chris Kirby Return to Chris Kirby's Home Page Return to Geocities"
geocities.com,20091027150251,http://www.geocities.com/siliconvalley/1000/family.htm,https://web.archive.org/web/20091027150251/http://www.geocities.com/siliconvalley/1000/family.htm,The Picture Gallery,"The Picture Gallery 26 March 2005 Chris G4FZN ""I'm the author of these pages. They not produced with the latest web technology (!), but hey! you've found them, and you're reading this aren't you. Thanks for stopping by - I hope you find most of these pages interesting and informative. I'm licenced to operate on all of the amateur radio bands and try to remain active on most of them. I've never been above the 23cm band though. When I'm not playing radio, I play keyboard in a popular local rock band called "" X-Pulse "". Check out our website! Pauline G8HQW ""Hi, I'm Pauline. I'm an audiologist at a local hospital. Have you had your hearing tested recently? Its amazing how many people haven't. "" Stephen M1ECH ""Hi. I've recently gained my degree in Technology and Management and I'm staying on in Leeds whilst I decide what to do next. It’s also a good place for a pint ;-) I've started building a kit car with a mate of mine, and you can read the whole story here . Simon 2E1GUN ""Hello, Simon here. My favourite sports are football and hockey. I have played hockey for Richmond School, Richmond Town, and for Co. Durham and recently I've been selected to play for North East England. I'm a second year student at Manchester University, studying for a Masters degree in Aerospace Engineering. It really is rocket science! The soccer team I support is Arsenal Football Club , and I check out their Web pages from time to time. Don't you think my callsign, 2E1GUN, is appropriate for an Arsenal supporter - their nickname is the GUNNERS !!!"" I'm not really interested in radio, but it is useful to hold a licence when everyone else in the family has one! Colin G6AHF Colin is the Chairman of the Wigan Douglas Valley Radio Society Judith G4XMG My sister, Judith. Licenced first as G6OWY, but soon passed the Morse test! Judith teaches English. © 2001 Chris Kirby Return to Chris Kirby's Home Page Return to Geocities",https://web.archive.org/web/20091027150251/http:/www.geocities.com/siliconvalley/1000/family.gif,10,4280,"The Picture Gallery

The Picture Gallery 26 March 2005 Chris G4FZN ""I'm the author of these pages. They not produced with the latest web technology (!), but hey! you've found them, and you're reading this aren't you. Thanks for stopping by - I hope you find most of these pages interesting and informative. I'm licenced to operate on all of the amateur radio bands and try to remain active on most of them. I've never been above the 23cm band though. When I'm not playing radio, I play keyboard in a popular local rock band called "" X-Pulse "". Check out our website! Pauline G8HQW ""Hi, I'm Pauline. I'm an audiologist at a local hospital. Have you had your hearing tested recently? Its amazing how many people haven't. "" Stephen M1ECH ""Hi. I've recently gained my degree in Technology and Management and I'm staying on in Leeds whilst I decide what to do next. It’s also a good place for a pint ;-) I've started building a kit car with a mate of mine, and you can read the whole story here . Simon 2E1GUN ""Hello, Simon here. My favourite sports are football and hockey. I have played hockey for Richmond School, Richmond Town, and for Co. Durham and recently I've been selected to play for North East England. I'm a second year student at Manchester University, studying for a Masters degree in Aerospace Engineering. It really is rocket science! The soccer team I support is Arsenal Football Club , and I check out their Web pages from time to time. Don't you think my callsign, 2E1GUN, is appropriate for an Arsenal supporter - their nickname is the GUNNERS !!!"" I'm not really interested in radio, but it is useful to hold a licence when everyone else in the family has one! Colin G6AHF Colin is the Chairman of the Wigan Douglas Valley Radio Society Judith G4XMG My sister, Judith. Licenced first as G6OWY, but soon passed the Morse test! Judith teaches English. © 2001 Chris Kirby Return to Chris Kirby's Home Page Return to Geocities"
geocities.com,20010509180508,http://www.geocities.com:80/SiliconValley/1000/free_shares.htm,https://web.archive.org/web/20010509180508/http://www.geocities.com:80/SiliconValley/1000/free_shares.htm,Free Shares from Totalise ISP,"Free Shares from Totalise ISP Free Shares Totalise is an Internet Service Provider with a difference. They are currently listed on the Ofex market, but they have announced they expect to be listed on AIM (Alternative Investment Market) within three months (from 1st June). With Totalise you receive shares for (a) Joining up, (b) Using them as your ISP, (c) sending emails using them, and (d) recommending new users. I have been with Totalise for several months, and have amassed a reasonable number of shares. The share price varies, at the time of writing it is around 45p, but has been over £1 and as low as 25p. You can sell Totalise shares through a broker. The other good thing about Totalise is that their Tech Support is FREE - so if you want expert technical help free of charge, Totalise is a good ISP to choose. Totalise charges local rate for access to the Internet. It is an 0845 number. How many shares can I earn with Totalise ? Should you decide to sign up with Totalise , please be kind enough to enter my user name "" maybe "" into the referral box. Return......",https://web.archive.org/web/20010509180508/http:/www.geocities.com:80/SiliconValley/1000/offers.gif,5,3519,"Free Shares from Totalise ISP

Free Shares from Totalise ISP Free Shares Totalise is an Internet Service Provider with a difference. They are currently listed on the Ofex market, but they have announced they expect to be listed on AIM (Alternative Investment Market) within three months (from 1st June). With Totalise you receive shares for (a) Joining up, (b) Using them as your ISP, (c) sending emails using them, and (d) recommending new users. I have been with Totalise for several months, and have amassed a reasonable number of shares. The share price varies, at the time of writing it is around 45p, but has been over £1 and as low as 25p. You can sell Totalise shares through a broker. The other good thing about Totalise is that their Tech Support is FREE - so if you want expert technical help free of charge, Totalise is a good ISP to choose. Totalise charges local rate for access to the Internet. It is an 0845 number. How many shares can I earn with Totalise ? Should you decide to sign up with Totalise , please be kind enough to enter my user name "" maybe "" into the referral box. Return......"
geocities.com,20030423105650,http://www.geocities.com:80/SiliconValley/1000/friendsandacquaintancesindex.htm,https://web.archive.org/web/20030423105650/http://www.geocities.com:80/SiliconValley/1000/friendsandacquaintancesindex.htm,Old photos of Friends and Acquaintances Index,Old photos of Friends and Acquaintances Index Old Photos of Friends and Acquaintances Return......,https://web.archive.org/web/20030423105650/http:/www.geocities.com:80/SiliconValley/1000/roughredline.gif,3,7620,"Old photos of Friends and Acquaintances Index

Old photos of Friends and Acquaintances Index Old Photos of Friends and Acquaintances Return......"
geocities.com,20040115192233,http://www.geocities.com:80/siliconvalley/1000/friendsandacquaintancesindex.htm,https://web.archive.org/web/20040115192233/http://www.geocities.com:80/siliconvalley/1000/friendsandacquaintancesindex.htm,Old photos of Friends and Acquaintances Index,Old photos of Friends and Acquaintances Index Old Photos of Friends and Acquaintances Return......,https://web.archive.org/web/20040115192233/http:/www.geocities.com:80/siliconvalley/1000/roughredline.gif,3,7620,"Old photos of Friends and Acquaintances Index

Old photos of Friends and Acquaintances Index Old Photos of Friends and Acquaintances Return......"
geocities.com,20090829231720,http://geocities.com/SiliconValley/1000/friendsandacquaintancesindex.htm,https://web.archive.org/web/20090829231720/http://geocities.com/SiliconValley/1000/friendsandacquaintancesindex.htm,Old photos of Friends and Acquaintances Index,Old photos of Friends and Acquaintances Index Old Photos of Friends and Acquaintances Return......,https://web.archive.org/web/20090829231720/http:/geocities.com/SiliconValley/1000/roughredline.gif,3,7782,"Old photos of Friends and Acquaintances Index

Old photos of Friends and Acquaintances Index Old Photos of Friends and Acquaintances Return......"
geocities.com,20021109152456,http://www.geocities.com:80/siliconvalley/1000/gateway.htm,https://web.archive.org/web/20021109152456/http://www.geocities.com:80/siliconvalley/1000/gateway.htm,Scotch Corner Gateway,"Scotch Corner Gateway The ""Scotch Corner"" Gateway Key: 1 Time switch 2 Mobile phone in hands-free kit for monitoring audio 3 Yaesu FT2600 2m tcvr 4 Home brew interface 5 Switch mode PSU 6 ISDN terminal adaptor 7 PC - 233 MHz Pentium 8 BT Easyreach pager for emergency shutdown 9 VHF / UHF diplexor 10 70cm TX / Rx (Yes; we do have wallpaper at this QTH - but the gateway is in the loft to keep the xyl happy! ) NoV Holders: G4FZN & G8HQW & 2E1GUN Transmit: 14dBw erp Maximum Deviation: +/- 2.5kHz Antenna: Omnidirectional (vertical polarization) Frequencies: 145.3375MHz & 431.200MHz Identification: Morse Code, 22wpm Audio frequency 459Hz Coverage map of the Scotch Corner Gateway (100kB) The Scotch Corner Gateway operates on 145.3375MHz. eQSO software is usually operated. No repeater shift is required, and no access tones are needed. The gateway operates a simple squelch system, which means any signal on the frequency will be accepted. In the future, if more internet gateways become operational, and QRM becomes more of a problem, the Scotch Corner Gateway may have to resort to CTCSS tone squelch. Chris, G4FZN will resist this for as long as possible! Incoming signals are re-radiated on 431.200MHz when the gateway is in operation. (see below) Being a simplex system, the gateway cannot relay signals from one radio user in the North East to another radio user in the North East. Most stations in this area are able to hear the other users direct, but there are times when the gateway can hear two stations who can't hear each other. In this situation, a repeater could assist communications BUT a simplex gateway can not help matters. Why is this? Because, unlike a duplex repeater with a frequency split, a simplex gateway cannot transmit and receive at the same time. For this reason, the 70cms frequency (431.200MHz) has been added recently. The output power on 431.200MHz is very low - 3 watts erp - however the audio from the internet is mixed with audio from the two metre receiver and retransmitted on 431.200. At the time of writing, no 70cm receive frequency is available. Hours of Operation During weekdays, the Scotch Corner gateway is active from 7am to 10am, and from 4pm through to midnight. At weekends, operation if from 7am through to 1am without a gap. The RSGB news, read by Jeremy Boot, G4NJH, is transmitted at 10.30am on Sunday mornings. Alternatively, you can click here to listen now in Real Audio. Who is welcome to use it? All licenced amateurs are very welcome to use the gateway. Please bear in mind that after an over, there may be a delay of up to 20secs before the other station replies, and remember that the software is not yet finalized, and subject to continuous improvement. Who has to used it? G7OQX G3RGB G0FXP G3XDI 2E1IAF G0VGZ G0WRP G7NRO G3EKL G3OAL G4ZAT M1CPA M5ERN G0FDA M1ETX G7HDZ M5GUM G6GUW G1RPN G3SZG M1EXU G1ZEA G3TMN G0FBU G4CNK G0OPH G3NOD G3KJX G0FBU M5VIM G1ILB G0NDD G4ORQ M1CPA M0PCB G7BYE G0VSR M5MWF M5ETR G1AZC G7KDX G7MFN G0XA",https://web.archive.org/web/20021109152456/http:/www.geocities.com:80/siliconvalley/1000/roughredline.gif,12,17083,"Scotch Corner Gateway

Scotch Corner Gateway The ""Scotch Corner"" Gateway Key: 1 Time switch 2 Mobile phone in hands-free kit for monitoring audio 3 Yaesu FT2600 2m tcvr 4 Home brew interface 5 Switch mode PSU 6 ISDN terminal adaptor 7 PC - 233 MHz Pentium 8 BT Easyreach pager for emergency shutdown 9 VHF / UHF diplexor 10 70cm TX / Rx (Yes; we do have wallpaper at this QTH - but the gateway is in the loft to keep the xyl happy! ) NoV Holders: G4FZN & G8HQW & 2E1GUN Transmit: 14dBw erp Maximum Deviation: +/- 2.5kHz Antenna: Omnidirectional (vertical polarization) Frequencies: 145.3375MHz & 431.200MHz Identification: Morse Code, 22wpm Audio frequency 459Hz Coverage map of the Scotch Corner Gateway (100kB) The Scotch Corner Gateway operates on 145.3375MHz. eQSO software is usually operated. No repeater shift is required, and no access tones are needed. The gateway operates a simple squelch system, which means any signal on the frequency will be accepted. In the future, if more internet gateways become operational, and QRM becomes more of a problem, the Scotch Corner Gateway may have to resort to CTCSS tone squelch. Chris, G4FZN will resist this for as long as possible! Incoming signals are re-radiated on 431.200MHz when the gateway is in operation. (see below) Being a simplex system, the gateway cannot relay signals from one radio user in the North East to another radio user in the North East. Most stations in this area are able to hear the other users direct, but there are times when the gateway can hear two stations who can't hear each other. In this situation, a repeater could assist communications BUT a simplex gateway can not help matters. Why is this? Because, unlike a duplex repeater with a frequency split, a simplex gateway cannot transmit and receive at the same time. For this reason, the 70cms frequency (431.200MHz) has been added recently. The output power on 431.200MHz is very low - 3 watts erp - however the audio from the internet is mixed with audio from the two metre receiver and retransmitted on 431.200. At the time of writing, no 70cm receive frequency is available. Hours of Operation During weekdays, the Scotch Corner gateway is active from 7am to 10am, and from 4pm through to midnight. At weekends, operation if from 7am through to 1am without a gap. The RSGB news, read by Jeremy Boot, G4NJH, is transmitted at 10.30am on Sunday mornings. Alternatively, you can click here to listen now in Real Audio. Who is welcome to use it? All licenced amateurs are very welcome to use the gateway. Please bear in mind that after an over, there may be a delay of up to 20secs before the other station replies, and remember that the software is not yet finalized, and subject to continuous improvement. Who has to used it? G7OQX G3RGB G0FXP G3XDI 2E1IAF G0VGZ G0WRP G7NRO G3EKL G3OAL G4ZAT M1CPA M5ERN G0FDA M1ETX G7HDZ M5GUM G6GUW G1RPN G3SZG M1EXU G1ZEA G3TMN G0FBU G4CNK G0OPH G3NOD G3KJX G0FBU M5VIM G1ILB G0NDD G4ORQ M1CPA M0PCB G7BYE G0VSR M5MWF M5ETR G1AZC G7KDX G7MFN G0XA"
geocities.com,20021221072740,http://www.geocities.com:80/SiliconValley/1000/gateway.htm,https://web.archive.org/web/20021221072740/http://www.geocities.com:80/SiliconValley/1000/gateway.htm,Scotch Corner Gateway,"Scotch Corner Gateway The ""Scotch Corner"" Gateway Key: 1 Time switch 2 Mobile phone in hands-free kit for monitoring audio 3 Yaesu FT2600 2m tcvr 4 Home brew interface 5 Switch mode PSU 6 ISDN terminal adaptor 7 PC - 233 MHz Pentium 8 BT Easyreach pager for emergency shutdown 9 VHF / UHF diplexor 10 70cm TX / Rx (Yes; we do have wallpaper at this QTH - but the gateway is in the loft to keep the xyl happy! ) NoV Holders: G4FZN & G8HQW & 2E1GUN Transmit: 14dBw erp Maximum Deviation: +/- 2.5kHz Antenna: Omnidirectional (vertical polarization) Frequencies: 145.3375MHz & 431.200MHz Identification: Morse Code, 22wpm Audio frequency 459Hz Coverage map of the Scotch Corner Gateway (100kB) The Scotch Corner Gateway operates on 145.3375MHz. eQSO software is usually operated. No repeater shift is required, and no access tones are needed. The gateway operates a simple squelch system, which means any signal on the frequency will be accepted. In the future, if more internet gateways become operational, and QRM becomes more of a problem, the Scotch Corner Gateway may have to resort to CTCSS tone squelch. Chris, G4FZN will resist this for as long as possible! Incoming signals are re-radiated on 431.200MHz when the gateway is in operation. (see below) Being a simplex system, the gateway cannot relay signals from one radio user in the North East to another radio user in the North East. Most stations in this area are able to hear the other users direct, but there are times when the gateway can hear two stations who can't hear each other. In this situation, a repeater could assist communications BUT a simplex gateway can not help matters. Why is this? Because, unlike a duplex repeater with a frequency split, a simplex gateway cannot transmit and receive at the same time. For this reason, the 70cms frequency (431.200MHz) has been added recently. The output power on 431.200MHz is very low - 3 watts erp - however the audio from the internet is mixed with audio from the two metre receiver and retransmitted on 431.200. At the time of writing, no 70cm receive frequency is available. Hours of Operation During weekdays, the Scotch Corner gateway is active from 7am to 10am, and from 4pm through to midnight. At weekends, operation if from 7am through to 1am without a gap. The RSGB news, read by Jeremy Boot, G4NJH, is transmitted at 10.30am on Sunday mornings. Alternatively, you can click here to listen now in Real Audio. Who is welcome to use it? All licenced amateurs are very welcome to use the gateway. Please bear in mind that after an over, there may be a delay of up to 20secs before the other station replies, and remember that the software is not yet finalized, and subject to continuous improvement. Who has to used it? G7OQX G3RGB G0FXP G3XDI 2E1IAF G0VGZ G0WRP G7NRO G3EKL G3OAL G4ZAT M1CPA M5ERN G0FDA M1ETX G7HDZ M5GUM G6GUW G1RPN G3SZG M1EXU G1ZEA G3TMN G0FBU G4CNK G0OPH G3NOD G3KJX G0FBU M5VIM G1ILB G0NDD G4ORQ M1CPA M0PCB G7BYE G0VSR M5MWF M5ETR G1AZC G7KDX G7MFN G0XA",https://web.archive.org/web/20021221072740/http:/www.geocities.com:80/SiliconValley/1000/roughredline.gif,12,17083,"Scotch Corner Gateway

Scotch Corner Gateway The ""Scotch Corner"" Gateway Key: 1 Time switch 2 Mobile phone in hands-free kit for monitoring audio 3 Yaesu FT2600 2m tcvr 4 Home brew interface 5 Switch mode PSU 6 ISDN terminal adaptor 7 PC - 233 MHz Pentium 8 BT Easyreach pager for emergency shutdown 9 VHF / UHF diplexor 10 70cm TX / Rx (Yes; we do have wallpaper at this QTH - but the gateway is in the loft to keep the xyl happy! ) NoV Holders: G4FZN & G8HQW & 2E1GUN Transmit: 14dBw erp Maximum Deviation: +/- 2.5kHz Antenna: Omnidirectional (vertical polarization) Frequencies: 145.3375MHz & 431.200MHz Identification: Morse Code, 22wpm Audio frequency 459Hz Coverage map of the Scotch Corner Gateway (100kB) The Scotch Corner Gateway operates on 145.3375MHz. eQSO software is usually operated. No repeater shift is required, and no access tones are needed. The gateway operates a simple squelch system, which means any signal on the frequency will be accepted. In the future, if more internet gateways become operational, and QRM becomes more of a problem, the Scotch Corner Gateway may have to resort to CTCSS tone squelch. Chris, G4FZN will resist this for as long as possible! Incoming signals are re-radiated on 431.200MHz when the gateway is in operation. (see below) Being a simplex system, the gateway cannot relay signals from one radio user in the North East to another radio user in the North East. Most stations in this area are able to hear the other users direct, but there are times when the gateway can hear two stations who can't hear each other. In this situation, a repeater could assist communications BUT a simplex gateway can not help matters. Why is this? Because, unlike a duplex repeater with a frequency split, a simplex gateway cannot transmit and receive at the same time. For this reason, the 70cms frequency (431.200MHz) has been added recently. The output power on 431.200MHz is very low - 3 watts erp - however the audio from the internet is mixed with audio from the two metre receiver and retransmitted on 431.200. At the time of writing, no 70cm receive frequency is available. Hours of Operation During weekdays, the Scotch Corner gateway is active from 7am to 10am, and from 4pm through to midnight. At weekends, operation if from 7am through to 1am without a gap. The RSGB news, read by Jeremy Boot, G4NJH, is transmitted at 10.30am on Sunday mornings. Alternatively, you can click here to listen now in Real Audio. Who is welcome to use it? All licenced amateurs are very welcome to use the gateway. Please bear in mind that after an over, there may be a delay of up to 20secs before the other station replies, and remember that the software is not yet finalized, and subject to continuous improvement. Who has to used it? G7OQX G3RGB G0FXP G3XDI 2E1IAF G0VGZ G0WRP G7NRO G3EKL G3OAL G4ZAT M1CPA M5ERN G0FDA M1ETX G7HDZ M5GUM G6GUW G1RPN G3SZG M1EXU G1ZEA G3TMN G0FBU G4CNK G0OPH G3NOD G3KJX G0FBU M5VIM G1ILB G0NDD G4ORQ M1CPA M0PCB G7BYE G0VSR M5MWF M5ETR G1AZC G7KDX G7MFN G0XA"
geocities.com,20090830093624,http://geocities.com/SiliconValley/1000/gateway.htm,https://web.archive.org/web/20090830093624/http://geocities.com/SiliconValley/1000/gateway.htm,Scotch Corner Gateway,"Scotch Corner Gateway The ""Scotch Corner"" Gateway Key: 1 Time switch 2 Mobile phone in hands-free kit for monitoring audio 3 Yaesu FT2600 2m tcvr 4 Home brew interface 5 Switch mode PSU 6 ISDN terminal adaptor 7 PC - 233 MHz Pentium 8 BT Easyreach pager for emergency shutdown 9 VHF / UHF diplexor 10 70cm TX / Rx (Yes; we do have wallpaper at this QTH - but the gateway is in the loft to keep the xyl happy! ) NoV Holders: G4FZN & G8HQW & 2E1GUN Transmit: 14dBw erp Maximum Deviation: +/- 2.5kHz Antenna: Omnidirectional (vertical polarization) Frequencies: 145.3375MHz Identification: Morse Code, 22wpm Audio frequency 459Hz Coverage map of the Scotch Corner Gateway (100kB) The Scotch Corner Gateway operates on 145.3375MHz. eQSO software is operated. No repeater shift is required, and no access tones are needed. The gateway operates a simple squelch system, which means any signal on the frequency will be accepted. In the future, if more internet gateways become operational, and QRM becomes more of a problem, the Scotch Corner Gateway may have to resort to CTCSS tone squelch. Chris, G4FZN will resist this for as long as possible! Being a simplex system, the gateway cannot relay signals from one radio user in the North East to another radio user in the North East. Most stations in this area are able to hear the other users direct, but there are times when the gateway can hear two stations who can't hear each other. In this situation, a repeater could assist communications BUT a simplex gateway can not help matters. Why is this? Because, unlike a duplex repeater with a frequency split, a simplex gateway cannot transmit and receive at the same time. For this reason, the 70cms frequency (431.200MHz) has been added recently. The output power on 431.200MHz is very low - 3 watts erp - however the audio from the internet is mixed with audio from the two metre receiver and retransmitted on 431.200. At the time of writing, no 70cm receive frequency is available. Who is welcome to use it? All licenced amateurs are very welcome to use the gateway. Please bear in mind that after an over, there may be a delay before the other station replies, and remember that the software is not yet finalized, and subject to continuous improvement. Who has to used it? 2E1EYS/M 2E1FFZ 2E1GFL 2E1IAF 2E1JMD 2E1MUG 2E1MUG 2E1USB 2E1XDJ/M G0AOO G0CKI G0EEK G0EYL G0FBU G0FBU G0FDA G0FXP G0FXR G0GBU G0GFG G0GYP G0KGQ G0KVL G0LDD G0LPH G0NDD G0NRK G0OLO G0OPH G0OWS G0PZM G0SBP G0SZR G0TBZ G0UPD/M G0UTP G0VGZ G0VPI G0VSR G0WFF G0WHS G0WRP G0WXC G0XAB G1AZC G1FSH G1ILB G1KOM G1NYN/M G1RPN G1SBK G1ZEA G3EKL G3FHW G3JQL G3KJX G3LUC G3MXZ/M G3MXZ/M G3NOD G3OAL G3RGB G3SZG G3TMN G3TPW G3UHJ G3XDI G4APN G4CNK G4DAX G4GTX G4HHI G4MSF G4ORQ G4TQV G4UHQ G4VCJ G4YMB G4ZAT G4ZVH G6HOW/M G6GUW G6VOC G7BYE G7COC G7CZV G7DOK/M G7HDZ G7KDX G7KFQ/M G7LXQ/M G7MBH G7MBH G7MFN G7NKJ G7NRO G7OQX G7RUR/M G7TFX G7VBD G7VBD G7VGM G7VOT G7VTT G8BNE G8OMG G8YPN M0AVU M0BAR M0BER M0BZX M0CBP M0CGG M0CIC M0DAP/P M0ERN",https://web.archive.org/web/20090830093624/http:/geocities.com/SiliconValley/1000/roughredline.gif,10,17284,"Scotch Corner Gateway

Scotch Corner Gateway The ""Scotch Corner"" Gateway Key: 1 Time switch 2 Mobile phone in hands-free kit for monitoring audio 3 Yaesu FT2600 2m tcvr 4 Home brew interface 5 Switch mode PSU 6 ISDN terminal adaptor 7 PC - 233 MHz Pentium 8 BT Easyreach pager for emergency shutdown 9 VHF / UHF diplexor 10 70cm TX / Rx (Yes; we do have wallpaper at this QTH - but the gateway is in the loft to keep the xyl happy! ) NoV Holders: G4FZN & G8HQW & 2E1GUN Transmit: 14dBw erp Maximum Deviation: +/- 2.5kHz Antenna: Omnidirectional (vertical polarization) Frequencies: 145.3375MHz Identification: Morse Code, 22wpm Audio frequency 459Hz Coverage map of the Scotch Corner Gateway (100kB) The Scotch Corner Gateway operates on 145.3375MHz. eQSO software is operated. No repeater shift is required, and no access tones are needed. The gateway operates a simple squelch system, which means any signal on the frequency will be accepted. In the future, if more internet gateways become operational, and QRM becomes more of a problem, the Scotch Corner Gateway may have to resort to CTCSS tone squelch. Chris, G4FZN will resist this for as long as possible! Being a simplex system, the gateway cannot relay signals from one radio user in the North East to another radio user in the North East. Most stations in this area are able to hear the other users direct, but there are times when the gateway can hear two stations who can't hear each other. In this situation, a repeater could assist communications BUT a simplex gateway can not help matters. Why is this? Because, unlike a duplex repeater with a frequency split, a simplex gateway cannot transmit and receive at the same time. For this reason, the 70cms frequency (431.200MHz) has been added recently. The output power on 431.200MHz is very low - 3 watts erp - however the audio from the internet is mixed with audio from the two metre receiver and retransmitted on 431.200. At the time of writing, no 70cm receive frequency is available. Who is welcome to use it? All licenced amateurs are very welcome to use the gateway. Please bear in mind that after an over, there may be a delay before the other station replies, and remember that the software is not yet finalized, and subject to continuous improvement. Who has to used it? 2E1EYS/M 2E1FFZ 2E1GFL 2E1IAF 2E1JMD 2E1MUG 2E1MUG 2E1USB 2E1XDJ/M G0AOO G0CKI G0EEK G0EYL G0FBU G0FBU G0FDA G0FXP G0FXR G0GBU G0GFG G0GYP G0KGQ G0KVL G0LDD G0LPH G0NDD G0NRK G0OLO G0OPH G0OWS G0PZM G0SBP G0SZR G0TBZ G0UPD/M G0UTP G0VGZ G0VPI G0VSR G0WFF G0WHS G0WRP G0WXC G0XAB G1AZC G1FSH G1ILB G1KOM G1NYN/M G1RPN G1SBK G1ZEA G3EKL G3FHW G3JQL G3KJX G3LUC G3MXZ/M G3MXZ/M G3NOD G3OAL G3RGB G3SZG G3TMN G3TPW G3UHJ G3XDI G4APN G4CNK G4DAX G4GTX G4HHI G4MSF G4ORQ G4TQV G4UHQ G4VCJ G4YMB G4ZAT G4ZVH G6HOW/M G6GUW G6VOC G7BYE G7COC G7CZV G7DOK/M G7HDZ G7KDX G7KFQ/M G7LXQ/M G7MBH G7MBH G7MFN G7NKJ G7NRO G7OQX G7RUR/M G7TFX G7VBD G7VBD G7VGM G7VOT G7VTT G8BNE G8OMG G8YPN M0AVU M0BAR M0BER M0BZX M0CBP M0CGG M0CIC M0DAP/P M0ERN"
geocities.com,20010419075153,http://www.geocities.com:80/SiliconValley/1000/gb3hg.htm,https://web.archive.org/web/20010419075153/http://www.geocities.com:80/SiliconValley/1000/gb3hg.htm,GB3HG 2m repeater,"GB3HG 2m repeater The unofficial GB3HG web site by Chris Kirby, G4FZN Updated September 2000 GB3HG is still located on Bilsdale West Moor, North Yorkshire, IO94ki Frequencies CTCSS Timeout 145.025MHz (Input) / 145.625MHz (output) No CTCSS activation Timeout period - 3 minutes This page used to be hosted at http://www.qsl.net/gb3hg but for some reason it has been made ""forbidden"" !!! New Repeater Site Coverage Map GB3HG is moving QTH to Richmond. A coverage prediction map generated by NTL's Aspect system is now available showing the predicted coverage from the new site at Richmond. There are two versions available, the first is a low resolution map, and the second is a fine detail map suitable for printing. Click here to view the low resolution map. (189kB) (High compression/Poor quality) Click here to view the high resolution map. (925kB) (Recommended for printing) click the right mouse button over the image to save it to disc GB3HG is still poorly ! The repeater (at it's current site) has been suffering from an intermittent interference problem which affects it's receive sensitivity. There is no suggestion that this interference is deliberate, but the exact cause has not yet been identified. Recently, the two folded dipole antennas were changed for open dipoles, and the coax termination at the top of the mast was double checked. Access to the mast costs the group £250 a time. Unfortunately, although the new antennas appear to be working well, the interference problem was not solved. When the interference is occurring, it consists of very sharp strong clicks on the received signal. If enough of these clicks happen, then the squelch closes, and the incoming signal is lost. There is a clear distinction to be heard between a weak signal - such as one might easily obtain by using a Slim Jim - , and a signal suffering due to the repeater's interference. The difference is in the sound of the background noise. The normally weak signal has a constant ""hash"" behind it, whereas an interfered signal has a characteristic ""crackle"". For the interference to manifest, the repeater must also be transmitting. It is not caused by blocking of the receiver (ie. desense) - as blocking causes gaussian noise, not the prickly noise which is heard. However, the effect is similar to that of desense insofar as a station can bring the repeater with a tone burst, but as soon as the repeater keys up, the incoming signal disappears, and the repeater shuts down immediately. ( A continuous transmission of 8 seconds is required to ""latch"" it on ). At a recent meeting of the repeater group (open only to invited members), a decision was taken to relocate the repeater to a site just north of Richmond, in North Yorkshire. The proposed site is used by Fresh AM radio for medium wave transmissions (1413kHz), but there are no other VHF services at the site. There is a mast which belongs to Castle Transmission nearby, but this is not the mast which it is proposed for HG to use. Two areas ",https://web.archive.org/web/20010419075153/http:/www.geocities.com:80/SiliconValley/1000/aniantenna1.gif,3,9789,"GB3HG 2m repeater

GB3HG 2m repeater The unofficial GB3HG web site by Chris Kirby, G4FZN Updated September 2000 GB3HG is still located on Bilsdale West Moor, North Yorkshire, IO94ki Frequencies CTCSS Timeout 145.025MHz (Input) / 145.625MHz (output) No CTCSS activation Timeout period - 3 minutes This page used to be hosted at http://www.qsl.net/gb3hg but for some reason it has been made ""forbidden"" !!! New Repeater Site Coverage Map GB3HG is moving QTH to Richmond. A coverage prediction map generated by NTL's Aspect system is now available showing the predicted coverage from the new site at Richmond. There are two versions available, the first is a low resolution map, and the second is a fine detail map suitable for printing. Click here to view the low resolution map. (189kB) (High compression/Poor quality) Click here to view the high resolution map. (925kB) (Recommended for printing) click the right mouse button over the image to save it to disc GB3HG is still poorly ! The repeater (at it's current site) has been suffering from an intermittent interference problem which affects it's receive sensitivity. There is no suggestion that this interference is deliberate, but the exact cause has not yet been identified. Recently, the two folded dipole antennas were changed for open dipoles, and the coax termination at the top of the mast was double checked. Access to the mast costs the group £250 a time. Unfortunately, although the new antennas appear to be working well, the interference problem was not solved. When the interference is occurring, it consists of very sharp strong clicks on the received signal. If enough of these clicks happen, then the squelch closes, and the incoming signal is lost. There is a clear distinction to be heard between a weak signal - such as one might easily obtain by using a Slim Jim - , and a signal suffering due to the repeater's interference. The difference is in the sound of the background noise. The normally weak signal has a constant ""hash"" behind it, whereas an interfered signal has a characteristic ""crackle"". For the interference to manifest, the repeater must also be transmitting. It is not caused by blocking of the receiver (ie. desense) - as blocking causes gaussian noise, not the prickly noise which is heard. However, the effect is similar to that of desense insofar as a station can bring the repeater with a tone burst, but as soon as the repeater keys up, the incoming signal disappears, and the repeater shuts down immediately. ( A continuous transmission of 8 seconds is required to ""latch"" it on ). At a recent meeting of the repeater group (open only to invited members), a decision was taken to relocate the repeater to a site just north of Richmond, in North Yorkshire. The proposed site is used by Fresh AM radio for medium wave transmissions (1413kHz), but there are no other VHF services at the site. There is a mast which belongs to Castle Transmission nearby, but this is not the mast which it is proposed for HG to use. Two areas"
geocities.com,20090831160445,http://geocities.com/SiliconValley/1000/gb3hg.htm,https://web.archive.org/web/20090831160445/http://geocities.com/SiliconValley/1000/gb3hg.htm,GB3HG 2m repeater,"GB3HG 2m repeater The unofficial GB3HG web site This is the site the repeater group tried to ban! Updated December 2001 GB3HG is still located on Bilsdale West Moor, North Yorkshire, IO94ki Frequencies CTCSS Timeout 145.025MHz (Input) 145.625MHz (Output) None Timeout period - 3 minutes This web site was originally hosted at www.qsl.net but due to a complaint by the secretary of the HG repeater group, Al Waller, who runs the qsl.net service has withdrawn the site. See for yourself --- http://www.qsl.net/gb3hg So much for ""free speech"" on the internet - eh ? Site relocation - soon! Site Clearance has now been obtained for the move to the new repeater site near Bedale, North Yorkshire. A meeting of the repeatwer group will be held in early January 2002, and if the go-ahead is given, you can expect the repater to be moved within days. The former alternative site at Richmond has been abandoned because the group found it difficult to maintain contact with the site owner. New Site Coverage Map I'm working on it! The Repeater Group The repeater is operated by the Harrogate Repeater Group . The group is affiliated to the RSGB , however membership of the repeater group is only available by invitation, and there is a maximum limit of forty members at any time. All membership applications received by the secretary to date have been turned down . Mine was one of them ;-( Voluntary donations are readily accepted from anyone and may be sent to the group treasurer, Brian Tindill, G4HVA, at ""Hunters Moon"", Station Road, Bedale, North Yorks, DL8 1SX. Brian's address is in the RSGB year book. How much should I send? I have been told by one member of the repeater group that the majority of donators give in excess of £20 per annum . The licence for GB3HG is a NOV (Notice of Variation) on the licence of the repeater keeper, Brian Dooks, G0RHI , the group secretary. Technical / Engineering work is carried out by Dave Smith, G4DAX . An impending and substantial site rental increase has forced the group to consider alternative sites. This was the subject of a special general meeting, held on 29 September 1999, in Boroughbridge. The purpose of the meeting was to select a new site for the repeater. Unfortunately, however, the notice convening the meeting was not sent to all members in time, and one member objected, saying he hadn't had enough notice of the meeting, so the formal meeting could not go ahead! However, an informal meeting was held, where it was decided to investigate two further possible sites for the repeater. Interference The repeater has been suffering from an intermittent interference problem which affects it's receive sensitivity. There is no suggestion that this interference is deliberate, but the exact cause has proved difficult to identify. Recently, the two folded dipole antennas were changed for open dipoles, and the coax termination at the top of the mast was double checked. Access to the Bilsdale tv mast costs the group £250 a time. Unfortunately, ",https://web.archive.org/web/20090831160445/http:/geocities.com/SiliconValley/1000/aniantenna1.gif,2,10485,"GB3HG 2m repeater

GB3HG 2m repeater The unofficial GB3HG web site This is the site the repeater group tried to ban! Updated December 2001 GB3HG is still located on Bilsdale West Moor, North Yorkshire, IO94ki Frequencies CTCSS Timeout 145.025MHz (Input) 145.625MHz (Output) None Timeout period - 3 minutes This web site was originally hosted at www.qsl.net but due to a complaint by the secretary of the HG repeater group, Al Waller, who runs the qsl.net service has withdrawn the site. See for yourself --- http://www.qsl.net/gb3hg So much for ""free speech"" on the internet - eh ? Site relocation - soon! Site Clearance has now been obtained for the move to the new repeater site near Bedale, North Yorkshire. A meeting of the repeatwer group will be held in early January 2002, and if the go-ahead is given, you can expect the repater to be moved within days. The former alternative site at Richmond has been abandoned because the group found it difficult to maintain contact with the site owner. New Site Coverage Map I'm working on it! The Repeater Group The repeater is operated by the Harrogate Repeater Group . The group is affiliated to the RSGB , however membership of the repeater group is only available by invitation, and there is a maximum limit of forty members at any time. All membership applications received by the secretary to date have been turned down . Mine was one of them ;-( Voluntary donations are readily accepted from anyone and may be sent to the group treasurer, Brian Tindill, G4HVA, at ""Hunters Moon"", Station Road, Bedale, North Yorks, DL8 1SX. Brian's address is in the RSGB year book. How much should I send? I have been told by one member of the repeater group that the majority of donators give in excess of £20 per annum . The licence for GB3HG is a NOV (Notice of Variation) on the licence of the repeater keeper, Brian Dooks, G0RHI , the group secretary. Technical / Engineering work is carried out by Dave Smith, G4DAX . An impending and substantial site rental increase has forced the group to consider alternative sites. This was the subject of a special general meeting, held on 29 September 1999, in Boroughbridge. The purpose of the meeting was to select a new site for the repeater. Unfortunately, however, the notice convening the meeting was not sent to all members in time, and one member objected, saying he hadn't had enough notice of the meeting, so the formal meeting could not go ahead! However, an informal meeting was held, where it was decided to investigate two further possible sites for the repeater. Interference The repeater has been suffering from an intermittent interference problem which affects it's receive sensitivity. There is no suggestion that this interference is deliberate, but the exact cause has proved difficult to identify. Recently, the two folded dipole antennas were changed for open dipoles, and the coax termination at the top of the mast was double checked. Access to the Bilsdale tv mast costs the group £250 a time. Unfortunately,"
geocities.com,20000302050428,http://www.geocities.com:80/SiliconValley/1000/gps.htm,https://web.archive.org/web/20000302050428/http://www.geocities.com:80/SiliconValley/1000/gps.htm,GPS Page,"GPS Page 31st January 1999 What is GPS ? The Global Positioning System (GPS) consists of 24 satellites in different orbits, each of which takes 12 hours to circle the earth. These satellites transmit information to earth, and can be received by members of the public - without any subscription needed - on a small GPS receiver. A GPS receiver requires visibility of at least three satellites, in order to compute its exact position on the earth's surface. For a three-dimensional fix, four satellites are required. Usually, there are between six and nine satellites ""monitored"" by the receiver. The writer owns a GPS II+. As happens, no sooner had I purchased this unti, that Garmin introduced a GPS III, which contains a complete road map of the UK. I have also seen a GPS III ""pilot"", which is an air based version of the GPS III, and it contains information useful to pilots, such as controlled air space charts, frequencies and air corridors. The GPS market is dominated by two companies, Garmin and Magellan. I have only experience of the Garmin products. If you have a Garmin GPS unit, it is well worth looking on the Garmin web site for updates to the software. My GPS II+ kept switching itself off for no apparent reason (Version 2.04 software), and I found an upgrade. The software is quite easy to upgrade, and full instructions are on the site. I am now running software version 2.07, and the unit no longer switches itself off! Waypoints To plot a course between two points (assuming they are less than a couple of hundred miles apart), you only need the start point, and the end point. Start up the engine, and away you go. However, in real-life, most courses are not as simple as that. At sea, you may wish to navigate around an island (!) or on land, you are forced into following public highways. So a course from A to B may well not be in a straight line. You need to set up a route. To do this, a number of points are chosen - called WAYPOINTS - which are then strung together in a fixed order, and - Hey presto - your route is again defined. Most GPS receivers can be programmed with waypoints. The GPS II+ can hold 500 of them, whereas other models can store 250 or less. Waypoints need not be points along a route, however, they are also used to mark reference points. I use waypoints to mark the location of amateur radio repeater stations, for example. As you move from one area to another, the GPS receiver can display the nearest ""waypoints"" (repeaters), and you always know which channel(s) to listen on for traffic reports. Waypoint files can be created, and uploaded into a GPS receiver using serial ASCII data and a suitable comms package. I use a program written by Garmin, called PCX5, however Procomm, or a similar communications program will do fine. The ASCII file below, which you are welcome to download, is a waypoint (.wpt) file of most of the amateur repeater stations in the UK. ukrptr.wpt Return to Chris Kirby's Home Page",https://web.archive.org/web/20000302050428/http:/www.geocities.com:80/SiliconValley/1000/satellite.gif,6,3885,"GPS Page

GPS Page 31st January 1999 What is GPS ? The Global Positioning System (GPS) consists of 24 satellites in different orbits, each of which takes 12 hours to circle the earth. These satellites transmit information to earth, and can be received by members of the public - without any subscription needed - on a small GPS receiver. A GPS receiver requires visibility of at least three satellites, in order to compute its exact position on the earth's surface. For a three-dimensional fix, four satellites are required. Usually, there are between six and nine satellites ""monitored"" by the receiver. The writer owns a GPS II+. As happens, no sooner had I purchased this unti, that Garmin introduced a GPS III, which contains a complete road map of the UK. I have also seen a GPS III ""pilot"", which is an air based version of the GPS III, and it contains information useful to pilots, such as controlled air space charts, frequencies and air corridors. The GPS market is dominated by two companies, Garmin and Magellan. I have only experience of the Garmin products. If you have a Garmin GPS unit, it is well worth looking on the Garmin web site for updates to the software. My GPS II+ kept switching itself off for no apparent reason (Version 2.04 software), and I found an upgrade. The software is quite easy to upgrade, and full instructions are on the site. I am now running software version 2.07, and the unit no longer switches itself off! Waypoints To plot a course between two points (assuming they are less than a couple of hundred miles apart), you only need the start point, and the end point. Start up the engine, and away you go. However, in real-life, most courses are not as simple as that. At sea, you may wish to navigate around an island (!) or on land, you are forced into following public highways. So a course from A to B may well not be in a straight line. You need to set up a route. To do this, a number of points are chosen - called WAYPOINTS - which are then strung together in a fixed order, and - Hey presto - your route is again defined. Most GPS receivers can be programmed with waypoints. The GPS II+ can hold 500 of them, whereas other models can store 250 or less. Waypoints need not be points along a route, however, they are also used to mark reference points. I use waypoints to mark the location of amateur radio repeater stations, for example. As you move from one area to another, the GPS receiver can display the nearest ""waypoints"" (repeaters), and you always know which channel(s) to listen on for traffic reports. Waypoint files can be created, and uploaded into a GPS receiver using serial ASCII data and a suitable comms package. I use a program written by Garmin, called PCX5, however Procomm, or a similar communications program will do fine. The ASCII file below, which you are welcome to download, is a waypoint (.wpt) file of most of the amateur repeater stations in the UK. ukrptr.wpt Return to Chris Kirby's Home Page"
geocities.com,19990128005251,http://www7.geocities.com:80/RodeoDrive/,https://web.archive.org/web/19990128005251/http://www7.geocities.com:80/RodeoDrive/,GeoCities - RodeoDrive,"GeoCities - RodeoDrive Other Neighborhoods Great GeoShops Get a Virtual Office Explore The Suburbs: Choose a suburb RodeoDrive Mall Outlet Yahoo: Companies Search: GeoCities RodeoDrive Password: Free Stuff Home Help Info • Home & Living • Women Join This Neighborhood today! It's Free. Hood Happenings Business Chat | Business Forum Shopping addicts: Do you enjoy shopping? How about helping others? If you answered yes to both questions, then you should consider becoming a RodeoDrive Community Leader! Surf the Net with Networds - Create Free Networds for every GeoCities and Internet location you visit. They will be available instantly to everyone on the Net. Use Networds and share them with others. Show off your window: Go to the RodeoDrive Contest Page to find out how you can design your own holiday window. Getting Involved Community Leaders If you need GeoCities help or want to get more involved in your neighborhood, these are the people to ask. Blueprint We've created a zine to help you build better home pages. Check in every month for lots of tips and tricks! Landmark Sites Places to stop when you're surfing that info superhighway known as GeoCities. Landmarks are sites we consider the best of the best. [Join] [Help] [Info] [Home] [Avenues] [Neighborhoods] [Members] [Shopping Center] [Search] © 1995 - 1999 GeoCities. All rights reserved",http://pic.geocities.com/images/neighborhoods/geologo_neighborhood.gif,14,12257,"GeoCities - RodeoDrive

GeoCities - RodeoDrive Other Neighborhoods Great GeoShops Get a Virtual Office Explore The Suburbs: Choose a suburb RodeoDrive Mall Outlet Yahoo: Companies Search: GeoCities RodeoDrive Password: Free Stuff Home Help Info • Home & Living • Women Join This Neighborhood today! It's Free. Hood Happenings Business Chat | Business Forum Shopping addicts: Do you enjoy shopping? How about helping others? If you answered yes to both questions, then you should consider becoming a RodeoDrive Community Leader! Surf the Net with Networds - Create Free Networds for every GeoCities and Internet location you visit. They will be available instantly to everyone on the Net. Use Networds and share them with others. Show off your window: Go to the RodeoDrive Contest Page to find out how you can design your own holiday window. Getting Involved Community Leaders If you need GeoCities help or want to get more involved in your neighborhood, these are the people to ask. Blueprint We've created a zine to help you build better home pages. Check in every month for lots of tips and tricks! Landmark Sites Places to stop when you're surfing that info superhighway known as GeoCities. Landmarks are sites we consider the best of the best. [Join] [Help] [Info] [Home] [Avenues] [Neighborhoods] [Members] [Shopping Center] [Search] © 1995 - 1999 GeoCities. All rights reserved"
geocities.com,19990202070530,http://www.geocities.com:80/RodeoDrive/,https://web.archive.org/web/19990202070530/http://www.geocities.com:80/RodeoDrive/,GeoCities - RodeoDrive,"GeoCities - RodeoDrive Other Neighborhoods Great GeoShops Get a Virtual Office Explore The Suburbs: Choose a suburb RodeoDrive Mall Outlet Yahoo: Companies Search: GeoCities RodeoDrive Password: Free Stuff Home Help Info • Home & Living • Women Join This Neighborhood today! It's Free. Hood Happenings Business Chat | Business Forum Shopping addicts: Do you enjoy shopping? How about helping others? If you answered yes to both questions, then you should consider becoming a RodeoDrive Community Leader! Surf the Net with Networds - Create Free Networds for every GeoCities and Internet location you visit. They will be available instantly to everyone on the Net. Use Networds and share them with others. What's happening in the hood: Find out what is happening in RodeoDrive at the Community Center . Getting Involved Community Leaders If you need GeoCities help or want to get more involved in your neighborhood, these are the people to ask. Blueprint We've created a zine to help you build better home pages. Check in every month for lots of tips and tricks! Landmark Sites Places to stop when you're surfing that info superhighway known as GeoCities. Landmarks are sites we consider the best of the best. [Join] [Help] [Info] [Home] [Avenues] [Neighborhoods] [Members] [Shopping Center] [Search] © 1995 - 1999 GeoCities. All rights reserved",http://pic.geocities.com/images/neighborhoods/geologo_neighborhood.gif,14,12216,"GeoCities - RodeoDrive

GeoCities - RodeoDrive Other Neighborhoods Great GeoShops Get a Virtual Office Explore The Suburbs: Choose a suburb RodeoDrive Mall Outlet Yahoo: Companies Search: GeoCities RodeoDrive Password: Free Stuff Home Help Info • Home & Living • Women Join This Neighborhood today! It's Free. Hood Happenings Business Chat | Business Forum Shopping addicts: Do you enjoy shopping? How about helping others? If you answered yes to both questions, then you should consider becoming a RodeoDrive Community Leader! Surf the Net with Networds - Create Free Networds for every GeoCities and Internet location you visit. They will be available instantly to everyone on the Net. Use Networds and share them with others. What's happening in the hood: Find out what is happening in RodeoDrive at the Community Center . Getting Involved Community Leaders If you need GeoCities help or want to get more involved in your neighborhood, these are the people to ask. Blueprint We've created a zine to help you build better home pages. Check in every month for lots of tips and tricks! Landmark Sites Places to stop when you're surfing that info superhighway known as GeoCities. Landmarks are sites we consider the best of the best. [Join] [Help] [Info] [Home] [Avenues] [Neighborhoods] [Members] [Shopping Center] [Search] © 1995 - 1999 GeoCities. All rights reserved"
geocities.com,19990202092703,http://www18.geocities.com:80/RodeoDrive/,https://web.archive.org/web/19990202092703/http://www18.geocities.com:80/RodeoDrive/,GeoCities - RodeoDrive,"GeoCities - RodeoDrive Other Neighborhoods Great GeoShops Get a Virtual Office Explore The Suburbs: Choose a suburb RodeoDrive Mall Outlet Yahoo: Companies Search: GeoCities RodeoDrive Password: Free Stuff Home Help Info • Home & Living • Women Join This Neighborhood today! It's Free. Hood Happenings Business Chat | Business Forum Shopping addicts: Do you enjoy shopping? How about helping others? If you answered yes to both questions, then you should consider becoming a RodeoDrive Community Leader! Surf the Net with Networds - Create Free Networds for every GeoCities and Internet location you visit. They will be available instantly to everyone on the Net. Use Networds and share them with others. What's happening in the hood: Find out what is happening in RodeoDrive at the Community Center . Getting Involved Community Leaders If you need GeoCities help or want to get more involved in your neighborhood, these are the people to ask. Blueprint We've created a zine to help you build better home pages. Check in every month for lots of tips and tricks! Landmark Sites Places to stop when you're surfing that info superhighway known as GeoCities. Landmarks are sites we consider the best of the best. [Join] [Help] [Info] [Home] [Avenues] [Neighborhoods] [Members] [Shopping Center] [Search] © 1995 - 1999 GeoCities. All rights reserved",http://pic.geocities.com/images/neighborhoods/geologo_neighborhood.gif,14,12216,"GeoCities - RodeoDrive

GeoCities - RodeoDrive Other Neighborhoods Great GeoShops Get a Virtual Office Explore The Suburbs: Choose a suburb RodeoDrive Mall Outlet Yahoo: Companies Search: GeoCities RodeoDrive Password: Free Stuff Home Help Info • Home & Living • Women Join This Neighborhood today! It's Free. Hood Happenings Business Chat | Business Forum Shopping addicts: Do you enjoy shopping? How about helping others? If you answered yes to both questions, then you should consider becoming a RodeoDrive Community Leader! Surf the Net with Networds - Create Free Networds for every GeoCities and Internet location you visit. They will be available instantly to everyone on the Net. Use Networds and share them with others. What's happening in the hood: Find out what is happening in RodeoDrive at the Community Center . Getting Involved Community Leaders If you need GeoCities help or want to get more involved in your neighborhood, these are the people to ask. Blueprint We've created a zine to help you build better home pages. Check in every month for lots of tips and tricks! Landmark Sites Places to stop when you're surfing that info superhighway known as GeoCities. Landmarks are sites we consider the best of the best. [Join] [Help] [Info] [Home] [Avenues] [Neighborhoods] [Members] [Shopping Center] [Search] © 1995 - 1999 GeoCities. All rights reserved"
geocities.com,19990202172501,http://www19.geocities.com:80/RodeoDrive/,https://web.archive.org/web/19990202172501/http://www19.geocities.com:80/RodeoDrive/,GeoCities - RodeoDrive,"GeoCities - RodeoDrive Other Neighborhoods Great GeoShops Get a Virtual Office Explore The Suburbs: Choose a suburb RodeoDrive Mall Outlet Yahoo: Companies Search: GeoCities RodeoDrive Password: Free Stuff Home Help Info • Home & Living • Women Join This Neighborhood today! It's Free. Hood Happenings Business Chat | Business Forum Shopping addicts: Do you enjoy shopping? How about helping others? If you answered yes to both questions, then you should consider becoming a RodeoDrive Community Leader! Surf the Net with Networds - Create Free Networds for every GeoCities and Internet location you visit. They will be available instantly to everyone on the Net. Use Networds and share them with others. What's happening in the hood: Find out what is happening in RodeoDrive at the Community Center . Getting Involved Community Leaders If you need GeoCities help or want to get more involved in your neighborhood, these are the people to ask. Blueprint We've created a zine to help you build better home pages. Check in every month for lots of tips and tricks! Landmark Sites Places to stop when you're surfing that info superhighway known as GeoCities. Landmarks are sites we consider the best of the best. [Join] [Help] [Info] [Home] [Avenues] [Neighborhoods] [Members] [Shopping Center] [Search] © 1995 - 1999 GeoCities. All rights reserved",http://pic.geocities.com/images/neighborhoods/geologo_neighborhood.gif,14,12190,"GeoCities - RodeoDrive

GeoCities - RodeoDrive Other Neighborhoods Great GeoShops Get a Virtual Office Explore The Suburbs: Choose a suburb RodeoDrive Mall Outlet Yahoo: Companies Search: GeoCities RodeoDrive Password: Free Stuff Home Help Info • Home & Living • Women Join This Neighborhood today! It's Free. Hood Happenings Business Chat | Business Forum Shopping addicts: Do you enjoy shopping? How about helping others? If you answered yes to both questions, then you should consider becoming a RodeoDrive Community Leader! Surf the Net with Networds - Create Free Networds for every GeoCities and Internet location you visit. They will be available instantly to everyone on the Net. Use Networds and share them with others. What's happening in the hood: Find out what is happening in RodeoDrive at the Community Center . Getting Involved Community Leaders If you need GeoCities help or want to get more involved in your neighborhood, these are the people to ask. Blueprint We've created a zine to help you build better home pages. Check in every month for lots of tips and tricks! Landmark Sites Places to stop when you're surfing that info superhighway known as GeoCities. Landmarks are sites we consider the best of the best. [Join] [Help] [Info] [Home] [Avenues] [Neighborhoods] [Members] [Shopping Center] [Search] © 1995 - 1999 GeoCities. All rights reserved"
geocities.com,19990203100018,http://www2.geocities.com:80/RodeoDrive/,https://web.archive.org/web/19990203100018/http://www2.geocities.com:80/RodeoDrive/,GeoCities - RodeoDrive,"GeoCities - RodeoDrive Other Neighborhoods Great GeoShops Get a Virtual Office Explore The Suburbs: Choose a suburb RodeoDrive Mall Outlet Yahoo: Companies Search: GeoCities RodeoDrive Password: Free Stuff Home Help Info • Home & Living • Women Join This Neighborhood today! It's Free. Hood Happenings Business Chat | Business Forum Shopping addicts: Do you enjoy shopping? How about helping others? If you answered yes to both questions, then you should consider becoming a RodeoDrive Community Leader! Surf the Net with Networds - Create Free Networds for every GeoCities and Internet location you visit. They will be available instantly to everyone on the Net. Use Networds and share them with others. What's happening in the hood: Find out what is happening in RodeoDrive at the Community Center . Getting Involved Community Leaders If you need GeoCities help or want to get more involved in your neighborhood, these are the people to ask. Blueprint We've created a zine to help you build better home pages. Check in every month for lots of tips and tricks! Landmark Sites Places to stop when you're surfing that info superhighway known as GeoCities. Landmarks are sites we consider the best of the best. [Join] [Help] [Info] [Home] [Avenues] [Neighborhoods] [Members] [Shopping Center] [Search] © 1995 - 1999 GeoCities. All rights reserved",http://pic.geocities.com/images/neighborhoods/geologo_neighborhood.gif,14,12193,"GeoCities - RodeoDrive

GeoCities - RodeoDrive Other Neighborhoods Great GeoShops Get a Virtual Office Explore The Suburbs: Choose a suburb RodeoDrive Mall Outlet Yahoo: Companies Search: GeoCities RodeoDrive Password: Free Stuff Home Help Info • Home & Living • Women Join This Neighborhood today! It's Free. Hood Happenings Business Chat | Business Forum Shopping addicts: Do you enjoy shopping? How about helping others? If you answered yes to both questions, then you should consider becoming a RodeoDrive Community Leader! Surf the Net with Networds - Create Free Networds for every GeoCities and Internet location you visit. They will be available instantly to everyone on the Net. Use Networds and share them with others. What's happening in the hood: Find out what is happening in RodeoDrive at the Community Center . Getting Involved Community Leaders If you need GeoCities help or want to get more involved in your neighborhood, these are the people to ask. Blueprint We've created a zine to help you build better home pages. Check in every month for lots of tips and tricks! Landmark Sites Places to stop when you're surfing that info superhighway known as GeoCities. Landmarks are sites we consider the best of the best. [Join] [Help] [Info] [Home] [Avenues] [Neighborhoods] [Members] [Shopping Center] [Search] © 1995 - 1999 GeoCities. All rights reserved"
geocities.com,19990203193117,http://geocities.com:80/RodeoDrive/,https://web.archive.org/web/19990203193117/http://geocities.com:80/RodeoDrive/,GeoCities - RodeoDrive,"GeoCities - RodeoDrive Other Neighborhoods Great GeoShops Get a Virtual Office Explore The Suburbs: Choose a suburb RodeoDrive Mall Outlet Yahoo: Companies Search: GeoCities RodeoDrive Password: Free Stuff Home Help Info • Home & Living • Women Join This Neighborhood today! It's Free. Hood Happenings Business Chat | Business Forum Shopping addicts: Do you enjoy shopping? How about helping others? If you answered yes to both questions, then you should consider becoming a RodeoDrive Community Leader! Surf the Net with Networds - Create Free Networds for every GeoCities and Internet location you visit. They will be available instantly to everyone on the Net. Use Networds and share them with others. What's happening in the hood: Find out what is happening in RodeoDrive at the Community Center . Getting Involved Community Leaders If you need GeoCities help or want to get more involved in your neighborhood, these are the people to ask. Blueprint We've created a zine to help you build better home pages. Check in every month for lots of tips and tricks! Landmark Sites Places to stop when you're surfing that info superhighway known as GeoCities. Landmarks are sites we consider the best of the best. [Join] [Help] [Info] [Home] [Avenues] [Neighborhoods] [Members] [Shopping Center] [Search] © 1995 - 1999 GeoCities. All rights reserved",http://pic.geocities.com/images/neighborhoods/geologo_neighborhood.gif,14,12190,"GeoCities - RodeoDrive

GeoCities - RodeoDrive Other Neighborhoods Great GeoShops Get a Virtual Office Explore The Suburbs: Choose a suburb RodeoDrive Mall Outlet Yahoo: Companies Search: GeoCities RodeoDrive Password: Free Stuff Home Help Info • Home & Living • Women Join This Neighborhood today! It's Free. Hood Happenings Business Chat | Business Forum Shopping addicts: Do you enjoy shopping? How about helping others? If you answered yes to both questions, then you should consider becoming a RodeoDrive Community Leader! Surf the Net with Networds - Create Free Networds for every GeoCities and Internet location you visit. They will be available instantly to everyone on the Net. Use Networds and share them with others. What's happening in the hood: Find out what is happening in RodeoDrive at the Community Center . Getting Involved Community Leaders If you need GeoCities help or want to get more involved in your neighborhood, these are the people to ask. Blueprint We've created a zine to help you build better home pages. Check in every month for lots of tips and tricks! Landmark Sites Places to stop when you're surfing that info superhighway known as GeoCities. Landmarks are sites we consider the best of the best. [Join] [Help] [Info] [Home] [Avenues] [Neighborhoods] [Members] [Shopping Center] [Search] © 1995 - 1999 GeoCities. All rights reserved"
geocities.com,19990203223558,http://www5.geocities.com:80/RodeoDrive/,https://web.archive.org/web/19990203223558/http://www5.geocities.com:80/RodeoDrive/,GeoCities - RodeoDrive,"GeoCities - RodeoDrive Other Neighborhoods Great GeoShops Get a Virtual Office Explore The Suburbs: Choose a suburb RodeoDrive Mall Outlet Yahoo: Companies Search: GeoCities RodeoDrive Password: Free Stuff Home Help Info • Home & Living • Women Join This Neighborhood today! It's Free. Hood Happenings Business Chat | Business Forum Shopping addicts: Do you enjoy shopping? How about helping others? If you answered yes to both questions, then you should consider becoming a RodeoDrive Community Leader! Surf the Net with Networds - Create Free Networds for every GeoCities and Internet location you visit. They will be available instantly to everyone on the Net. Use Networds and share them with others. What's happening in the hood: Find out what is happening in RodeoDrive at the Community Center . Getting Involved Community Leaders If you need GeoCities help or want to get more involved in your neighborhood, these are the people to ask. Blueprint We've created a zine to help you build better home pages. Check in every month for lots of tips and tricks! Landmark Sites Places to stop when you're surfing that info superhighway known as GeoCities. Landmarks are sites we consider the best of the best. [Join] [Help] [Info] [Home] [Avenues] [Neighborhoods] [Members] [Shopping Center] [Search] © 1995 - 1999 GeoCities. All rights reserved",http://pic.geocities.com/images/neighborhoods/geologo_neighborhood.gif,14,12216,"GeoCities - RodeoDrive

GeoCities - RodeoDrive Other Neighborhoods Great GeoShops Get a Virtual Office Explore The Suburbs: Choose a suburb RodeoDrive Mall Outlet Yahoo: Companies Search: GeoCities RodeoDrive Password: Free Stuff Home Help Info • Home & Living • Women Join This Neighborhood today! It's Free. Hood Happenings Business Chat | Business Forum Shopping addicts: Do you enjoy shopping? How about helping others? If you answered yes to both questions, then you should consider becoming a RodeoDrive Community Leader! Surf the Net with Networds - Create Free Networds for every GeoCities and Internet location you visit. They will be available instantly to everyone on the Net. Use Networds and share them with others. What's happening in the hood: Find out what is happening in RodeoDrive at the Community Center . Getting Involved Community Leaders If you need GeoCities help or want to get more involved in your neighborhood, these are the people to ask. Blueprint We've created a zine to help you build better home pages. Check in every month for lots of tips and tricks! Landmark Sites Places to stop when you're surfing that info superhighway known as GeoCities. Landmarks are sites we consider the best of the best. [Join] [Help] [Info] [Home] [Avenues] [Neighborhoods] [Members] [Shopping Center] [Search] © 1995 - 1999 GeoCities. All rights reserved"
geocities.com,19990209043015,http://www6.geocities.com:80/RodeoDrive/,https://web.archive.org/web/19990209043015/http://www6.geocities.com:80/RodeoDrive/,GeoCities - RodeoDrive,"GeoCities - RodeoDrive Instant Credit Apply Now! Up to 40% off related books from Amazon.com Visit Surplus Auction $5.00 off for Music Lovers@ CDnow Other Neighborhoods Great GeoShops Get a Virtual Office Explore The Suburbs: Choose a suburb RodeoDrive Mall Outlet Yahoo: Companies Search: GeoCities RodeoDrive Password: Free Stuff Home Help Info • Home & Living • Women Join This Neighborhood today! It's Free. Hood Happenings Business Chat | Business Forum Shopping addicts: Do you enjoy shopping? How about helping others? If you answered yes to both questions, then you should consider becoming a RodeoDrive Community Leader! Surf the Net with Networds - Create Free Networds for every GeoCities and Internet location you visit. They will be available instantly to everyone on the Net. Use Networds and share them with others. What's happening in the hood: Find out what is happening in RodeoDrive at the Community Center . Getting Involved Community Leaders If you need GeoCities help or want to get more involved in your neighborhood, these are the people to ask. Blueprint We've created a zine to help you build better home pages. Check in every month for lots of tips and tricks! Landmark Sites Places to stop when you're surfing that info superhighway known as GeoCities. Landmarks are sites we consider the best of the best. [Join] [Help] [Info] [Home] [Avenues] [Neighborhoods] [Members] [Shopping Center] [Search] © 1995 - 1999 GeoCities. All rights reserved",http://pic.geocities.com/images/neighborhoods/geologo_neighborhood.gif,18,14000,"GeoCities - RodeoDrive

GeoCities - RodeoDrive Instant Credit Apply Now! Up to 40% off related books from Amazon.com Visit Surplus Auction $5.00 off for Music Lovers@ CDnow Other Neighborhoods Great GeoShops Get a Virtual Office Explore The Suburbs: Choose a suburb RodeoDrive Mall Outlet Yahoo: Companies Search: GeoCities RodeoDrive Password: Free Stuff Home Help Info • Home & Living • Women Join This Neighborhood today! It's Free. Hood Happenings Business Chat | Business Forum Shopping addicts: Do you enjoy shopping? How about helping others? If you answered yes to both questions, then you should consider becoming a RodeoDrive Community Leader! Surf the Net with Networds - Create Free Networds for every GeoCities and Internet location you visit. They will be available instantly to everyone on the Net. Use Networds and share them with others. What's happening in the hood: Find out what is happening in RodeoDrive at the Community Center . Getting Involved Community Leaders If you need GeoCities help or want to get more involved in your neighborhood, these are the people to ask. Blueprint We've created a zine to help you build better home pages. Check in every month for lots of tips and tricks! Landmark Sites Places to stop when you're surfing that info superhighway known as GeoCities. Landmarks are sites we consider the best of the best. [Join] [Help] [Info] [Home] [Avenues] [Neighborhoods] [Members] [Shopping Center] [Search] © 1995 - 1999 GeoCities. All rights reserved"
geocities.com,19990218191057,http://www20.geocities.com:80/RodeoDrive/,https://web.archive.org/web/19990218191057/http://www20.geocities.com:80/RodeoDrive/,GeoCities - RodeoDrive,"GeoCities - RodeoDrive $5.00 off music at CDnow! Instant Credit Apply Now! Up to 40% off related books from Amazon.com Visit Surplus Auction Other Neighborhoods Great GeoShops Get a Virtual Office Explore The Suburbs: Choose a suburb RodeoDrive Boutique Mall Outlet Yahoo: Companies Search: GeoCities RodeoDrive Password: Free Stuff Home Help Info • Home & Living • Women Join This Neighborhood today! It's Free. Hood Happenings Business Chat | Business Forum Shopping addicts: Do you enjoy shopping? How about helping others? If you answered yes to both questions, then you should consider becoming a RodeoDrive Community Leader! Surf the Net with Networds - Create Free Networds for every GeoCities and Internet location you visit. They will be available instantly to everyone on the Net. Use Networds and share them with others. What's happening in the hood: Find out what is happening in RodeoDrive at the Community Center . Getting Involved Community Leaders If you need GeoCities help or want to get more involved in your neighborhood, these are the people to ask. Blueprint We've created a zine to help you build better home pages. Check in every month for lots of tips and tricks! Landmark Sites Places to stop when you're surfing that info superhighway known as GeoCities. Landmarks are sites we consider the best of the best. [Join] [Help] [Info] [Home] [Avenues] [Neighborhoods] [Members] [Shopping Center] [Search] © 1995 - 1999 GeoCities. All rights reserved",http://pic.geocities.com/images/neighborhoods/geologo_neighborhood.gif,18,14047,"GeoCities - RodeoDrive

GeoCities - RodeoDrive $5.00 off music at CDnow! Instant Credit Apply Now! Up to 40% off related books from Amazon.com Visit Surplus Auction Other Neighborhoods Great GeoShops Get a Virtual Office Explore The Suburbs: Choose a suburb RodeoDrive Boutique Mall Outlet Yahoo: Companies Search: GeoCities RodeoDrive Password: Free Stuff Home Help Info • Home & Living • Women Join This Neighborhood today! It's Free. Hood Happenings Business Chat | Business Forum Shopping addicts: Do you enjoy shopping? How about helping others? If you answered yes to both questions, then you should consider becoming a RodeoDrive Community Leader! Surf the Net with Networds - Create Free Networds for every GeoCities and Internet location you visit. They will be available instantly to everyone on the Net. Use Networds and share them with others. What's happening in the hood: Find out what is happening in RodeoDrive at the Community Center . Getting Involved Community Leaders If you need GeoCities help or want to get more involved in your neighborhood, these are the people to ask. Blueprint We've created a zine to help you build better home pages. Check in every month for lots of tips and tricks! Landmark Sites Places to stop when you're surfing that info superhighway known as GeoCities. Landmarks are sites we consider the best of the best. [Join] [Help] [Info] [Home] [Avenues] [Neighborhoods] [Members] [Shopping Center] [Search] © 1995 - 1999 GeoCities. All rights reserved"
geocities.com,19990220005827,http://www11.geocities.com:80/RodeoDrive/,https://web.archive.org/web/19990220005827/http://www11.geocities.com:80/RodeoDrive/,GeoCities - RodeoDrive,"GeoCities - RodeoDrive $5.00 off music at CDnow! Instant Credit Apply Now! Up to 40% off related books from Amazon.com Visit Surplus Auction Other Neighborhoods Great GeoShops Get a Virtual Office Explore The Suburbs: Choose a suburb RodeoDrive Boutique Mall Outlet Yahoo: Companies Search: GeoCities RodeoDrive Password: Free Stuff Home Help Info • Home & Living • Women Join This Neighborhood today! It's Free. Hood Happenings Business Chat | Business Forum Shopping addicts: Do you enjoy shopping? How about helping others? If you answered yes to both questions, then you should consider becoming a RodeoDrive Community Leader! Surf the Net with Networds - Create Free Networds for every GeoCities and Internet location you visit. They will be available instantly to everyone on the Net. Use Networds and share them with others. What's happening in the hood: Find out what is happening in RodeoDrive at the Community Center . Getting Involved Community Leaders If you need GeoCities help or want to get more involved in your neighborhood, these are the people to ask. Blueprint We've created a zine to help you build better home pages. Check in every month for lots of tips and tricks! Landmark Sites Places to stop when you're surfing that info superhighway known as GeoCities. Landmarks are sites we consider the best of the best. [Join] [Help] [Info] [Home] [Avenues] [Neighborhoods] [Members] [Shopping Center] [Search] © 1995 - 1999 GeoCities. All rights reserved",http://pic.geocities.com/images/neighborhoods/geologo_neighborhood.gif,18,14020,"GeoCities - RodeoDrive

GeoCities - RodeoDrive $5.00 off music at CDnow! Instant Credit Apply Now! Up to 40% off related books from Amazon.com Visit Surplus Auction Other Neighborhoods Great GeoShops Get a Virtual Office Explore The Suburbs: Choose a suburb RodeoDrive Boutique Mall Outlet Yahoo: Companies Search: GeoCities RodeoDrive Password: Free Stuff Home Help Info • Home & Living • Women Join This Neighborhood today! It's Free. Hood Happenings Business Chat | Business Forum Shopping addicts: Do you enjoy shopping? How about helping others? If you answered yes to both questions, then you should consider becoming a RodeoDrive Community Leader! Surf the Net with Networds - Create Free Networds for every GeoCities and Internet location you visit. They will be available instantly to everyone on the Net. Use Networds and share them with others. What's happening in the hood: Find out what is happening in RodeoDrive at the Community Center . Getting Involved Community Leaders If you need GeoCities help or want to get more involved in your neighborhood, these are the people to ask. Blueprint We've created a zine to help you build better home pages. Check in every month for lots of tips and tricks! Landmark Sites Places to stop when you're surfing that info superhighway known as GeoCities. Landmarks are sites we consider the best of the best. [Join] [Help] [Info] [Home] [Avenues] [Neighborhoods] [Members] [Shopping Center] [Search] © 1995 - 1999 GeoCities. All rights reserved"
geocities.com,19990220082303,http://www14.geocities.com:80/RodeoDrive/,https://web.archive.org/web/19990220082303/http://www14.geocities.com:80/RodeoDrive/,GeoCities - RodeoDrive,"GeoCities - RodeoDrive Up to 40% off related books from Amazon.com Visit Surplus Auction $5.00 off music at CDnow! Instant Credit Apply Now! Other Neighborhoods Great GeoShops Get a Virtual Office Explore The Suburbs: Choose a suburb RodeoDrive Boutique Mall Outlet Yahoo: Companies Search: GeoCities RodeoDrive Password: Free Stuff Home Help Info • Home & Living • Women Join This Neighborhood today! It's Free. Hood Happenings Business Chat | Business Forum Shopping addicts: Do you enjoy shopping? How about helping others? If you answered yes to both questions, then you should consider becoming a RodeoDrive Community Leader! Surf the Net with Networds - Create Free Networds for every GeoCities and Internet location you visit. They will be available instantly to everyone on the Net. Use Networds and share them with others. What's happening in the hood: Find out what is happening in RodeoDrive at the Community Center . Getting Involved Community Leaders If you need GeoCities help or want to get more involved in your neighborhood, these are the people to ask. Blueprint We've created a zine to help you build better home pages. Check in every month for lots of tips and tricks! Landmark Sites Places to stop when you're surfing that info superhighway known as GeoCities. Landmarks are sites we consider the best of the best. [Join] [Help] [Info] [Home] [Avenues] [Neighborhoods] [Members] [Shopping Center] [Search] © 1995 - 1999 GeoCities. All rights reserved",http://pic.geocities.com/images/neighborhoods/geologo_neighborhood.gif,18,14020,"GeoCities - RodeoDrive

GeoCities - RodeoDrive Up to 40% off related books from Amazon.com Visit Surplus Auction $5.00 off music at CDnow! Instant Credit Apply Now! Other Neighborhoods Great GeoShops Get a Virtual Office Explore The Suburbs: Choose a suburb RodeoDrive Boutique Mall Outlet Yahoo: Companies Search: GeoCities RodeoDrive Password: Free Stuff Home Help Info • Home & Living • Women Join This Neighborhood today! It's Free. Hood Happenings Business Chat | Business Forum Shopping addicts: Do you enjoy shopping? How about helping others? If you answered yes to both questions, then you should consider becoming a RodeoDrive Community Leader! Surf the Net with Networds - Create Free Networds for every GeoCities and Internet location you visit. They will be available instantly to everyone on the Net. Use Networds and share them with others. What's happening in the hood: Find out what is happening in RodeoDrive at the Community Center . Getting Involved Community Leaders If you need GeoCities help or want to get more involved in your neighborhood, these are the people to ask. Blueprint We've created a zine to help you build better home pages. Check in every month for lots of tips and tricks! Landmark Sites Places to stop when you're surfing that info superhighway known as GeoCities. Landmarks are sites we consider the best of the best. [Join] [Help] [Info] [Home] [Avenues] [Neighborhoods] [Members] [Shopping Center] [Search] © 1995 - 1999 GeoCities. All rights reserved"
geocities.com,19990220131610,http://www12.geocities.com:80/RodeoDrive/,https://web.archive.org/web/19990220131610/http://www12.geocities.com:80/RodeoDrive/,GeoCities - RodeoDrive,"GeoCities - RodeoDrive Instant Credit Apply Now! Up to 40% off related books from Amazon.com Visit Surplus Auction $5.00 off music at CDnow! Other Neighborhoods Great GeoShops Get a Virtual Office Explore The Suburbs: Choose a suburb RodeoDrive Boutique Mall Outlet Yahoo: Companies Search: GeoCities RodeoDrive Password: Free Stuff Home Help Info • Home & Living • Women Join This Neighborhood today! It's Free. Hood Happenings Business Chat | Business Forum Shopping addicts: Do you enjoy shopping? How about helping others? If you answered yes to both questions, then you should consider becoming a RodeoDrive Community Leader! Surf the Net with Networds - Create Free Networds for every GeoCities and Internet location you visit. They will be available instantly to everyone on the Net. Use Networds and share them with others. What's happening in the hood: Find out what is happening in RodeoDrive at the Community Center . Getting Involved Community Leaders If you need GeoCities help or want to get more involved in your neighborhood, these are the people to ask. Blueprint We've created a zine to help you build better home pages. Check in every month for lots of tips and tricks! Landmark Sites Places to stop when you're surfing that info superhighway known as GeoCities. Landmarks are sites we consider the best of the best. [Join] [Help] [Info] [Home] [Avenues] [Neighborhoods] [Members] [Shopping Center] [Search] © 1995 - 1999 GeoCities. All rights reserved",http://pic.geocities.com/images/neighborhoods/geologo_neighborhood.gif,18,14049,"GeoCities - RodeoDrive

GeoCities - RodeoDrive Instant Credit Apply Now! Up to 40% off related books from Amazon.com Visit Surplus Auction $5.00 off music at CDnow! Other Neighborhoods Great GeoShops Get a Virtual Office Explore The Suburbs: Choose a suburb RodeoDrive Boutique Mall Outlet Yahoo: Companies Search: GeoCities RodeoDrive Password: Free Stuff Home Help Info • Home & Living • Women Join This Neighborhood today! It's Free. Hood Happenings Business Chat | Business Forum Shopping addicts: Do you enjoy shopping? How about helping others? If you answered yes to both questions, then you should consider becoming a RodeoDrive Community Leader! Surf the Net with Networds - Create Free Networds for every GeoCities and Internet location you visit. They will be available instantly to everyone on the Net. Use Networds and share them with others. What's happening in the hood: Find out what is happening in RodeoDrive at the Community Center . Getting Involved Community Leaders If you need GeoCities help or want to get more involved in your neighborhood, these are the people to ask. Blueprint We've created a zine to help you build better home pages. Check in every month for lots of tips and tricks! Landmark Sites Places to stop when you're surfing that info superhighway known as GeoCities. Landmarks are sites we consider the best of the best. [Join] [Help] [Info] [Home] [Avenues] [Neighborhoods] [Members] [Shopping Center] [Search] © 1995 - 1999 GeoCities. All rights reserved"
geocities.com,19990221085713,http://www3.geocities.com:80/RodeoDrive/,https://web.archive.org/web/19990221085713/http://www3.geocities.com:80/RodeoDrive/,GeoCities - RodeoDrive,"GeoCities - RodeoDrive Instant Credit Apply Now! Up to 40% off related books from Amazon.com Visit Surplus Auction $5.00 off music at CDnow! Other Neighborhoods Great GeoShops Get a Virtual Office Explore The Suburbs: Choose a suburb RodeoDrive Boutique Mall Outlet Yahoo: Companies Search: GeoCities RodeoDrive Password: Free Stuff Home Help Info • Home & Living • Women Join This Neighborhood today! It's Free. Hood Happenings Business Chat | Business Forum Shopping addicts: Do you enjoy shopping? How about helping others? If you answered yes to both questions, then you should consider becoming a RodeoDrive Community Leader! Surf the Net with Networds - Create Free Networds for every GeoCities and Internet location you visit. They will be available instantly to everyone on the Net. Use Networds and share them with others. What's happening in the hood: Find out what is happening in RodeoDrive at the Community Center . Getting Involved Community Leaders If you need GeoCities help or want to get more involved in your neighborhood, these are the people to ask. Blueprint We've created a zine to help you build better home pages. Check in every month for lots of tips and tricks! Landmark Sites Places to stop when you're surfing that info superhighway known as GeoCities. Landmarks are sites we consider the best of the best. [Join] [Help] [Info] [Home] [Avenues] [Neighborhoods] [Members] [Shopping Center] [Search] © 1995 - 1999 GeoCities. All rights reserved",http://pic.geocities.com/images/neighborhoods/geologo_neighborhood.gif,18,14020,"GeoCities - RodeoDrive

GeoCities - RodeoDrive Instant Credit Apply Now! Up to 40% off related books from Amazon.com Visit Surplus Auction $5.00 off music at CDnow! Other Neighborhoods Great GeoShops Get a Virtual Office Explore The Suburbs: Choose a suburb RodeoDrive Boutique Mall Outlet Yahoo: Companies Search: GeoCities RodeoDrive Password: Free Stuff Home Help Info • Home & Living • Women Join This Neighborhood today! It's Free. Hood Happenings Business Chat | Business Forum Shopping addicts: Do you enjoy shopping? How about helping others? If you answered yes to both questions, then you should consider becoming a RodeoDrive Community Leader! Surf the Net with Networds - Create Free Networds for every GeoCities and Internet location you visit. They will be available instantly to everyone on the Net. Use Networds and share them with others. What's happening in the hood: Find out what is happening in RodeoDrive at the Community Center . Getting Involved Community Leaders If you need GeoCities help or want to get more involved in your neighborhood, these are the people to ask. Blueprint We've created a zine to help you build better home pages. Check in every month for lots of tips and tricks! Landmark Sites Places to stop when you're surfing that info superhighway known as GeoCities. Landmarks are sites we consider the best of the best. [Join] [Help] [Info] [Home] [Avenues] [Neighborhoods] [Members] [Shopping Center] [Search] © 1995 - 1999 GeoCities. All rights reserved"
geocities.com,19990221102140,http://www13.geocities.com:80/RodeoDrive/,https://web.archive.org/web/19990221102140/http://www13.geocities.com:80/RodeoDrive/,GeoCities - RodeoDrive,"GeoCities - RodeoDrive $5.00 off music at CDnow! Instant Credit Apply Now! Up to 40% off related books from Amazon.com Visit Surplus Auction Other Neighborhoods Great GeoShops Get a Virtual Office Explore The Suburbs: Choose a suburb RodeoDrive Boutique Mall Outlet Yahoo: Companies Search: GeoCities RodeoDrive Password: Free Stuff Home Help Info • Home & Living • Women Join This Neighborhood today! It's Free. Hood Happenings Business Chat | Business Forum Shopping addicts: Do you enjoy shopping? How about helping others? If you answered yes to both questions, then you should consider becoming a RodeoDrive Community Leader! Surf the Net with Networds - Create Free Networds for every GeoCities and Internet location you visit. They will be available instantly to everyone on the Net. Use Networds and share them with others. What's happening in the hood: Find out what is happening in RodeoDrive at the Community Center . Getting Involved Community Leaders If you need GeoCities help or want to get more involved in your neighborhood, these are the people to ask. Blueprint We've created a zine to help you build better home pages. Check in every month for lots of tips and tricks! Landmark Sites Places to stop when you're surfing that info superhighway known as GeoCities. Landmarks are sites we consider the best of the best. [Join] [Help] [Info] [Home] [Avenues] [Neighborhoods] [Members] [Shopping Center] [Search] © 1995 - 1999 GeoCities. All rights reserved",http://pic.geocities.com/images/neighborhoods/geologo_neighborhood.gif,18,14049,"GeoCities - RodeoDrive

GeoCities - RodeoDrive $5.00 off music at CDnow! Instant Credit Apply Now! Up to 40% off related books from Amazon.com Visit Surplus Auction Other Neighborhoods Great GeoShops Get a Virtual Office Explore The Suburbs: Choose a suburb RodeoDrive Boutique Mall Outlet Yahoo: Companies Search: GeoCities RodeoDrive Password: Free Stuff Home Help Info • Home & Living • Women Join This Neighborhood today! It's Free. Hood Happenings Business Chat | Business Forum Shopping addicts: Do you enjoy shopping? How about helping others? If you answered yes to both questions, then you should consider becoming a RodeoDrive Community Leader! Surf the Net with Networds - Create Free Networds for every GeoCities and Internet location you visit. They will be available instantly to everyone on the Net. Use Networds and share them with others. What's happening in the hood: Find out what is happening in RodeoDrive at the Community Center . Getting Involved Community Leaders If you need GeoCities help or want to get more involved in your neighborhood, these are the people to ask. Blueprint We've created a zine to help you build better home pages. Check in every month for lots of tips and tricks! Landmark Sites Places to stop when you're surfing that info superhighway known as GeoCities. Landmarks are sites we consider the best of the best. [Join] [Help] [Info] [Home] [Avenues] [Neighborhoods] [Members] [Shopping Center] [Search] © 1995 - 1999 GeoCities. All rights reserved"
geocities.com,19990223215057,http://www9.geocities.com:80/RodeoDrive/,https://web.archive.org/web/19990223215057/http://www9.geocities.com:80/RodeoDrive/,GeoCities - RodeoDrive,"GeoCities - RodeoDrive Instant Credit Apply Now! Up to 40% off related books from Amazon.com Visit Surplus Auction $5.00 off music at CDnow! Other Neighborhoods Great GeoShops Get a Virtual Office Explore The Suburbs: Choose a suburb RodeoDrive Boutique Mall Outlet Yahoo: Companies Search: GeoCities RodeoDrive Password: Free Stuff Home Help Info • Home & Living • Women Join This Neighborhood today! It's Free. Hood Happenings Business Chat | Business Forum Shopping addicts: Do you enjoy shopping? How about helping others? If you answered yes to both questions, then you should consider becoming a RodeoDrive Community Leader! Surf the Net with Networds - Create Free Networds for every GeoCities and Internet location you visit. They will be available instantly to everyone on the Net. Use Networds and share them with others. What's happening in the hood: Find out what is happening in RodeoDrive at the Community Center . Getting Involved Community Leaders If you need GeoCities help or want to get more involved in your neighborhood, these are the people to ask. Blueprint We've created a zine to help you build better home pages. Check in every month for lots of tips and tricks! Landmark Sites Places to stop when you're surfing that info superhighway known as GeoCities. Landmarks are sites we consider the best of the best. [Join] [Help] [Info] [Home] [Avenues] [Neighborhoods] [Members] [Shopping Center] [Search] © 1995 - 1999 GeoCities. All rights reserved",http://pic.geocities.com/images/neighborhoods/geologo_neighborhood.gif,18,14055,"GeoCities - RodeoDrive

GeoCities - RodeoDrive Instant Credit Apply Now! Up to 40% off related books from Amazon.com Visit Surplus Auction $5.00 off music at CDnow! Other Neighborhoods Great GeoShops Get a Virtual Office Explore The Suburbs: Choose a suburb RodeoDrive Boutique Mall Outlet Yahoo: Companies Search: GeoCities RodeoDrive Password: Free Stuff Home Help Info • Home & Living • Women Join This Neighborhood today! It's Free. Hood Happenings Business Chat | Business Forum Shopping addicts: Do you enjoy shopping? How about helping others? If you answered yes to both questions, then you should consider becoming a RodeoDrive Community Leader! Surf the Net with Networds - Create Free Networds for every GeoCities and Internet location you visit. They will be available instantly to everyone on the Net. Use Networds and share them with others. What's happening in the hood: Find out what is happening in RodeoDrive at the Community Center . Getting Involved Community Leaders If you need GeoCities help or want to get more involved in your neighborhood, these are the people to ask. Blueprint We've created a zine to help you build better home pages. Check in every month for lots of tips and tricks! Landmark Sites Places to stop when you're surfing that info superhighway known as GeoCities. Landmarks are sites we consider the best of the best. [Join] [Help] [Info] [Home] [Avenues] [Neighborhoods] [Members] [Shopping Center] [Search] © 1995 - 1999 GeoCities. All rights reserved"
geocities.com,20010424095610,http://www.geocities.com:80/RodeoDrive/1000/,https://web.archive.org/web/20010424095610/http://www.geocities.com:80/RodeoDrive/1000/,No Diet Resource Page,"No Diet Resource Page No Diet Resource Page We challenge the myth that dieting works for long term weight loss. Forget Fen-phen, special foods, and other gimmicks that reduce your bank account instead of providing you with the skills for safe, long-term weight loss. These sites explore important resources that can help you create the balance necessary to accept yourself as you are now, while working toward your improvement goals. This site is brought to you as a public service by Starting Point Learning Systems . Send me e-mail and register now for your free online monthly No-Diet Newsletter Mind Self Nurturance Links Bring the Noise Creative site exploring the impact of media images on our self esteem and body image. Cast your vote: Are images of women on TV, in Magazines and in Movies damaging to your self-esteem and health? WOWWOMEN Excellent resources for women Radiance: the Magazine for Large Women (quarterly) Radiance: The Magazine for Large Women, is an empowering, 56-page, glossy, colorful magazine for women all sizes of large. Read it online and get your copy at the newstand. Body Self Nurturance Links Apres-bain Beautiful Renoir Painting of a nude woman comfortable with her body. Bring the Noise Creative site exploring the impact of media images on our self esteem and body image. Cast your vote: Are images of women on TV, in Magazines and in Movies damaging to your self-esteem and health? Making It Big ""Natural Fiber Clothing for Large and Supersize Women 32-72+"" Hand made tie dye T-shirts 100% cotton made by John Holland and Ginni Rice. They've been making these shirts and selling them at Craft Shows since 1989. They are now worn all over the world. Sizes for the whole family including XXL & XXXL Danskin Plus. Everything from utilitarian undies to sexy lingerie in a regular and plus sizes. Lady Grace Intimate Apparel All styles of bras (including maternity and athletic styles), bustiers, panties from size small to plus. Check out the lingerie IQ test, good for a chuckle. Wintersilks Wintersilks sells silk underwear to keep cool and warm. Unisex sizes to 2X. Peggy Lutz Design Supersize (48-76/5x-10x) clothing knit basics and business attire direct from the manufacturer. The clothes are interesting, dramatic, and upscale. Spirit Self Nurturance Links Motherheart Huge listing of well organized links to many different spirit oriented sites N.M.H.A. Self esteem page sponsored by the National Mental Health Association. Full of information and helpful ideas. Connectivity Links Motherheart Diverse, well organized listing of Web communities Geocities Build your own website for free in one of Geo Cities many neighborhoods. Motherheart Thirty-three different search engines, indexes and directories all accessed from one page. Newspapers Read newspapers from around the country, all from one page. Last update: May 5, 1997 E-mail: hearts@worldramp.net (407) 677-4880 (800) 211-7470 Starting Point P.O. Box 3126 Winter Park, FL 32790 Get your own Free H",https://web.archive.org/web/20010424095610/http:/www.geocities.com:80/RodeoDrive/1000/logotran.gif,4,5689,"No Diet Resource Page

No Diet Resource Page No Diet Resource Page We challenge the myth that dieting works for long term weight loss. Forget Fen-phen, special foods, and other gimmicks that reduce your bank account instead of providing you with the skills for safe, long-term weight loss. These sites explore important resources that can help you create the balance necessary to accept yourself as you are now, while working toward your improvement goals. This site is brought to you as a public service by Starting Point Learning Systems . Send me e-mail and register now for your free online monthly No-Diet Newsletter Mind Self Nurturance Links Bring the Noise Creative site exploring the impact of media images on our self esteem and body image. Cast your vote: Are images of women on TV, in Magazines and in Movies damaging to your self-esteem and health? WOWWOMEN Excellent resources for women Radiance: the Magazine for Large Women (quarterly) Radiance: The Magazine for Large Women, is an empowering, 56-page, glossy, colorful magazine for women all sizes of large. Read it online and get your copy at the newstand. Body Self Nurturance Links Apres-bain Beautiful Renoir Painting of a nude woman comfortable with her body. Bring the Noise Creative site exploring the impact of media images on our self esteem and body image. Cast your vote: Are images of women on TV, in Magazines and in Movies damaging to your self-esteem and health? Making It Big ""Natural Fiber Clothing for Large and Supersize Women 32-72+"" Hand made tie dye T-shirts 100% cotton made by John Holland and Ginni Rice. They've been making these shirts and selling them at Craft Shows since 1989. They are now worn all over the world. Sizes for the whole family including XXL & XXXL Danskin Plus. Everything from utilitarian undies to sexy lingerie in a regular and plus sizes. Lady Grace Intimate Apparel All styles of bras (including maternity and athletic styles), bustiers, panties from size small to plus. Check out the lingerie IQ test, good for a chuckle. Wintersilks Wintersilks sells silk underwear to keep cool and warm. Unisex sizes to 2X. Peggy Lutz Design Supersize (48-76/5x-10x) clothing knit basics and business attire direct from the manufacturer. The clothes are interesting, dramatic, and upscale. Spirit Self Nurturance Links Motherheart Huge listing of well organized links to many different spirit oriented sites N.M.H.A. Self esteem page sponsored by the National Mental Health Association. Full of information and helpful ideas. Connectivity Links Motherheart Diverse, well organized listing of Web communities Geocities Build your own website for free in one of Geo Cities many neighborhoods. Motherheart Thirty-three different search engines, indexes and directories all accessed from one page. Newspapers Read newspapers from around the country, all from one page. Last update: May 5, 1997 E-mail: hearts@worldramp.net (407) 677-4880 (800) 211-7470 Starting Point P.O. Box 3126 Winter Park, FL 32790 Get your own Free H"
geocities.com,19990202093458,http://www.geocities.com:80/RodeoDrive/1002/,https://web.archive.org/web/19990202093458/http://www.geocities.com:80/RodeoDrive/1002/,_Anger_ Home Page,"_Anger_ Home Page Managing Anger Everyone experiences negative emotions such as anger, hurt, and feelings of betrayal, but most people have a difficult time expressing negative feelings--pariticularly anger--to others. Learning to manage this emotion can be rewarding. In some cases anger is a primary response to a negative situation; in others it may mask other feelings that you find even more difficult to tolerate, such as shame. In the latter case, learning to express anger constructively will help you uncover other important emotions as well. Freeing anger will allow you to feel more energized. You may have trouble showing anger in appropriate ways because our society does not encourage such expressions. Suppressing anger is ultimately destructive to your well-being--it can even make you physically sick. Due to the connection between mind and body, disease and anger go hand in hand. Truly happy people have far fewer diseases than unhappy people. Therefore, you need to think about the ways that your anger affects you physically. One way or another, you must learn to validate your anger and express it properly. Think of something that angers you. Write it down. Does this anger motivate you to change the situation in a constructive way? If you are suppressing your anger, think of an appropriate way to express it instead. What first step can you take? Use the following questions as guidelines to help you work through your thoughts. Why do you get angry? You may experience anger for a variety of reasons. Some examples include: Feeling Powerless. Do you feel angry when you cannot control your circumstances? Failure To Communicate. When someone does not communicate with you, or vice versa, that indifference will create anger. Think of a person in your life with whom you have trouble communicating. How does that obstacle anger you? Getting Defensive. People in powerful positions who must protect their image may become defensive and angry if challenged. Think about a situation that made you angry. Was your ego involved, or were you expressing your true beliefs and facing someone else's ego? In what way did either of you become defensive? Try to make an honest assessment of the situation. Feeling Betrayed. No one likes to be betrayed, especially by someone they trust. You feel hurt and angry by the experience and lose all faith in that person. It's important at such times to express your anger to the person. Don't hide your feelings--be honest. Feeling Hurt. Recall a time when someone hurt you. Did you turn the anger in on yourself, or did you express your feeling? Were you able to separate yourself from the person attacking you and not absorb it? How have you become wiser from the experience? How does your anger manifest itself? Rage and aggression; repression, suppression, and sublimation; disease; passive-aggressive behavior? Have you found healthy ways to espress hurt and anger? From this point on, resolve to deal with your anger in healthy ways tha",https://web.archive.org/web/19990202093458/http:/www.geocities.com:80/RodeoDrive/1002/anger.jpg,14,7392,"_Anger_ Home Page

_Anger_ Home Page Managing Anger Everyone experiences negative emotions such as anger, hurt, and feelings of betrayal, but most people have a difficult time expressing negative feelings--pariticularly anger--to others. Learning to manage this emotion can be rewarding. In some cases anger is a primary response to a negative situation; in others it may mask other feelings that you find even more difficult to tolerate, such as shame. In the latter case, learning to express anger constructively will help you uncover other important emotions as well. Freeing anger will allow you to feel more energized. You may have trouble showing anger in appropriate ways because our society does not encourage such expressions. Suppressing anger is ultimately destructive to your well-being--it can even make you physically sick. Due to the connection between mind and body, disease and anger go hand in hand. Truly happy people have far fewer diseases than unhappy people. Therefore, you need to think about the ways that your anger affects you physically. One way or another, you must learn to validate your anger and express it properly. Think of something that angers you. Write it down. Does this anger motivate you to change the situation in a constructive way? If you are suppressing your anger, think of an appropriate way to express it instead. What first step can you take? Use the following questions as guidelines to help you work through your thoughts. Why do you get angry? You may experience anger for a variety of reasons. Some examples include: Feeling Powerless. Do you feel angry when you cannot control your circumstances? Failure To Communicate. When someone does not communicate with you, or vice versa, that indifference will create anger. Think of a person in your life with whom you have trouble communicating. How does that obstacle anger you? Getting Defensive. People in powerful positions who must protect their image may become defensive and angry if challenged. Think about a situation that made you angry. Was your ego involved, or were you expressing your true beliefs and facing someone else's ego? In what way did either of you become defensive? Try to make an honest assessment of the situation. Feeling Betrayed. No one likes to be betrayed, especially by someone they trust. You feel hurt and angry by the experience and lose all faith in that person. It's important at such times to express your anger to the person. Don't hide your feelings--be honest. Feeling Hurt. Recall a time when someone hurt you. Did you turn the anger in on yourself, or did you express your feeling? Were you able to separate yourself from the person attacking you and not absorb it? How have you become wiser from the experience? How does your anger manifest itself? Rage and aggression; repression, suppression, and sublimation; disease; passive-aggressive behavior? Have you found healthy ways to espress hurt and anger? From this point on, resolve to deal with your anger in healthy ways tha"
geocities.com,20090724154450,http://geocities.com/RodeoDrive/1002/,https://web.archive.org/web/20090724154450/http://geocities.com/RodeoDrive/1002/,_Anger_ Home Page,"_Anger_ Home Page Managing Anger Everyone experiences negative emotions such as anger, hurt, and feelings of betrayal, but most people have a difficult time expressing negative feelings--pariticularly anger--to others. Learning to manage this emotion can be rewarding. In some cases anger is a primary response to a negative situation; in others it may mask other feelings that you find even more difficult to tolerate, such as shame. In the latter case, learning to express anger constructively will help you uncover other important emotions as well. Freeing anger will allow you to feel more energized. You may have trouble showing anger in appropriate ways because our society does not encourage such expressions. Suppressing anger is ultimately destructive to your well-being--it can even make you physically sick. Due to the connection between mind and body, disease and anger go hand in hand. Truly happy people have far fewer diseases than unhappy people. Therefore, you need to think about the ways that your anger affects you physically. One way or another, you must learn to validate your anger and express it properly. Think of something that angers you. Write it down. Does this anger motivate you to change the situation in a constructive way? If you are suppressing your anger, think of an appropriate way to express it instead. What first step can you take? Use the following questions as guidelines to help you work through your thoughts. Why do you get angry? You may experience anger for a variety of reasons. Some examples include: Feeling Powerless. Do you feel angry when you cannot control your circumstances? Failure To Communicate. When someone does not communicate with you, or vice versa, that indifference will create anger. Think of a person in your life with whom you have trouble communicating. How does that obstacle anger you? Getting Defensive. People in powerful positions who must protect their image may become defensive and angry if challenged. Think about a situation that made you angry. Was your ego involved, or were you expressing your true beliefs and facing someone else's ego? In what way did either of you become defensive? Try to make an honest assessment of the situation. Feeling Betrayed. No one likes to be betrayed, especially by someone they trust. You feel hurt and angry by the experience and lose all faith in that person. It's important at such times to express your anger to the person. Don't hide your feelings--be honest. Feeling Hurt. Recall a time when someone hurt you. Did you turn the anger in on yourself, or did you express your feeling? Were you able to separate yourself from the person attacking you and not absorb it? How have you become wiser from the experience? How does your anger manifest itself? Rage and aggression; repression, suppression, and sublimation; disease; passive-aggressive behavior? Have you found healthy ways to espress hurt and anger? From this point on, resolve to deal with your anger in healthy ways tha",https://web.archive.org/web/20090724154450/http:/geocities.com/RodeoDrive/1002/anger.jpg,4,4595,"_Anger_ Home Page

_Anger_ Home Page Managing Anger Everyone experiences negative emotions such as anger, hurt, and feelings of betrayal, but most people have a difficult time expressing negative feelings--pariticularly anger--to others. Learning to manage this emotion can be rewarding. In some cases anger is a primary response to a negative situation; in others it may mask other feelings that you find even more difficult to tolerate, such as shame. In the latter case, learning to express anger constructively will help you uncover other important emotions as well. Freeing anger will allow you to feel more energized. You may have trouble showing anger in appropriate ways because our society does not encourage such expressions. Suppressing anger is ultimately destructive to your well-being--it can even make you physically sick. Due to the connection between mind and body, disease and anger go hand in hand. Truly happy people have far fewer diseases than unhappy people. Therefore, you need to think about the ways that your anger affects you physically. One way or another, you must learn to validate your anger and express it properly. Think of something that angers you. Write it down. Does this anger motivate you to change the situation in a constructive way? If you are suppressing your anger, think of an appropriate way to express it instead. What first step can you take? Use the following questions as guidelines to help you work through your thoughts. Why do you get angry? You may experience anger for a variety of reasons. Some examples include: Feeling Powerless. Do you feel angry when you cannot control your circumstances? Failure To Communicate. When someone does not communicate with you, or vice versa, that indifference will create anger. Think of a person in your life with whom you have trouble communicating. How does that obstacle anger you? Getting Defensive. People in powerful positions who must protect their image may become defensive and angry if challenged. Think about a situation that made you angry. Was your ego involved, or were you expressing your true beliefs and facing someone else's ego? In what way did either of you become defensive? Try to make an honest assessment of the situation. Feeling Betrayed. No one likes to be betrayed, especially by someone they trust. You feel hurt and angry by the experience and lose all faith in that person. It's important at such times to express your anger to the person. Don't hide your feelings--be honest. Feeling Hurt. Recall a time when someone hurt you. Did you turn the anger in on yourself, or did you express your feeling? Were you able to separate yourself from the person attacking you and not absorb it? How have you become wiser from the experience? How does your anger manifest itself? Rage and aggression; repression, suppression, and sublimation; disease; passive-aggressive behavior? Have you found healthy ways to espress hurt and anger? From this point on, resolve to deal with your anger in healthy ways tha"
geocities.com,19990117034005,http://www.geocities.com:80/RodeoDrive/1002/index2.html,https://web.archive.org/web/19990117034005/http://www.geocities.com:80/RodeoDrive/1002/index2.html,AntiAging,"AntiAging Skin sagging and wrinkling can be a sign of too much time spent on the beach or just a visible reminder of the relentless aging process. Cutaneous aging is a complex process affecting various layers of skin. Cutaneous aging includes the effects of gravity, expression lines, sleep lines, hormoral changes and genetic programming, and wind, smoke and chemical exposures. Innate or intrinsic aging, which affects skin by slow, irreversible degeneration of tissue. The consequences of innate aging can be observed over the entire surface of the body, including skin protected from the sun. As people age, innate or intrinsic aging changes their skin in ways that cause it to develop wrinkles. Few scientists had attributed skin aging to a single cause. But, recent research has revealed that a process long known to discolor and toughen food in storage also contributes to age-related changes in the skin. That process is primarily the chemical attachment of the sugar glucose to skin collagen without the aid of enzymes. When enzymes attach glucose to collagen, they do so for a specific purpose and at specific places. In contrast, the nonenzymatic process adds glucose haphazardly to any of several amino group sites along any available collagen molecule, as illustrated at the right (grey diamonds are glucose and black triangles are amino acids). The attachment of glucose to skin collagen triggers a series of spontaneous chemical reactions that culminate in the formation and eventual accumulation of irreversible cross-links between adjacent collagen molecules. The extensive cross-linking of collagen causes the loss of skin elasticity characteristic of aging. Therefore, ""nonenzymatic glycosylation"" of skin collagen is important, since it is the process that ages skin. The steps by which glucose alters skin collagen have been understood by food chemists for decades and only recently have biologists recognized that the same steps take place in the skin. The nonenzymatic glycosylation steps between glucose and collagen may seem complicated, but they are fairly straight forward compared with many biochemical reactions: A series of chemical reactions begin when an aldehyde group (CHO) of glucose and an amino group (NH 2 ) of a collagen molecule are attracted to each other. The glucose and amino group combine forming what is called a Schiff base. This combination is unstable and quickly rearranges itself into a stabler, but still reversible, substance known as an Amadori product. Long-lived collagen molecules persist in the body for years, allowing some of the Amadori products to slowly dehydrate and rearrange themselves yet again into new structures, called advanced glycosylation end-products (AGEs). AGEs are yellowish in color, and contribute to the yellowing of skin and age spots. AGEs are highly reactive, and in a final series of reactions, cross-link an adjacent collagen molecule. These AGE/collagen cross-links are irreversible and are seen as wrinkles on th",https://web.archive.org/web/19990117034005/http:/www.geocities.com:80/RodeoDrive/1002/agingblack750x70.gif,21,8372,"AntiAging

AntiAging Skin sagging and wrinkling can be a sign of too much time spent on the beach or just a visible reminder of the relentless aging process. Cutaneous aging is a complex process affecting various layers of skin. Cutaneous aging includes the effects of gravity, expression lines, sleep lines, hormoral changes and genetic programming, and wind, smoke and chemical exposures. Innate or intrinsic aging, which affects skin by slow, irreversible degeneration of tissue. The consequences of innate aging can be observed over the entire surface of the body, including skin protected from the sun. As people age, innate or intrinsic aging changes their skin in ways that cause it to develop wrinkles. Few scientists had attributed skin aging to a single cause. But, recent research has revealed that a process long known to discolor and toughen food in storage also contributes to age-related changes in the skin. That process is primarily the chemical attachment of the sugar glucose to skin collagen without the aid of enzymes. When enzymes attach glucose to collagen, they do so for a specific purpose and at specific places. In contrast, the nonenzymatic process adds glucose haphazardly to any of several amino group sites along any available collagen molecule, as illustrated at the right (grey diamonds are glucose and black triangles are amino acids). The attachment of glucose to skin collagen triggers a series of spontaneous chemical reactions that culminate in the formation and eventual accumulation of irreversible cross-links between adjacent collagen molecules. The extensive cross-linking of collagen causes the loss of skin elasticity characteristic of aging. Therefore, ""nonenzymatic glycosylation"" of skin collagen is important, since it is the process that ages skin. The steps by which glucose alters skin collagen have been understood by food chemists for decades and only recently have biologists recognized that the same steps take place in the skin. The nonenzymatic glycosylation steps between glucose and collagen may seem complicated, but they are fairly straight forward compared with many biochemical reactions: A series of chemical reactions begin when an aldehyde group (CHO) of glucose and an amino group (NH 2 ) of a collagen molecule are attracted to each other. The glucose and amino group combine forming what is called a Schiff base. This combination is unstable and quickly rearranges itself into a stabler, but still reversible, substance known as an Amadori product. Long-lived collagen molecules persist in the body for years, allowing some of the Amadori products to slowly dehydrate and rearrange themselves yet again into new structures, called advanced glycosylation end-products (AGEs). AGEs are yellowish in color, and contribute to the yellowing of skin and age spots. AGEs are highly reactive, and in a final series of reactions, cross-link an adjacent collagen molecule. These AGE/collagen cross-links are irreversible and are seen as wrinkles on th"
geocities.com,19990202140215,http://www.geocities.com:80/RodeoDrive/1003/,https://web.archive.org/web/19990202140215/http://www.geocities.com:80/RodeoDrive/1003/,,BaseBall Cheerleading Golf Soccer BasketBall SoftBall Track English\Lit. PE FHA Stuco,,0,1428,BaseBall Cheerleading Golf Soccer BasketBall SoftBall Track English\Lit. PE FHA Stuco
geocities.com,20011117072945,http://www.geocities.com:80/RodeoDrive/1004/,https://web.archive.org/web/20011117072945/http://www.geocities.com:80/RodeoDrive/1004/,Just Our Shoes  - online boutique,Just Our Shoes - online boutique We have moved!!! Please visit our new ONLINE BOUTIQUE at www.justourshoes.com Thank you for shopping at Just Our Shoes!,https://web.archive.org/web/20011117072945/http:/www.geocities.com:80/RodeoDrive/1004/joslogo.jpg,2,1584,"Just Our Shoes  - online boutique

Just Our Shoes - online boutique We have moved!!! Please visit our new ONLINE BOUTIQUE at www.justourshoes.com Thank you for shopping at Just Our Shoes!"
geocities.com,19991012035457,http://geocities.com:80/RodeoDrive/1004/index.html,https://web.archive.org/web/19991012035457/http://geocities.com:80/RodeoDrive/1004/index.html,Just Our Shoes,Just Our Shoes Just Our Shoes Webpage Just Our Shoes Please visit out new site Just Our Shoes,http://a372.g.akamaitech.net/6/372/27/000/pic.geocities.com/images/geoguideII/logo_b.gif,12,5634,"Just Our Shoes

Just Our Shoes Just Our Shoes Webpage Just Our Shoes Please visit out new site Just Our Shoes"
geocities.com,20000304145218,http://www.geocities.com:80/RodeoDrive/1004/index.html,https://web.archive.org/web/20000304145218/http://www.geocities.com:80/RodeoDrive/1004/index.html,Just Our Shoes  - online boutique,Just Our Shoes - online boutique We have moved!!! Please visit our new ONLINE BOUTIQUE at www.justourshoes.com Thank you for shopping at Just Our Shoes!,https://web.archive.org/web/20000304145218/http:/www.geocities.com:80/RodeoDrive/1004/joslogo.jpg,2,1394,"Just Our Shoes  - online boutique

Just Our Shoes - online boutique We have moved!!! Please visit our new ONLINE BOUTIQUE at www.justourshoes.com Thank you for shopping at Just Our Shoes!"
geocities.com,19990203122939,http://www.geocities.com:80/RodeoDrive/1007/,https://web.archive.org/web/19990203122939/http://www.geocities.com:80/RodeoDrive/1007/,Michael Torpey's Home Page,"Michael Torpey's Home Page Santa Cruz Style Web Works Rules. Contact Santa Cruz Style The First Amendment Protects speech but Congress, it seems, is eager to suppress speech. Fight! Once again for Dice my resume The future is not only near it's very tiny. KPIG One of the best radio stations on the net. For the home boys. Join the Blue Ribbon Online Free Speech Campaign! © 1996 mtorpey@cruzio.com This page hosted by Get your own Free Home Page",http://metalab.unc.edu/LDP/pics/ldp-link.jpg,4,3149,"Michael Torpey's Home Page

Michael Torpey's Home Page Santa Cruz Style Web Works Rules. Contact Santa Cruz Style The First Amendment Protects speech but Congress, it seems, is eager to suppress speech. Fight! Once again for Dice my resume The future is not only near it's very tiny. KPIG One of the best radio stations on the net. For the home boys. Join the Blue Ribbon Online Free Speech Campaign! © 1996 mtorpey@cruzio.com This page hosted by Get your own Free Home Page"
geocities.com,19991009221920,http://www.geocities.com:80/RodeoDrive/1010/,https://web.archive.org/web/19991009221920/http://www.geocities.com:80/RodeoDrive/1010/,PCR's Vat of Free Stuff,"PCR's Vat of Free Stuff SITE UNDER CONSTRUCTION Welcome to the Vat It's here were you can find many a deal or freebie from people. It's divided into sections, Things I've Gotten , Things I've Heard About, Things That Suck , Free Web Stuff , Links To Other Free Stuff Pages , and for those who aren't too cheap, Kewl Deals . Well Shall we begin? Well tough we're starting anyways. (A cheap attempt of humour). Things I've Gotten A Beanie - A Kewl Beanie from the folks at BENCHIN Software Review. This is one of the nicest free things that I have recieved on the internet for free, well, not exactly free. You have to rate software to get yourself 25 review points (about 20 programs/providers/etc.. reviews) and once you have, they write your name and address on an enveloppe and stick a beanie in it. It is multicolored and has a glow in the dark propellor. It's pretty kewl. I'm most likely wearing mine as you view this. Things I've Heard About",http://geo.yahoo.com/serv?s=76000012&t=939507251,1,1592,"PCR's Vat of Free Stuff

PCR's Vat of Free Stuff SITE UNDER CONSTRUCTION Welcome to the Vat It's here were you can find many a deal or freebie from people. It's divided into sections, Things I've Gotten , Things I've Heard About, Things That Suck , Free Web Stuff , Links To Other Free Stuff Pages , and for those who aren't too cheap, Kewl Deals . Well Shall we begin? Well tough we're starting anyways. (A cheap attempt of humour). Things I've Gotten A Beanie - A Kewl Beanie from the folks at BENCHIN Software Review. This is one of the nicest free things that I have recieved on the internet for free, well, not exactly free. You have to rate software to get yourself 25 review points (about 20 programs/providers/etc.. reviews) and once you have, they write your name and address on an enveloppe and stick a beanie in it. It is multicolored and has a glow in the dark propellor. It's pretty kewl. I'm most likely wearing mine as you view this. Things I've Heard About"
geocities.com,20021118200854,http://www.geocities.com:80/rodeodrive/1010/,https://web.archive.org/web/20021118200854/http://www.geocities.com:80/rodeodrive/1010/,PCR's Vat of Free Stuff,"PCR's Vat of Free Stuff SITE UNDER CONSTRUCTION Welcome to the Vat It's here were you can find many a deal or freebie from people. It's divided into sections, Things I've Gotten , Things I've Heard About, Things That Suck , Free Web Stuff , Links To Other Free Stuff Pages , and for those who aren't too cheap, Kewl Deals . Well Shall we begin? Well tough we're starting anyways. (A cheap attempt of humour). Things I've Gotten A Beanie - A Kewl Beanie from the folks at BENCHIN Software Review. This is one of the nicest free things that I have recieved on the internet for free, well, not exactly free. You have to rate software to get yourself 25 review points (about 20 programs/providers/etc.. reviews) and once you have, they write your name and address on an enveloppe and stick a beanie in it. It is multicolored and has a glow in the dark propellor. It's pretty kewl. I'm most likely wearing mine as you view this. Things I've Heard About",http://geo.yahoo.com/serv?s=76001069&t=1037650137,1,1895,"PCR's Vat of Free Stuff

PCR's Vat of Free Stuff SITE UNDER CONSTRUCTION Welcome to the Vat It's here were you can find many a deal or freebie from people. It's divided into sections, Things I've Gotten , Things I've Heard About, Things That Suck , Free Web Stuff , Links To Other Free Stuff Pages , and for those who aren't too cheap, Kewl Deals . Well Shall we begin? Well tough we're starting anyways. (A cheap attempt of humour). Things I've Gotten A Beanie - A Kewl Beanie from the folks at BENCHIN Software Review. This is one of the nicest free things that I have recieved on the internet for free, well, not exactly free. You have to rate software to get yourself 25 review points (about 20 programs/providers/etc.. reviews) and once you have, they write your name and address on an enveloppe and stick a beanie in it. It is multicolored and has a glow in the dark propellor. It's pretty kewl. I'm most likely wearing mine as you view this. Things I've Heard About"
geocities.com,20090724154450,http://geocities.com/RodeoDrive/1010/,https://web.archive.org/web/20090724154450/http://geocities.com/RodeoDrive/1010/,PCR's Vat of Free Stuff,"PCR's Vat of Free Stuff SITE UNDER CONSTRUCTION Welcome to the Vat It's here were you can find many a deal or freebie from people. It's divided into sections, Things I've Gotten , Things I've Heard About, Things That Suck , Free Web Stuff , Links To Other Free Stuff Pages , and for those who aren't too cheap, Kewl Deals . Well Shall we begin? Well tough we're starting anyways. (A cheap attempt of humour). Things I've Gotten A Beanie - A Kewl Beanie from the folks at BENCHIN Software Review. This is one of the nicest free things that I have recieved on the internet for free, well, not exactly free. You have to rate software to get yourself 25 review points (about 20 programs/providers/etc.. reviews) and once you have, they write your name and address on an enveloppe and stick a beanie in it. It is multicolored and has a glow in the dark propellor. It's pretty kewl. I'm most likely wearing mine as you view this. Things I've Heard About",http://geo.yahoo.com/serv?s=76001069&t=1248450290&f=us-w3,1,2074,"PCR's Vat of Free Stuff

PCR's Vat of Free Stuff SITE UNDER CONSTRUCTION Welcome to the Vat It's here were you can find many a deal or freebie from people. It's divided into sections, Things I've Gotten , Things I've Heard About, Things That Suck , Free Web Stuff , Links To Other Free Stuff Pages , and for those who aren't too cheap, Kewl Deals . Well Shall we begin? Well tough we're starting anyways. (A cheap attempt of humour). Things I've Gotten A Beanie - A Kewl Beanie from the folks at BENCHIN Software Review. This is one of the nicest free things that I have recieved on the internet for free, well, not exactly free. You have to rate software to get yourself 25 review points (about 20 programs/providers/etc.. reviews) and once you have, they write your name and address on an enveloppe and stick a beanie in it. It is multicolored and has a glow in the dark propellor. It's pretty kewl. I'm most likely wearing mine as you view this. Things I've Heard About"
geocities.com,20090803190855,http://geocities.com/RodeoDrive/1010/index.html,https://web.archive.org/web/20090803190855/http://geocities.com/RodeoDrive/1010/index.html,PCR's Vat of Free Stuff,"PCR's Vat of Free Stuff SITE UNDER CONSTRUCTION Welcome to the Vat It's here were you can find many a deal or freebie from people. It's divided into sections, Things I've Gotten , Things I've Heard About, Things That Suck , Free Web Stuff , Links To Other Free Stuff Pages , and for those who aren't too cheap, Kewl Deals . Well Shall we begin? Well tough we're starting anyways. (A cheap attempt of humour). Things I've Gotten A Beanie - A Kewl Beanie from the folks at BENCHIN Software Review. This is one of the nicest free things that I have recieved on the internet for free, well, not exactly free. You have to rate software to get yourself 25 review points (about 20 programs/providers/etc.. reviews) and once you have, they write your name and address on an enveloppe and stick a beanie in it. It is multicolored and has a glow in the dark propellor. It's pretty kewl. I'm most likely wearing mine as you view this. Things I've Heard About",http://geo.yahoo.com/serv?s=76001069&t=1249326535&f=us-w3,1,2074,"PCR's Vat of Free Stuff

PCR's Vat of Free Stuff SITE UNDER CONSTRUCTION Welcome to the Vat It's here were you can find many a deal or freebie from people. It's divided into sections, Things I've Gotten , Things I've Heard About, Things That Suck , Free Web Stuff , Links To Other Free Stuff Pages , and for those who aren't too cheap, Kewl Deals . Well Shall we begin? Well tough we're starting anyways. (A cheap attempt of humour). Things I've Gotten A Beanie - A Kewl Beanie from the folks at BENCHIN Software Review. This is one of the nicest free things that I have recieved on the internet for free, well, not exactly free. You have to rate software to get yourself 25 review points (about 20 programs/providers/etc.. reviews) and once you have, they write your name and address on an enveloppe and stick a beanie in it. It is multicolored and has a glow in the dark propellor. It's pretty kewl. I'm most likely wearing mine as you view this. Things I've Heard About"
geocities.com,20010518111628,http://www.geocities.com:80/RodeoDrive/1014/,https://web.archive.org/web/20010518111628/http://www.geocities.com:80/RodeoDrive/1014/,meganb 's Home Page,meganb 's Home Page meganb signed up on 06/19/97 18:38:48 but has not moved in yet. This page hosted by Get your own Free Home Page,https://web.archive.org/pictures/gc_icon.gif,2,833,"meganb 's Home Page

meganb 's Home Page meganb signed up on 06/19/97 18:38:48 but has not moved in yet. This page hosted by Get your own Free Home Page"
geocities.com,19991010003311,http://www.geocities.com:80/RodeoDrive/1014/megansworld.htm,https://web.archive.org/web/19991010003311/http://www.geocities.com:80/RodeoDrive/1014/megansworld.htm,The Wonderful Land Of *meg*  !!!,"The Wonderful Land Of *meg*  !!! Hi!! My name is Megan Martin, and this is my first attempt at a homepage, and I haven't exactly figured everything out yet, so you'll have to bear with me! I guess I should start off by telling you a bit about me! I'm 15 years old and I live in Ontario, Canada with my mom, dad and sister. I also have a brother, who lives in Toronto. He teaches English as a Second Language. Cool job huh?? I also have two cats, Squishington and Veggie. Or as I call them, Squeedy and Lill. (don't ask, long story). I've been hooked up to the Net since November of 1996. And I've made lots of incredable friends! So I just have to mention them!! Okay, these are my friends on the Net! BabeeBop, she's actually my sister, but she's a cool sister! We actually get along! (watch out for those tree roots!!) Boxhorse, my cool cousin! She's so so funny! We get along too! (""stick in the coals Bail!!"") Boz, what can I say? I love ya!! You're a great guy! When can I get my stapler back?? =) Toe, by far the silliest guy anywhere on the Net!! A great friend. Thanks for singing to me all those times!! ""They read you Cinderella..."" Nails, the only girl who was smart enough to tell everyone her real age!! An awesome friend! Thanks for being there for me! Lord Jim, a really great friend! I'm so glad you came back to Maui!! We missed you!! Luv U Lots!! bASEBALL gUY, You're a cool guy, and I'll miss you when you move! Stay in touch though! Maylissa, we lost track of each other for a while, but this girl is truly a good friend! Aby, loves the Beatles! Really fun to chat with, she never seems to be sad...always smiling!! Clarissa, just turned 7!! =) Hey, did you get your head checked yet?? =) Str@wbryWine, I haven't talked to you for a while, and I miss ya!=) A good friend who'll stick with ya through everything! Tee Jay, I know you're really closer to my sis, but you're an awesome guy! Stay cool! Links to other sites on the Web MAUI NET CHAT ROOMS ARISTOSOFT CHAT ROOMS IARC CHAT ROOMS MY LITTLE SISTER'S VERY OWN HOMEPAGE!! BOZ'S HOMEPAGE! Okay, my very VERY favorite place on the Net is Maui Net Chat Rooms. That's almost the only place I ever chat. Sometimes, I could be in Aristosoft Chat Rooms or Iarc Chat Rooms. But most of the time, you can find me in the Personals room in Maui chat! Come and visit me there sometime!! =) If I missed any of my friends(and I'm almost positve that I did), please please please forgive me!! E-mail me and I'll add you as soon as I can! © 1997 687937@ican.net How many people have viewed my page so far: Sign My Guestbook View My Guestbook This page hosted by Get your own Free Home Page",https://web.archive.org/pictures/icons/flags/sm.gif,15,5142,"The Wonderful Land Of *meg*  !!!

The Wonderful Land Of *meg*  !!! Hi!! My name is Megan Martin, and this is my first attempt at a homepage, and I haven't exactly figured everything out yet, so you'll have to bear with me! I guess I should start off by telling you a bit about me! I'm 15 years old and I live in Ontario, Canada with my mom, dad and sister. I also have a brother, who lives in Toronto. He teaches English as a Second Language. Cool job huh?? I also have two cats, Squishington and Veggie. Or as I call them, Squeedy and Lill. (don't ask, long story). I've been hooked up to the Net since November of 1996. And I've made lots of incredable friends! So I just have to mention them!! Okay, these are my friends on the Net! BabeeBop, she's actually my sister, but she's a cool sister! We actually get along! (watch out for those tree roots!!) Boxhorse, my cool cousin! She's so so funny! We get along too! (""stick in the coals Bail!!"") Boz, what can I say? I love ya!! You're a great guy! When can I get my stapler back?? =) Toe, by far the silliest guy anywhere on the Net!! A great friend. Thanks for singing to me all those times!! ""They read you Cinderella..."" Nails, the only girl who was smart enough to tell everyone her real age!! An awesome friend! Thanks for being there for me! Lord Jim, a really great friend! I'm so glad you came back to Maui!! We missed you!! Luv U Lots!! bASEBALL gUY, You're a cool guy, and I'll miss you when you move! Stay in touch though! Maylissa, we lost track of each other for a while, but this girl is truly a good friend! Aby, loves the Beatles! Really fun to chat with, she never seems to be sad...always smiling!! Clarissa, just turned 7!! =) Hey, did you get your head checked yet?? =) Str@wbryWine, I haven't talked to you for a while, and I miss ya!=) A good friend who'll stick with ya through everything! Tee Jay, I know you're really closer to my sis, but you're an awesome guy! Stay cool! Links to other sites on the Web MAUI NET CHAT ROOMS ARISTOSOFT CHAT ROOMS IARC CHAT ROOMS MY LITTLE SISTER'S VERY OWN HOMEPAGE!! BOZ'S HOMEPAGE! Okay, my very VERY favorite place on the Net is Maui Net Chat Rooms. That's almost the only place I ever chat. Sometimes, I could be in Aristosoft Chat Rooms or Iarc Chat Rooms. But most of the time, you can find me in the Personals room in Maui chat! Come and visit me there sometime!! =) If I missed any of my friends(and I'm almost positve that I did), please please please forgive me!! E-mail me and I'll add you as soon as I can! © 1997 687937@ican.net How many people have viewed my page so far: Sign My Guestbook View My Guestbook This page hosted by Get your own Free Home Page"
geocities.com,19990127170401,http://www19.geocities.com:80/Yosemite/,https://web.archive.org/web/19990127170401/http://www19.geocities.com:80/Yosemite/,GeoCities - Yosemite,"GeoCities - Yosemite Build your own Valentine's CD @ CDnow Save Now! 3.9% eCard Visa Up to 40% off related books from Amazon.com Visit Surplus Auction Other Neighborhoods Great GeoShops Get a Virtual Office Explore The Suburbs: Choose a suburb Yosemite Falls Forest Geyser Gorge Meadows Rapids Trails Yahoo: Outdoors Search: GeoCities Yosemite Password: Backpacking Home Help Info • Travel • Sports & Recreation Join This Neighborhood today! It's Free. Hood Happenings Recreation Chat | Recreation Forum The Yosemite Community Pages are an excellent place to go if you're looking for help, are interested in a Yosemite Award, or just want to meet your Community Leaders. Surf the Net with Networds - Create Free Networds for every GeoCities and Internet location you visit. They will be available instantly to everyone on the Net. Use Networds and share them with others. Are you outdoorsman who loves to camp? Come see what the Horizon Zine has to offer. You'll find campfire stories, camping with kids, hints and tips, and camping safety. Getting Involved Community Leaders If you need GeoCities help or want to get more involved in your neighborhood, these are the people to ask. Blueprint We've created a zine to help you build better home pages. Check in every month for lots of tips and tricks! Landmark Sites Places to stop when you're surfing that info superhighway known as GeoCities. Landmarks are sites we consider the best of the best. [Join] [Help] [Info] [Home] [Avenues] [Neighborhoods] [Members] [Shopping Center] [Search] © 1995 - 1999 GeoCities. All rights reserved",http://pic.geocities.com/images/neighborhoods/geologo_neighborhood.gif,18,14581,"GeoCities - Yosemite

GeoCities - Yosemite Build your own Valentine's CD @ CDnow Save Now! 3.9% eCard Visa Up to 40% off related books from Amazon.com Visit Surplus Auction Other Neighborhoods Great GeoShops Get a Virtual Office Explore The Suburbs: Choose a suburb Yosemite Falls Forest Geyser Gorge Meadows Rapids Trails Yahoo: Outdoors Search: GeoCities Yosemite Password: Backpacking Home Help Info • Travel • Sports & Recreation Join This Neighborhood today! It's Free. Hood Happenings Recreation Chat | Recreation Forum The Yosemite Community Pages are an excellent place to go if you're looking for help, are interested in a Yosemite Award, or just want to meet your Community Leaders. Surf the Net with Networds - Create Free Networds for every GeoCities and Internet location you visit. They will be available instantly to everyone on the Net. Use Networds and share them with others. Are you outdoorsman who loves to camp? Come see what the Horizon Zine has to offer. You'll find campfire stories, camping with kids, hints and tips, and camping safety. Getting Involved Community Leaders If you need GeoCities help or want to get more involved in your neighborhood, these are the people to ask. Blueprint We've created a zine to help you build better home pages. Check in every month for lots of tips and tricks! Landmark Sites Places to stop when you're surfing that info superhighway known as GeoCities. Landmarks are sites we consider the best of the best. [Join] [Help] [Info] [Home] [Avenues] [Neighborhoods] [Members] [Shopping Center] [Search] © 1995 - 1999 GeoCities. All rights reserved"
geocities.com,19990128171051,http://www5.geocities.com:80/Yosemite/,https://web.archive.org/web/19990128171051/http://www5.geocities.com:80/Yosemite/,GeoCities - Yosemite,"GeoCities - Yosemite Build your own Valentine's CD @ CDnow Save Now! 3.9% eCard Visa Up to 40% off related books from Amazon.com Visit Surplus Auction Other Neighborhoods Great GeoShops Get a Virtual Office Explore The Suburbs: Choose a suburb Yosemite Falls Forest Geyser Gorge Meadows Rapids Trails Yahoo: Outdoors Search: GeoCities Yosemite Password: Backpacking Home Help Info • Travel • Sports & Recreation Join This Neighborhood today! It's Free. Hood Happenings Recreation Chat | Recreation Forum The Yosemite Community Pages are an excellent place to go if you're looking for help, are interested in a Yosemite Award, or just want to meet your Community Leaders. Surf the Net with Networds - Create Free Networds for every GeoCities and Internet location you visit. They will be available instantly to everyone on the Net. Use Networds and share them with others. Check out the best of the best at the Yosemite Hall of Fame . See great sites ranging from scouting, to hiking, to outdoors activities of all kinds! Getting Involved Community Leaders If you need GeoCities help or want to get more involved in your neighborhood, these are the people to ask. Blueprint We've created a zine to help you build better home pages. Check in every month for lots of tips and tricks! Landmark Sites Places to stop when you're surfing that info superhighway known as GeoCities. Landmarks are sites we consider the best of the best. [Join] [Help] [Info] [Home] [Avenues] [Neighborhoods] [Members] [Shopping Center] [Search] © 1995 - 1999 GeoCities. All rights reserved",http://pic.geocities.com/images/neighborhoods/geologo_neighborhood.gif,18,14591,"GeoCities - Yosemite

GeoCities - Yosemite Build your own Valentine's CD @ CDnow Save Now! 3.9% eCard Visa Up to 40% off related books from Amazon.com Visit Surplus Auction Other Neighborhoods Great GeoShops Get a Virtual Office Explore The Suburbs: Choose a suburb Yosemite Falls Forest Geyser Gorge Meadows Rapids Trails Yahoo: Outdoors Search: GeoCities Yosemite Password: Backpacking Home Help Info • Travel • Sports & Recreation Join This Neighborhood today! It's Free. Hood Happenings Recreation Chat | Recreation Forum The Yosemite Community Pages are an excellent place to go if you're looking for help, are interested in a Yosemite Award, or just want to meet your Community Leaders. Surf the Net with Networds - Create Free Networds for every GeoCities and Internet location you visit. They will be available instantly to everyone on the Net. Use Networds and share them with others. Check out the best of the best at the Yosemite Hall of Fame . See great sites ranging from scouting, to hiking, to outdoors activities of all kinds! Getting Involved Community Leaders If you need GeoCities help or want to get more involved in your neighborhood, these are the people to ask. Blueprint We've created a zine to help you build better home pages. Check in every month for lots of tips and tricks! Landmark Sites Places to stop when you're surfing that info superhighway known as GeoCities. Landmarks are sites we consider the best of the best. [Join] [Help] [Info] [Home] [Avenues] [Neighborhoods] [Members] [Shopping Center] [Search] © 1995 - 1999 GeoCities. All rights reserved"
geocities.com,19990202121613,http://www20.geocities.com:80/Yosemite/,https://web.archive.org/web/19990202121613/http://www20.geocities.com:80/Yosemite/,GeoCities - Yosemite,"GeoCities - Yosemite Save Now! 3.9% eCard Visa Up to 40% off related books from Amazon.com Visit Surplus Auction $5.00 off for Music Lovers@ CDnow Other Neighborhoods Great GeoShops Get a Virtual Office Explore The Suburbs: Choose a suburb Yosemite Falls Forest Geyser Gorge Meadows Rapids Trails Yahoo: Outdoors Search: GeoCities Yosemite Password: Backpacking Home Help Info • Travel • Sports & Recreation Join This Neighborhood today! It's Free. Hood Happenings Recreation Chat | Recreation Forum Yosemite is proud to announce the Grand Opening of the Yosemite Community Center ! We have everything under the Yosemite sun. From Adopt a Frog to an Interactive Poem, we've got it all! Surf the Net with Networds - Create Free Networds for every GeoCities and Internet location you visit. They will be available instantly to everyone on the Net. Use Networds and share them with others. Check out the best of the best at the Yosemite Hall of Fame . See great sites ranging from scouting, to hiking, to outdoors activities of all kinds! Getting Involved Community Leaders If you need GeoCities help or want to get more involved in your neighborhood, these are the people to ask. Blueprint We've created a zine to help you build better home pages. Check in every month for lots of tips and tricks! Landmark Sites Places to stop when you're surfing that info superhighway known as GeoCities. Landmarks are sites we consider the best of the best. [Join] [Help] [Info] [Home] [Avenues] [Neighborhoods] [Members] [Shopping Center] [Search] © 1995 - 1999 GeoCities. All rights reserved",http://pic.geocities.com/images/neighborhoods/geologo_neighborhood.gif,18,14658,"GeoCities - Yosemite

GeoCities - Yosemite Save Now! 3.9% eCard Visa Up to 40% off related books from Amazon.com Visit Surplus Auction $5.00 off for Music Lovers@ CDnow Other Neighborhoods Great GeoShops Get a Virtual Office Explore The Suburbs: Choose a suburb Yosemite Falls Forest Geyser Gorge Meadows Rapids Trails Yahoo: Outdoors Search: GeoCities Yosemite Password: Backpacking Home Help Info • Travel • Sports & Recreation Join This Neighborhood today! It's Free. Hood Happenings Recreation Chat | Recreation Forum Yosemite is proud to announce the Grand Opening of the Yosemite Community Center ! We have everything under the Yosemite sun. From Adopt a Frog to an Interactive Poem, we've got it all! Surf the Net with Networds - Create Free Networds for every GeoCities and Internet location you visit. They will be available instantly to everyone on the Net. Use Networds and share them with others. Check out the best of the best at the Yosemite Hall of Fame . See great sites ranging from scouting, to hiking, to outdoors activities of all kinds! Getting Involved Community Leaders If you need GeoCities help or want to get more involved in your neighborhood, these are the people to ask. Blueprint We've created a zine to help you build better home pages. Check in every month for lots of tips and tricks! Landmark Sites Places to stop when you're surfing that info superhighway known as GeoCities. Landmarks are sites we consider the best of the best. [Join] [Help] [Info] [Home] [Avenues] [Neighborhoods] [Members] [Shopping Center] [Search] © 1995 - 1999 GeoCities. All rights reserved"
geocities.com,19990203213844,http://www10.geocities.com:80/Yosemite/,https://web.archive.org/web/19990203213844/http://www10.geocities.com:80/Yosemite/,GeoCities - Yosemite,"GeoCities - Yosemite $5.00 off for Music Lovers@ CDnow Save Now! 3.9% eCard Visa Up to 40% off related books from Amazon.com Visit Surplus Auction Other Neighborhoods Great GeoShops Get a Virtual Office Explore The Suburbs: Choose a suburb Yosemite Falls Forest Geyser Gorge Meadows Rapids Trails Yahoo: Outdoors Search: GeoCities Yosemite Password: Backpacking Home Help Info • Travel • Sports & Recreation Join This Neighborhood today! It's Free. Hood Happenings Recreation Chat | Recreation Forum Yosemite is proud to announce the Grand Opening of the Yosemite Community Center ! We have everything under the Yosemite sun. From Adopt a Frog to an Interactive Poem, we've got it all! Surf the Net with Networds - Create Free Networds for every GeoCities and Internet location you visit. They will be available instantly to everyone on the Net. Use Networds and share them with others. Are you outdoorsman who loves to camp? Come see what the Horizon Zine has to offer. You'll find campfire stories, camping with kids, hints and tips, and camping safety. Getting Involved Community Leaders If you need GeoCities help or want to get more involved in your neighborhood, these are the people to ask. Blueprint We've created a zine to help you build better home pages. Check in every month for lots of tips and tricks! Landmark Sites Places to stop when you're surfing that info superhighway known as GeoCities. Landmarks are sites we consider the best of the best. [Join] [Help] [Info] [Home] [Avenues] [Neighborhoods] [Members] [Shopping Center] [Search] © 1995 - 1999 GeoCities. All rights reserved",http://pic.geocities.com/images/neighborhoods/geologo_neighborhood.gif,18,14622,"GeoCities - Yosemite

GeoCities - Yosemite $5.00 off for Music Lovers@ CDnow Save Now! 3.9% eCard Visa Up to 40% off related books from Amazon.com Visit Surplus Auction Other Neighborhoods Great GeoShops Get a Virtual Office Explore The Suburbs: Choose a suburb Yosemite Falls Forest Geyser Gorge Meadows Rapids Trails Yahoo: Outdoors Search: GeoCities Yosemite Password: Backpacking Home Help Info • Travel • Sports & Recreation Join This Neighborhood today! It's Free. Hood Happenings Recreation Chat | Recreation Forum Yosemite is proud to announce the Grand Opening of the Yosemite Community Center ! We have everything under the Yosemite sun. From Adopt a Frog to an Interactive Poem, we've got it all! Surf the Net with Networds - Create Free Networds for every GeoCities and Internet location you visit. They will be available instantly to everyone on the Net. Use Networds and share them with others. Are you outdoorsman who loves to camp? Come see what the Horizon Zine has to offer. You'll find campfire stories, camping with kids, hints and tips, and camping safety. Getting Involved Community Leaders If you need GeoCities help or want to get more involved in your neighborhood, these are the people to ask. Blueprint We've created a zine to help you build better home pages. Check in every month for lots of tips and tricks! Landmark Sites Places to stop when you're surfing that info superhighway known as GeoCities. Landmarks are sites we consider the best of the best. [Join] [Help] [Info] [Home] [Avenues] [Neighborhoods] [Members] [Shopping Center] [Search] © 1995 - 1999 GeoCities. All rights reserved"
geocities.com,19990204001516,http://www6.geocities.com:80/Yosemite/,https://web.archive.org/web/19990204001516/http://www6.geocities.com:80/Yosemite/,GeoCities - Yosemite,"GeoCities - Yosemite Visit Surplus Auction $5.00 off for Music Lovers@ CDnow Save Now! 3.9% eCard Visa Up to 40% off related books from Amazon.com Other Neighborhoods Great GeoShops Get a Virtual Office Explore The Suburbs: Choose a suburb Yosemite Falls Forest Geyser Gorge Meadows Rapids Trails Yahoo: Outdoors Search: GeoCities Yosemite Password: Backpacking Home Help Info • Travel • Sports & Recreation Join This Neighborhood today! It's Free. Hood Happenings Recreation Chat | Recreation Forum Yosemite is proud to announce the Grand Opening of the Yosemite Community Center ! We have everything under the Yosemite sun. From Adopt a Frog to an Interactive Poem, we've got it all! Surf the Net with Networds - Create Free Networds for every GeoCities and Internet location you visit. They will be available instantly to everyone on the Net. Use Networds and share them with others. Check out the best of the best at the Yosemite Hall of Fame . See great sites ranging from scouting, to hiking, to outdoors activities of all kinds! Getting Involved Community Leaders If you need GeoCities help or want to get more involved in your neighborhood, these are the people to ask. Blueprint We've created a zine to help you build better home pages. Check in every month for lots of tips and tricks! Landmark Sites Places to stop when you're surfing that info superhighway known as GeoCities. Landmarks are sites we consider the best of the best. [Join] [Help] [Info] [Home] [Avenues] [Neighborhoods] [Members] [Shopping Center] [Search] © 1995 - 1999 GeoCities. All rights reserved",http://pic.geocities.com/images/neighborhoods/geologo_neighborhood.gif,18,14632,"GeoCities - Yosemite

GeoCities - Yosemite Visit Surplus Auction $5.00 off for Music Lovers@ CDnow Save Now! 3.9% eCard Visa Up to 40% off related books from Amazon.com Other Neighborhoods Great GeoShops Get a Virtual Office Explore The Suburbs: Choose a suburb Yosemite Falls Forest Geyser Gorge Meadows Rapids Trails Yahoo: Outdoors Search: GeoCities Yosemite Password: Backpacking Home Help Info • Travel • Sports & Recreation Join This Neighborhood today! It's Free. Hood Happenings Recreation Chat | Recreation Forum Yosemite is proud to announce the Grand Opening of the Yosemite Community Center ! We have everything under the Yosemite sun. From Adopt a Frog to an Interactive Poem, we've got it all! Surf the Net with Networds - Create Free Networds for every GeoCities and Internet location you visit. They will be available instantly to everyone on the Net. Use Networds and share them with others. Check out the best of the best at the Yosemite Hall of Fame . See great sites ranging from scouting, to hiking, to outdoors activities of all kinds! Getting Involved Community Leaders If you need GeoCities help or want to get more involved in your neighborhood, these are the people to ask. Blueprint We've created a zine to help you build better home pages. Check in every month for lots of tips and tricks! Landmark Sites Places to stop when you're surfing that info superhighway known as GeoCities. Landmarks are sites we consider the best of the best. [Join] [Help] [Info] [Home] [Avenues] [Neighborhoods] [Members] [Shopping Center] [Search] © 1995 - 1999 GeoCities. All rights reserved"
geocities.com,19990208214747,http://www8.geocities.com:80/Yosemite/,https://web.archive.org/web/19990208214747/http://www8.geocities.com:80/Yosemite/,GeoCities - Yosemite,"GeoCities - Yosemite Instant Credit Apply Now! Up to 40% off related books from Amazon.com Visit Surplus Auction $5.00 off for Music Lovers@ CDnow Other Neighborhoods Great GeoShops Get a Virtual Office Explore The Suburbs: Choose a suburb Yosemite Falls Forest Geyser Gorge Meadows Rapids Trails Yahoo: Outdoors Search: GeoCities Yosemite Password: Backpacking Home Help Info • Travel • Sports & Recreation Join This Neighborhood today! It's Free. Hood Happenings Recreation Chat | Recreation Forum The Yosemite Community Pages are an excellent place to go if you're looking for help, are interested in a Yosemite Award, or just want to meet your Community Leaders. Surf the Net with Networds - Create Free Networds for every GeoCities and Internet location you visit. They will be available instantly to everyone on the Net. Use Networds and share them with others. The Yosemite Scouting Jamboree has been formed to bring scouters of all ages together. ""Be prepared,"" and join in the jamboree! Getting Involved Community Leaders If you need GeoCities help or want to get more involved in your neighborhood, these are the people to ask. Blueprint We've created a zine to help you build better home pages. Check in every month for lots of tips and tricks! Landmark Sites Places to stop when you're surfing that info superhighway known as GeoCities. Landmarks are sites we consider the best of the best. [Join] [Help] [Info] [Home] [Avenues] [Neighborhoods] [Members] [Shopping Center] [Search] © 1995 - 1999 GeoCities. All rights reserved",http://pic.geocities.com/images/neighborhoods/geologo_neighborhood.gif,18,14529,"GeoCities - Yosemite

GeoCities - Yosemite Instant Credit Apply Now! Up to 40% off related books from Amazon.com Visit Surplus Auction $5.00 off for Music Lovers@ CDnow Other Neighborhoods Great GeoShops Get a Virtual Office Explore The Suburbs: Choose a suburb Yosemite Falls Forest Geyser Gorge Meadows Rapids Trails Yahoo: Outdoors Search: GeoCities Yosemite Password: Backpacking Home Help Info • Travel • Sports & Recreation Join This Neighborhood today! It's Free. Hood Happenings Recreation Chat | Recreation Forum The Yosemite Community Pages are an excellent place to go if you're looking for help, are interested in a Yosemite Award, or just want to meet your Community Leaders. Surf the Net with Networds - Create Free Networds for every GeoCities and Internet location you visit. They will be available instantly to everyone on the Net. Use Networds and share them with others. The Yosemite Scouting Jamboree has been formed to bring scouters of all ages together. ""Be prepared,"" and join in the jamboree! Getting Involved Community Leaders If you need GeoCities help or want to get more involved in your neighborhood, these are the people to ask. Blueprint We've created a zine to help you build better home pages. Check in every month for lots of tips and tricks! Landmark Sites Places to stop when you're surfing that info superhighway known as GeoCities. Landmarks are sites we consider the best of the best. [Join] [Help] [Info] [Home] [Avenues] [Neighborhoods] [Members] [Shopping Center] [Search] © 1995 - 1999 GeoCities. All rights reserved"
geocities.com,19990209084741,http://www9.geocities.com:80/Yosemite/,https://web.archive.org/web/19990209084741/http://www9.geocities.com:80/Yosemite/,GeoCities - Yosemite,"GeoCities - Yosemite Up to 40% off related books from Amazon.com Visit Surplus Auction $5.00 off for Music Lovers@ CDnow Instant Credit Apply Now! Other Neighborhoods Great GeoShops Get a Virtual Office Explore The Suburbs: Choose a suburb Yosemite Falls Forest Geyser Gorge Meadows Rapids Trails Yahoo: Outdoors Search: GeoCities Yosemite Password: Backpacking Home Help Info • Travel • Sports & Recreation Join This Neighborhood today! It's Free. Hood Happenings Recreation Chat | Recreation Forum The Yosemite Community Pages are an excellent place to go if you're looking for help, are interested in a Yosemite Award, or just want to meet your Community Leaders. Surf the Net with Networds - Create Free Networds for every GeoCities and Internet location you visit. They will be available instantly to everyone on the Net. Use Networds and share them with others. Check out the best of the best at the Yosemite Hall of Fame . See great sites ranging from scouting, to hiking, to outdoors activities of all kinds! Getting Involved Community Leaders If you need GeoCities help or want to get more involved in your neighborhood, these are the people to ask. Blueprint We've created a zine to help you build better home pages. Check in every month for lots of tips and tricks! Landmark Sites Places to stop when you're surfing that info superhighway known as GeoCities. Landmarks are sites we consider the best of the best. [Join] [Help] [Info] [Home] [Avenues] [Neighborhoods] [Members] [Shopping Center] [Search] © 1995 - 1999 GeoCities. All rights reserved",http://pic.geocities.com/images/neighborhoods/geologo_neighborhood.gif,18,14594,"GeoCities - Yosemite

GeoCities - Yosemite Up to 40% off related books from Amazon.com Visit Surplus Auction $5.00 off for Music Lovers@ CDnow Instant Credit Apply Now! Other Neighborhoods Great GeoShops Get a Virtual Office Explore The Suburbs: Choose a suburb Yosemite Falls Forest Geyser Gorge Meadows Rapids Trails Yahoo: Outdoors Search: GeoCities Yosemite Password: Backpacking Home Help Info • Travel • Sports & Recreation Join This Neighborhood today! It's Free. Hood Happenings Recreation Chat | Recreation Forum The Yosemite Community Pages are an excellent place to go if you're looking for help, are interested in a Yosemite Award, or just want to meet your Community Leaders. Surf the Net with Networds - Create Free Networds for every GeoCities and Internet location you visit. They will be available instantly to everyone on the Net. Use Networds and share them with others. Check out the best of the best at the Yosemite Hall of Fame . See great sites ranging from scouting, to hiking, to outdoors activities of all kinds! Getting Involved Community Leaders If you need GeoCities help or want to get more involved in your neighborhood, these are the people to ask. Blueprint We've created a zine to help you build better home pages. Check in every month for lots of tips and tricks! Landmark Sites Places to stop when you're surfing that info superhighway known as GeoCities. Landmarks are sites we consider the best of the best. [Join] [Help] [Info] [Home] [Avenues] [Neighborhoods] [Members] [Shopping Center] [Search] © 1995 - 1999 GeoCities. All rights reserved"
geocities.com,19990209121836,http://www1.geocities.com:80/Yosemite/,https://web.archive.org/web/19990209121836/http://www1.geocities.com:80/Yosemite/,GeoCities - Yosemite,"GeoCities - Yosemite $5.00 off for Music Lovers@ CDnow Instant Credit Apply Now! Up to 40% off related books from Amazon.com Visit Surplus Auction Other Neighborhoods Great GeoShops Get a Virtual Office Explore The Suburbs: Choose a suburb Yosemite Falls Forest Geyser Gorge Meadows Rapids Trails Yahoo: Outdoors Search: GeoCities Yosemite Password: Backpacking Home Help Info • Travel • Sports & Recreation Join This Neighborhood today! It's Free. Hood Happenings Recreation Chat | Recreation Forum The Yosemite Community Pages are an excellent place to go if you're looking for help, are interested in a Yosemite Award, or just want to meet your Community Leaders. Surf the Net with Networds - Create Free Networds for every GeoCities and Internet location you visit. They will be available instantly to everyone on the Net. Use Networds and share them with others. Are you outdoorsman who loves to camp? Come see what the Horizon Zine has to offer. You'll find campfire stories, camping with kids, hints and tips, and camping safety. Getting Involved Community Leaders If you need GeoCities help or want to get more involved in your neighborhood, these are the people to ask. Blueprint We've created a zine to help you build better home pages. Check in every month for lots of tips and tricks! Landmark Sites Places to stop when you're surfing that info superhighway known as GeoCities. Landmarks are sites we consider the best of the best. [Join] [Help] [Info] [Home] [Avenues] [Neighborhoods] [Members] [Shopping Center] [Search] © 1995 - 1999 GeoCities. All rights reserved",http://pic.geocities.com/images/neighborhoods/geologo_neighborhood.gif,18,14581,"GeoCities - Yosemite

GeoCities - Yosemite $5.00 off for Music Lovers@ CDnow Instant Credit Apply Now! Up to 40% off related books from Amazon.com Visit Surplus Auction Other Neighborhoods Great GeoShops Get a Virtual Office Explore The Suburbs: Choose a suburb Yosemite Falls Forest Geyser Gorge Meadows Rapids Trails Yahoo: Outdoors Search: GeoCities Yosemite Password: Backpacking Home Help Info • Travel • Sports & Recreation Join This Neighborhood today! It's Free. Hood Happenings Recreation Chat | Recreation Forum The Yosemite Community Pages are an excellent place to go if you're looking for help, are interested in a Yosemite Award, or just want to meet your Community Leaders. Surf the Net with Networds - Create Free Networds for every GeoCities and Internet location you visit. They will be available instantly to everyone on the Net. Use Networds and share them with others. Are you outdoorsman who loves to camp? Come see what the Horizon Zine has to offer. You'll find campfire stories, camping with kids, hints and tips, and camping safety. Getting Involved Community Leaders If you need GeoCities help or want to get more involved in your neighborhood, these are the people to ask. Blueprint We've created a zine to help you build better home pages. Check in every month for lots of tips and tricks! Landmark Sites Places to stop when you're surfing that info superhighway known as GeoCities. Landmarks are sites we consider the best of the best. [Join] [Help] [Info] [Home] [Avenues] [Neighborhoods] [Members] [Shopping Center] [Search] © 1995 - 1999 GeoCities. All rights reserved"
geocities.com,19990209131228,http://www17.geocities.com:80/Yosemite/,https://web.archive.org/web/19990209131228/http://www17.geocities.com:80/Yosemite/,GeoCities - Yosemite,"GeoCities - Yosemite Visit Surplus Auction $5.00 off for Music Lovers@ CDnow Instant Credit Apply Now! Up to 40% off related books from Amazon.com Other Neighborhoods Great GeoShops Get a Virtual Office Explore The Suburbs: Choose a suburb Yosemite Falls Forest Geyser Gorge Meadows Rapids Trails Yahoo: Outdoors Search: GeoCities Yosemite Password: Backpacking Home Help Info • Travel • Sports & Recreation Join This Neighborhood today! It's Free. Hood Happenings Recreation Chat | Recreation Forum Yosemite is proud to announce the Grand Opening of the Yosemite Community Center ! We have everything under the Yosemite sun. From Adopt a Frog to an Interactive Poem, we've got it all! Surf the Net with Networds - Create Free Networds for every GeoCities and Internet location you visit. They will be available instantly to everyone on the Net. Use Networds and share them with others. The Yosemite Scouting Jamboree has been formed to bring scouters of all ages together. ""Be prepared,"" and join in the jamboree! Getting Involved Community Leaders If you need GeoCities help or want to get more involved in your neighborhood, these are the people to ask. Blueprint We've created a zine to help you build better home pages. Check in every month for lots of tips and tricks! Landmark Sites Places to stop when you're surfing that info superhighway known as GeoCities. Landmarks are sites we consider the best of the best. [Join] [Help] [Info] [Home] [Avenues] [Neighborhoods] [Members] [Shopping Center] [Search] © 1995 - 1999 GeoCities. All rights reserved",http://pic.geocities.com/images/neighborhoods/geologo_neighborhood.gif,18,14597,"GeoCities - Yosemite

GeoCities - Yosemite Visit Surplus Auction $5.00 off for Music Lovers@ CDnow Instant Credit Apply Now! Up to 40% off related books from Amazon.com Other Neighborhoods Great GeoShops Get a Virtual Office Explore The Suburbs: Choose a suburb Yosemite Falls Forest Geyser Gorge Meadows Rapids Trails Yahoo: Outdoors Search: GeoCities Yosemite Password: Backpacking Home Help Info • Travel • Sports & Recreation Join This Neighborhood today! It's Free. Hood Happenings Recreation Chat | Recreation Forum Yosemite is proud to announce the Grand Opening of the Yosemite Community Center ! We have everything under the Yosemite sun. From Adopt a Frog to an Interactive Poem, we've got it all! Surf the Net with Networds - Create Free Networds for every GeoCities and Internet location you visit. They will be available instantly to everyone on the Net. Use Networds and share them with others. The Yosemite Scouting Jamboree has been formed to bring scouters of all ages together. ""Be prepared,"" and join in the jamboree! Getting Involved Community Leaders If you need GeoCities help or want to get more involved in your neighborhood, these are the people to ask. Blueprint We've created a zine to help you build better home pages. Check in every month for lots of tips and tricks! Landmark Sites Places to stop when you're surfing that info superhighway known as GeoCities. Landmarks are sites we consider the best of the best. [Join] [Help] [Info] [Home] [Avenues] [Neighborhoods] [Members] [Shopping Center] [Search] © 1995 - 1999 GeoCities. All rights reserved"
geocities.com,19990210070327,http://www.geocities.com:80/Yosemite/,https://web.archive.org/web/19990210070327/http://www.geocities.com:80/Yosemite/,GeoCities - Yosemite,"GeoCities - Yosemite $5.00 off for Music Lovers@ CDnow Instant Credit Apply Now! Up to 40% off related books from Amazon.com Visit Surplus Auction Other Neighborhoods Great GeoShops Get a Virtual Office Explore The Suburbs: Choose a suburb Yosemite Falls Forest Geyser Gorge Meadows Rapids Trails Yahoo: Outdoors Search: GeoCities Yosemite Password: Backpacking Home Help Info • Travel • Sports & Recreation Join This Neighborhood today! It's Free. Hood Happenings Recreation Chat | Recreation Forum The Yosemite Community Pages are an excellent place to go if you're looking for help, are interested in a Yosemite Award, or just want to meet your Community Leaders. Surf the Net with Networds - Create Free Networds for every GeoCities and Internet location you visit. They will be available instantly to everyone on the Net. Use Networds and share them with others. Are you outdoorsman who loves to camp? Come see what the Horizon Zine has to offer. You'll find campfire stories, camping with kids, hints and tips, and camping safety. Getting Involved Community Leaders If you need GeoCities help or want to get more involved in your neighborhood, these are the people to ask. Blueprint We've created a zine to help you build better home pages. Check in every month for lots of tips and tricks! Landmark Sites Places to stop when you're surfing that info superhighway known as GeoCities. Landmarks are sites we consider the best of the best. [Join] [Help] [Info] [Home] [Avenues] [Neighborhoods] [Members] [Shopping Center] [Search] © 1995 - 1999 GeoCities. All rights reserved",http://pic.geocities.com/images/neighborhoods/geologo_neighborhood.gif,18,14581,"GeoCities - Yosemite

GeoCities - Yosemite $5.00 off for Music Lovers@ CDnow Instant Credit Apply Now! Up to 40% off related books from Amazon.com Visit Surplus Auction Other Neighborhoods Great GeoShops Get a Virtual Office Explore The Suburbs: Choose a suburb Yosemite Falls Forest Geyser Gorge Meadows Rapids Trails Yahoo: Outdoors Search: GeoCities Yosemite Password: Backpacking Home Help Info • Travel • Sports & Recreation Join This Neighborhood today! It's Free. Hood Happenings Recreation Chat | Recreation Forum The Yosemite Community Pages are an excellent place to go if you're looking for help, are interested in a Yosemite Award, or just want to meet your Community Leaders. Surf the Net with Networds - Create Free Networds for every GeoCities and Internet location you visit. They will be available instantly to everyone on the Net. Use Networds and share them with others. Are you outdoorsman who loves to camp? Come see what the Horizon Zine has to offer. You'll find campfire stories, camping with kids, hints and tips, and camping safety. Getting Involved Community Leaders If you need GeoCities help or want to get more involved in your neighborhood, these are the people to ask. Blueprint We've created a zine to help you build better home pages. Check in every month for lots of tips and tricks! Landmark Sites Places to stop when you're surfing that info superhighway known as GeoCities. Landmarks are sites we consider the best of the best. [Join] [Help] [Info] [Home] [Avenues] [Neighborhoods] [Members] [Shopping Center] [Search] © 1995 - 1999 GeoCities. All rights reserved"
geocities.com,19990218065043,http://geocities.com:80/Yosemite/,https://web.archive.org/web/19990218065043/http://geocities.com:80/Yosemite/,GeoCities - Yosemite,"GeoCities - Yosemite Instant Credit Apply Now! Up to 40% off related books from Amazon.com Visit Surplus Auction $5.00 off music at CDnow! Other Neighborhoods Great GeoShops Get a Virtual Office Explore The Suburbs: Choose a suburb Yosemite Falls Forest Geyser Gorge Meadows Rapids Trails Yahoo: Outdoors Search: GeoCities Yosemite Password: Backpacking Home Help Info • Travel • Sports & Recreation Join This Neighborhood today! It's Free. Hood Happenings Recreation Chat | Recreation Forum The Yosemite Community Pages are an excellent place to go if you're looking for help, are interested in a Yosemite Award, or just want to meet your Community Leaders. Surf the Net with Networds - Create Free Networds for every GeoCities and Internet location you visit. They will be available instantly to everyone on the Net. Use Networds and share them with others. Are you outdoorsman who loves to camp? Come see what the Horizon Zine has to offer. You'll find campfire stories, camping with kids, hints and tips, and camping safety. Getting Involved Community Leaders If you need GeoCities help or want to get more involved in your neighborhood, these are the people to ask. Blueprint We've created a zine to help you build better home pages. Check in every month for lots of tips and tricks! Landmark Sites Places to stop when you're surfing that info superhighway known as GeoCities. Landmarks are sites we consider the best of the best. [Join] [Help] [Info] [Home] [Avenues] [Neighborhoods] [Members] [Shopping Center] [Search] © 1995 - 1999 GeoCities. All rights reserved",http://pic.geocities.com/images/neighborhoods/geologo_neighborhood.gif,18,14559,"GeoCities - Yosemite

GeoCities - Yosemite Instant Credit Apply Now! Up to 40% off related books from Amazon.com Visit Surplus Auction $5.00 off music at CDnow! Other Neighborhoods Great GeoShops Get a Virtual Office Explore The Suburbs: Choose a suburb Yosemite Falls Forest Geyser Gorge Meadows Rapids Trails Yahoo: Outdoors Search: GeoCities Yosemite Password: Backpacking Home Help Info • Travel • Sports & Recreation Join This Neighborhood today! It's Free. Hood Happenings Recreation Chat | Recreation Forum The Yosemite Community Pages are an excellent place to go if you're looking for help, are interested in a Yosemite Award, or just want to meet your Community Leaders. Surf the Net with Networds - Create Free Networds for every GeoCities and Internet location you visit. They will be available instantly to everyone on the Net. Use Networds and share them with others. Are you outdoorsman who loves to camp? Come see what the Horizon Zine has to offer. You'll find campfire stories, camping with kids, hints and tips, and camping safety. Getting Involved Community Leaders If you need GeoCities help or want to get more involved in your neighborhood, these are the people to ask. Blueprint We've created a zine to help you build better home pages. Check in every month for lots of tips and tricks! Landmark Sites Places to stop when you're surfing that info superhighway known as GeoCities. Landmarks are sites we consider the best of the best. [Join] [Help] [Info] [Home] [Avenues] [Neighborhoods] [Members] [Shopping Center] [Search] © 1995 - 1999 GeoCities. All rights reserved"
geocities.com,19990219085601,http://www3.geocities.com:80/Yosemite/,https://web.archive.org/web/19990219085601/http://www3.geocities.com:80/Yosemite/,GeoCities - Yosemite,"GeoCities - Yosemite Instant Credit Apply Now! Up to 40% off related books from Amazon.com Visit Surplus Auction $5.00 off music at CDnow! Other Neighborhoods Great GeoShops Get a Virtual Office Explore The Suburbs: Choose a suburb Yosemite Falls Forest Geyser Gorge Meadows Rapids Trails Yahoo: Outdoors Search: GeoCities Yosemite Password: Backpacking Home Help Info • Travel • Sports & Recreation Join This Neighborhood today! It's Free. Hood Happenings Recreation Chat | Recreation Forum Yosemite is proud to announce the Grand Opening of the Yosemite Community Center ! We have everything under the Yosemite sun. From Adopt a Frog to an Interactive Poem, we've got it all! Surf the Net with Networds - Create Free Networds for every GeoCities and Internet location you visit. They will be available instantly to everyone on the Net. Use Networds and share them with others. Are you outdoorsman who loves to camp? Come see what the Horizon Zine has to offer. You'll find campfire stories, camping with kids, hints and tips, and camping safety. Getting Involved Community Leaders If you need GeoCities help or want to get more involved in your neighborhood, these are the people to ask. Blueprint We've created a zine to help you build better home pages. Check in every month for lots of tips and tricks! Landmark Sites Places to stop when you're surfing that info superhighway known as GeoCities. Landmarks are sites we consider the best of the best. [Join] [Help] [Info] [Home] [Avenues] [Neighborhoods] [Members] [Shopping Center] [Search] © 1995 - 1999 GeoCities. All rights reserved",http://pic.geocities.com/images/neighborhoods/geologo_neighborhood.gif,18,14630,"GeoCities - Yosemite

GeoCities - Yosemite Instant Credit Apply Now! Up to 40% off related books from Amazon.com Visit Surplus Auction $5.00 off music at CDnow! Other Neighborhoods Great GeoShops Get a Virtual Office Explore The Suburbs: Choose a suburb Yosemite Falls Forest Geyser Gorge Meadows Rapids Trails Yahoo: Outdoors Search: GeoCities Yosemite Password: Backpacking Home Help Info • Travel • Sports & Recreation Join This Neighborhood today! It's Free. Hood Happenings Recreation Chat | Recreation Forum Yosemite is proud to announce the Grand Opening of the Yosemite Community Center ! We have everything under the Yosemite sun. From Adopt a Frog to an Interactive Poem, we've got it all! Surf the Net with Networds - Create Free Networds for every GeoCities and Internet location you visit. They will be available instantly to everyone on the Net. Use Networds and share them with others. Are you outdoorsman who loves to camp? Come see what the Horizon Zine has to offer. You'll find campfire stories, camping with kids, hints and tips, and camping safety. Getting Involved Community Leaders If you need GeoCities help or want to get more involved in your neighborhood, these are the people to ask. Blueprint We've created a zine to help you build better home pages. Check in every month for lots of tips and tricks! Landmark Sites Places to stop when you're surfing that info superhighway known as GeoCities. Landmarks are sites we consider the best of the best. [Join] [Help] [Info] [Home] [Avenues] [Neighborhoods] [Members] [Shopping Center] [Search] © 1995 - 1999 GeoCities. All rights reserved"
geocities.com,19990219125715,http://www14.geocities.com:80/Yosemite/,https://web.archive.org/web/19990219125715/http://www14.geocities.com:80/Yosemite/,GeoCities - Yosemite,"GeoCities - Yosemite $5.00 off music at CDnow! Instant Credit Apply Now! Up to 40% off related books from Amazon.com Visit Surplus Auction Other Neighborhoods Great GeoShops Get a Virtual Office Explore The Suburbs: Choose a suburb Yosemite Falls Forest Geyser Gorge Meadows Rapids Trails Yahoo: Outdoors Search: GeoCities Yosemite Password: Backpacking Home Help Info • Travel • Sports & Recreation Join This Neighborhood today! It's Free. Hood Happenings Recreation Chat | Recreation Forum The Yosemite Community Pages are an excellent place to go if you're looking for help, are interested in a Yosemite Award, or just want to meet your Community Leaders. Surf the Net with Networds - Create Free Networds for every GeoCities and Internet location you visit. They will be available instantly to everyone on the Net. Use Networds and share them with others. Check out the best of the best at the Yosemite Hall of Fame . See great sites ranging from scouting, to hiking, to outdoors activities of all kinds! Getting Involved Community Leaders If you need GeoCities help or want to get more involved in your neighborhood, these are the people to ask. Blueprint We've created a zine to help you build better home pages. Check in every month for lots of tips and tricks! Landmark Sites Places to stop when you're surfing that info superhighway known as GeoCities. Landmarks are sites we consider the best of the best. [Join] [Help] [Info] [Home] [Avenues] [Neighborhoods] [Members] [Shopping Center] [Search] © 1995 - 1999 GeoCities. All rights reserved",http://pic.geocities.com/images/neighborhoods/geologo_neighborhood.gif,18,14595,"GeoCities - Yosemite

GeoCities - Yosemite $5.00 off music at CDnow! Instant Credit Apply Now! Up to 40% off related books from Amazon.com Visit Surplus Auction Other Neighborhoods Great GeoShops Get a Virtual Office Explore The Suburbs: Choose a suburb Yosemite Falls Forest Geyser Gorge Meadows Rapids Trails Yahoo: Outdoors Search: GeoCities Yosemite Password: Backpacking Home Help Info • Travel • Sports & Recreation Join This Neighborhood today! It's Free. Hood Happenings Recreation Chat | Recreation Forum The Yosemite Community Pages are an excellent place to go if you're looking for help, are interested in a Yosemite Award, or just want to meet your Community Leaders. Surf the Net with Networds - Create Free Networds for every GeoCities and Internet location you visit. They will be available instantly to everyone on the Net. Use Networds and share them with others. Check out the best of the best at the Yosemite Hall of Fame . See great sites ranging from scouting, to hiking, to outdoors activities of all kinds! Getting Involved Community Leaders If you need GeoCities help or want to get more involved in your neighborhood, these are the people to ask. Blueprint We've created a zine to help you build better home pages. Check in every month for lots of tips and tricks! Landmark Sites Places to stop when you're surfing that info superhighway known as GeoCities. Landmarks are sites we consider the best of the best. [Join] [Help] [Info] [Home] [Avenues] [Neighborhoods] [Members] [Shopping Center] [Search] © 1995 - 1999 GeoCities. All rights reserved"
geocities.com,19990220171425,http://www13.geocities.com:80/Yosemite/,https://web.archive.org/web/19990220171425/http://www13.geocities.com:80/Yosemite/,GeoCities - Yosemite,"GeoCities - Yosemite Instant Credit Apply Now! Up to 40% off related books from Amazon.com Visit Surplus Auction $5.00 off music at CDnow! Other Neighborhoods Great GeoShops Get a Virtual Office Explore The Suburbs: Choose a suburb Yosemite Falls Forest Geyser Gorge Meadows Rapids Trails Yahoo: Outdoors Search: GeoCities Yosemite Password: Backpacking Home Help Info • Travel • Sports & Recreation Join This Neighborhood today! It's Free. Hood Happenings Recreation Chat | Recreation Forum The Yosemite Community Pages are an excellent place to go if you're looking for help, are interested in a Yosemite Award, or just want to meet your Community Leaders. Surf the Net with Networds - Create Free Networds for every GeoCities and Internet location you visit. They will be available instantly to everyone on the Net. Use Networds and share them with others. Are you outdoorsman who loves to camp? Come see what the Horizon Zine has to offer. You'll find campfire stories, camping with kids, hints and tips, and camping safety. Getting Involved Community Leaders If you need GeoCities help or want to get more involved in your neighborhood, these are the people to ask. Blueprint We've created a zine to help you build better home pages. Check in every month for lots of tips and tricks! Landmark Sites Places to stop when you're surfing that info superhighway known as GeoCities. Landmarks are sites we consider the best of the best. [Join] [Help] [Info] [Home] [Avenues] [Neighborhoods] [Members] [Shopping Center] [Search] © 1995 - 1999 GeoCities. All rights reserved",http://pic.geocities.com/images/neighborhoods/geologo_neighborhood.gif,18,14559,"GeoCities - Yosemite

GeoCities - Yosemite Instant Credit Apply Now! Up to 40% off related books from Amazon.com Visit Surplus Auction $5.00 off music at CDnow! Other Neighborhoods Great GeoShops Get a Virtual Office Explore The Suburbs: Choose a suburb Yosemite Falls Forest Geyser Gorge Meadows Rapids Trails Yahoo: Outdoors Search: GeoCities Yosemite Password: Backpacking Home Help Info • Travel • Sports & Recreation Join This Neighborhood today! It's Free. Hood Happenings Recreation Chat | Recreation Forum The Yosemite Community Pages are an excellent place to go if you're looking for help, are interested in a Yosemite Award, or just want to meet your Community Leaders. Surf the Net with Networds - Create Free Networds for every GeoCities and Internet location you visit. They will be available instantly to everyone on the Net. Use Networds and share them with others. Are you outdoorsman who loves to camp? Come see what the Horizon Zine has to offer. You'll find campfire stories, camping with kids, hints and tips, and camping safety. Getting Involved Community Leaders If you need GeoCities help or want to get more involved in your neighborhood, these are the people to ask. Blueprint We've created a zine to help you build better home pages. Check in every month for lots of tips and tricks! Landmark Sites Places to stop when you're surfing that info superhighway known as GeoCities. Landmarks are sites we consider the best of the best. [Join] [Help] [Info] [Home] [Avenues] [Neighborhoods] [Members] [Shopping Center] [Search] © 1995 - 1999 GeoCities. All rights reserved"
geocities.com,19990221051006,http://www16.geocities.com:80/Yosemite/,https://web.archive.org/web/19990221051006/http://www16.geocities.com:80/Yosemite/,GeoCities - Yosemite,"GeoCities - Yosemite Visit Surplus Auction $5.00 off music at CDnow! Instant Credit Apply Now! Up to 40% off related books from Amazon.com Other Neighborhoods Great GeoShops Get a Virtual Office Explore The Suburbs: Choose a suburb Yosemite Falls Forest Geyser Gorge Meadows Rapids Trails Yahoo: Outdoors Search: GeoCities Yosemite Password: Backpacking Home Help Info • Travel • Sports & Recreation Join This Neighborhood today! It's Free. Hood Happenings Recreation Chat | Recreation Forum Yosemite is proud to announce the Grand Opening of the Yosemite Community Center ! We have everything under the Yosemite sun. From Adopt a Frog to an Interactive Poem, we've got it all! Surf the Net with Networds - Create Free Networds for every GeoCities and Internet location you visit. They will be available instantly to everyone on the Net. Use Networds and share them with others. Are you outdoorsman who loves to camp? Come see what the Horizon Zine has to offer. You'll find campfire stories, camping with kids, hints and tips, and camping safety. Getting Involved Community Leaders If you need GeoCities help or want to get more involved in your neighborhood, these are the people to ask. Blueprint We've created a zine to help you build better home pages. Check in every month for lots of tips and tricks! Landmark Sites Places to stop when you're surfing that info superhighway known as GeoCities. Landmarks are sites we consider the best of the best. [Join] [Help] [Info] [Home] [Avenues] [Neighborhoods] [Members] [Shopping Center] [Search] © 1995 - 1999 GeoCities. All rights reserved",http://pic.geocities.com/images/neighborhoods/geologo_neighborhood.gif,18,14601,"GeoCities - Yosemite

GeoCities - Yosemite Visit Surplus Auction $5.00 off music at CDnow! Instant Credit Apply Now! Up to 40% off related books from Amazon.com Other Neighborhoods Great GeoShops Get a Virtual Office Explore The Suburbs: Choose a suburb Yosemite Falls Forest Geyser Gorge Meadows Rapids Trails Yahoo: Outdoors Search: GeoCities Yosemite Password: Backpacking Home Help Info • Travel • Sports & Recreation Join This Neighborhood today! It's Free. Hood Happenings Recreation Chat | Recreation Forum Yosemite is proud to announce the Grand Opening of the Yosemite Community Center ! We have everything under the Yosemite sun. From Adopt a Frog to an Interactive Poem, we've got it all! Surf the Net with Networds - Create Free Networds for every GeoCities and Internet location you visit. They will be available instantly to everyone on the Net. Use Networds and share them with others. Are you outdoorsman who loves to camp? Come see what the Horizon Zine has to offer. You'll find campfire stories, camping with kids, hints and tips, and camping safety. Getting Involved Community Leaders If you need GeoCities help or want to get more involved in your neighborhood, these are the people to ask. Blueprint We've created a zine to help you build better home pages. Check in every month for lots of tips and tricks! Landmark Sites Places to stop when you're surfing that info superhighway known as GeoCities. Landmarks are sites we consider the best of the best. [Join] [Help] [Info] [Home] [Avenues] [Neighborhoods] [Members] [Shopping Center] [Search] © 1995 - 1999 GeoCities. All rights reserved"
geocities.com,19990221191318,http://www12.geocities.com:80/Yosemite/,https://web.archive.org/web/19990221191318/http://www12.geocities.com:80/Yosemite/,GeoCities - Yosemite,"GeoCities - Yosemite Up to 40% off related books from Amazon.com Visit Surplus Auction $5.00 off music at CDnow! Instant Credit Apply Now! Other Neighborhoods Great GeoShops Get a Virtual Office Explore The Suburbs: Choose a suburb Yosemite Falls Forest Geyser Gorge Meadows Rapids Trails Yahoo: Outdoors Search: GeoCities Yosemite Password: Backpacking Home Help Info • Travel • Sports & Recreation Join This Neighborhood today! It's Free. Hood Happenings Recreation Chat | Recreation Forum Yosemite is proud to announce the Grand Opening of the Yosemite Community Center ! We have everything under the Yosemite sun. From Adopt a Frog to an Interactive Poem, we've got it all! Surf the Net with Networds - Create Free Networds for every GeoCities and Internet location you visit. They will be available instantly to everyone on the Net. Use Networds and share them with others. Are you outdoorsman who loves to camp? Come see what the Horizon Zine has to offer. You'll find campfire stories, camping with kids, hints and tips, and camping safety. Getting Involved Community Leaders If you need GeoCities help or want to get more involved in your neighborhood, these are the people to ask. Blueprint We've created a zine to help you build better home pages. Check in every month for lots of tips and tricks! Landmark Sites Places to stop when you're surfing that info superhighway known as GeoCities. Landmarks are sites we consider the best of the best. [Join] [Help] [Info] [Home] [Avenues] [Neighborhoods] [Members] [Shopping Center] [Search] © 1995 - 1999 GeoCities. All rights reserved",http://pic.geocities.com/images/neighborhoods/geologo_neighborhood.gif,18,14601,"GeoCities - Yosemite

GeoCities - Yosemite Up to 40% off related books from Amazon.com Visit Surplus Auction $5.00 off music at CDnow! Instant Credit Apply Now! Other Neighborhoods Great GeoShops Get a Virtual Office Explore The Suburbs: Choose a suburb Yosemite Falls Forest Geyser Gorge Meadows Rapids Trails Yahoo: Outdoors Search: GeoCities Yosemite Password: Backpacking Home Help Info • Travel • Sports & Recreation Join This Neighborhood today! It's Free. Hood Happenings Recreation Chat | Recreation Forum Yosemite is proud to announce the Grand Opening of the Yosemite Community Center ! We have everything under the Yosemite sun. From Adopt a Frog to an Interactive Poem, we've got it all! Surf the Net with Networds - Create Free Networds for every GeoCities and Internet location you visit. They will be available instantly to everyone on the Net. Use Networds and share them with others. Are you outdoorsman who loves to camp? Come see what the Horizon Zine has to offer. You'll find campfire stories, camping with kids, hints and tips, and camping safety. Getting Involved Community Leaders If you need GeoCities help or want to get more involved in your neighborhood, these are the people to ask. Blueprint We've created a zine to help you build better home pages. Check in every month for lots of tips and tricks! Landmark Sites Places to stop when you're surfing that info superhighway known as GeoCities. Landmarks are sites we consider the best of the best. [Join] [Help] [Info] [Home] [Avenues] [Neighborhoods] [Members] [Shopping Center] [Search] © 1995 - 1999 GeoCities. All rights reserved"
geocities.com,19990222015530,http://www4.geocities.com:80/Yosemite/,https://web.archive.org/web/19990222015530/http://www4.geocities.com:80/Yosemite/,GeoCities - Yosemite,"GeoCities - Yosemite $5.00 off music at CDnow! Instant Credit Apply Now! Up to 40% off related books from Amazon.com Visit Surplus Auction Other Neighborhoods Great GeoShops Get a Virtual Office Explore The Suburbs: Choose a suburb Yosemite Falls Forest Geyser Gorge Meadows Rapids Trails Yahoo: Outdoors Search: GeoCities Yosemite Password: Backpacking Home Help Info • Travel • Sports & Recreation Join This Neighborhood today! It's Free. Hood Happenings Recreation Chat | Recreation Forum Yosemite is proud to announce the Grand Opening of the Yosemite Community Center ! We have everything under the Yosemite sun. From Adopt a Frog to an Interactive Poem, we've got it all! Surf the Net with Networds - Create Free Networds for every GeoCities and Internet location you visit. They will be available instantly to everyone on the Net. Use Networds and share them with others. The Yosemite Scouting Jamboree has been formed to bring scouters of all ages together. ""Be prepared,"" and join in the jamboree! Getting Involved Community Leaders If you need GeoCities help or want to get more involved in your neighborhood, these are the people to ask. Blueprint We've created a zine to help you build better home pages. Check in every month for lots of tips and tricks! Landmark Sites Places to stop when you're surfing that info superhighway known as GeoCities. Landmarks are sites we consider the best of the best. [Join] [Help] [Info] [Home] [Avenues] [Neighborhoods] [Members] [Shopping Center] [Search] © 1995 - 1999 GeoCities. All rights reserved",http://pic.geocities.com/images/neighborhoods/geologo_neighborhood.gif,18,14549,"GeoCities - Yosemite

GeoCities - Yosemite $5.00 off music at CDnow! Instant Credit Apply Now! Up to 40% off related books from Amazon.com Visit Surplus Auction Other Neighborhoods Great GeoShops Get a Virtual Office Explore The Suburbs: Choose a suburb Yosemite Falls Forest Geyser Gorge Meadows Rapids Trails Yahoo: Outdoors Search: GeoCities Yosemite Password: Backpacking Home Help Info • Travel • Sports & Recreation Join This Neighborhood today! It's Free. Hood Happenings Recreation Chat | Recreation Forum Yosemite is proud to announce the Grand Opening of the Yosemite Community Center ! We have everything under the Yosemite sun. From Adopt a Frog to an Interactive Poem, we've got it all! Surf the Net with Networds - Create Free Networds for every GeoCities and Internet location you visit. They will be available instantly to everyone on the Net. Use Networds and share them with others. The Yosemite Scouting Jamboree has been formed to bring scouters of all ages together. ""Be prepared,"" and join in the jamboree! Getting Involved Community Leaders If you need GeoCities help or want to get more involved in your neighborhood, these are the people to ask. Blueprint We've created a zine to help you build better home pages. Check in every month for lots of tips and tricks! Landmark Sites Places to stop when you're surfing that info superhighway known as GeoCities. Landmarks are sites we consider the best of the best. [Join] [Help] [Info] [Home] [Avenues] [Neighborhoods] [Members] [Shopping Center] [Search] © 1995 - 1999 GeoCities. All rights reserved"
geocities.com,19990222142615,http://www21.geocities.com:80/Yosemite/,https://web.archive.org/web/19990222142615/http://www21.geocities.com:80/Yosemite/,GeoCities - Yosemite,"GeoCities - Yosemite $5.00 off music at CDnow! Instant Credit Apply Now! Up to 40% off related books from Amazon.com Visit Surplus Auction Other Neighborhoods Great GeoShops Get a Virtual Office Explore The Suburbs: Choose a suburb Yosemite Falls Forest Geyser Gorge Meadows Rapids Trails Yahoo: Outdoors Search: GeoCities Yosemite Password: Backpacking Home Help Info • Travel • Sports & Recreation Join This Neighborhood today! It's Free. Hood Happenings Recreation Chat | Recreation Forum The Yosemite Community Pages are an excellent place to go if you're looking for help, are interested in a Yosemite Award, or just want to meet your Community Leaders. Surf the Net with Networds - Create Free Networds for every GeoCities and Internet location you visit. They will be available instantly to everyone on the Net. Use Networds and share them with others. The Yosemite Scouting Jamboree has been formed to bring scouters of all ages together. ""Be prepared,"" and join in the jamboree! Getting Involved Community Leaders If you need GeoCities help or want to get more involved in your neighborhood, these are the people to ask. Blueprint We've created a zine to help you build better home pages. Check in every month for lots of tips and tricks! Landmark Sites Places to stop when you're surfing that info superhighway known as GeoCities. Landmarks are sites we consider the best of the best. [Join] [Help] [Info] [Home] [Avenues] [Neighborhoods] [Members] [Shopping Center] [Search] © 1995 - 1999 GeoCities. All rights reserved",http://pic.geocities.com/images/neighborhoods/geologo_neighborhood.gif,18,14507,"GeoCities - Yosemite

GeoCities - Yosemite $5.00 off music at CDnow! Instant Credit Apply Now! Up to 40% off related books from Amazon.com Visit Surplus Auction Other Neighborhoods Great GeoShops Get a Virtual Office Explore The Suburbs: Choose a suburb Yosemite Falls Forest Geyser Gorge Meadows Rapids Trails Yahoo: Outdoors Search: GeoCities Yosemite Password: Backpacking Home Help Info • Travel • Sports & Recreation Join This Neighborhood today! It's Free. Hood Happenings Recreation Chat | Recreation Forum The Yosemite Community Pages are an excellent place to go if you're looking for help, are interested in a Yosemite Award, or just want to meet your Community Leaders. Surf the Net with Networds - Create Free Networds for every GeoCities and Internet location you visit. They will be available instantly to everyone on the Net. Use Networds and share them with others. The Yosemite Scouting Jamboree has been formed to bring scouters of all ages together. ""Be prepared,"" and join in the jamboree! Getting Involved Community Leaders If you need GeoCities help or want to get more involved in your neighborhood, these are the people to ask. Blueprint We've created a zine to help you build better home pages. Check in every month for lots of tips and tricks! Landmark Sites Places to stop when you're surfing that info superhighway known as GeoCities. Landmarks are sites we consider the best of the best. [Join] [Help] [Info] [Home] [Avenues] [Neighborhoods] [Members] [Shopping Center] [Search] © 1995 - 1999 GeoCities. All rights reserved"
geocities.com,19990822151355,http://www.geocities.com:80/Yosemite/1000/test1.htm,https://web.archive.org/web/19990822151355/http://www.geocities.com:80/Yosemite/1000/test1.htm,kandy,"kandy Hallo Biker! A g'miatliches Biken wa aongsogt! An alle, die ein Motorrad besitzen (in Unkenntnis der Grips'schen Ausrüstung mit diesem Werkzeug habe ich diese 'Mehl' an ""alle"" geschickt) und Lust haben, mit mir vom 3. bis 6.Juni 1999 (Do = Fronleichnam bis Sonntag) eine gemütliche Motorradtour zu unternehmen, sollen sich bitte bei mir zwecks Abklärung der weiteren Vorgangsweise melden. Route: GRAZ (0800) ==> Soboth (0900) ==> Tarvisio ==> Passo di Predil ==> Isonzotal ==> Nova Goriza ==> Triest (irgendwo zwischen T. und Pula übernachten) ==> Istrienrundfahrt ==> Brestova ==> Cres ==> Mali Losinij (2. Übernachtung) ==> Schwimmen, Faulenzen, Essen etc. (3. Übernachtung) ==> Abbazia ==> Postojna Paß ==> ??? ==> Graz. Änderungen vorbehalten (nur als Beispiel :schwimmen, faulenzen etc. könnte man ja jeden Tag machen) Da die Straßen über den Predilsattel, in Istrien und auf den Inseln nicht besonders gut sind, sind die Enduro-reiter (natürlich) im Vorteil; ist aber kein Ausschlußkriterium, da die Partie so und so unter dem Motto ""Langsamer ist schneller"" steht. Überlegt's es euch hms",http://geo.yahoo.com/serv?s=76000024&t=935334596,1,3478,"kandy

kandy Hallo Biker! A g'miatliches Biken wa aongsogt! An alle, die ein Motorrad besitzen (in Unkenntnis der Grips'schen Ausrüstung mit diesem Werkzeug habe ich diese 'Mehl' an ""alle"" geschickt) und Lust haben, mit mir vom 3. bis 6.Juni 1999 (Do = Fronleichnam bis Sonntag) eine gemütliche Motorradtour zu unternehmen, sollen sich bitte bei mir zwecks Abklärung der weiteren Vorgangsweise melden. Route: GRAZ (0800) ==> Soboth (0900) ==> Tarvisio ==> Passo di Predil ==> Isonzotal ==> Nova Goriza ==> Triest (irgendwo zwischen T. und Pula übernachten) ==> Istrienrundfahrt ==> Brestova ==> Cres ==> Mali Losinij (2. Übernachtung) ==> Schwimmen, Faulenzen, Essen etc. (3. Übernachtung) ==> Abbazia ==> Postojna Paß ==> ??? ==> Graz. Änderungen vorbehalten (nur als Beispiel :schwimmen, faulenzen etc. könnte man ja jeden Tag machen) Da die Straßen über den Predilsattel, in Istrien und auf den Inseln nicht besonders gut sind, sind die Enduro-reiter (natürlich) im Vorteil; ist aber kein Ausschlußkriterium, da die Partie so und so unter dem Motto ""Langsamer ist schneller"" steht. Überlegt's es euch hms"
geocities.com,20010404095453,http://geocities.com:80/Yosemite/1001/,https://web.archive.org/web/20010404095453/http://geocities.com:80/Yosemite/1001/,Mark Berry's Home Page,"Mark Berry's Home Page Mark Berry's Home Page Info What are you doing indoors, sitting at your computer? Dont you just wish you were out in the great outdoors now? Whilst you're out, dont forget to carry a camera to capture some fine images of your travels. And what finer image could there be than a glorious windmill , whether you are hiking in the English countryside, the Texas ranchlands, or the Australian outback? Hiking's fine, but for a bit of light relief, maybe you dream of flying above it all, just like Chitty Chitty Bang Bang? Mostly for interest, and also because it's there, my counter shows visitors to these pages. [ Home ] [ Windmills ] [ Photography ] [ Chitty Chitty Bang Bang ] [ Feedback ] Last updated 6th January 2000 Text and images © Mark Berry, 1997-2000 - meb@datcon.co.uk",http://pic.geocities.com/images/mbe/mbeFFFFFF.gif,4,4256,"Mark Berry's Home Page

Mark Berry's Home Page Mark Berry's Home Page Info What are you doing indoors, sitting at your computer? Dont you just wish you were out in the great outdoors now? Whilst you're out, dont forget to carry a camera to capture some fine images of your travels. And what finer image could there be than a glorious windmill , whether you are hiking in the English countryside, the Texas ranchlands, or the Australian outback? Hiking's fine, but for a bit of light relief, maybe you dream of flying above it all, just like Chitty Chitty Bang Bang? Mostly for interest, and also because it's there, my counter shows visitors to these pages. [ Home ] [ Windmills ] [ Photography ] [ Chitty Chitty Bang Bang ] [ Feedback ] Last updated 6th January 2000 Text and images © Mark Berry, 1997-2000 - meb@datcon.co.uk"
geocities.com,20010519134322,http://www.geocities.com:80/yosemite/1001/,https://web.archive.org/web/20010519134322/http://www.geocities.com:80/yosemite/1001/,Mark Berry's Home Page,"Mark Berry's Home Page Mark Berry's Home Page Info What are you doing indoors, sitting at your computer? Dont you just wish you were out in the great outdoors now? Whilst you're out, dont forget to carry a camera to capture some fine images of your travels. And what finer image could there be than a glorious windmill , whether you are hiking in the English countryside, the Texas ranchlands, or the Australian outback? Hiking's fine, but for a bit of light relief, maybe you dream of flying above it all, just like Chitty Chitty Bang Bang? Mostly for interest, and also because it's there, my counter shows visitors to these pages. [ Home ] [ Windmills ] [ Photography ] [ Chitty Chitty Bang Bang ] [ Feedback ] Last updated 6th January 2000 Text and images © Mark Berry, 1997-2000 - meb@datcon.co.uk",http://pic.geocities.com/images/mbe/mbeFFFFFF.gif,4,4280,"Mark Berry's Home Page

Mark Berry's Home Page Mark Berry's Home Page Info What are you doing indoors, sitting at your computer? Dont you just wish you were out in the great outdoors now? Whilst you're out, dont forget to carry a camera to capture some fine images of your travels. And what finer image could there be than a glorious windmill , whether you are hiking in the English countryside, the Texas ranchlands, or the Australian outback? Hiking's fine, but for a bit of light relief, maybe you dream of flying above it all, just like Chitty Chitty Bang Bang? Mostly for interest, and also because it's there, my counter shows visitors to these pages. [ Home ] [ Windmills ] [ Photography ] [ Chitty Chitty Bang Bang ] [ Feedback ] Last updated 6th January 2000 Text and images © Mark Berry, 1997-2000 - meb@datcon.co.uk"
geocities.com,20010529221859,http://www.geocities.com:80/Yosemite/1001/,https://web.archive.org/web/20010529221859/http://www.geocities.com:80/Yosemite/1001/,Mark Berry's Home Page,"Mark Berry's Home Page Mark Berry's Home Page Info What are you doing indoors, sitting at your computer? Dont you just wish you were out in the great outdoors now? Whilst you're out, dont forget to carry a camera to capture some fine images of your travels. And what finer image could there be than a glorious windmill , whether you are hiking in the English countryside, the Texas ranchlands, or the Australian outback? Hiking's fine, but for a bit of light relief, maybe you dream of flying above it all, just like Chitty Chitty Bang Bang? Mostly for interest, and also because it's there, my counter shows visitors to these pages. [ Home ] [ Windmills ] [ Photography ] [ Chitty Chitty Bang Bang ] [ Feedback ] Last updated 6th January 2000 Text and images © Mark Berry, 1997-2000 - meb@datcon.co.uk",http://pic.geocities.com/images/mbe/mbeFFFFFF.gif,4,4263,"Mark Berry's Home Page

Mark Berry's Home Page Mark Berry's Home Page Info What are you doing indoors, sitting at your computer? Dont you just wish you were out in the great outdoors now? Whilst you're out, dont forget to carry a camera to capture some fine images of your travels. And what finer image could there be than a glorious windmill , whether you are hiking in the English countryside, the Texas ranchlands, or the Australian outback? Hiking's fine, but for a bit of light relief, maybe you dream of flying above it all, just like Chitty Chitty Bang Bang? Mostly for interest, and also because it's there, my counter shows visitors to these pages. [ Home ] [ Windmills ] [ Photography ] [ Chitty Chitty Bang Bang ] [ Feedback ] Last updated 6th January 2000 Text and images © Mark Berry, 1997-2000 - meb@datcon.co.uk"
geocities.com,20090724221636,http://geocities.com/Yosemite/1001/,https://web.archive.org/web/20090724221636/http://geocities.com/Yosemite/1001/,Mark Berry's Home Page,"Mark Berry's Home Page Mark Berry's Home Page What are you doing indoors, sitting at your computer? Dont you just wish you were out in the great outdoors now? Whilst you're out, dont forget to carry a camera to capture some fine images of your travels. And what finer image could there be than a glorious windmill , whether you are hiking in the English countryside, the Texas ranchlands, or the Australian outback? Hiking's fine, but for a bit of light relief, maybe you dream of flying above it all, just like Chitty Chitty Bang Bang? Mostly for interest, and also because it's there, my counter shows visitors to these pages. [ Home ] [ Windmills ] [ Photography ] [ Chitty Chitty Bang Bang ] Last updated 6th January 2000 Text and images © Mark Berry, 1997-2000 -",https://web.archive.org/web/20090724221636/http:/geocities.com/Yosemite/1001/ccbb/ccbbroad.gif,3,3444,"Mark Berry's Home Page

Mark Berry's Home Page Mark Berry's Home Page What are you doing indoors, sitting at your computer? Dont you just wish you were out in the great outdoors now? Whilst you're out, dont forget to carry a camera to capture some fine images of your travels. And what finer image could there be than a glorious windmill , whether you are hiking in the English countryside, the Texas ranchlands, or the Australian outback? Hiking's fine, but for a bit of light relief, maybe you dream of flying above it all, just like Chitty Chitty Bang Bang? Mostly for interest, and also because it's there, my counter shows visitors to these pages. [ Home ] [ Windmills ] [ Photography ] [ Chitty Chitty Bang Bang ] Last updated 6th January 2000 Text and images © Mark Berry, 1997-2000 -"
geocities.com,19990220180747,http://www.geocities.com:80/Yosemite/1001/backlink.htm,https://web.archive.org/web/19990220180747/http://www.geocities.com:80/Yosemite/1001/backlink.htm,Links back to pages which link to this site,"Links back to pages which link to this site Pages which link to this site Windmill Pages Wind energy hotlist - The Franklin Institute Science Museum, Philadelphia, Pennsylvania. Wind and Watermills of the UK Windsurfing - links page from a site entitled ""Who can catch the wind?"" Finchingfield , Essex. Soleil Sustainable Energy links. Wind Turbine Research Group , Cranfield University. Molenvaria links page. Yahoo windmill category. La Biblioteca del Tio Kinke links several times from this extensive site. Rocky Mountain Survival Group page of wind energy links. TIMS page of UK mill links. Roy Henderson's pages. Surfing the Net with kids - Wind Power which actually awarded the pages an award, reporting it as a Five Star Site. (Also available in variant form at Family Education Network ) Oakton Community College site on English Windmills. Selected Topics in American History Pond Lily Mill Restorations societies and links page. Windmill International - Who we are (NOT) page. Musicians United for Songs In the Classroom link from the song Don Quixote. Buckland windmill site, by Duncan Ferns InTech 200 Forum - a Florida educators directory. Entityart Homepage Helge's Random GeoTour Archive which qualifies me for the following award The Blackstump , also at mirror Fabulous Fourth Homework help - weather. Novetats educatives a la Xarxa - Spanish? LinksFun de Philisteinsche Molen links page. Stephen's Home School Link Page Lutz's Links Page / Miscellaneous Farm Show magazine Windmill Bill's links page. History of the Netherlands Wicken Corn mill Newhoo (now part of Netscape) windmill category KidsClick - web guide and search tool for kids by librarians Home of the Spudnut OnlineSummit Wind Can Do Del Norte Heights Elementary School Printed Media References SPAB Wind and Watermill section newsletters, January and April 1998. The printed version of ""Surfing the Net with Kids - Wind Power"" ran as a syndicated column in a number of US and Canadian newspapers in May 1998. Chitty Chitty Bang Bang Pages Pierre Picton's - Chitty Chitty Bang Bang's current owner. The Ian Fleming page from Kimberly Last's excellent James Bond site. The Chitty Chitty Bang Bang Lyrics Page WEISBERG on the WEB - entertainment links. Mad Uncle Simes Favourite Films! Cars of the Stars Jenny Wolf's pages. William McCullars page. Kira likes the film. Rob Cork is another fan. Nakele grew up watching the film. KayeKaye's pages. Photography Pages Charles Daney's list of pages that link to his! Stereo photography using a Lubitel. Thoughts on the Lubitel 166 The Whole Lot MindSpring Best of the Web - groovy! La Biblioteca del Tio Kinke For fun, you can run an Altavista search for [ Home ] [ Windmills ] [ Photography ] [ Chitty Chitty Bang Bang ] [ Feedback ] Last updated 16th February 1999 Text and images © Mark Berry, 1997-9 - meb@datcon.co.uk Page hosted by Get your own Free Home Page",http://www.surfnetkids.com/surfkids.gif,3,9609,"Links back to pages which link to this site

Links back to pages which link to this site Pages which link to this site Windmill Pages Wind energy hotlist - The Franklin Institute Science Museum, Philadelphia, Pennsylvania. Wind and Watermills of the UK Windsurfing - links page from a site entitled ""Who can catch the wind?"" Finchingfield , Essex. Soleil Sustainable Energy links. Wind Turbine Research Group , Cranfield University. Molenvaria links page. Yahoo windmill category. La Biblioteca del Tio Kinke links several times from this extensive site. Rocky Mountain Survival Group page of wind energy links. TIMS page of UK mill links. Roy Henderson's pages. Surfing the Net with kids - Wind Power which actually awarded the pages an award, reporting it as a Five Star Site. (Also available in variant form at Family Education Network ) Oakton Community College site on English Windmills. Selected Topics in American History Pond Lily Mill Restorations societies and links page. Windmill International - Who we are (NOT) page. Musicians United for Songs In the Classroom link from the song Don Quixote. Buckland windmill site, by Duncan Ferns InTech 200 Forum - a Florida educators directory. Entityart Homepage Helge's Random GeoTour Archive which qualifies me for the following award The Blackstump , also at mirror Fabulous Fourth Homework help - weather. Novetats educatives a la Xarxa - Spanish? LinksFun de Philisteinsche Molen links page. Stephen's Home School Link Page Lutz's Links Page / Miscellaneous Farm Show magazine Windmill Bill's links page. History of the Netherlands Wicken Corn mill Newhoo (now part of Netscape) windmill category KidsClick - web guide and search tool for kids by librarians Home of the Spudnut OnlineSummit Wind Can Do Del Norte Heights Elementary School Printed Media References SPAB Wind and Watermill section newsletters, January and April 1998. The printed version of ""Surfing the Net with Kids - Wind Power"" ran as a syndicated column in a number of US and Canadian newspapers in May 1998. Chitty Chitty Bang Bang Pages Pierre Picton's - Chitty Chitty Bang Bang's current owner. The Ian Fleming page from Kimberly Last's excellent James Bond site. The Chitty Chitty Bang Bang Lyrics Page WEISBERG on the WEB - entertainment links. Mad Uncle Simes Favourite Films! Cars of the Stars Jenny Wolf's pages. William McCullars page. Kira likes the film. Rob Cork is another fan. Nakele grew up watching the film. KayeKaye's pages. Photography Pages Charles Daney's list of pages that link to his! Stereo photography using a Lubitel. Thoughts on the Lubitel 166 The Whole Lot MindSpring Best of the Web - groovy! La Biblioteca del Tio Kinke For fun, you can run an Altavista search for [ Home ] [ Windmills ] [ Photography ] [ Chitty Chitty Bang Bang ] [ Feedback ] Last updated 16th February 1999 Text and images © Mark Berry, 1997-9 - meb@datcon.co.uk Page hosted by Get your own Free Home Page"
geocities.com,20000415030330,http://www.geocities.com:80/Yosemite/1001/barbados.htm,https://web.archive.org/web/20000415030330/http://www.geocities.com:80/Yosemite/1001/barbados.htm,Windmills of Barbados,"Windmills of Barbados Windmills of Barbados Glossary Within Barbados, windmills are described using a number of local terms. Where appropriate, to keep this report consistent with other documents, I have used the local terms, as follows: Barbados term British Term millwall windmill tower points sails roundhouse cap Survey of current millwalls - October 1999 Note on locations The names given to the location of millwalls in this list are largely of my own making, and may not be accurate. Sugar mills, by their very nature, were associated with plantations, and unless the mill and plantation house have survived together as an identifiable unit, it's not always obvious which plantation the mill went with. Coupling this with the vagueness of exact location that the Barbados maps tend to provide may mean that I have misidentified mills. Locations I am especially unsure or suspicious of I have identified with ?? Morgan Lewis Mill, St Andrew Morgan Lewis mill, commonly given the date c1727, continued to work through until 1945. In 1962 E L Banister donated it to the Barbados National Trust, who commenced a restoration project 2 years later. It was further restored in 1974, but deteriorated again, so much so that it was listed as one of the most endangered heritage sites in the world. However a 2 year restoration by the UK millwrights The Chiltern Partnership, started in 1996, has brought the mill back to its former glory. Coverley, Christ Church This unroofed millwall is in a reasonable state of repair, but does have a tree growing out of it. Graeme Hall, Christ Church In the grounds of a site owned by the Ministry of Agriculture and Rural Development. The tower, now roofed and turretted, bears the date 1929 on the masonry of the turrets above a bell. The tower is of regular coral blocks, and shows signs of conversion from 1 large arch to 2 smaller ones. There is also a further tall, thin arch. Above the main doorway is another date, which reads B.R. 1703 (though the last digit is indistinct). Ealing Park, Christ Church This mill is now bordered by Millwall Avenue, part of the Ealing Park stage 3 development. The millwall itself is constructed of coral blocks, and is in the process of being incorporated into a house conversion. As is the case with much of the new building in Barbados, this conversion is taking its time, and there appears to have been little work for many months. Gibbons, Christ Church This 8 sided structure was considered by Prof Dash to have been an animal rather than a wind-mill. However Rex Wailes did not fully agree with the Professor's findings, and from inspection I can see no reason why this was not considered to be a windmill - excepting the unusual non round base, it has all the features of other definite windmills, including the tall narrow archway. In addition, its position on open ground near the top of the ridge would seem an ideal place to catch the winds. An unusual perspective on this structure can be gained from the right",https://web.archive.org/web/20000415030330/http:/www.geocities.com:80/Yosemite/1001/barbados/morganlewis.jpg,35,28952,"Windmills of Barbados

Windmills of Barbados Windmills of Barbados Glossary Within Barbados, windmills are described using a number of local terms. Where appropriate, to keep this report consistent with other documents, I have used the local terms, as follows: Barbados term British Term millwall windmill tower points sails roundhouse cap Survey of current millwalls - October 1999 Note on locations The names given to the location of millwalls in this list are largely of my own making, and may not be accurate. Sugar mills, by their very nature, were associated with plantations, and unless the mill and plantation house have survived together as an identifiable unit, it's not always obvious which plantation the mill went with. Coupling this with the vagueness of exact location that the Barbados maps tend to provide may mean that I have misidentified mills. Locations I am especially unsure or suspicious of I have identified with ?? Morgan Lewis Mill, St Andrew Morgan Lewis mill, commonly given the date c1727, continued to work through until 1945. In 1962 E L Banister donated it to the Barbados National Trust, who commenced a restoration project 2 years later. It was further restored in 1974, but deteriorated again, so much so that it was listed as one of the most endangered heritage sites in the world. However a 2 year restoration by the UK millwrights The Chiltern Partnership, started in 1996, has brought the mill back to its former glory. Coverley, Christ Church This unroofed millwall is in a reasonable state of repair, but does have a tree growing out of it. Graeme Hall, Christ Church In the grounds of a site owned by the Ministry of Agriculture and Rural Development. The tower, now roofed and turretted, bears the date 1929 on the masonry of the turrets above a bell. The tower is of regular coral blocks, and shows signs of conversion from 1 large arch to 2 smaller ones. There is also a further tall, thin arch. Above the main doorway is another date, which reads B.R. 1703 (though the last digit is indistinct). Ealing Park, Christ Church This mill is now bordered by Millwall Avenue, part of the Ealing Park stage 3 development. The millwall itself is constructed of coral blocks, and is in the process of being incorporated into a house conversion. As is the case with much of the new building in Barbados, this conversion is taking its time, and there appears to have been little work for many months. Gibbons, Christ Church This 8 sided structure was considered by Prof Dash to have been an animal rather than a wind-mill. However Rex Wailes did not fully agree with the Professor's findings, and from inspection I can see no reason why this was not considered to be a windmill - excepting the unusual non round base, it has all the features of other definite windmills, including the tall narrow archway. In addition, its position on open ground near the top of the ridge would seem an ideal place to catch the winds. An unusual perspective on this structure can be gained from the right"
geocities.com,20090805162302,http://geocities.com/Yosemite/1001/barbados.htm,https://web.archive.org/web/20090805162302/http://geocities.com/Yosemite/1001/barbados.htm,Windmills of Barbados,"Windmills of Barbados This site has moved! The new location is www.WindmillWorld.com During this transition period these old pages have not been removed, but they are no longer being updated. Please adjust your bookmarks... Windmills of Barbados Glossary Within Barbados, windmills are described using a number of local terms. Where appropriate, to keep this report consistent with other documents, I have used the local terms, as follows: Barbados term British Term millwall windmill tower points sails roundhouse cap Survey of current millwalls - October 1999 Note on locations The names given to the location of millwalls in this list are largely of my own making, and may not be accurate. Sugar mills, by their very nature, were associated with plantations, and unless the mill and plantation house have survived together as an identifiable unit, it's not always obvious which plantation the mill went with. Coupling this with the vagueness of exact location that the Barbados maps tend to provide may mean that I have misidentified mills. Locations I am especially unsure or suspicious of I have identified with ?? Morgan Lewis Mill, St Andrew Morgan Lewis mill, commonly given the date c1727, continued to work through until 1945. In 1962 E L Banister donated it to the Barbados National Trust, who commenced a restoration project 2 years later. It was further restored in 1974, but deteriorated again, so much so that it was listed as one of the most endangered heritage sites in the world. However a 2 year restoration by the UK millwrights The Chiltern Partnership, started in 1996, has brought the mill back to its former glory. Coverley, Christ Church This unroofed millwall is in a reasonable state of repair, but does have a tree growing out of it. Graeme Hall, Christ Church In the grounds of a site owned by the Ministry of Agriculture and Rural Development. The tower, now roofed and turretted, bears the date 1929 on the masonry of the turrets above a bell. The tower is of regular coral blocks, and shows signs of conversion from 1 large arch to 2 smaller ones. There is also a further tall, thin arch. Above the main doorway is another date, which reads B.R. 1703 (though the last digit is indistinct). Ealing Park, Christ Church This mill is now bordered by Millwall Avenue, part of the Ealing Park stage 3 development. The millwall itself is constructed of coral blocks, and is in the process of being incorporated into a house conversion. As is the case with much of the new building in Barbados, this conversion is taking its time, and there appears to have been little work for many months. Gibbons, Christ Church This 8 sided structure was considered by Prof Dash to have been an animal rather than a wind-mill. However Rex Wailes did not fully agree with the Professor's findings, and from inspection I can see no reason why this was not considered to be a windmill - excepting the unusual non round base, it has all the features of other definite windmills, including the t",https://web.archive.org/web/20090805162302/http:/geocities.com/Yosemite/1001/wwlogo.gif,36,30062,"Windmills of Barbados

Windmills of Barbados This site has moved! The new location is www.WindmillWorld.com During this transition period these old pages have not been removed, but they are no longer being updated. Please adjust your bookmarks... Windmills of Barbados Glossary Within Barbados, windmills are described using a number of local terms. Where appropriate, to keep this report consistent with other documents, I have used the local terms, as follows: Barbados term British Term millwall windmill tower points sails roundhouse cap Survey of current millwalls - October 1999 Note on locations The names given to the location of millwalls in this list are largely of my own making, and may not be accurate. Sugar mills, by their very nature, were associated with plantations, and unless the mill and plantation house have survived together as an identifiable unit, it's not always obvious which plantation the mill went with. Coupling this with the vagueness of exact location that the Barbados maps tend to provide may mean that I have misidentified mills. Locations I am especially unsure or suspicious of I have identified with ?? Morgan Lewis Mill, St Andrew Morgan Lewis mill, commonly given the date c1727, continued to work through until 1945. In 1962 E L Banister donated it to the Barbados National Trust, who commenced a restoration project 2 years later. It was further restored in 1974, but deteriorated again, so much so that it was listed as one of the most endangered heritage sites in the world. However a 2 year restoration by the UK millwrights The Chiltern Partnership, started in 1996, has brought the mill back to its former glory. Coverley, Christ Church This unroofed millwall is in a reasonable state of repair, but does have a tree growing out of it. Graeme Hall, Christ Church In the grounds of a site owned by the Ministry of Agriculture and Rural Development. The tower, now roofed and turretted, bears the date 1929 on the masonry of the turrets above a bell. The tower is of regular coral blocks, and shows signs of conversion from 1 large arch to 2 smaller ones. There is also a further tall, thin arch. Above the main doorway is another date, which reads B.R. 1703 (though the last digit is indistinct). Ealing Park, Christ Church This mill is now bordered by Millwall Avenue, part of the Ealing Park stage 3 development. The millwall itself is constructed of coral blocks, and is in the process of being incorporated into a house conversion. As is the case with much of the new building in Barbados, this conversion is taking its time, and there appears to have been little work for many months. Gibbons, Christ Church This 8 sided structure was considered by Prof Dash to have been an animal rather than a wind-mill. However Rex Wailes did not fully agree with the Professor's findings, and from inspection I can see no reason why this was not considered to be a windmill - excepting the unusual non round base, it has all the features of other definite windmills, including the t"
geocities.com,20000301210055,http://www.geocities.com:80/Yosemite/1001/california.htm,https://web.archive.org/web/20000301210055/http://www.geocities.com:80/Yosemite/1001/california.htm,Windmills of California,"Windmills of California Windmills of California More material being prepared - Check back again soon! Golden Gate Park There are 2 traditional ""Dutch style"" windmills in Golden Gate Park, located at the western end to catch the ample sea breezes. The Dutch Windmill The Dutch Windmill was built in 1902, at a cost of $16,000, together with a Dutch Cottage alongside which was occupied by the mill's caretaker. 75 feet high, and 33 feet in diameter at the base, is sails had a span of 102 feet and meant it was capable of pumping 30,000 gallons of fresh water per hour from underground to a reservoir on Strawberry Hill. Despite being a great success for a few years (so much so that a second windmill was built), by 1913 electric pumps were introduced , so the windmills began to become obsolete. Much of the Dutch Mill's machinery was destroyed by a storm in the 1930's, followed by further gutting to aid the 2nd World War effort. In the winter of 1949 one of the sails was blown off, and a few months later the other 3 sails were removed for safety. A Citizens Commission formed in 1964 to start efforts to restore the mills, but despite receiving a Federal grant of $10,000 in 1968, it was not until August 1976 that volunteers from the US Navy Reserve started work on restoring the Dutch Mill . Work continued through to completion in 1981. Since then little additional work has been done, and although, as the many photos of the mill show, from the exterior the mill looks impressive, structurally it's showing signs of decay again . At the base of the mill, the grounds have been laid out as the Queen Wilhelmina Tulip Garden - a fact that contributes to the popularity of the mill as a photo location. It's also given rise to the often repeated, but false story that the mill ""was a gift to the city of San Francisco from Holland""! Point to note: Looking at historical pictures of the mill, it's apparent that the ""restored"" mill's sails rotate in the opposite direction to the original sails! Circa 1940's hand coloured print Dutch Mill in 1999. The Murphy Windmill With the undoubted success of the Dutch Mill , in 1905 a second windmill was built to the south, known as the Murphy Windmill, after Samuel G Murphy who donated $20,000 (one source says $25,000) for its construction. This mill was even larger than the first, 95 feet high, with sails 114 feet across, capable of pumping 40,000 gallons per hour, and survived slightly longer before electric pumps were installed. Sadly this mill has never been restored, and currently stands sailless and neglected, slowly deteriorating. The Murphy Windmill has a concrete base, surmounted by a slate clad wooden upper body, and each year more slates fall from the mill. The remains of the sails are stacked in the undergrowth nearby. Not surprisingly, despite the many web sites with photos of the Dutch Mill , no-one seems to want to put up pictures of the forlorn Murphy windmill. As it was in 1999. Altamont Pass Bibliography The Windmills",https://web.archive.org/web/20000301210055/http:/www.geocities.com:80/Yosemite/1001/california/193166989.jpg,7,12599,"Windmills of California

Windmills of California Windmills of California More material being prepared - Check back again soon! Golden Gate Park There are 2 traditional ""Dutch style"" windmills in Golden Gate Park, located at the western end to catch the ample sea breezes. The Dutch Windmill The Dutch Windmill was built in 1902, at a cost of $16,000, together with a Dutch Cottage alongside which was occupied by the mill's caretaker. 75 feet high, and 33 feet in diameter at the base, is sails had a span of 102 feet and meant it was capable of pumping 30,000 gallons of fresh water per hour from underground to a reservoir on Strawberry Hill. Despite being a great success for a few years (so much so that a second windmill was built), by 1913 electric pumps were introduced , so the windmills began to become obsolete. Much of the Dutch Mill's machinery was destroyed by a storm in the 1930's, followed by further gutting to aid the 2nd World War effort. In the winter of 1949 one of the sails was blown off, and a few months later the other 3 sails were removed for safety. A Citizens Commission formed in 1964 to start efforts to restore the mills, but despite receiving a Federal grant of $10,000 in 1968, it was not until August 1976 that volunteers from the US Navy Reserve started work on restoring the Dutch Mill . Work continued through to completion in 1981. Since then little additional work has been done, and although, as the many photos of the mill show, from the exterior the mill looks impressive, structurally it's showing signs of decay again . At the base of the mill, the grounds have been laid out as the Queen Wilhelmina Tulip Garden - a fact that contributes to the popularity of the mill as a photo location. It's also given rise to the often repeated, but false story that the mill ""was a gift to the city of San Francisco from Holland""! Point to note: Looking at historical pictures of the mill, it's apparent that the ""restored"" mill's sails rotate in the opposite direction to the original sails! Circa 1940's hand coloured print Dutch Mill in 1999. The Murphy Windmill With the undoubted success of the Dutch Mill , in 1905 a second windmill was built to the south, known as the Murphy Windmill, after Samuel G Murphy who donated $20,000 (one source says $25,000) for its construction. This mill was even larger than the first, 95 feet high, with sails 114 feet across, capable of pumping 40,000 gallons per hour, and survived slightly longer before electric pumps were installed. Sadly this mill has never been restored, and currently stands sailless and neglected, slowly deteriorating. The Murphy Windmill has a concrete base, surmounted by a slate clad wooden upper body, and each year more slates fall from the mill. The remains of the sails are stacked in the undergrowth nearby. Not surprisingly, despite the many web sites with photos of the Dutch Mill , no-one seems to want to put up pictures of the forlorn Murphy windmill. As it was in 1999. Altamont Pass Bibliography The Windmills"
geocities.com,20090805162302,http://geocities.com/Yosemite/1001/california.htm,https://web.archive.org/web/20090805162302/http://geocities.com/Yosemite/1001/california.htm,Windmills of California,"Windmills of California This site has moved! The new location is www.WindmillWorld.com During this transition period these old pages have not been removed, but they are no longer being updated. Please adjust your bookmarks... Windmills of California More material being prepared - Check back again soon! Golden Gate Park There are 2 traditional ""Dutch style"" windmills in Golden Gate Park, located at the western end to catch the ample sea breezes. The Dutch Windmill The Dutch Windmill was built in 1902, at a cost of $16,000, together with a Dutch Cottage alongside which was occupied by the mill's caretaker. 75 feet high, and 33 feet in diameter at the base, is sails had a span of 102 feet and meant it was capable of pumping 30,000 gallons of fresh water per hour from underground to a reservoir on Strawberry Hill. Despite being a great success for a few years (so much so that a second windmill was built), by 1913 electric pumps were introduced , so the windmills began to become obsolete. Much of the Dutch Mill's machinery was destroyed by a storm in the 1930's, followed by further gutting to aid the 2nd World War effort. In the winter of 1949 one of the sails was blown off, and a few months later the other 3 sails were removed for safety. A Citizens Commission formed in 1964 to start efforts to restore the mills, but despite receiving a Federal grant of $10,000 in 1968, it was not until August 1976 that volunteers from the US Navy Reserve started work on restoring the Dutch Mill . Work continued through to completion in 1981. Since then little additional work has been done, and although, as the many photos of the mill show, from the exterior the mill looks impressive, structurally it's showing signs of decay again . At the base of the mill, the grounds have been laid out as the Queen Wilhelmina Tulip Garden - a fact that contributes to the popularity of the mill as a photo location. It's also given rise to the often repeated, but false story that the mill ""was a gift to the city of San Francisco from Holland""! Point to note: Looking at historical pictures of the mill, it's apparent that the ""restored"" mill's sails rotate in the opposite direction to the original sails! Circa 1940's hand coloured print Dutch Mill in 1999. The Murphy Windmill With the undoubted success of the Dutch Mill , in 1905 a second windmill was built to the south, known as the Murphy Windmill, after Samuel G Murphy who donated $20,000 (one source says $25,000) for its construction. This mill was even larger than the first, 95 feet high, with sails 114 feet across, capable of pumping 40,000 gallons per hour, and survived slightly longer before electric pumps were installed. Sadly this mill has never been restored, and currently stands sailless and neglected, slowly deteriorating. The Murphy Windmill has a concrete base, surmounted by a slate clad wooden upper body, and each year more slates fall from the mill. The remains of the sails are stacked in the undergrowth nearby. Not su",https://web.archive.org/web/20090805162302/http:/geocities.com/Yosemite/1001/wwlogo.gif,8,13693,"Windmills of California

Windmills of California This site has moved! The new location is www.WindmillWorld.com During this transition period these old pages have not been removed, but they are no longer being updated. Please adjust your bookmarks... Windmills of California More material being prepared - Check back again soon! Golden Gate Park There are 2 traditional ""Dutch style"" windmills in Golden Gate Park, located at the western end to catch the ample sea breezes. The Dutch Windmill The Dutch Windmill was built in 1902, at a cost of $16,000, together with a Dutch Cottage alongside which was occupied by the mill's caretaker. 75 feet high, and 33 feet in diameter at the base, is sails had a span of 102 feet and meant it was capable of pumping 30,000 gallons of fresh water per hour from underground to a reservoir on Strawberry Hill. Despite being a great success for a few years (so much so that a second windmill was built), by 1913 electric pumps were introduced , so the windmills began to become obsolete. Much of the Dutch Mill's machinery was destroyed by a storm in the 1930's, followed by further gutting to aid the 2nd World War effort. In the winter of 1949 one of the sails was blown off, and a few months later the other 3 sails were removed for safety. A Citizens Commission formed in 1964 to start efforts to restore the mills, but despite receiving a Federal grant of $10,000 in 1968, it was not until August 1976 that volunteers from the US Navy Reserve started work on restoring the Dutch Mill . Work continued through to completion in 1981. Since then little additional work has been done, and although, as the many photos of the mill show, from the exterior the mill looks impressive, structurally it's showing signs of decay again . At the base of the mill, the grounds have been laid out as the Queen Wilhelmina Tulip Garden - a fact that contributes to the popularity of the mill as a photo location. It's also given rise to the often repeated, but false story that the mill ""was a gift to the city of San Francisco from Holland""! Point to note: Looking at historical pictures of the mill, it's apparent that the ""restored"" mill's sails rotate in the opposite direction to the original sails! Circa 1940's hand coloured print Dutch Mill in 1999. The Murphy Windmill With the undoubted success of the Dutch Mill , in 1905 a second windmill was built to the south, known as the Murphy Windmill, after Samuel G Murphy who donated $20,000 (one source says $25,000) for its construction. This mill was even larger than the first, 95 feet high, with sails 114 feet across, capable of pumping 40,000 gallons per hour, and survived slightly longer before electric pumps were installed. Sadly this mill has never been restored, and currently stands sailless and neglected, slowly deteriorating. The Murphy Windmill has a concrete base, surmounted by a slate clad wooden upper body, and each year more slates fall from the mill. The remains of the sails are stacked in the undergrowth nearby. Not su"
geocities.com,20021003022430,http://www.geocities.com:80/Yosemite/1001/capecod.htm,https://web.archive.org/web/20021003022430/http://www.geocities.com:80/Yosemite/1001/capecod.htm,Windmills of Cape Cod,"Windmills of Cape Cod This site has moved! The new location is www.WindmillWorld.com During this transition period these old pages have not been removed, but they are no longer being updated. Please adjust your bookmarks... Windmills of Cape Cod General Map of Lower Cape showing location of Eastham, Orleans, Brewster and Chatham mills. Photograph Archive for the Cape Cod Pilgrim Memorial Association Introduction to Cape Cod by Clifton Johnson - 1908 mention Cape Cod Photo guide TIMS Symposium - Mills on Long Island and Cape Cod, August 1992 Windmills on Cape Cod, Ian Ellison - news of a seminar at the Timber Framers Guild annual conference Many of the Cape Cod windmills feature in the Historic American Buildings Survey/Historic American Engineering Record with some detailed technical drawings available. Brewster photo photo 1940's postcard Ocean Edge Golf Club Eastham Cape Cod Sketchbook Revisited Eastham windmill restoration begins - June 1998 Historic American Buildings Survey drawings Chamber of Commerce Library of Congress - photo from 1936 photo - sails set large photo photo photo photo and as an ecard Replacing sails photo with tulips sunset photo photo photo photo photo Best Read Guide photo Windmill Days festival, Sept 1998 photo photo Eastham Windmill Bed and Breakfast - photo photo photo photo photo Windmill Weekend 1998 Clock on green - newspaper article Chatham Historic American Buildings Survey drawings Chatham Historical Society - map 1903 photo The Art of Charity drawing Sur Mer photo photo photo photo mini photo Dolphin Inn Dolphin Inn Honeymoon Windmill! Dolphin Inn photo Bourne Aptucxet Trading Post Museum Orleans The Jonathan Young windmill was returned to Orleans ownership in 1983, after having first been built in the town about 1720. She was moved to Hyannisport in 1897, then given by the Groves family to the Orleans Historical Society in 1983, who then donated it to the town of Orleans. The final move brought it back to Town Cove Park, where it now stands. Historical photo by H K Cummings Jonathan Young windmill, Town Cove Park, Orleans, 1995. Panoramic photo photo Orleans Historical Society map and description Town logo Orleans photo album Sandwich Heritage Plantation - map Southern Energy gift to help restore Sandwich mill aerial photo - miscaptioned Corbis photo Yarmouth Mid Cape attractions Details photo Winter photos - but the photo link is broken! Truro Castle Hill Castle Hill - Truro Center for the Arts Provincetown Salt works - historical engraving Unidentified Old Windmill - Photo by Herbert W. Gleason (11/19/03) Old Windmill - Photo by Clifton Johnson Brewster maybe? Questionable and definate fakes Windmill Motel, Sagamore - big image Bringing a bit of Cape Cod to Japan Old Windmill and Roses Carvers Barn , West Dennis The Christmas Store , plus [ photo ] Nauset Knoll Motor Lodge Needlepoint design Wind Engines State Road, Tisbury, Marthas Vineyard State Road, Tisbury, Marthas Vineyard New Alchemy Institute used wi",https://web.archive.org/web/20021003022430/http:/www.geocities.com:80/Yosemite/1001/wwlogo.gif,7,15313,"Windmills of Cape Cod

Windmills of Cape Cod This site has moved! The new location is www.WindmillWorld.com During this transition period these old pages have not been removed, but they are no longer being updated. Please adjust your bookmarks... Windmills of Cape Cod General Map of Lower Cape showing location of Eastham, Orleans, Brewster and Chatham mills. Photograph Archive for the Cape Cod Pilgrim Memorial Association Introduction to Cape Cod by Clifton Johnson - 1908 mention Cape Cod Photo guide TIMS Symposium - Mills on Long Island and Cape Cod, August 1992 Windmills on Cape Cod, Ian Ellison - news of a seminar at the Timber Framers Guild annual conference Many of the Cape Cod windmills feature in the Historic American Buildings Survey/Historic American Engineering Record with some detailed technical drawings available. Brewster photo photo 1940's postcard Ocean Edge Golf Club Eastham Cape Cod Sketchbook Revisited Eastham windmill restoration begins - June 1998 Historic American Buildings Survey drawings Chamber of Commerce Library of Congress - photo from 1936 photo - sails set large photo photo photo photo and as an ecard Replacing sails photo with tulips sunset photo photo photo photo photo Best Read Guide photo Windmill Days festival, Sept 1998 photo photo Eastham Windmill Bed and Breakfast - photo photo photo photo photo Windmill Weekend 1998 Clock on green - newspaper article Chatham Historic American Buildings Survey drawings Chatham Historical Society - map 1903 photo The Art of Charity drawing Sur Mer photo photo photo photo mini photo Dolphin Inn Dolphin Inn Honeymoon Windmill! Dolphin Inn photo Bourne Aptucxet Trading Post Museum Orleans The Jonathan Young windmill was returned to Orleans ownership in 1983, after having first been built in the town about 1720. She was moved to Hyannisport in 1897, then given by the Groves family to the Orleans Historical Society in 1983, who then donated it to the town of Orleans. The final move brought it back to Town Cove Park, where it now stands. Historical photo by H K Cummings Jonathan Young windmill, Town Cove Park, Orleans, 1995. Panoramic photo photo Orleans Historical Society map and description Town logo Orleans photo album Sandwich Heritage Plantation - map Southern Energy gift to help restore Sandwich mill aerial photo - miscaptioned Corbis photo Yarmouth Mid Cape attractions Details photo Winter photos - but the photo link is broken! Truro Castle Hill Castle Hill - Truro Center for the Arts Provincetown Salt works - historical engraving Unidentified Old Windmill - Photo by Herbert W. Gleason (11/19/03) Old Windmill - Photo by Clifton Johnson Brewster maybe? Questionable and definate fakes Windmill Motel, Sagamore - big image Bringing a bit of Cape Cod to Japan Old Windmill and Roses Carvers Barn , West Dennis The Christmas Store , plus [ photo ] Nauset Knoll Motor Lodge Needlepoint design Wind Engines State Road, Tisbury, Marthas Vineyard State Road, Tisbury, Marthas Vineyard New Alchemy Institute used wi"
geocities.com,20090805162302,http://geocities.com/Yosemite/1001/capecod.htm,https://web.archive.org/web/20090805162302/http://geocities.com/Yosemite/1001/capecod.htm,Windmills of Cape Cod,"Windmills of Cape Cod This site has moved! The new location is www.WindmillWorld.com During this transition period these old pages have not been removed, but they are no longer being updated. Please adjust your bookmarks... Windmills of Cape Cod General Map of Lower Cape showing location of Eastham, Orleans, Brewster and Chatham mills. Photograph Archive for the Cape Cod Pilgrim Memorial Association Introduction to Cape Cod by Clifton Johnson - 1908 mention Cape Cod Photo guide TIMS Symposium - Mills on Long Island and Cape Cod, August 1992 Windmills on Cape Cod, Ian Ellison - news of a seminar at the Timber Framers Guild annual conference Many of the Cape Cod windmills feature in the Historic American Buildings Survey/Historic American Engineering Record with some detailed technical drawings available. Brewster photo photo 1940's postcard Ocean Edge Golf Club Eastham Cape Cod Sketchbook Revisited Eastham windmill restoration begins - June 1998 Historic American Buildings Survey drawings Chamber of Commerce Library of Congress - photo from 1936 photo - sails set large photo photo photo photo and as an ecard Replacing sails photo with tulips sunset photo photo photo photo photo Best Read Guide photo Windmill Days festival, Sept 1998 photo photo Eastham Windmill Bed and Breakfast - photo photo photo photo photo Windmill Weekend 1998 Clock on green - newspaper article Chatham Historic American Buildings Survey drawings Chatham Historical Society - map 1903 photo The Art of Charity drawing Sur Mer photo photo photo photo mini photo Dolphin Inn Dolphin Inn Honeymoon Windmill! Dolphin Inn photo Bourne Aptucxet Trading Post Museum Orleans The Jonathan Young windmill was returned to Orleans ownership in 1983, after having first been built in the town about 1720. She was moved to Hyannisport in 1897, then given by the Groves family to the Orleans Historical Society in 1983, who then donated it to the town of Orleans. The final move brought it back to Town Cove Park, where it now stands. Historical photo by H K Cummings Jonathan Young windmill, Town Cove Park, Orleans, 1995. Panoramic photo photo Orleans Historical Society map and description Town logo Orleans photo album Sandwich Heritage Plantation - map Southern Energy gift to help restore Sandwich mill aerial photo - miscaptioned Corbis photo Yarmouth Mid Cape attractions Details photo Winter photos - but the photo link is broken! Truro Castle Hill Castle Hill - Truro Center for the Arts Provincetown Salt works - historical engraving Unidentified Old Windmill - Photo by Herbert W. Gleason (11/19/03) Old Windmill - Photo by Clifton Johnson Brewster maybe? Questionable and definate fakes Windmill Motel, Sagamore - big image Bringing a bit of Cape Cod to Japan Old Windmill and Roses Carvers Barn , West Dennis The Christmas Store , plus [ photo ] Nauset Knoll Motor Lodge Needlepoint design Wind Engines State Road, Tisbury, Marthas Vineyard State Road, Tisbury, Marthas Vineyard New Alchemy Institute used wi",https://web.archive.org/web/20090805162302/http:/geocities.com/Yosemite/1001/wwlogo.gif,7,15433,"Windmills of Cape Cod

Windmills of Cape Cod This site has moved! The new location is www.WindmillWorld.com During this transition period these old pages have not been removed, but they are no longer being updated. Please adjust your bookmarks... Windmills of Cape Cod General Map of Lower Cape showing location of Eastham, Orleans, Brewster and Chatham mills. Photograph Archive for the Cape Cod Pilgrim Memorial Association Introduction to Cape Cod by Clifton Johnson - 1908 mention Cape Cod Photo guide TIMS Symposium - Mills on Long Island and Cape Cod, August 1992 Windmills on Cape Cod, Ian Ellison - news of a seminar at the Timber Framers Guild annual conference Many of the Cape Cod windmills feature in the Historic American Buildings Survey/Historic American Engineering Record with some detailed technical drawings available. Brewster photo photo 1940's postcard Ocean Edge Golf Club Eastham Cape Cod Sketchbook Revisited Eastham windmill restoration begins - June 1998 Historic American Buildings Survey drawings Chamber of Commerce Library of Congress - photo from 1936 photo - sails set large photo photo photo photo and as an ecard Replacing sails photo with tulips sunset photo photo photo photo photo Best Read Guide photo Windmill Days festival, Sept 1998 photo photo Eastham Windmill Bed and Breakfast - photo photo photo photo photo Windmill Weekend 1998 Clock on green - newspaper article Chatham Historic American Buildings Survey drawings Chatham Historical Society - map 1903 photo The Art of Charity drawing Sur Mer photo photo photo photo mini photo Dolphin Inn Dolphin Inn Honeymoon Windmill! Dolphin Inn photo Bourne Aptucxet Trading Post Museum Orleans The Jonathan Young windmill was returned to Orleans ownership in 1983, after having first been built in the town about 1720. She was moved to Hyannisport in 1897, then given by the Groves family to the Orleans Historical Society in 1983, who then donated it to the town of Orleans. The final move brought it back to Town Cove Park, where it now stands. Historical photo by H K Cummings Jonathan Young windmill, Town Cove Park, Orleans, 1995. Panoramic photo photo Orleans Historical Society map and description Town logo Orleans photo album Sandwich Heritage Plantation - map Southern Energy gift to help restore Sandwich mill aerial photo - miscaptioned Corbis photo Yarmouth Mid Cape attractions Details photo Winter photos - but the photo link is broken! Truro Castle Hill Castle Hill - Truro Center for the Arts Provincetown Salt works - historical engraving Unidentified Old Windmill - Photo by Herbert W. Gleason (11/19/03) Old Windmill - Photo by Clifton Johnson Brewster maybe? Questionable and definate fakes Windmill Motel, Sagamore - big image Bringing a bit of Cape Cod to Japan Old Windmill and Roses Carvers Barn , West Dennis The Christmas Store , plus [ photo ] Nauset Knoll Motor Lodge Needlepoint design Wind Engines State Road, Tisbury, Marthas Vineyard State Road, Tisbury, Marthas Vineyard New Alchemy Institute used wi"
geocities.com,19990220190235,http://www.geocities.com:80/Yosemite/1001/ccbb.htm,https://web.archive.org/web/19990220190235/http://www.geocities.com:80/Yosemite/1001/ccbb.htm,Chitty Chitty Bang Bang,"Chitty Chitty Bang Bang Chitty Chitty Bang Bang Books Hardback Editions "" Chitty Chitty Bang Bang "" written by Ian Fleming and illustrated by John Burningham was originally published in hardback in 3 parts Adventure Number 1, Jonathan Cape, London, 1964 Adventure Number 2, Jonathan Cape, London, 1964 Adventure Number 3, Jonathan Cape, London, 1965 The title became "" Chitty Chitty Bang Bang - The Magical Car "" when the US edition was published as a single book by Random House, New York, Library of Congress catalog number 64-21282 For the benefit of its readers, the US edition contained this additional text at the front of the book: A note for the Observant Reader This story takes place in England and, as in England they use English money - peculiarly enough - the American reader will need to know a little - though not a lot - about English currency. So, a pound is worth approximately $2.80 and a shilling is worth 14 cents. And, if your arithmetic is good enough, you should be able to figure out exactly how much things cost in this story. This same US version was also available as a ""Weekly Reader Children's Book Club"" edition. In 1976, Aeonian Press Inc, Mattituck, New York, published an edition limited to 250 copies ""by special arrangement with Scholastic Magazines Inc"". LOC 81-68683, ISBN 0-88411-9831. The UK single book version "" Chitty Chitty Bang Bang - The Complete Adventures of the Magical Car "" was published by Jonathan Cape, London in 1971, and reprinted in 1977. ISBN 0 224 00535 9 "" Ian Fleming's Story of Chitty Chitty Bang Bang - The Magical Car "" was 'Adapted for beginning readers by Al Perkins' and Illustrated by B. Tobey. Published by Collins and Harvill, as A Beginner Book, 1969. "" The Adentures of Chitty Chitty Bang Bang. A special Motion-Picture Edition "" by Albert G Miller 'adapted from the screenplay based on the Ian Fleming story' was published by Collins in 1968, and 'illustrated with photographs from the motion picture'. Random House published the US version of the Motion-Picture edition. The series of books called ""Little Golden Book's"" featured Chitty Chitty Bang Bang as #C-581 in 1968. A Little Golden Book #00238, with record, 1968. There was also a version in the ""Big Little Book"" series. Random House also produced a popup version of the book, illustrated from the film, by Gwen Gordon and Dave Chambers. ""Meet Chitty Chitty Bang Bang - The Wonderful Magical Car"" adapted by Al Perkins from the screenplay. Illustrated by John Hanna, published by Random House, New York, 1968. The book is about 9 1/2"" x 12 1/2"", and consists of 29 pages. Golden Shape Book number 5945, by Joan Allen, Golden Press, 1968. Paperback Editions "" Chitty Chitty Bang Bang "" - Signet T3705, Starlight edition published by Scholastic Book Services, USA, 1st printing Nov 1968 (also carries catalog number TK 1389) The cover was changed to a still from the film in time for the 2nd printing Feb 1969, and the catalog number changed to SBS TK1365 The Bullseye B",https://web.archive.org/web/19990220190235/http:/www.geocities.com:80/Yosemite/1001/ccbbfly.gif,19,33209,"Chitty Chitty Bang Bang

Chitty Chitty Bang Bang Chitty Chitty Bang Bang Books Hardback Editions "" Chitty Chitty Bang Bang "" written by Ian Fleming and illustrated by John Burningham was originally published in hardback in 3 parts Adventure Number 1, Jonathan Cape, London, 1964 Adventure Number 2, Jonathan Cape, London, 1964 Adventure Number 3, Jonathan Cape, London, 1965 The title became "" Chitty Chitty Bang Bang - The Magical Car "" when the US edition was published as a single book by Random House, New York, Library of Congress catalog number 64-21282 For the benefit of its readers, the US edition contained this additional text at the front of the book: A note for the Observant Reader This story takes place in England and, as in England they use English money - peculiarly enough - the American reader will need to know a little - though not a lot - about English currency. So, a pound is worth approximately $2.80 and a shilling is worth 14 cents. And, if your arithmetic is good enough, you should be able to figure out exactly how much things cost in this story. This same US version was also available as a ""Weekly Reader Children's Book Club"" edition. In 1976, Aeonian Press Inc, Mattituck, New York, published an edition limited to 250 copies ""by special arrangement with Scholastic Magazines Inc"". LOC 81-68683, ISBN 0-88411-9831. The UK single book version "" Chitty Chitty Bang Bang - The Complete Adventures of the Magical Car "" was published by Jonathan Cape, London in 1971, and reprinted in 1977. ISBN 0 224 00535 9 "" Ian Fleming's Story of Chitty Chitty Bang Bang - The Magical Car "" was 'Adapted for beginning readers by Al Perkins' and Illustrated by B. Tobey. Published by Collins and Harvill, as A Beginner Book, 1969. "" The Adentures of Chitty Chitty Bang Bang. A special Motion-Picture Edition "" by Albert G Miller 'adapted from the screenplay based on the Ian Fleming story' was published by Collins in 1968, and 'illustrated with photographs from the motion picture'. Random House published the US version of the Motion-Picture edition. The series of books called ""Little Golden Book's"" featured Chitty Chitty Bang Bang as #C-581 in 1968. A Little Golden Book #00238, with record, 1968. There was also a version in the ""Big Little Book"" series. Random House also produced a popup version of the book, illustrated from the film, by Gwen Gordon and Dave Chambers. ""Meet Chitty Chitty Bang Bang - The Wonderful Magical Car"" adapted by Al Perkins from the screenplay. Illustrated by John Hanna, published by Random House, New York, 1968. The book is about 9 1/2"" x 12 1/2"", and consists of 29 pages. Golden Shape Book number 5945, by Joan Allen, Golden Press, 1968. Paperback Editions "" Chitty Chitty Bang Bang "" - Signet T3705, Starlight edition published by Scholastic Book Services, USA, 1st printing Nov 1968 (also carries catalog number TK 1389) The cover was changed to a still from the film in time for the 2nd printing Feb 1969, and the catalog number changed to SBS TK1365 The Bullseye B"
geocities.com,20000414164036,http://geocities.com:80/Yosemite/1001/ccbb.htm,https://web.archive.org/web/20000414164036/http://geocities.com:80/Yosemite/1001/ccbb.htm,Chitty Chitty Bang Bang,"Chitty Chitty Bang Bang Chitty Chitty Bang Bang Books Hardback Editions "" Chitty Chitty Bang Bang "" written by Ian Fleming and illustrated by John Burningham was originally published in hardback in 3 parts Adventure Number 1, Jonathan Cape, London, 1964 Adventure Number 2, Jonathan Cape, London, 1964 Adventure Number 3, Jonathan Cape, London, 1965 The title became "" Chitty Chitty Bang Bang - The Magical Car "" when the US edition was published as a single book by Random House, New York, Library of Congress catalog number 64-21282 For the benefit of its readers, the US edition contained this additional text at the front of the book: (which of course relates to the exchange rates then, not those now!) A note for the Observant Reader This story takes place in England and, as in England they use English money - peculiarly enough - the American reader will need to know a little - though not a lot - about English currency. So, a pound is worth approximately $2.80 and a shilling is worth 14 cents. And, if your arithmetic is good enough, you should be able to figure out exactly how much things cost in this story. This same US version was also available as a ""Weekly Reader Children's Book Club"" edition. In 1976, Aeonian Press Inc, Mattituck, New York, published an edition limited to 250 copies ""by special arrangement with Scholastic Magazines Inc"". LOC 81-68683, ISBN 0-88411-9831. The UK single book version "" Chitty Chitty Bang Bang - The Complete Adventures of the Magical Car "" was published by Jonathan Cape, London in 1971, and reprinted in 1977. ISBN 0 224 00535 9 "" Ian Fleming's Story of Chitty Chitty Bang Bang - The Magical Car "" was 'Adapted for beginning readers by Al Perkins' and Illustrated by B. Tobey. Published by Collins and Harvill, as A Beginner Book, 1969. "" The Adentures of Chitty Chitty Bang Bang. A special Motion-Picture Edition "" by Albert G Miller 'adapted from the screenplay based on the Ian Fleming story' was published by Collins in 1968, and 'illustrated with photographs from the motion picture'. Random House published the US version of the Motion-Picture edition. The series of books called ""Little Golden Book's"" featured Chitty Chitty Bang Bang as #C-581 in 1968. A Little Golden Book #00238, with record, 1968. There was also a version in the ""Big Little Book"" series. Random House also produced a popup version of the book, illustrated from the film, by Gwen Gordon and Dave Chambers. ""Meet Chitty Chitty Bang Bang - The Wonderful Magical Car"" adapted by Al Perkins from the screenplay. Illustrated by John Hanna, published by Random House, New York, 1968. The book is about 9 1/2"" x 12 1/2"", and consists of 29 pages. Golden Shape Book number 5945, by Joan Allen, Golden Press, 1968. Paperback Editions "" Chitty Chitty Bang Bang "" - Signet T3705, Starlight edition published by Scholastic Book Services, USA, 1st printing Nov 1968 (also carries catalog number TK 1389) The cover was changed to a still from the film in time for the 2nd printing ",https://web.archive.org/web/20000414164036/http:/geocities.com:80/Yosemite/1001/ccbb/ccbbfly.gif,17,34367,"Chitty Chitty Bang Bang

Chitty Chitty Bang Bang Chitty Chitty Bang Bang Books Hardback Editions "" Chitty Chitty Bang Bang "" written by Ian Fleming and illustrated by John Burningham was originally published in hardback in 3 parts Adventure Number 1, Jonathan Cape, London, 1964 Adventure Number 2, Jonathan Cape, London, 1964 Adventure Number 3, Jonathan Cape, London, 1965 The title became "" Chitty Chitty Bang Bang - The Magical Car "" when the US edition was published as a single book by Random House, New York, Library of Congress catalog number 64-21282 For the benefit of its readers, the US edition contained this additional text at the front of the book: (which of course relates to the exchange rates then, not those now!) A note for the Observant Reader This story takes place in England and, as in England they use English money - peculiarly enough - the American reader will need to know a little - though not a lot - about English currency. So, a pound is worth approximately $2.80 and a shilling is worth 14 cents. And, if your arithmetic is good enough, you should be able to figure out exactly how much things cost in this story. This same US version was also available as a ""Weekly Reader Children's Book Club"" edition. In 1976, Aeonian Press Inc, Mattituck, New York, published an edition limited to 250 copies ""by special arrangement with Scholastic Magazines Inc"". LOC 81-68683, ISBN 0-88411-9831. The UK single book version "" Chitty Chitty Bang Bang - The Complete Adventures of the Magical Car "" was published by Jonathan Cape, London in 1971, and reprinted in 1977. ISBN 0 224 00535 9 "" Ian Fleming's Story of Chitty Chitty Bang Bang - The Magical Car "" was 'Adapted for beginning readers by Al Perkins' and Illustrated by B. Tobey. Published by Collins and Harvill, as A Beginner Book, 1969. "" The Adentures of Chitty Chitty Bang Bang. A special Motion-Picture Edition "" by Albert G Miller 'adapted from the screenplay based on the Ian Fleming story' was published by Collins in 1968, and 'illustrated with photographs from the motion picture'. Random House published the US version of the Motion-Picture edition. The series of books called ""Little Golden Book's"" featured Chitty Chitty Bang Bang as #C-581 in 1968. A Little Golden Book #00238, with record, 1968. There was also a version in the ""Big Little Book"" series. Random House also produced a popup version of the book, illustrated from the film, by Gwen Gordon and Dave Chambers. ""Meet Chitty Chitty Bang Bang - The Wonderful Magical Car"" adapted by Al Perkins from the screenplay. Illustrated by John Hanna, published by Random House, New York, 1968. The book is about 9 1/2"" x 12 1/2"", and consists of 29 pages. Golden Shape Book number 5945, by Joan Allen, Golden Press, 1968. Paperback Editions "" Chitty Chitty Bang Bang "" - Signet T3705, Starlight edition published by Scholastic Book Services, USA, 1st printing Nov 1968 (also carries catalog number TK 1389) The cover was changed to a still from the film in time for the 2nd printing"
geocities.com,20020202012200,http://www.geocities.com:80/yosemite/1001/ccbb.htm,https://web.archive.org/web/20020202012200/http://www.geocities.com:80/yosemite/1001/ccbb.htm,Chitty Chitty Bang Bang,"Chitty Chitty Bang Bang Chitty Chitty Bang Bang Books Hardback Editions "" Chitty Chitty Bang Bang "" written by Ian Fleming and illustrated by John Burningham was originally published in hardback in 3 parts Adventure Number 1, Jonathan Cape, London, 1964 Adventure Number 2, Jonathan Cape, London, 1964 Adventure Number 3, Jonathan Cape, London, 1965 The title became "" Chitty Chitty Bang Bang - The Magical Car "" when the US edition was published as a single book by Random House, New York, Library of Congress catalog number 64-21282 For the benefit of its readers, the US edition contained this additional text at the front of the book: (which of course relates to the exchange rates then, not those now!) A note for the Observant Reader This story takes place in England and, as in England they use English money - peculiarly enough - the American reader will need to know a little - though not a lot - about English currency. So, a pound is worth approximately $2.80 and a shilling is worth 14 cents. And, if your arithmetic is good enough, you should be able to figure out exactly how much things cost in this story. This same US version was also available as a ""Weekly Reader Children's Book Club"" edition. In 1976, Aeonian Press Inc, Mattituck, New York, published an edition limited to 250 copies ""by special arrangement with Scholastic Magazines Inc"". LOC 81-68683, ISBN 0-88411-9831. The UK single book version "" Chitty Chitty Bang Bang - The Complete Adventures of the Magical Car "" was published by Jonathan Cape, London in 1971, and reprinted in 1977. ISBN 0 224 00535 9 "" Ian Fleming's Story of Chitty Chitty Bang Bang - The Magical Car "" was 'Adapted for beginning readers by Al Perkins' and Illustrated by B. Tobey. Published by Collins and Harvill, as A Beginner Book, 1969. "" The Adentures of Chitty Chitty Bang Bang. A special Motion-Picture Edition "" by Albert G Miller 'adapted from the screenplay based on the Ian Fleming story' was published by Collins in 1968, and 'illustrated with photographs from the motion picture'. Random House published the US version of the Motion-Picture edition. The series of books called ""Little Golden Book's"" featured Chitty Chitty Bang Bang as #C-581 in 1968. A Little Golden Book #00238, with record, 1968. There was also a version in the ""Big Little Book"" series. Random House also produced a popup version of the book, illustrated from the film, by Gwen Gordon and Dave Chambers. ""Meet Chitty Chitty Bang Bang - The Wonderful Magical Car"" adapted by Al Perkins from the screenplay. Illustrated by John Hanna, published by Random House, New York, 1968. The book is about 9 1/2"" x 12 1/2"", and consists of 29 pages. Golden Shape Book number 5945, by Joan Allen, Golden Press, 1968. Paperback Editions "" Chitty Chitty Bang Bang "" - Signet T3705, Starlight edition published by Scholastic Book Services, USA, 1st printing Nov 1968 (also carries catalog number TK 1389) The cover was changed to a still from the film in time for the 2nd printing ",https://web.archive.org/web/20020202012200/http:/www.geocities.com:80/yosemite/1001/ccbb/ccbbfly.gif,17,34647,"Chitty Chitty Bang Bang

Chitty Chitty Bang Bang Chitty Chitty Bang Bang Books Hardback Editions "" Chitty Chitty Bang Bang "" written by Ian Fleming and illustrated by John Burningham was originally published in hardback in 3 parts Adventure Number 1, Jonathan Cape, London, 1964 Adventure Number 2, Jonathan Cape, London, 1964 Adventure Number 3, Jonathan Cape, London, 1965 The title became "" Chitty Chitty Bang Bang - The Magical Car "" when the US edition was published as a single book by Random House, New York, Library of Congress catalog number 64-21282 For the benefit of its readers, the US edition contained this additional text at the front of the book: (which of course relates to the exchange rates then, not those now!) A note for the Observant Reader This story takes place in England and, as in England they use English money - peculiarly enough - the American reader will need to know a little - though not a lot - about English currency. So, a pound is worth approximately $2.80 and a shilling is worth 14 cents. And, if your arithmetic is good enough, you should be able to figure out exactly how much things cost in this story. This same US version was also available as a ""Weekly Reader Children's Book Club"" edition. In 1976, Aeonian Press Inc, Mattituck, New York, published an edition limited to 250 copies ""by special arrangement with Scholastic Magazines Inc"". LOC 81-68683, ISBN 0-88411-9831. The UK single book version "" Chitty Chitty Bang Bang - The Complete Adventures of the Magical Car "" was published by Jonathan Cape, London in 1971, and reprinted in 1977. ISBN 0 224 00535 9 "" Ian Fleming's Story of Chitty Chitty Bang Bang - The Magical Car "" was 'Adapted for beginning readers by Al Perkins' and Illustrated by B. Tobey. Published by Collins and Harvill, as A Beginner Book, 1969. "" The Adentures of Chitty Chitty Bang Bang. A special Motion-Picture Edition "" by Albert G Miller 'adapted from the screenplay based on the Ian Fleming story' was published by Collins in 1968, and 'illustrated with photographs from the motion picture'. Random House published the US version of the Motion-Picture edition. The series of books called ""Little Golden Book's"" featured Chitty Chitty Bang Bang as #C-581 in 1968. A Little Golden Book #00238, with record, 1968. There was also a version in the ""Big Little Book"" series. Random House also produced a popup version of the book, illustrated from the film, by Gwen Gordon and Dave Chambers. ""Meet Chitty Chitty Bang Bang - The Wonderful Magical Car"" adapted by Al Perkins from the screenplay. Illustrated by John Hanna, published by Random House, New York, 1968. The book is about 9 1/2"" x 12 1/2"", and consists of 29 pages. Golden Shape Book number 5945, by Joan Allen, Golden Press, 1968. Paperback Editions "" Chitty Chitty Bang Bang "" - Signet T3705, Starlight edition published by Scholastic Book Services, USA, 1st printing Nov 1968 (also carries catalog number TK 1389) The cover was changed to a still from the film in time for the 2nd printing"
geocities.com,19990127195725,http://www8.geocities.com:80/MotorCity/,https://web.archive.org/web/19990127195725/http://www8.geocities.com:80/MotorCity/,GeoCities - MotorCity,"GeoCities - MotorCity Up to 40% off related books from Amazon.com Visit Surplus Auction Build your own Valentine's CD @ CDnow Save Now! 3.9% eCard Visa Other Neighborhoods Great GeoShops Get a Virtual Office Explore The Suburbs: Choose a suburb MotorCity Downs Flats Garage Lane Pit Shop Speedway Track Yahoo: Automotive Search: GeoCities MotorCity Password: Car Buyer's Guide Home Help Info • Autos • Sports & Recreation Join This Neighborhood today! It's Free. Hood Happenings Autos Chat | Autos Forum You think you know cars? MotorCity has come up with something that can stump the best of you. Why not try our Name That Car Contest if you can handle the truth! Surf the Net with Networds - Create Free Networds for every GeoCities and Internet location you visit. They will be available instantly to everyone on the Net. Use Networds and share them with others. Is your site good enough to earn the Golden Hub Cap ? The Community Leaders will be awarding a new MotorCity resident with the award every month. Come down and register your page and maybe you'll Getting Involved Community Leaders If you need GeoCities help or want to get more involved in your neighborhood, these are the people to ask. Blueprint We've created a zine to help you build better home pages. Check in every month for lots of tips and tricks! Landmark Sites Places to stop when you're surfing that info superhighway known as GeoCities. Landmarks are sites we consider the best of the best. [Join] [Help] [Info] [Home] [Avenues] [Neighborhoods] [Members] [Shopping Center] [Search] © 1995 - 1999 GeoCities. All rights reserved",http://pic.geocities.com/images/neighborhoods/geologo_neighborhood.gif,18,14589,"GeoCities - MotorCity

GeoCities - MotorCity Up to 40% off related books from Amazon.com Visit Surplus Auction Build your own Valentine's CD @ CDnow Save Now! 3.9% eCard Visa Other Neighborhoods Great GeoShops Get a Virtual Office Explore The Suburbs: Choose a suburb MotorCity Downs Flats Garage Lane Pit Shop Speedway Track Yahoo: Automotive Search: GeoCities MotorCity Password: Car Buyer's Guide Home Help Info • Autos • Sports & Recreation Join This Neighborhood today! It's Free. Hood Happenings Autos Chat | Autos Forum You think you know cars? MotorCity has come up with something that can stump the best of you. Why not try our Name That Car Contest if you can handle the truth! Surf the Net with Networds - Create Free Networds for every GeoCities and Internet location you visit. They will be available instantly to everyone on the Net. Use Networds and share them with others. Is your site good enough to earn the Golden Hub Cap ? The Community Leaders will be awarding a new MotorCity resident with the award every month. Come down and register your page and maybe you'll Getting Involved Community Leaders If you need GeoCities help or want to get more involved in your neighborhood, these are the people to ask. Blueprint We've created a zine to help you build better home pages. Check in every month for lots of tips and tricks! Landmark Sites Places to stop when you're surfing that info superhighway known as GeoCities. Landmarks are sites we consider the best of the best. [Join] [Help] [Info] [Home] [Avenues] [Neighborhoods] [Members] [Shopping Center] [Search] © 1995 - 1999 GeoCities. All rights reserved"
geocities.com,19990127233734,http://www21.geocities.com:80/MotorCity/,https://web.archive.org/web/19990127233734/http://www21.geocities.com:80/MotorCity/,GeoCities - MotorCity,"GeoCities - MotorCity Save Now! 3.9% eCard Visa Up to 40% off related books from Amazon.com Visit Surplus Auction Build your own Valentine's CD @ CDnow Other Neighborhoods Great GeoShops Get a Virtual Office Explore The Suburbs: Choose a suburb MotorCity Downs Flats Garage Lane Pit Shop Speedway Track Yahoo: Automotive Search: GeoCities MotorCity Password: Car Buyer's Guide Home Help Info • Autos • Sports & Recreation Join This Neighborhood today! It's Free. Hood Happenings Autos Chat | Autos Forum You think you know cars? MotorCity has come up with something that can stump the best of you. Why not try our Name That Car Contest if you can handle the truth! Surf the Net with Networds - Create Free Networds for every GeoCities and Internet location you visit. They will be available instantly to everyone on the Net. Use Networds and share them with others. Is your site good enough to earn the Golden Hub Cap ? The Community Leaders will be awarding a new MotorCity resident with the award every month. Come down and register your page and maybe you'll Getting Involved Community Leaders If you need GeoCities help or want to get more involved in your neighborhood, these are the people to ask. Blueprint We've created a zine to help you build better home pages. Check in every month for lots of tips and tricks! Landmark Sites Places to stop when you're surfing that info superhighway known as GeoCities. Landmarks are sites we consider the best of the best. [Join] [Help] [Info] [Home] [Avenues] [Neighborhoods] [Members] [Shopping Center] [Search] © 1995 - 1999 GeoCities. All rights reserved",http://pic.geocities.com/images/neighborhoods/geologo_neighborhood.gif,18,14563,"GeoCities - MotorCity

GeoCities - MotorCity Save Now! 3.9% eCard Visa Up to 40% off related books from Amazon.com Visit Surplus Auction Build your own Valentine's CD @ CDnow Other Neighborhoods Great GeoShops Get a Virtual Office Explore The Suburbs: Choose a suburb MotorCity Downs Flats Garage Lane Pit Shop Speedway Track Yahoo: Automotive Search: GeoCities MotorCity Password: Car Buyer's Guide Home Help Info • Autos • Sports & Recreation Join This Neighborhood today! It's Free. Hood Happenings Autos Chat | Autos Forum You think you know cars? MotorCity has come up with something that can stump the best of you. Why not try our Name That Car Contest if you can handle the truth! Surf the Net with Networds - Create Free Networds for every GeoCities and Internet location you visit. They will be available instantly to everyone on the Net. Use Networds and share them with others. Is your site good enough to earn the Golden Hub Cap ? The Community Leaders will be awarding a new MotorCity resident with the award every month. Come down and register your page and maybe you'll Getting Involved Community Leaders If you need GeoCities help or want to get more involved in your neighborhood, these are the people to ask. Blueprint We've created a zine to help you build better home pages. Check in every month for lots of tips and tricks! Landmark Sites Places to stop when you're surfing that info superhighway known as GeoCities. Landmarks are sites we consider the best of the best. [Join] [Help] [Info] [Home] [Avenues] [Neighborhoods] [Members] [Shopping Center] [Search] © 1995 - 1999 GeoCities. All rights reserved"
geocities.com,19990128075255,http://www14.geocities.com:80/MotorCity/,https://web.archive.org/web/19990128075255/http://www14.geocities.com:80/MotorCity/,GeoCities - MotorCity,"GeoCities - MotorCity Save Now! 3.9% eCard Visa Up to 40% off related books from Amazon.com Visit Surplus Auction Build your own Valentine's CD @ CDnow Other Neighborhoods Great GeoShops Get a Virtual Office Explore The Suburbs: Choose a suburb MotorCity Downs Flats Garage Lane Pit Shop Speedway Track Yahoo: Automotive Search: GeoCities MotorCity Password: Car Buyer's Guide Home Help Info • Autos • Sports & Recreation Join This Neighborhood today! It's Free. Hood Happenings Autos Chat | Autos Forum MotorCity News is a behind-the-scenes look at MotorCity's madness, with articles for all your favorite motor sports, trivia, special events, car buying and repair tips, Community Leader info and more! Surf the Net with Networds - Create Free Networds for every GeoCities and Internet location you visit. They will be available instantly to everyone on the Net. Use Networds and share them with others. The MotorCity Pit Stop is a resource available to all members of MotorCity. Whether you're looking for help, have some questions for your Community Leaders or you just want to know what's going on in MotorCity, the Pit Stop is for you. Getting Involved Community Leaders If you need GeoCities help or want to get more involved in your neighborhood, these are the people to ask. Blueprint We've created a zine to help you build better home pages. Check in every month for lots of tips and tricks! Landmark Sites Places to stop when you're surfing that info superhighway known as GeoCities. Landmarks are sites we consider the best of the best. [Join] [Help] [Info] [Home] [Avenues] [Neighborhoods] [Members] [Shopping Center] [Search] © 1995 - 1999 GeoCities. All rights reserved",http://pic.geocities.com/images/neighborhoods/geologo_neighborhood.gif,18,14553,"GeoCities - MotorCity

GeoCities - MotorCity Save Now! 3.9% eCard Visa Up to 40% off related books from Amazon.com Visit Surplus Auction Build your own Valentine's CD @ CDnow Other Neighborhoods Great GeoShops Get a Virtual Office Explore The Suburbs: Choose a suburb MotorCity Downs Flats Garage Lane Pit Shop Speedway Track Yahoo: Automotive Search: GeoCities MotorCity Password: Car Buyer's Guide Home Help Info • Autos • Sports & Recreation Join This Neighborhood today! It's Free. Hood Happenings Autos Chat | Autos Forum MotorCity News is a behind-the-scenes look at MotorCity's madness, with articles for all your favorite motor sports, trivia, special events, car buying and repair tips, Community Leader info and more! Surf the Net with Networds - Create Free Networds for every GeoCities and Internet location you visit. They will be available instantly to everyone on the Net. Use Networds and share them with others. The MotorCity Pit Stop is a resource available to all members of MotorCity. Whether you're looking for help, have some questions for your Community Leaders or you just want to know what's going on in MotorCity, the Pit Stop is for you. Getting Involved Community Leaders If you need GeoCities help or want to get more involved in your neighborhood, these are the people to ask. Blueprint We've created a zine to help you build better home pages. Check in every month for lots of tips and tricks! Landmark Sites Places to stop when you're surfing that info superhighway known as GeoCities. Landmarks are sites we consider the best of the best. [Join] [Help] [Info] [Home] [Avenues] [Neighborhoods] [Members] [Shopping Center] [Search] © 1995 - 1999 GeoCities. All rights reserved"
geocities.com,19990202115326,http://www20.geocities.com:80/MotorCity/,https://web.archive.org/web/19990202115326/http://www20.geocities.com:80/MotorCity/,GeoCities - MotorCity,"GeoCities - MotorCity Visit Surplus Auction $5.00 off for Music Lovers@ CDnow Save Now! 3.9% eCard Visa Up to 40% off related books from Amazon.com Other Neighborhoods Great GeoShops Get a Virtual Office Explore The Suburbs: Choose a suburb MotorCity Downs Flats Garage Lane Pit Shop Speedway Track Yahoo: Automotive Search: GeoCities MotorCity Password: Car Buyer's Guide Home Help Info • Autos • Sports & Recreation Join This Neighborhood today! It's Free. Hood Happenings Autos Chat | Autos Forum You think you know cars? MotorCity has come up with something that can stump the best of you. Why not try our Name That Car Contest if you can handle the truth! Surf the Net with Networds - Create Free Networds for every GeoCities and Internet location you visit. They will be available instantly to everyone on the Net. Use Networds and share them with others. Is your site good enough to earn the Golden Hub Cap ? The Community Leaders will be awarding a new MotorCity resident with the award every month. Come down and register your page and maybe you'll Getting Involved Community Leaders If you need GeoCities help or want to get more involved in your neighborhood, these are the people to ask. Blueprint We've created a zine to help you build better home pages. Check in every month for lots of tips and tricks! Landmark Sites Places to stop when you're surfing that info superhighway known as GeoCities. Landmarks are sites we consider the best of the best. [Join] [Help] [Info] [Home] [Avenues] [Neighborhoods] [Members] [Shopping Center] [Search] © 1995 - 1999 GeoCities. All rights reserved",http://pic.geocities.com/images/neighborhoods/geologo_neighborhood.gif,18,14588,"GeoCities - MotorCity

GeoCities - MotorCity Visit Surplus Auction $5.00 off for Music Lovers@ CDnow Save Now! 3.9% eCard Visa Up to 40% off related books from Amazon.com Other Neighborhoods Great GeoShops Get a Virtual Office Explore The Suburbs: Choose a suburb MotorCity Downs Flats Garage Lane Pit Shop Speedway Track Yahoo: Automotive Search: GeoCities MotorCity Password: Car Buyer's Guide Home Help Info • Autos • Sports & Recreation Join This Neighborhood today! It's Free. Hood Happenings Autos Chat | Autos Forum You think you know cars? MotorCity has come up with something that can stump the best of you. Why not try our Name That Car Contest if you can handle the truth! Surf the Net with Networds - Create Free Networds for every GeoCities and Internet location you visit. They will be available instantly to everyone on the Net. Use Networds and share them with others. Is your site good enough to earn the Golden Hub Cap ? The Community Leaders will be awarding a new MotorCity resident with the award every month. Come down and register your page and maybe you'll Getting Involved Community Leaders If you need GeoCities help or want to get more involved in your neighborhood, these are the people to ask. Blueprint We've created a zine to help you build better home pages. Check in every month for lots of tips and tricks! Landmark Sites Places to stop when you're surfing that info superhighway known as GeoCities. Landmarks are sites we consider the best of the best. [Join] [Help] [Info] [Home] [Avenues] [Neighborhoods] [Members] [Shopping Center] [Search] © 1995 - 1999 GeoCities. All rights reserved"
geocities.com,19990203185836,http://www3.geocities.com:80/MotorCity/,https://web.archive.org/web/19990203185836/http://www3.geocities.com:80/MotorCity/,GeoCities - MotorCity,"GeoCities - MotorCity $5.00 off for Music Lovers@ CDnow Save Now! 3.9% eCard Visa Up to 40% off related books from Amazon.com Visit Surplus Auction Other Neighborhoods Great GeoShops Get a Virtual Office Explore The Suburbs: Choose a suburb MotorCity Downs Flats Garage Lane Pit Shop Speedway Track Yahoo: Automotive Search: GeoCities MotorCity Password: Car Buyer's Guide Home Help Info • Autos • Sports & Recreation Join This Neighborhood today! It's Free. Hood Happenings Autos Chat | Autos Forum MotorCity News is a behind-the-scenes look at MotorCity's madness, with articles for all your favorite motor sports, trivia, special events, car buying and repair tips, Community Leader info and more! With the Car and Driver Buyer's Guide at GeoCities, shopping for a car doesn't get easier. We'll give you the run-down on price ranges, specifications and important factors you need to consider when buying your next vehicle. Is your site good enough to earn the Golden Hub Cap ? The Community Leaders will be awarding a new MotorCity resident with the award every month. Come down and register your page and maybe you'll Getting Involved Community Leaders If you need GeoCities help or want to get more involved in your neighborhood, these are the people to ask. Blueprint We've created a zine to help you build better home pages. Check in every month for lots of tips and tricks! Landmark Sites Places to stop when you're surfing that info superhighway known as GeoCities. Landmarks are sites we consider the best of the best. [Join] [Help] [Info] [Home] [Avenues] [Neighborhoods] [Members] [Shopping Center] [Search] © 1995 - 1999 GeoCities. All rights reserved",http://pic.geocities.com/images/neighborhoods/geologo_neighborhood.gif,18,14604,"GeoCities - MotorCity

GeoCities - MotorCity $5.00 off for Music Lovers@ CDnow Save Now! 3.9% eCard Visa Up to 40% off related books from Amazon.com Visit Surplus Auction Other Neighborhoods Great GeoShops Get a Virtual Office Explore The Suburbs: Choose a suburb MotorCity Downs Flats Garage Lane Pit Shop Speedway Track Yahoo: Automotive Search: GeoCities MotorCity Password: Car Buyer's Guide Home Help Info • Autos • Sports & Recreation Join This Neighborhood today! It's Free. Hood Happenings Autos Chat | Autos Forum MotorCity News is a behind-the-scenes look at MotorCity's madness, with articles for all your favorite motor sports, trivia, special events, car buying and repair tips, Community Leader info and more! With the Car and Driver Buyer's Guide at GeoCities, shopping for a car doesn't get easier. We'll give you the run-down on price ranges, specifications and important factors you need to consider when buying your next vehicle. Is your site good enough to earn the Golden Hub Cap ? The Community Leaders will be awarding a new MotorCity resident with the award every month. Come down and register your page and maybe you'll Getting Involved Community Leaders If you need GeoCities help or want to get more involved in your neighborhood, these are the people to ask. Blueprint We've created a zine to help you build better home pages. Check in every month for lots of tips and tricks! Landmark Sites Places to stop when you're surfing that info superhighway known as GeoCities. Landmarks are sites we consider the best of the best. [Join] [Help] [Info] [Home] [Avenues] [Neighborhoods] [Members] [Shopping Center] [Search] © 1995 - 1999 GeoCities. All rights reserved"
geocities.com,19990208211541,http://www7.geocities.com:80/MotorCity/,https://web.archive.org/web/19990208211541/http://www7.geocities.com:80/MotorCity/,GeoCities - MotorCity,"GeoCities - MotorCity $5.00 off for Music Lovers@ CDnow Instant Credit Apply Now! Up to 40% off related books from Amazon.com Visit Surplus Auction Other Neighborhoods Great GeoShops Get a Virtual Office Explore The Suburbs: Choose a suburb MotorCity Downs Flats Garage Lane Pit Shop Speedway Track Yahoo: Automotive Search: GeoCities MotorCity Password: Car Buyer's Guide Home Help Info • Autos • Sports & Recreation Join This Neighborhood today! It's Free. Hood Happenings Autos Chat | Autos Forum MotorCity News is a behind-the-scenes look at MotorCity's madness, with articles for all your favorite motor sports, trivia, special events, car buying and repair tips, Community Leader info and more! Surf the Net with Networds - Create Free Networds for every GeoCities and Internet location you visit. They will be available instantly to everyone on the Net. Use Networds and share them with others. The MotorCity Pit Stop is a resource available to all members of MotorCity. Whether you're looking for help, have some questions for your Community Leaders or you just want to know what's going on in MotorCity, the Pit Stop is for you. Getting Involved Community Leaders If you need GeoCities help or want to get more involved in your neighborhood, these are the people to ask. Blueprint We've created a zine to help you build better home pages. Check in every month for lots of tips and tricks! Landmark Sites Places to stop when you're surfing that info superhighway known as GeoCities. Landmarks are sites we consider the best of the best. [Join] [Help] [Info] [Home] [Avenues] [Neighborhoods] [Members] [Shopping Center] [Search] © 1995 - 1999 GeoCities. All rights reserved",http://pic.geocities.com/images/neighborhoods/geologo_neighborhood.gif,18,14554,"GeoCities - MotorCity

GeoCities - MotorCity $5.00 off for Music Lovers@ CDnow Instant Credit Apply Now! Up to 40% off related books from Amazon.com Visit Surplus Auction Other Neighborhoods Great GeoShops Get a Virtual Office Explore The Suburbs: Choose a suburb MotorCity Downs Flats Garage Lane Pit Shop Speedway Track Yahoo: Automotive Search: GeoCities MotorCity Password: Car Buyer's Guide Home Help Info • Autos • Sports & Recreation Join This Neighborhood today! It's Free. Hood Happenings Autos Chat | Autos Forum MotorCity News is a behind-the-scenes look at MotorCity's madness, with articles for all your favorite motor sports, trivia, special events, car buying and repair tips, Community Leader info and more! Surf the Net with Networds - Create Free Networds for every GeoCities and Internet location you visit. They will be available instantly to everyone on the Net. Use Networds and share them with others. The MotorCity Pit Stop is a resource available to all members of MotorCity. Whether you're looking for help, have some questions for your Community Leaders or you just want to know what's going on in MotorCity, the Pit Stop is for you. Getting Involved Community Leaders If you need GeoCities help or want to get more involved in your neighborhood, these are the people to ask. Blueprint We've created a zine to help you build better home pages. Check in every month for lots of tips and tricks! Landmark Sites Places to stop when you're surfing that info superhighway known as GeoCities. Landmarks are sites we consider the best of the best. [Join] [Help] [Info] [Home] [Avenues] [Neighborhoods] [Members] [Shopping Center] [Search] © 1995 - 1999 GeoCities. All rights reserved"
geocities.com,19990209015729,http://www17.geocities.com:80/MotorCity/,https://web.archive.org/web/19990209015729/http://www17.geocities.com:80/MotorCity/,GeoCities - MotorCity,"GeoCities - MotorCity Visit Surplus Auction $5.00 off for Music Lovers@ CDnow Instant Credit Apply Now! Up to 40% off related books from Amazon.com Other Neighborhoods Great GeoShops Get a Virtual Office Explore The Suburbs: Choose a suburb MotorCity Downs Flats Garage Lane Pit Shop Speedway Track Yahoo: Automotive Search: GeoCities MotorCity Password: Car Buyer's Guide Home Help Info • Autos • Sports & Recreation Join This Neighborhood today! It's Free. Hood Happenings Autos Chat | Autos Forum You think you know cars? MotorCity has come up with something that can stump the best of you. Why not try our Name That Car Contest if you can handle the truth! With the Car and Driver Buyer's Guide at GeoCities, shopping for a car doesn't get easier. We'll give you the run-down on price ranges, specifications and important factors you need to consider when buying your next vehicle. Is your site good enough to earn the Golden Hub Cap ? The Community Leaders will be awarding a new MotorCity resident with the award every month. Come down and register your page and maybe you'll Getting Involved Community Leaders If you need GeoCities help or want to get more involved in your neighborhood, these are the people to ask. Blueprint We've created a zine to help you build better home pages. Check in every month for lots of tips and tricks! Landmark Sites Places to stop when you're surfing that info superhighway known as GeoCities. Landmarks are sites we consider the best of the best. [Join] [Help] [Info] [Home] [Avenues] [Neighborhoods] [Members] [Shopping Center] [Search] © 1995 - 1999 GeoCities. All rights reserved",http://pic.geocities.com/images/neighborhoods/geologo_neighborhood.gif,18,14609,"GeoCities - MotorCity

GeoCities - MotorCity Visit Surplus Auction $5.00 off for Music Lovers@ CDnow Instant Credit Apply Now! Up to 40% off related books from Amazon.com Other Neighborhoods Great GeoShops Get a Virtual Office Explore The Suburbs: Choose a suburb MotorCity Downs Flats Garage Lane Pit Shop Speedway Track Yahoo: Automotive Search: GeoCities MotorCity Password: Car Buyer's Guide Home Help Info • Autos • Sports & Recreation Join This Neighborhood today! It's Free. Hood Happenings Autos Chat | Autos Forum You think you know cars? MotorCity has come up with something that can stump the best of you. Why not try our Name That Car Contest if you can handle the truth! With the Car and Driver Buyer's Guide at GeoCities, shopping for a car doesn't get easier. We'll give you the run-down on price ranges, specifications and important factors you need to consider when buying your next vehicle. Is your site good enough to earn the Golden Hub Cap ? The Community Leaders will be awarding a new MotorCity resident with the award every month. Come down and register your page and maybe you'll Getting Involved Community Leaders If you need GeoCities help or want to get more involved in your neighborhood, these are the people to ask. Blueprint We've created a zine to help you build better home pages. Check in every month for lots of tips and tricks! Landmark Sites Places to stop when you're surfing that info superhighway known as GeoCities. Landmarks are sites we consider the best of the best. [Join] [Help] [Info] [Home] [Avenues] [Neighborhoods] [Members] [Shopping Center] [Search] © 1995 - 1999 GeoCities. All rights reserved"
geocities.com,19990209155112,http://www4.geocities.com:80/MotorCity/,https://web.archive.org/web/19990209155112/http://www4.geocities.com:80/MotorCity/,GeoCities - MotorCity,"GeoCities - MotorCity $5.00 off for Music Lovers@ CDnow Instant Credit Apply Now! Up to 40% off related books from Amazon.com Visit Surplus Auction Other Neighborhoods Great GeoShops Get a Virtual Office Explore The Suburbs: Choose a suburb MotorCity Downs Flats Garage Lane Pit Shop Speedway Track Yahoo: Automotive Search: GeoCities MotorCity Password: Car Buyer's Guide Home Help Info • Autos • Sports & Recreation Join This Neighborhood today! It's Free. Hood Happenings Autos Chat | Autos Forum You think you know cars? MotorCity has come up with something that can stump the best of you. Why not try our Name That Car Contest if you can handle the truth! Surf the Net with Networds - Create Free Networds for every GeoCities and Internet location you visit. They will be available instantly to everyone on the Net. Use Networds and share them with others. The MotorCity Pit Stop is a resource available to all members of MotorCity. Whether you're looking for help, have some questions for your Community Leaders or you just want to know what's going on in MotorCity, the Pit Stop is for you. Getting Involved Community Leaders If you need GeoCities help or want to get more involved in your neighborhood, these are the people to ask. Blueprint We've created a zine to help you build better home pages. Check in every month for lots of tips and tricks! Landmark Sites Places to stop when you're surfing that info superhighway known as GeoCities. Landmarks are sites we consider the best of the best. [Join] [Help] [Info] [Home] [Avenues] [Neighborhoods] [Members] [Shopping Center] [Search] © 1995 - 1999 GeoCities. All rights reserved",http://pic.geocities.com/images/neighborhoods/geologo_neighborhood.gif,18,14561,"GeoCities - MotorCity

GeoCities - MotorCity $5.00 off for Music Lovers@ CDnow Instant Credit Apply Now! Up to 40% off related books from Amazon.com Visit Surplus Auction Other Neighborhoods Great GeoShops Get a Virtual Office Explore The Suburbs: Choose a suburb MotorCity Downs Flats Garage Lane Pit Shop Speedway Track Yahoo: Automotive Search: GeoCities MotorCity Password: Car Buyer's Guide Home Help Info • Autos • Sports & Recreation Join This Neighborhood today! It's Free. Hood Happenings Autos Chat | Autos Forum You think you know cars? MotorCity has come up with something that can stump the best of you. Why not try our Name That Car Contest if you can handle the truth! Surf the Net with Networds - Create Free Networds for every GeoCities and Internet location you visit. They will be available instantly to everyone on the Net. Use Networds and share them with others. The MotorCity Pit Stop is a resource available to all members of MotorCity. Whether you're looking for help, have some questions for your Community Leaders or you just want to know what's going on in MotorCity, the Pit Stop is for you. Getting Involved Community Leaders If you need GeoCities help or want to get more involved in your neighborhood, these are the people to ask. Blueprint We've created a zine to help you build better home pages. Check in every month for lots of tips and tricks! Landmark Sites Places to stop when you're surfing that info superhighway known as GeoCities. Landmarks are sites we consider the best of the best. [Join] [Help] [Info] [Home] [Avenues] [Neighborhoods] [Members] [Shopping Center] [Search] © 1995 - 1999 GeoCities. All rights reserved"
geocities.com,19990218040536,http://www.geocities.com:80/MotorCity/,https://web.archive.org/web/19990218040536/http://www.geocities.com:80/MotorCity/,GeoCities - MotorCity,"GeoCities - MotorCity Visit Surplus Auction $5.00 off music at CDnow! Instant Credit Apply Now! Up to 40% off related books from Amazon.com Other Neighborhoods Great GeoShops Get a Virtual Office Explore The Suburbs: Choose a suburb MotorCity Downs Factory Flats Garage Lane Pit Shop Speedway Track Yahoo: Automotive Search: GeoCities MotorCity Password: Car Buyer's Guide Home Help Info • Autos • Sports & Recreation Join This Neighborhood today! It's Free. Hood Happenings Autos Chat | Autos Forum You think you know cars? MotorCity has come up with something that can stump the best of you. Why not try our Name That Car Contest if you can handle the truth! With the Car and Driver Buyer's Guide at GeoCities, shopping for a car doesn't get easier. We'll give you the run-down on price ranges, specifications and important factors you need to consider when buying your next vehicle. Is your site good enough to earn the Golden Hub Cap ? The Community Leaders will be awarding a new MotorCity resident with the award every month. Come down and register your page and maybe you'll Getting Involved Community Leaders If you need GeoCities help or want to get more involved in your neighborhood, these are the people to ask. Blueprint We've created a zine to help you build better home pages. Check in every month for lots of tips and tricks! Landmark Sites Places to stop when you're surfing that info superhighway known as GeoCities. Landmarks are sites we consider the best of the best. [Join] [Help] [Info] [Home] [Avenues] [Neighborhoods] [Members] [Shopping Center] [Search] © 1995 - 1999 GeoCities. All rights reserved",http://pic.geocities.com/images/neighborhoods/geologo_neighborhood.gif,18,14654,"GeoCities - MotorCity

GeoCities - MotorCity Visit Surplus Auction $5.00 off music at CDnow! Instant Credit Apply Now! Up to 40% off related books from Amazon.com Other Neighborhoods Great GeoShops Get a Virtual Office Explore The Suburbs: Choose a suburb MotorCity Downs Factory Flats Garage Lane Pit Shop Speedway Track Yahoo: Automotive Search: GeoCities MotorCity Password: Car Buyer's Guide Home Help Info • Autos • Sports & Recreation Join This Neighborhood today! It's Free. Hood Happenings Autos Chat | Autos Forum You think you know cars? MotorCity has come up with something that can stump the best of you. Why not try our Name That Car Contest if you can handle the truth! With the Car and Driver Buyer's Guide at GeoCities, shopping for a car doesn't get easier. We'll give you the run-down on price ranges, specifications and important factors you need to consider when buying your next vehicle. Is your site good enough to earn the Golden Hub Cap ? The Community Leaders will be awarding a new MotorCity resident with the award every month. Come down and register your page and maybe you'll Getting Involved Community Leaders If you need GeoCities help or want to get more involved in your neighborhood, these are the people to ask. Blueprint We've created a zine to help you build better home pages. Check in every month for lots of tips and tricks! Landmark Sites Places to stop when you're surfing that info superhighway known as GeoCities. Landmarks are sites we consider the best of the best. [Join] [Help] [Info] [Home] [Avenues] [Neighborhoods] [Members] [Shopping Center] [Search] © 1995 - 1999 GeoCities. All rights reserved"
geocities.com,19990218041409,http://www18.geocities.com:80/MotorCity/,https://web.archive.org/web/19990218041409/http://www18.geocities.com:80/MotorCity/,GeoCities - MotorCity,"GeoCities - MotorCity Visit Surplus Auction $5.00 off music at CDnow! Instant Credit Apply Now! Up to 40% off related books from Amazon.com Other Neighborhoods Great GeoShops Get a Virtual Office Explore The Suburbs: Choose a suburb MotorCity Downs Factory Flats Garage Lane Pit Shop Speedway Track Yahoo: Automotive Search: GeoCities MotorCity Password: Car Buyer's Guide Home Help Info • Autos • Sports & Recreation Join This Neighborhood today! It's Free. Hood Happenings Autos Chat | Autos Forum You think you know cars? MotorCity has come up with something that can stump the best of you. Why not try our Name That Car Contest if you can handle the truth! Surf the Net with Networds - Create Free Networds for every GeoCities and Internet location you visit. They will be available instantly to everyone on the Net. Use Networds and share them with others. Is your site good enough to earn the Golden Hub Cap ? The Community Leaders will be awarding a new MotorCity resident with the award every month. Come down and register your page and maybe you'll Getting Involved Community Leaders If you need GeoCities help or want to get more involved in your neighborhood, these are the people to ask. Blueprint We've created a zine to help you build better home pages. Check in every month for lots of tips and tricks! Landmark Sites Places to stop when you're surfing that info superhighway known as GeoCities. Landmarks are sites we consider the best of the best. [Join] [Help] [Info] [Home] [Avenues] [Neighborhoods] [Members] [Shopping Center] [Search] © 1995 - 1999 GeoCities. All rights reserved",http://pic.geocities.com/images/neighborhoods/geologo_neighborhood.gif,18,14608,"GeoCities - MotorCity

GeoCities - MotorCity Visit Surplus Auction $5.00 off music at CDnow! Instant Credit Apply Now! Up to 40% off related books from Amazon.com Other Neighborhoods Great GeoShops Get a Virtual Office Explore The Suburbs: Choose a suburb MotorCity Downs Factory Flats Garage Lane Pit Shop Speedway Track Yahoo: Automotive Search: GeoCities MotorCity Password: Car Buyer's Guide Home Help Info • Autos • Sports & Recreation Join This Neighborhood today! It's Free. Hood Happenings Autos Chat | Autos Forum You think you know cars? MotorCity has come up with something that can stump the best of you. Why not try our Name That Car Contest if you can handle the truth! Surf the Net with Networds - Create Free Networds for every GeoCities and Internet location you visit. They will be available instantly to everyone on the Net. Use Networds and share them with others. Is your site good enough to earn the Golden Hub Cap ? The Community Leaders will be awarding a new MotorCity resident with the award every month. Come down and register your page and maybe you'll Getting Involved Community Leaders If you need GeoCities help or want to get more involved in your neighborhood, these are the people to ask. Blueprint We've created a zine to help you build better home pages. Check in every month for lots of tips and tricks! Landmark Sites Places to stop when you're surfing that info superhighway known as GeoCities. Landmarks are sites we consider the best of the best. [Join] [Help] [Info] [Home] [Avenues] [Neighborhoods] [Members] [Shopping Center] [Search] © 1995 - 1999 GeoCities. All rights reserved"
geocities.com,19990218123350,http://www16.geocities.com:80/MotorCity/,https://web.archive.org/web/19990218123350/http://www16.geocities.com:80/MotorCity/,GeoCities - MotorCity,"GeoCities - MotorCity $5.00 off music at CDnow! Instant Credit Apply Now! Up to 40% off related books from Amazon.com Visit Surplus Auction Other Neighborhoods Great GeoShops Get a Virtual Office Explore The Suburbs: Choose a suburb MotorCity Downs Factory Flats Garage Lane Pit Shop Speedway Track Yahoo: Automotive Search: GeoCities MotorCity Password: Car Buyer's Guide Home Help Info • Autos • Sports & Recreation Join This Neighborhood today! It's Free. Hood Happenings Autos Chat | Autos Forum MotorCity News is a behind-the-scenes look at MotorCity's madness, with articles for all your favorite motor sports, trivia, special events, car buying and repair tips, Community Leader info and more! Surf the Net with Networds - Create Free Networds for every GeoCities and Internet location you visit. They will be available instantly to everyone on the Net. Use Networds and share them with others. The MotorCity Pit Stop is a resource available to all members of MotorCity. Whether you're looking for help, have some questions for your Community Leaders or you just want to know what's going on in MotorCity, the Pit Stop is for you. Getting Involved Community Leaders If you need GeoCities help or want to get more involved in your neighborhood, these are the people to ask. Blueprint We've created a zine to help you build better home pages. Check in every month for lots of tips and tricks! Landmark Sites Places to stop when you're surfing that info superhighway known as GeoCities. Landmarks are sites we consider the best of the best. [Join] [Help] [Info] [Home] [Avenues] [Neighborhoods] [Members] [Shopping Center] [Search] © 1995 - 1999 GeoCities. All rights reserved",http://pic.geocities.com/images/neighborhoods/geologo_neighborhood.gif,18,14596,"GeoCities - MotorCity

GeoCities - MotorCity $5.00 off music at CDnow! Instant Credit Apply Now! Up to 40% off related books from Amazon.com Visit Surplus Auction Other Neighborhoods Great GeoShops Get a Virtual Office Explore The Suburbs: Choose a suburb MotorCity Downs Factory Flats Garage Lane Pit Shop Speedway Track Yahoo: Automotive Search: GeoCities MotorCity Password: Car Buyer's Guide Home Help Info • Autos • Sports & Recreation Join This Neighborhood today! It's Free. Hood Happenings Autos Chat | Autos Forum MotorCity News is a behind-the-scenes look at MotorCity's madness, with articles for all your favorite motor sports, trivia, special events, car buying and repair tips, Community Leader info and more! Surf the Net with Networds - Create Free Networds for every GeoCities and Internet location you visit. They will be available instantly to everyone on the Net. Use Networds and share them with others. The MotorCity Pit Stop is a resource available to all members of MotorCity. Whether you're looking for help, have some questions for your Community Leaders or you just want to know what's going on in MotorCity, the Pit Stop is for you. Getting Involved Community Leaders If you need GeoCities help or want to get more involved in your neighborhood, these are the people to ask. Blueprint We've created a zine to help you build better home pages. Check in every month for lots of tips and tricks! Landmark Sites Places to stop when you're surfing that info superhighway known as GeoCities. Landmarks are sites we consider the best of the best. [Join] [Help] [Info] [Home] [Avenues] [Neighborhoods] [Members] [Shopping Center] [Search] © 1995 - 1999 GeoCities. All rights reserved"
geocities.com,19990218191726,http://www5.geocities.com:80/MotorCity/,https://web.archive.org/web/19990218191726/http://www5.geocities.com:80/MotorCity/,GeoCities - MotorCity,"GeoCities - MotorCity $5.00 off music at CDnow! Instant Credit Apply Now! Up to 40% off related books from Amazon.com Visit Surplus Auction Other Neighborhoods Great GeoShops Get a Virtual Office Explore The Suburbs: Choose a suburb MotorCity Downs Factory Flats Garage Lane Pit Shop Speedway Track Yahoo: Automotive Search: GeoCities MotorCity Password: Car Buyer's Guide Home Help Info • Autos • Sports & Recreation Join This Neighborhood today! It's Free. Hood Happenings Autos Chat | Autos Forum You think you know cars? MotorCity has come up with something that can stump the best of you. Why not try our Name That Car Contest if you can handle the truth! Surf the Net with Networds - Create Free Networds for every GeoCities and Internet location you visit. They will be available instantly to everyone on the Net. Use Networds and share them with others. Is your site good enough to earn the Golden Hub Cap ? The Community Leaders will be awarding a new MotorCity resident with the award every month. Come down and register your page and maybe you'll Getting Involved Community Leaders If you need GeoCities help or want to get more involved in your neighborhood, these are the people to ask. Blueprint We've created a zine to help you build better home pages. Check in every month for lots of tips and tricks! Landmark Sites Places to stop when you're surfing that info superhighway known as GeoCities. Landmarks are sites we consider the best of the best. [Join] [Help] [Info] [Home] [Avenues] [Neighborhoods] [Members] [Shopping Center] [Search] © 1995 - 1999 GeoCities. All rights reserved",http://pic.geocities.com/images/neighborhoods/geologo_neighborhood.gif,18,14635,"GeoCities - MotorCity

GeoCities - MotorCity $5.00 off music at CDnow! Instant Credit Apply Now! Up to 40% off related books from Amazon.com Visit Surplus Auction Other Neighborhoods Great GeoShops Get a Virtual Office Explore The Suburbs: Choose a suburb MotorCity Downs Factory Flats Garage Lane Pit Shop Speedway Track Yahoo: Automotive Search: GeoCities MotorCity Password: Car Buyer's Guide Home Help Info • Autos • Sports & Recreation Join This Neighborhood today! It's Free. Hood Happenings Autos Chat | Autos Forum You think you know cars? MotorCity has come up with something that can stump the best of you. Why not try our Name That Car Contest if you can handle the truth! Surf the Net with Networds - Create Free Networds for every GeoCities and Internet location you visit. They will be available instantly to everyone on the Net. Use Networds and share them with others. Is your site good enough to earn the Golden Hub Cap ? The Community Leaders will be awarding a new MotorCity resident with the award every month. Come down and register your page and maybe you'll Getting Involved Community Leaders If you need GeoCities help or want to get more involved in your neighborhood, these are the people to ask. Blueprint We've created a zine to help you build better home pages. Check in every month for lots of tips and tricks! Landmark Sites Places to stop when you're surfing that info superhighway known as GeoCities. Landmarks are sites we consider the best of the best. [Join] [Help] [Info] [Home] [Avenues] [Neighborhoods] [Members] [Shopping Center] [Search] © 1995 - 1999 GeoCities. All rights reserved"
geocities.com,19990219204514,http://www10.geocities.com:80/MotorCity/,https://web.archive.org/web/19990219204514/http://www10.geocities.com:80/MotorCity/,GeoCities - MotorCity,"GeoCities - MotorCity Visit Surplus Auction $5.00 off music at CDnow! Instant Credit Apply Now! Up to 40% off related books from Amazon.com Other Neighborhoods Great GeoShops Get a Virtual Office Explore The Suburbs: Choose a suburb MotorCity Downs Factory Flats Garage Lane Pit Shop Speedway Track Yahoo: Automotive Search: GeoCities MotorCity Password: Car Buyer's Guide Home Help Info • Autos • Sports & Recreation Join This Neighborhood today! It's Free. Hood Happenings Autos Chat | Autos Forum MotorCity News is a behind-the-scenes look at MotorCity's madness, with articles for all your favorite motor sports, trivia, special events, car buying and repair tips, Community Leader info and more! Surf the Net with Networds - Create Free Networds for every GeoCities and Internet location you visit. They will be available instantly to everyone on the Net. Use Networds and share them with others. Is your site good enough to earn the Golden Hub Cap ? The Community Leaders will be awarding a new MotorCity resident with the award every month. Come down and register your page and maybe you'll Getting Involved Community Leaders If you need GeoCities help or want to get more involved in your neighborhood, these are the people to ask. Blueprint We've created a zine to help you build better home pages. Check in every month for lots of tips and tricks! Landmark Sites Places to stop when you're surfing that info superhighway known as GeoCities. Landmarks are sites we consider the best of the best. [Join] [Help] [Info] [Home] [Avenues] [Neighborhoods] [Members] [Shopping Center] [Search] © 1995 - 1999 GeoCities. All rights reserved",http://pic.geocities.com/images/neighborhoods/geologo_neighborhood.gif,18,14599,"GeoCities - MotorCity

GeoCities - MotorCity Visit Surplus Auction $5.00 off music at CDnow! Instant Credit Apply Now! Up to 40% off related books from Amazon.com Other Neighborhoods Great GeoShops Get a Virtual Office Explore The Suburbs: Choose a suburb MotorCity Downs Factory Flats Garage Lane Pit Shop Speedway Track Yahoo: Automotive Search: GeoCities MotorCity Password: Car Buyer's Guide Home Help Info • Autos • Sports & Recreation Join This Neighborhood today! It's Free. Hood Happenings Autos Chat | Autos Forum MotorCity News is a behind-the-scenes look at MotorCity's madness, with articles for all your favorite motor sports, trivia, special events, car buying and repair tips, Community Leader info and more! Surf the Net with Networds - Create Free Networds for every GeoCities and Internet location you visit. They will be available instantly to everyone on the Net. Use Networds and share them with others. Is your site good enough to earn the Golden Hub Cap ? The Community Leaders will be awarding a new MotorCity resident with the award every month. Come down and register your page and maybe you'll Getting Involved Community Leaders If you need GeoCities help or want to get more involved in your neighborhood, these are the people to ask. Blueprint We've created a zine to help you build better home pages. Check in every month for lots of tips and tricks! Landmark Sites Places to stop when you're surfing that info superhighway known as GeoCities. Landmarks are sites we consider the best of the best. [Join] [Help] [Info] [Home] [Avenues] [Neighborhoods] [Members] [Shopping Center] [Search] © 1995 - 1999 GeoCities. All rights reserved"
geocities.com,19990220190856,http://www1.geocities.com:80/MotorCity/,https://web.archive.org/web/19990220190856/http://www1.geocities.com:80/MotorCity/,GeoCities - MotorCity,"GeoCities - MotorCity Up to 40% off related books from Amazon.com Visit Surplus Auction $5.00 off music at CDnow! Instant Credit Apply Now! Other Neighborhoods Great GeoShops Get a Virtual Office Explore The Suburbs: Choose a suburb MotorCity Downs Factory Flats Garage Lane Pit Shop Speedway Track Yahoo: Automotive Search: GeoCities MotorCity Password: Car Buyer's Guide Home Help Info • Autos • Sports & Recreation Join This Neighborhood today! It's Free. Hood Happenings Autos Chat | Autos Forum MotorCity News is a behind-the-scenes look at MotorCity's madness, with articles for all your favorite motor sports, trivia, special events, car buying and repair tips, Community Leader info and more! Surf the Net with Networds - Create Free Networds for every GeoCities and Internet location you visit. They will be available instantly to everyone on the Net. Use Networds and share them with others. Is your site good enough to earn the Golden Hub Cap ? The Community Leaders will be awarding a new MotorCity resident with the award every month. Come down and register your page and maybe you'll Getting Involved Community Leaders If you need GeoCities help or want to get more involved in your neighborhood, these are the people to ask. Blueprint We've created a zine to help you build better home pages. Check in every month for lots of tips and tricks! Landmark Sites Places to stop when you're surfing that info superhighway known as GeoCities. Landmarks are sites we consider the best of the best. [Join] [Help] [Info] [Home] [Avenues] [Neighborhoods] [Members] [Shopping Center] [Search] © 1995 - 1999 GeoCities. All rights reserved",http://pic.geocities.com/images/neighborhoods/geologo_neighborhood.gif,18,14601,"GeoCities - MotorCity

GeoCities - MotorCity Up to 40% off related books from Amazon.com Visit Surplus Auction $5.00 off music at CDnow! Instant Credit Apply Now! Other Neighborhoods Great GeoShops Get a Virtual Office Explore The Suburbs: Choose a suburb MotorCity Downs Factory Flats Garage Lane Pit Shop Speedway Track Yahoo: Automotive Search: GeoCities MotorCity Password: Car Buyer's Guide Home Help Info • Autos • Sports & Recreation Join This Neighborhood today! It's Free. Hood Happenings Autos Chat | Autos Forum MotorCity News is a behind-the-scenes look at MotorCity's madness, with articles for all your favorite motor sports, trivia, special events, car buying and repair tips, Community Leader info and more! Surf the Net with Networds - Create Free Networds for every GeoCities and Internet location you visit. They will be available instantly to everyone on the Net. Use Networds and share them with others. Is your site good enough to earn the Golden Hub Cap ? The Community Leaders will be awarding a new MotorCity resident with the award every month. Come down and register your page and maybe you'll Getting Involved Community Leaders If you need GeoCities help or want to get more involved in your neighborhood, these are the people to ask. Blueprint We've created a zine to help you build better home pages. Check in every month for lots of tips and tricks! Landmark Sites Places to stop when you're surfing that info superhighway known as GeoCities. Landmarks are sites we consider the best of the best. [Join] [Help] [Info] [Home] [Avenues] [Neighborhoods] [Members] [Shopping Center] [Search] © 1995 - 1999 GeoCities. All rights reserved"
geocities.com,19990221212931,http://www11.geocities.com:80/MotorCity/,https://web.archive.org/web/19990221212931/http://www11.geocities.com:80/MotorCity/,GeoCities - MotorCity,"GeoCities - MotorCity Instant Credit Apply Now! Up to 40% off related books from Amazon.com Visit Surplus Auction $5.00 off music at CDnow! Other Neighborhoods Great GeoShops Get a Virtual Office Explore The Suburbs: Choose a suburb MotorCity Downs Factory Flats Garage Lane Pit Shop Speedway Track Yahoo: Automotive Search: GeoCities MotorCity Password: Car Buyer's Guide Home Help Info • Autos • Sports & Recreation Join This Neighborhood today! It's Free. Hood Happenings Autos Chat | Autos Forum You think you know cars? MotorCity has come up with something that can stump the best of you. Why not try our Name That Car Contest if you can handle the truth! With the Car and Driver Buyer's Guide at GeoCities, shopping for a car doesn't get easier. We'll give you the run-down on price ranges, specifications and important factors you need to consider when buying your next vehicle. The MotorCity Pit Stop is a resource available to all members of MotorCity. Whether you're looking for help, have some questions for your Community Leaders or you just want to know what's going on in MotorCity, the Pit Stop is for you. Getting Involved Community Leaders If you need GeoCities help or want to get more involved in your neighborhood, these are the people to ask. Blueprint We've created a zine to help you build better home pages. Check in every month for lots of tips and tricks! Landmark Sites Places to stop when you're surfing that info superhighway known as GeoCities. Landmarks are sites we consider the best of the best. [Join] [Help] [Info] [Home] [Avenues] [Neighborhoods] [Members] [Shopping Center] [Search] © 1995 - 1999 GeoCities. All rights reserved",http://pic.geocities.com/images/neighborhoods/geologo_neighborhood.gif,18,14647,"GeoCities - MotorCity

GeoCities - MotorCity Instant Credit Apply Now! Up to 40% off related books from Amazon.com Visit Surplus Auction $5.00 off music at CDnow! Other Neighborhoods Great GeoShops Get a Virtual Office Explore The Suburbs: Choose a suburb MotorCity Downs Factory Flats Garage Lane Pit Shop Speedway Track Yahoo: Automotive Search: GeoCities MotorCity Password: Car Buyer's Guide Home Help Info • Autos • Sports & Recreation Join This Neighborhood today! It's Free. Hood Happenings Autos Chat | Autos Forum You think you know cars? MotorCity has come up with something that can stump the best of you. Why not try our Name That Car Contest if you can handle the truth! With the Car and Driver Buyer's Guide at GeoCities, shopping for a car doesn't get easier. We'll give you the run-down on price ranges, specifications and important factors you need to consider when buying your next vehicle. The MotorCity Pit Stop is a resource available to all members of MotorCity. Whether you're looking for help, have some questions for your Community Leaders or you just want to know what's going on in MotorCity, the Pit Stop is for you. Getting Involved Community Leaders If you need GeoCities help or want to get more involved in your neighborhood, these are the people to ask. Blueprint We've created a zine to help you build better home pages. Check in every month for lots of tips and tricks! Landmark Sites Places to stop when you're surfing that info superhighway known as GeoCities. Landmarks are sites we consider the best of the best. [Join] [Help] [Info] [Home] [Avenues] [Neighborhoods] [Members] [Shopping Center] [Search] © 1995 - 1999 GeoCities. All rights reserved"
geocities.com,19990218085942,http://www.geocities.com:80/MotorCity/1000/,https://web.archive.org/web/19990218085942/http://www.geocities.com:80/MotorCity/1000/,MotorCity Pitstop,"MotorCity Pitstop Welcome to the MotorCity PitStop Here you will find all things needed for designing and getting your pages out in the world wide web! You will find all the help you need from our Community Leader staff and links to all the places you will need to go to make your pages great! We have a great community here and I just know your gonna love your stay in MotorCity! Some of the cool stuff to see in MotorCity Try to see if your site is good enough to win the Golden Hub Cap Award. Just click the hub cap and your on your way to being famous. NAME THAT CAR! You think your smart when it comes to cars? Then why don't you try to Name that CAR ! See if your as smart as you think you are? LOL! We have an assortment of special events to tell you about, Why not check them out on the Special Events Page? Need to find something or someone? Search Geocities by using: The Avenues or several other types: Member Name Address or use the Site Index Why not set up a Virtual Office with Netopia! Need to get some answers from us about anything? Check out the Help Forums and Help Chats. To find specific help for each section try the Resource Page Need to get some buttons and graphics for your page? Then try HERE Important links File Manager Profile Editor Avenues Forums Chat It Up Search Geo Leaders Yahoo Automotive Neighborhoods Geomail MotorCity Main Page This many have surfed in! Sign Our Guestbook View Our Guestbook LINKS Meet Your Leaders Block Assignments Find Your Local Community Center Need a little help? Want to learn more about html? Want to become a Community Leader? Check out the Avenues How bout doing a little chatting? Check out the forums and see what's going on If you don't already have a site, why not join today? Need to do a little work on your site? Here's the tools you'll need Check out the Blueprint page to help you design your homestead Get more involved with Geocities, join the others who want to help Not sure what you can put on your site? Check out the Guidelines Want to be a Topic Master? Sign up today!",https://web.archive.org/web/19990218085942/http:/www.geocities.com:80/MotorCity/1000/sets/pithead.gif,34,16735,"MotorCity Pitstop

MotorCity Pitstop Welcome to the MotorCity PitStop Here you will find all things needed for designing and getting your pages out in the world wide web! You will find all the help you need from our Community Leader staff and links to all the places you will need to go to make your pages great! We have a great community here and I just know your gonna love your stay in MotorCity! Some of the cool stuff to see in MotorCity Try to see if your site is good enough to win the Golden Hub Cap Award. Just click the hub cap and your on your way to being famous. NAME THAT CAR! You think your smart when it comes to cars? Then why don't you try to Name that CAR ! See if your as smart as you think you are? LOL! We have an assortment of special events to tell you about, Why not check them out on the Special Events Page? Need to find something or someone? Search Geocities by using: The Avenues or several other types: Member Name Address or use the Site Index Why not set up a Virtual Office with Netopia! Need to get some answers from us about anything? Check out the Help Forums and Help Chats. To find specific help for each section try the Resource Page Need to get some buttons and graphics for your page? Then try HERE Important links File Manager Profile Editor Avenues Forums Chat It Up Search Geo Leaders Yahoo Automotive Neighborhoods Geomail MotorCity Main Page This many have surfed in! Sign Our Guestbook View Our Guestbook LINKS Meet Your Leaders Block Assignments Find Your Local Community Center Need a little help? Want to learn more about html? Want to become a Community Leader? Check out the Avenues How bout doing a little chatting? Check out the forums and see what's going on If you don't already have a site, why not join today? Need to do a little work on your site? Here's the tools you'll need Check out the Blueprint page to help you design your homestead Get more involved with Geocities, join the others who want to help Not sure what you can put on your site? Check out the Guidelines Want to be a Topic Master? Sign up today!"
geocities.com,19990221201341,http://www.geocities.com:80/MotorCity/1000/addbook.html,https://web.archive.org/web/19990221201341/http://www.geocities.com:80/MotorCity/1000/addbook.html,ADD Entry Page,ADD Entry Page Welcome to MotorCity! Please sign in for your Pit Pass! Name: URL: Email: Your Comments:,,0,1809,"ADD Entry Page

ADD Entry Page Welcome to MotorCity! Please sign in for your Pit Pass! Name: URL: Email: Your Comments:"
geocities.com,19990117022100,http://www.geocities.com:80/MotorCity/1000/blocks.html,https://web.archive.org/web/19990117022100/http://www.geocities.com:80/MotorCity/1000/blocks.html,New Page 4,New Page 4 MotorCity gives the individual Pit Crew members a specified block assignment in each suburb of the neighborhood. Check below to see who works your neck of the woods. MotorCity BLOCK ASSIGNMENTS MC blocks 1000-2799 Vacant MC blocks 2800-4599 Vacant MC blocks 4600-6399 Wrenchturner MC blocks 6400-8199 69corvette MC blocks 8200-9999 Vacant Downs BLOCK ASSIGNMENTS MC/D blocks 1000-2799 Rich MC/D blocks 2800-4599 Vacant MC/D blocks 4600-6399 Jefftheref MC/D blocks 6400-8199 Vacant MC/D blocks 8200-8999 Teri_b Track BLOCK ASSIGNMENTS MC/T blocks 1000-2499 ZZTOP MC/T blocks 2500-3999 Galant MC/T blocks 4800-5150 SWStyles Speedway BLOCK ASSIGNMENTS MC/S blocks 3000-4999 Fuzzbug MC/S blocks 7000-8999 Barbwyr MC/S blocks 9000-9999 Johnnie Lacy Garage BLOCK ASSIGNMENTS MC/G blocks 1000-1499 vacant MC/G blocks 1500-2999 Louis MC/G blocks 3000-4499 Pickemuptruck MC/G blocks 4500-5999 Judy MC/G Blocks 6000-7499 Troll Flats BLOCK ASSIGNMENTS MC/F blocks 1000-2500 Mechanixwife MC/F blocks 2500-4000 Ftwrthtx MC/F blocks 4000-5500 Nascarbabe Pit BLOCK ASSIGNMENTS MC/P blocks 1000-2500 Mr.Nascar MC/P blocks 2500-4001 Alero MC/P blocks 4001-5000 Dale03 Lane BLOCK ASSIGNMENTS MC/Lane 1000-2500 Crusah As more sites are added and more Community Leaders join us their block assignments will be added. Thank you for visiting the MotorCity Pit Crew Block Assignment page.,http://www.geocities.com/images/geoguideII/logo_w.gif,27,16750,"New Page 4

New Page 4 MotorCity gives the individual Pit Crew members a specified block assignment in each suburb of the neighborhood. Check below to see who works your neck of the woods. MotorCity BLOCK ASSIGNMENTS MC blocks 1000-2799 Vacant MC blocks 2800-4599 Vacant MC blocks 4600-6399 Wrenchturner MC blocks 6400-8199 69corvette MC blocks 8200-9999 Vacant Downs BLOCK ASSIGNMENTS MC/D blocks 1000-2799 Rich MC/D blocks 2800-4599 Vacant MC/D blocks 4600-6399 Jefftheref MC/D blocks 6400-8199 Vacant MC/D blocks 8200-8999 Teri_b Track BLOCK ASSIGNMENTS MC/T blocks 1000-2499 ZZTOP MC/T blocks 2500-3999 Galant MC/T blocks 4800-5150 SWStyles Speedway BLOCK ASSIGNMENTS MC/S blocks 3000-4999 Fuzzbug MC/S blocks 7000-8999 Barbwyr MC/S blocks 9000-9999 Johnnie Lacy Garage BLOCK ASSIGNMENTS MC/G blocks 1000-1499 vacant MC/G blocks 1500-2999 Louis MC/G blocks 3000-4499 Pickemuptruck MC/G blocks 4500-5999 Judy MC/G Blocks 6000-7499 Troll Flats BLOCK ASSIGNMENTS MC/F blocks 1000-2500 Mechanixwife MC/F blocks 2500-4000 Ftwrthtx MC/F blocks 4000-5500 Nascarbabe Pit BLOCK ASSIGNMENTS MC/P blocks 1000-2500 Mr.Nascar MC/P blocks 2500-4001 Alero MC/P blocks 4001-5000 Dale03 Lane BLOCK ASSIGNMENTS MC/Lane 1000-2500 Crusah As more sites are added and more Community Leaders join us their block assignments will be added. Thank you for visiting the MotorCity Pit Crew Block Assignment page."
geocities.com,19991013011903,http://geocities.com:80/MotorCity/1000/blocks.html,https://web.archive.org/web/19991013011903/http://geocities.com:80/MotorCity/1000/blocks.html,New Page 4,New Page 4 Info MotorCity gives the individual Pit Crew members a specified block assignment in each suburb of the neighborhood. Check below to see who works your neck of the woods. MotorCity BLOCK ASSIGNMENTS MC blocks 1000-2799 Vacant MC blocks 2800-4599 Vacant MC blocks 4600-6399 Wrenchturner MC blocks 6400-8199 69corvette MC blocks 8200-9999 Vacant Downs BLOCK ASSIGNMENTS MC/D blocks 1000-2799 Rich MC/D blocks 2800-4599 Vacant MC/D blocks 4600-6399 Jefftheref MC/D blocks 6400-8199 Vacant MC/D blocks 8200-8999 Teri_b Track BLOCK ASSIGNMENTS MC/T blocks 1000-2499 ZZTOP MC/T blocks 2500-3999 Galant MC/T blocks 4800-5150 SWStyles Speedway BLOCK ASSIGNMENTS MC/S blocks 3000-4999 Fuzzbug MC/S blocks 7000-8999 Barbwyr MC/S blocks 9000-9999 Johnnie Lacy Garage BLOCK ASSIGNMENTS MC/G blocks 1000-2999 Louis MC/G blocks 3000-4499 Pickemuptruck MC/G blocks 4500-5999 Judy MC/G Blocks 6000-7499 Troll MC/G Blocks 7500-9999 vacant Flats BLOCK ASSIGNMENTS MC/F blocks 1000-2500 Mechanixwife MC/F blocks 2500-4000 Ftwrthtx MC/F blocks 4000-5500 Nascarbabe Pit BLOCK ASSIGNMENTS MC/P blocks 1000-2500 Mr.Nascar MC/P blocks 2500-4001 Alero MC/P blocks 4001-5000 Dale03 Lane BLOCK ASSIGNMENTS MC/Lane 1000-2500 Crusah MC/Lane 2500-3999 Anton37 Shop BLOCK ASSIGNMENTS Factory BLOCK ASSIGNMENTS As more sites are added and more Community Leaders join us their block assignments will be added. Thank you for visiting the MotorCity Pit Crew Block Assignment page.,http://pic.geocities.com/images/mbe/mbe000000.gif,19,15019,"New Page 4

New Page 4 Info MotorCity gives the individual Pit Crew members a specified block assignment in each suburb of the neighborhood. Check below to see who works your neck of the woods. MotorCity BLOCK ASSIGNMENTS MC blocks 1000-2799 Vacant MC blocks 2800-4599 Vacant MC blocks 4600-6399 Wrenchturner MC blocks 6400-8199 69corvette MC blocks 8200-9999 Vacant Downs BLOCK ASSIGNMENTS MC/D blocks 1000-2799 Rich MC/D blocks 2800-4599 Vacant MC/D blocks 4600-6399 Jefftheref MC/D blocks 6400-8199 Vacant MC/D blocks 8200-8999 Teri_b Track BLOCK ASSIGNMENTS MC/T blocks 1000-2499 ZZTOP MC/T blocks 2500-3999 Galant MC/T blocks 4800-5150 SWStyles Speedway BLOCK ASSIGNMENTS MC/S blocks 3000-4999 Fuzzbug MC/S blocks 7000-8999 Barbwyr MC/S blocks 9000-9999 Johnnie Lacy Garage BLOCK ASSIGNMENTS MC/G blocks 1000-2999 Louis MC/G blocks 3000-4499 Pickemuptruck MC/G blocks 4500-5999 Judy MC/G Blocks 6000-7499 Troll MC/G Blocks 7500-9999 vacant Flats BLOCK ASSIGNMENTS MC/F blocks 1000-2500 Mechanixwife MC/F blocks 2500-4000 Ftwrthtx MC/F blocks 4000-5500 Nascarbabe Pit BLOCK ASSIGNMENTS MC/P blocks 1000-2500 Mr.Nascar MC/P blocks 2500-4001 Alero MC/P blocks 4001-5000 Dale03 Lane BLOCK ASSIGNMENTS MC/Lane 1000-2500 Crusah MC/Lane 2500-3999 Anton37 Shop BLOCK ASSIGNMENTS Factory BLOCK ASSIGNMENTS As more sites are added and more Community Leaders join us their block assignments will be added. Thank you for visiting the MotorCity Pit Crew Block Assignment page."
geocities.com,19991014000724,http://www.geocities.com:80/MotorCity/1000/buschsch.html,https://web.archive.org/web/19991014000724/http://www.geocities.com:80/MotorCity/1000/buschsch.html,Busch Grand Nationals,"Busch Grand Nationals Info NASCAR's Busch Grand Nationals Series 1998 Schedule and Updates Abreviations for Channel Listings: MRN MRN Radio TNN The Nashville Network PRN Performance Radio Network TBS Superstation IMS Indianapolis Motor Speedway Network ABC American Broadcasting Network CBS Columbia Broadcasting System ESPN Entertainment & Sports Programming Network UPDATES: June 5 1998 -Hardee's 250, Richmond Int'l Speedway Jeff Burton slipped by Dale Earnhardt Jr. and went on to win his seventh career Busch Grand National Division race. The race was close all the way and Burton had to fight hard to get the win. Matt Kenseth finished third and gained several points on series points leader Mike McLaughlin who retired early due to mechanical problems. Rounding out the top five were Wayne Grubb and Mark Martin. The next event is the Pikes Peak 250 at Pikes Peak International Raceway on Sunday June 14, 1998. Start time is 3:30pm est on ESPN. For more information visit NASCAR On-Line R A C E S C H E D U L E (all times Eastern) February Date Race Venue Radio TV Time 21 GM Goodwrench Service 200 North Carolina Motor Speedway MRN TNN 1 p.m. 28 Sam's Town 300 Las Vegas Motor Speedway MRN ESPN 4 p.m. March Date Race Venue Radio TV Time 7 Stihl 300 Atlanta Motor Speedway PRN ESPN2 2 p.m. 15 BellSouth/Opryland 320 Nashville Speedway USA MRN TNN 2 p.m. 21 Diamond Hill Plywood 200 Darlington Raceway MRN *ESPN 1 p.m. 28 Moore's Snacks 250 Bristol Motor Speedway PRN ESPN 2 p.m. April Date Race Venue Radio TV Time 4 Coca-Cola 300 Texas Motor Speedway PRN CBS 2 p.m. 11 Galaxy Foods 300 Hickory Motor Speedway MRN TNN 4 p.m. 25 Talladega 300 Talledega Speedway MRN ESPN 1 p.m. May Date Race Venue Radio TV Time 9 New Hampshire 200 New Hampshire Int'l Speedway MRN TNN 1:30 p.m. 17 CoreStates 200 Nazareth Speedway MRN ESPN 1 p.m. 23 CarQuest Auto Parts 300 Charlotte Motor Speedway PRN TBS 1 p.m. 30 MBNA Platinum 200 Dover Downs Int'l Speedway MRN TNN 1 p.m. June Date Race Venue Radio TV Time 5 Hardee's 250 Richmond Int'l Raceway MRN ESPN2 7:30 p.m. 14 Pikes Peak 250 Pikes Peak Int'l Raceway MRN ESPN 3:30 p.m. 28 Lysol 200 Watkins Glen International MRN ESPN 1 p.m. July Race Venue Radio TV Time 5 DieHard 250 The Milwaukee Mile MRN TNN 1 p.m. 11 Myrtle Beach 250 Myrtle Beach Speedway MRN TNN TBA 19 Kenwood 300 California Speedway MRN ESPN 4 p.m. 25 South Boston 300 South Boston Speedway MRN TNN 7 p.m. 31 Kroger NASCAR 200 Indianapolis Raceway Park MRN ESPN TBA August Date Race Venue Radio TV Time 15 Pepsi 200 Michigan Speedway MRN ESPN 12 p.m. 21 Food City 250 Bristol Motor Speedway PRN ESPN 7:30 p.m. September Date Race Venue Radio TV Time 5 Dura Lube 200 Michigan Speedway MRN *ESPN 1 p.m. 11 AutoLite Platinum 250 Richmond Int'l Raceway MRN ESPN 7:30 p.m. 19 MBNA Gold 200 Dover Downs Int'l Speedway MRN TNN 1 p.m. October Date Race Venue Radio TV Time 3 All Pro Bumper to Bumper 300 Charlotte Motor Speedway PRN TBS 1 p.m. 17 Carquest Auto Parts 250 Gateway Int'l Raceway MR",http://pic.geocities.com/images/mbe/mbe000000.gif,5,28658,"Busch Grand Nationals

Busch Grand Nationals Info NASCAR's Busch Grand Nationals Series 1998 Schedule and Updates Abreviations for Channel Listings: MRN MRN Radio TNN The Nashville Network PRN Performance Radio Network TBS Superstation IMS Indianapolis Motor Speedway Network ABC American Broadcasting Network CBS Columbia Broadcasting System ESPN Entertainment & Sports Programming Network UPDATES: June 5 1998 -Hardee's 250, Richmond Int'l Speedway Jeff Burton slipped by Dale Earnhardt Jr. and went on to win his seventh career Busch Grand National Division race. The race was close all the way and Burton had to fight hard to get the win. Matt Kenseth finished third and gained several points on series points leader Mike McLaughlin who retired early due to mechanical problems. Rounding out the top five were Wayne Grubb and Mark Martin. The next event is the Pikes Peak 250 at Pikes Peak International Raceway on Sunday June 14, 1998. Start time is 3:30pm est on ESPN. For more information visit NASCAR On-Line R A C E S C H E D U L E (all times Eastern) February Date Race Venue Radio TV Time 21 GM Goodwrench Service 200 North Carolina Motor Speedway MRN TNN 1 p.m. 28 Sam's Town 300 Las Vegas Motor Speedway MRN ESPN 4 p.m. March Date Race Venue Radio TV Time 7 Stihl 300 Atlanta Motor Speedway PRN ESPN2 2 p.m. 15 BellSouth/Opryland 320 Nashville Speedway USA MRN TNN 2 p.m. 21 Diamond Hill Plywood 200 Darlington Raceway MRN *ESPN 1 p.m. 28 Moore's Snacks 250 Bristol Motor Speedway PRN ESPN 2 p.m. April Date Race Venue Radio TV Time 4 Coca-Cola 300 Texas Motor Speedway PRN CBS 2 p.m. 11 Galaxy Foods 300 Hickory Motor Speedway MRN TNN 4 p.m. 25 Talladega 300 Talledega Speedway MRN ESPN 1 p.m. May Date Race Venue Radio TV Time 9 New Hampshire 200 New Hampshire Int'l Speedway MRN TNN 1:30 p.m. 17 CoreStates 200 Nazareth Speedway MRN ESPN 1 p.m. 23 CarQuest Auto Parts 300 Charlotte Motor Speedway PRN TBS 1 p.m. 30 MBNA Platinum 200 Dover Downs Int'l Speedway MRN TNN 1 p.m. June Date Race Venue Radio TV Time 5 Hardee's 250 Richmond Int'l Raceway MRN ESPN2 7:30 p.m. 14 Pikes Peak 250 Pikes Peak Int'l Raceway MRN ESPN 3:30 p.m. 28 Lysol 200 Watkins Glen International MRN ESPN 1 p.m. July Race Venue Radio TV Time 5 DieHard 250 The Milwaukee Mile MRN TNN 1 p.m. 11 Myrtle Beach 250 Myrtle Beach Speedway MRN TNN TBA 19 Kenwood 300 California Speedway MRN ESPN 4 p.m. 25 South Boston 300 South Boston Speedway MRN TNN 7 p.m. 31 Kroger NASCAR 200 Indianapolis Raceway Park MRN ESPN TBA August Date Race Venue Radio TV Time 15 Pepsi 200 Michigan Speedway MRN ESPN 12 p.m. 21 Food City 250 Bristol Motor Speedway PRN ESPN 7:30 p.m. September Date Race Venue Radio TV Time 5 Dura Lube 200 Michigan Speedway MRN *ESPN 1 p.m. 11 AutoLite Platinum 250 Richmond Int'l Raceway MRN ESPN 7:30 p.m. 19 MBNA Gold 200 Dover Downs Int'l Speedway MRN TNN 1 p.m. October Date Race Venue Radio TV Time 3 All Pro Bumper to Bumper 300 Charlotte Motor Speedway PRN TBS 1 p.m. 17 Carquest Auto Parts 250 Gateway Int'l Raceway MR"
geocities.com,19991014005034,http://www.geocities.com:80/MotorCity/1000/carshow/,https://web.archive.org/web/19991014005034/http://www.geocities.com:80/MotorCity/1000/carshow/,MotorCity Virtual Car Shows,"MotorCity Virtual Car Shows Info The MotorCity Virtual Car Shows Brought to you by your MotorCity community leaders! Geocities' MotorCity neighborhood community leaders host a virtual car show approximately annually. Keep an eye on this page, MotorCity's community center - the MotorCity Pit Stop , or MotorCity's e-zine, MotorCity News for updates on future shows. The 1997 show hosted by Froggy . The 1998 show hosted by Judy Weimer . MotorCity's community center, the MotorCity Pit Stop MotorCity's e-zine, MotorCity News [ Prev 5 | Prev | Next | Next 5 Sites | Random | List ]",http://pic.geocities.com/images/mbe/mbe000000.gif,6,3948,"MotorCity Virtual Car Shows

MotorCity Virtual Car Shows Info The MotorCity Virtual Car Shows Brought to you by your MotorCity community leaders! Geocities' MotorCity neighborhood community leaders host a virtual car show approximately annually. Keep an eye on this page, MotorCity's community center - the MotorCity Pit Stop , or MotorCity's e-zine, MotorCity News for updates on future shows. The 1997 show hosted by Froggy . The 1998 show hosted by Judy Weimer . MotorCity's community center, the MotorCity Pit Stop MotorCity's e-zine, MotorCity News [ Prev 5 | Prev | Next | Next 5 Sites | Random | List ]"
geocities.com,20021122182615,http://www.geocities.com:80/MotorCity/1000/carshow/1998/,https://web.archive.org/web/20021122182615/http://www.geocities.com:80/MotorCity/1000/carshow/1998/,MotorCity 2nd Virtual Car Show Results,"MotorCity 2nd Virtual Car Show Results The MotorCity 2nd Virtual Car Show Thank you to all of the following who entered into the show, and to the voters who submitted in excess of 500 ballots during September 1998. All participants should have received their dash plaques, and those who placed in their class, their awards, by e-mail. If you haven't received yours, please contact the show coordinator . Lowrider or Minitruck First Place: South West Styles Lowrider Homepage Second Place: True Eminence Lowrider Club Third Place: Ryan's Lowridin' Homepage Sites of Owner Operated Racing Vehicles or Teams First Place: Robel Racing Team Second Place: Brown ""Bandit"" Racing Third Place Tie: Slack Jaw Racing Ken's Racing Page Other participants in no particular order: Dave's Garage Scamp360 Racing Fans & Enthusiasts Sites First Place: Tech Racer's Track Second Place: Camile's F1 and CART Racing pages Third Place Tie: Daleluvers Earnhardt Page Chevy Lovin' Tope's Other participants in no particular order: #24 All The Way's Jeff Gordon Home Page Pit Road Kristian's Ferrari Page The Track Cool's Jeff Gordon Fan Page Geocitycraze's Homepage Fullsize or 4x4 Truck or Sport Utility, Off-Road Vehicle First Place: Moparman's Homepage Second Place: SDSU Mini Baja Third Place: Welcome To Grinchville Other participants in no particular order: Klee's Car Audio Exotic Car First Place Tie: Amazing Car Design Dodge Viper Site Second Place: McLaren F1 and other sports cars with tons of Midi's Third Place: Viva DeLorean Other participants in no particular order: Arqum Stas's Porsche Page Ferraristi Motorcycle First Place: Softail's Homepage Second Place: Ben's Homepage Third Place: Motorcycles & You & Me-Travel Tips & Photos Other participants in no particular order: The Rats Nest Cars-1970+ First Place: The Sterling Online Second Place: Eric's Limited Edition MX-3 GS Third Place: BenzFreak's Website Other participants in no particular order: Home Page Of Import Cars Classic & Antique Cars & Trucks Pre-1969 First Place: Bringing Back the 50's Second Place: My '67 Chevelle Super Sport Third Place: Phil Seed's Virtual Motor Museum Other participants in no particular order: 2BAV8 Racing page Sam's 1968 Mustang Home Page The 1967 - 1972 Chevy/GMC Trucks Info Page Jaguar XKE Shoe's 64 Street Rods & Hot Rods First Place: Street Rod Showroom Second Place: Hot Rods to Go! Third Place: Steve Hofbauer's Probe GT Page Muscle Cars 1960s & 1970s First Place: Bruce Weimer's 1973 Mustang Mach I Second Place: Chevrolet Super Sports Third Place: Crusah's Mustang Page Other participants in no particular order: Linda B's Boss Page Scott's '76 Nova SS Second Generation Pontiac Firebird Donlyn's Mopar Dale's & Lynda's 1967 Chevelle SS 396 Muscle Cars 1980s & 1990s First Place: When the Windtunnel Speaks... Second Place: Horsepower Down Under Third Place: Mustang SVO Other participants in no particular order: Clay's Mustang Page Mr. Autos Page Mark & Leslie Hueffmans' Buick GN HAS_TA's Pit Stop Za",https://web.archive.org/web/20021122182615/http:/www.geocities.com:80/MotorCity/1000/carshow/1998/cshow.gif,6,13237,"MotorCity 2nd Virtual Car Show Results

MotorCity 2nd Virtual Car Show Results The MotorCity 2nd Virtual Car Show Thank you to all of the following who entered into the show, and to the voters who submitted in excess of 500 ballots during September 1998. All participants should have received their dash plaques, and those who placed in their class, their awards, by e-mail. If you haven't received yours, please contact the show coordinator . Lowrider or Minitruck First Place: South West Styles Lowrider Homepage Second Place: True Eminence Lowrider Club Third Place: Ryan's Lowridin' Homepage Sites of Owner Operated Racing Vehicles or Teams First Place: Robel Racing Team Second Place: Brown ""Bandit"" Racing Third Place Tie: Slack Jaw Racing Ken's Racing Page Other participants in no particular order: Dave's Garage Scamp360 Racing Fans & Enthusiasts Sites First Place: Tech Racer's Track Second Place: Camile's F1 and CART Racing pages Third Place Tie: Daleluvers Earnhardt Page Chevy Lovin' Tope's Other participants in no particular order: #24 All The Way's Jeff Gordon Home Page Pit Road Kristian's Ferrari Page The Track Cool's Jeff Gordon Fan Page Geocitycraze's Homepage Fullsize or 4x4 Truck or Sport Utility, Off-Road Vehicle First Place: Moparman's Homepage Second Place: SDSU Mini Baja Third Place: Welcome To Grinchville Other participants in no particular order: Klee's Car Audio Exotic Car First Place Tie: Amazing Car Design Dodge Viper Site Second Place: McLaren F1 and other sports cars with tons of Midi's Third Place: Viva DeLorean Other participants in no particular order: Arqum Stas's Porsche Page Ferraristi Motorcycle First Place: Softail's Homepage Second Place: Ben's Homepage Third Place: Motorcycles & You & Me-Travel Tips & Photos Other participants in no particular order: The Rats Nest Cars-1970+ First Place: The Sterling Online Second Place: Eric's Limited Edition MX-3 GS Third Place: BenzFreak's Website Other participants in no particular order: Home Page Of Import Cars Classic & Antique Cars & Trucks Pre-1969 First Place: Bringing Back the 50's Second Place: My '67 Chevelle Super Sport Third Place: Phil Seed's Virtual Motor Museum Other participants in no particular order: 2BAV8 Racing page Sam's 1968 Mustang Home Page The 1967 - 1972 Chevy/GMC Trucks Info Page Jaguar XKE Shoe's 64 Street Rods & Hot Rods First Place: Street Rod Showroom Second Place: Hot Rods to Go! Third Place: Steve Hofbauer's Probe GT Page Muscle Cars 1960s & 1970s First Place: Bruce Weimer's 1973 Mustang Mach I Second Place: Chevrolet Super Sports Third Place: Crusah's Mustang Page Other participants in no particular order: Linda B's Boss Page Scott's '76 Nova SS Second Generation Pontiac Firebird Donlyn's Mopar Dale's & Lynda's 1967 Chevelle SS 396 Muscle Cars 1980s & 1990s First Place: When the Windtunnel Speaks... Second Place: Horsepower Down Under Third Place: Mustang SVO Other participants in no particular order: Clay's Mustang Page Mr. Autos Page Mark & Leslie Hueffmans' Buick GN HAS_TA's Pit Stop Za"
geocities.com,20000305175543,http://www.geocities.com:80/MotorCity/1000/carshow/1998/index.html,https://web.archive.org/web/20000305175543/http://www.geocities.com:80/MotorCity/1000/carshow/1998/index.html,MotorCity 2nd Virtual Car Show Results,"MotorCity 2nd Virtual Car Show Results Info The MotorCity 2nd Virtual Car Show Thank you to all of the following who entered into the show, and to the voters who submitted in excess of 500 ballots during September 1998. All participants should have received their dash plaques, and those who placed in their class, their awards, by e-mail. If you haven't received yours, please contact the show coordinator . Lowrider or Minitruck First Place: South West Styles Lowrider Homepage Second Place: True Eminence Lowrider Club Third Place: Ryan's Lowridin' Homepage Sites of Owner Operated Racing Vehicles or Teams First Place: Robel Racing Team Second Place: Brown ""Bandit"" Racing Third Place Tie: Slack Jaw Racing Ken's Racing Page Other participants in no particular order: Dave's Garage Scamp360 Racing Fans & Enthusiasts Sites First Place: Tech Racer's Track Second Place: Camile's F1 and CART Racing pages Third Place Tie: Daleluvers Earnhardt Page Chevy Lovin' Tope's Other participants in no particular order: #24 All The Way's Jeff Gordon Home Page Pit Road Kristian's Ferrari Page The Track Cool's Jeff Gordon Fan Page Geocitycraze's Homepage Fullsize or 4x4 Truck or Sport Utility, Off-Road Vehicle First Place: Moparman's Homepage Second Place: SDSU Mini Baja Third Place: Welcome To Grinchville Other participants in no particular order: Klee's Car Audio Exotic Car First Place Tie: Amazing Car Design Dodge Viper Site Second Place: McLaren F1 and other sports cars with tons of Midi's Third Place: Viva DeLorean Other participants in no particular order: Arqum Stas's Porsche Page Ferraristi Motorcycle First Place: Softail's Homepage Second Place: Ben's Homepage Third Place: Motorcycles & You & Me-Travel Tips & Photos Other participants in no particular order: The Rats Nest Cars-1970+ First Place: The Sterling Online Second Place: Eric's Limited Edition MX-3 GS Third Place: BenzFreak's Website Other participants in no particular order: Home Page Of Import Cars Classic & Antique Cars & Trucks Pre-1969 First Place: Bringing Back the 50's Second Place: My '67 Chevelle Super Sport Third Place: Phil Seed's Virtual Motor Museum Other participants in no particular order: 2BAV8 Racing page Sam's 1968 Mustang Home Page The 1967 - 1972 Chevy/GMC Trucks Info Page Jaguar XKE Shoe's 64 Street Rods & Hot Rods First Place: Street Rod Showroom Second Place: Hot Rods to Go! Third Place: Steve Hofbauer's Probe GT Page Muscle Cars 1960s & 1970s First Place: Bruce Weimer's 1973 Mustang Mach I Second Place: Chevrolet Super Sports Third Place: Crusah's Mustang Page Other participants in no particular order: Linda B's Boss Page Scott's '76 Nova SS Second Generation Pontiac Firebird Donlyn's Mopar Dale's & Lynda's 1967 Chevelle SS 396 Muscle Cars 1980s & 1990s First Place: When the Windtunnel Speaks... Second Place: Horsepower Down Under Third Place: Mustang SVO Other participants in no particular order: Clay's Mustang Page Mr. Autos Page Mark & Leslie Hueffmans' Buick GN HAS_TA's Pit St",http://pic.geocities.com/images/mbe/mbe000000.gif,7,13825,"MotorCity 2nd Virtual Car Show Results

MotorCity 2nd Virtual Car Show Results Info The MotorCity 2nd Virtual Car Show Thank you to all of the following who entered into the show, and to the voters who submitted in excess of 500 ballots during September 1998. All participants should have received their dash plaques, and those who placed in their class, their awards, by e-mail. If you haven't received yours, please contact the show coordinator . Lowrider or Minitruck First Place: South West Styles Lowrider Homepage Second Place: True Eminence Lowrider Club Third Place: Ryan's Lowridin' Homepage Sites of Owner Operated Racing Vehicles or Teams First Place: Robel Racing Team Second Place: Brown ""Bandit"" Racing Third Place Tie: Slack Jaw Racing Ken's Racing Page Other participants in no particular order: Dave's Garage Scamp360 Racing Fans & Enthusiasts Sites First Place: Tech Racer's Track Second Place: Camile's F1 and CART Racing pages Third Place Tie: Daleluvers Earnhardt Page Chevy Lovin' Tope's Other participants in no particular order: #24 All The Way's Jeff Gordon Home Page Pit Road Kristian's Ferrari Page The Track Cool's Jeff Gordon Fan Page Geocitycraze's Homepage Fullsize or 4x4 Truck or Sport Utility, Off-Road Vehicle First Place: Moparman's Homepage Second Place: SDSU Mini Baja Third Place: Welcome To Grinchville Other participants in no particular order: Klee's Car Audio Exotic Car First Place Tie: Amazing Car Design Dodge Viper Site Second Place: McLaren F1 and other sports cars with tons of Midi's Third Place: Viva DeLorean Other participants in no particular order: Arqum Stas's Porsche Page Ferraristi Motorcycle First Place: Softail's Homepage Second Place: Ben's Homepage Third Place: Motorcycles & You & Me-Travel Tips & Photos Other participants in no particular order: The Rats Nest Cars-1970+ First Place: The Sterling Online Second Place: Eric's Limited Edition MX-3 GS Third Place: BenzFreak's Website Other participants in no particular order: Home Page Of Import Cars Classic & Antique Cars & Trucks Pre-1969 First Place: Bringing Back the 50's Second Place: My '67 Chevelle Super Sport Third Place: Phil Seed's Virtual Motor Museum Other participants in no particular order: 2BAV8 Racing page Sam's 1968 Mustang Home Page The 1967 - 1972 Chevy/GMC Trucks Info Page Jaguar XKE Shoe's 64 Street Rods & Hot Rods First Place: Street Rod Showroom Second Place: Hot Rods to Go! Third Place: Steve Hofbauer's Probe GT Page Muscle Cars 1960s & 1970s First Place: Bruce Weimer's 1973 Mustang Mach I Second Place: Chevrolet Super Sports Third Place: Crusah's Mustang Page Other participants in no particular order: Linda B's Boss Page Scott's '76 Nova SS Second Generation Pontiac Firebird Donlyn's Mopar Dale's & Lynda's 1967 Chevelle SS 396 Muscle Cars 1980s & 1990s First Place: When the Windtunnel Speaks... Second Place: Horsepower Down Under Third Place: Mustang SVO Other participants in no particular order: Clay's Mustang Page Mr. Autos Page Mark & Leslie Hueffmans' Buick GN HAS_TA's Pit St"
geocities.com,19990830013416,http://www.geocities.com:80/MotorCity/1000/carshow/index.html,https://web.archive.org/web/19990830013416/http://www.geocities.com:80/MotorCity/1000/carshow/index.html,MotorCity Virtual Car Shows,"MotorCity Virtual Car Shows The MotorCity Virtual Car Shows Brought to you by your MotorCity community leaders! Geocities' MotorCity neighborhood community leaders host a virtual car show approximately annually. Keep an eye on this page, MotorCity's community center - the MotorCity Pit Stop , or MotorCity's e-zine, MotorCity News for updates on future shows. The 1997 show hosted by Froggy . The 1998 show hosted by Judy Weimer . MotorCity's community center, the MotorCity Pit Stop MotorCity's e-zine, MotorCity News [ Prev 5 | Prev | Next | Next 5 Sites | Random | List ]",http://a372.g.akamaitech.net/6/372/27/000/pic.geocities.com/images/geoguideII/logo_w.gif,17,6819,"MotorCity Virtual Car Shows

MotorCity Virtual Car Shows The MotorCity Virtual Car Shows Brought to you by your MotorCity community leaders! Geocities' MotorCity neighborhood community leaders host a virtual car show approximately annually. Keep an eye on this page, MotorCity's community center - the MotorCity Pit Stop , or MotorCity's e-zine, MotorCity News for updates on future shows. The 1997 show hosted by Froggy . The 1998 show hosted by Judy Weimer . MotorCity's community center, the MotorCity Pit Stop MotorCity's e-zine, MotorCity News [ Prev 5 | Prev | Next | Next 5 Sites | Random | List ]"
geocities.com,19990222030546,http://www.geocities.com:80/MotorCity/1000/ccenters.html,https://web.archive.org/web/19990222030546/http://www.geocities.com:80/MotorCity/1000/ccenters.html,community center page,"community center page WELCOME TO THE COMMUNITY CENTER PAGE Find your suburb Community Center and Community Leader for your site! The MotorCity site as you know is the Pit Stop. The Community Center for Downs. The Community Center for Speedway. The Community Center for Garage. If you think your site is special, then why not apply for the MotorCity Golden Hub Cap Award today! Or just find out who has a great site!",http://www.geocities.com/images/geoguideII/logo_w.gif,17,6025,"community center page

community center page WELCOME TO THE COMMUNITY CENTER PAGE Find your suburb Community Center and Community Leader for your site! The MotorCity site as you know is the Pit Stop. The Community Center for Downs. The Community Center for Speedway. The Community Center for Garage. If you think your site is special, then why not apply for the MotorCity Golden Hub Cap Award today! Or just find out who has a great site!"
geocities.com,20000305091337,http://www.geocities.com:80/MotorCIty/1000/ccenters.html,https://web.archive.org/web/20000305091337/http://www.geocities.com:80/MotorCIty/1000/ccenters.html,community center page,"community center page Info WELCOME TO THE COMMUNITY CENTER PAGE Find your suburb Community Center and Community Leader for your site! The MotorCity site as you know is the Pit Stop. The Community Center for Downs. The Community Center for Speedway. The Community Center for Garage. If you think your site is special, then why not apply for the MotorCity Golden Hub Cap Award today! Or just find out who has a great site!",http://pic.geocities.com/images/mbe/mbe000000.gif,7,4189,"community center page

community center page Info WELCOME TO THE COMMUNITY CENTER PAGE Find your suburb Community Center and Community Leader for your site! The MotorCity site as you know is the Pit Stop. The Community Center for Downs. The Community Center for Speedway. The Community Center for Garage. If you think your site is special, then why not apply for the MotorCity Golden Hub Cap Award today! Or just find out who has a great site!"
geocities.com,19990127145906,http://www18.geocities.com:80/Petsburgh/,https://web.archive.org/web/19990127145906/http://www18.geocities.com:80/Petsburgh/,GeoCities - Petsburgh,"GeoCities - Petsburgh Up to 40% off related books from Amazon.com Visit Surplus Auction Build your own Valentine's CD @ CDnow Save Now! 3.9% eCard Visa Other Neighborhoods Great GeoShops Get a Virtual Office Explore The Suburbs: Choose a suburb Petsburgh Farm Yahoo: Pets Search: GeoCities Petsburgh Password: Kids & the Internet Home Help Info • Family • Home & Living Join This Neighborhood today! It's Free. Hood Happenings Petsburgh Chat | Petsburgh Forum Whether Cupid shot an arrow through your heart or ripped it out and stepped on it, we want to hear about your most memorable Valentine's Day . Surf the Net with Networds - Create Free Networds for every GeoCities and Internet location you visit. They will be available instantly to everyone on the Net. Use Networds and share them with others. Would you like to get involved in our brand new community? We're actively recruiting Community Leaders to help homesteaders and participate in awards committees, chat, forums and more! Visit our application page today. Getting Involved Community Leaders If you need GeoCities help or want to get more involved in your neighborhood, these are the people to ask. Blueprint We've created a zine to help you build better home pages. Check in every month for lots of tips and tricks! Landmark Sites Places to stop when you're surfing that info superhighway known as GeoCities. Landmarks are sites we consider the best of the best. [Join] [Help] [Info] [Home] [Avenues] [Neighborhoods] [Members] [Shopping Center] [Search] © 1995 - 1999 GeoCities. All rights reserved",http://pic.geocities.com/images/neighborhoods/geologo_neighborhood.gif,18,14108,"GeoCities - Petsburgh

GeoCities - Petsburgh Up to 40% off related books from Amazon.com Visit Surplus Auction Build your own Valentine's CD @ CDnow Save Now! 3.9% eCard Visa Other Neighborhoods Great GeoShops Get a Virtual Office Explore The Suburbs: Choose a suburb Petsburgh Farm Yahoo: Pets Search: GeoCities Petsburgh Password: Kids & the Internet Home Help Info • Family • Home & Living Join This Neighborhood today! It's Free. Hood Happenings Petsburgh Chat | Petsburgh Forum Whether Cupid shot an arrow through your heart or ripped it out and stepped on it, we want to hear about your most memorable Valentine's Day . Surf the Net with Networds - Create Free Networds for every GeoCities and Internet location you visit. They will be available instantly to everyone on the Net. Use Networds and share them with others. Would you like to get involved in our brand new community? We're actively recruiting Community Leaders to help homesteaders and participate in awards committees, chat, forums and more! Visit our application page today. Getting Involved Community Leaders If you need GeoCities help or want to get more involved in your neighborhood, these are the people to ask. Blueprint We've created a zine to help you build better home pages. Check in every month for lots of tips and tricks! Landmark Sites Places to stop when you're surfing that info superhighway known as GeoCities. Landmarks are sites we consider the best of the best. [Join] [Help] [Info] [Home] [Avenues] [Neighborhoods] [Members] [Shopping Center] [Search] © 1995 - 1999 GeoCities. All rights reserved"
geocities.com,19990128140132,http://www19.geocities.com:80/Petsburgh/,https://web.archive.org/web/19990128140132/http://www19.geocities.com:80/Petsburgh/,GeoCities - Petsburgh,"GeoCities - Petsburgh Visit Surplus Auction Build your own Valentine's CD @ CDnow Save Now! 3.9% eCard Visa Up to 40% off related books from Amazon.com Other Neighborhoods Great GeoShops Get a Virtual Office Explore The Suburbs: Choose a suburb Petsburgh Farm Yahoo: Pets Search: GeoCities Petsburgh Password: Kids & the Internet Home Help Info • Family • Home & Living Join This Neighborhood today! It's Free. Hood Happenings Petsburgh Chat | Petsburgh Forum Whether Cupid shot an arrow through your heart or ripped it out and stepped on it, we want to hear about your most memorable Valentine's Day . Surf the Net with Networds - Create Free Networds for every GeoCities and Internet location you visit. They will be available instantly to everyone on the Net. Use Networds and share them with others. Do you want help making your site the best it can be? Our Critique and Review team will help you get there! Getting Involved Community Leaders If you need GeoCities help or want to get more involved in your neighborhood, these are the people to ask. Blueprint We've created a zine to help you build better home pages. Check in every month for lots of tips and tricks! Landmark Sites Places to stop when you're surfing that info superhighway known as GeoCities. Landmarks are sites we consider the best of the best. [Join] [Help] [Info] [Home] [Avenues] [Neighborhoods] [Members] [Shopping Center] [Search] © 1995 - 1999 GeoCities. All rights reserved",http://pic.geocities.com/images/neighborhoods/geologo_neighborhood.gif,18,13983,"GeoCities - Petsburgh

GeoCities - Petsburgh Visit Surplus Auction Build your own Valentine's CD @ CDnow Save Now! 3.9% eCard Visa Up to 40% off related books from Amazon.com Other Neighborhoods Great GeoShops Get a Virtual Office Explore The Suburbs: Choose a suburb Petsburgh Farm Yahoo: Pets Search: GeoCities Petsburgh Password: Kids & the Internet Home Help Info • Family • Home & Living Join This Neighborhood today! It's Free. Hood Happenings Petsburgh Chat | Petsburgh Forum Whether Cupid shot an arrow through your heart or ripped it out and stepped on it, we want to hear about your most memorable Valentine's Day . Surf the Net with Networds - Create Free Networds for every GeoCities and Internet location you visit. They will be available instantly to everyone on the Net. Use Networds and share them with others. Do you want help making your site the best it can be? Our Critique and Review team will help you get there! Getting Involved Community Leaders If you need GeoCities help or want to get more involved in your neighborhood, these are the people to ask. Blueprint We've created a zine to help you build better home pages. Check in every month for lots of tips and tricks! Landmark Sites Places to stop when you're surfing that info superhighway known as GeoCities. Landmarks are sites we consider the best of the best. [Join] [Help] [Info] [Home] [Avenues] [Neighborhoods] [Members] [Shopping Center] [Search] © 1995 - 1999 GeoCities. All rights reserved"
geocities.com,19990203023314,http://www8.geocities.com:80/Petsburgh/,https://web.archive.org/web/19990203023314/http://www8.geocities.com:80/Petsburgh/,GeoCities - Petsburgh,"GeoCities - Petsburgh Up to 40% off related books from Amazon.com Visit Surplus Auction $5.00 off for Music Lovers@ CDnow Save Now! 3.9% eCard Visa Other Neighborhoods Great GeoShops Get a Virtual Office Explore The Suburbs: Choose a suburb Petsburgh Farm Zoo Yahoo: Pets Search: GeoCities Petsburgh Password: Kids & the Internet Home Help Info • Family • Home & Living Join This Neighborhood today! It's Free. Hood Happenings Petsburgh Chat | Petsburgh Forum Celebrate Valentine's Day with GeoCities! You can send your sweetie a card, take our Trivial Trivia Quiz or see what's going on in other Neighborhoods at Lovers Lane ! Surf the Net with Networds - Create Free Networds for every GeoCities and Internet location you visit. They will be available instantly to everyone on the Net. Use Networds and share them with others. Are you a Petsburgh resident, new to HTML and having trouble? Don't lose hope! Our Angels can help you! Getting Involved Community Leaders If you need GeoCities help or want to get more involved in your neighborhood, these are the people to ask. Blueprint We've created a zine to help you build better home pages. Check in every month for lots of tips and tricks! Landmark Sites Places to stop when you're surfing that info superhighway known as GeoCities. Landmarks are sites we consider the best of the best. [Join] [Help] [Info] [Home] [Avenues] [Neighborhoods] [Members] [Shopping Center] [Search] © 1995 - 1999 GeoCities. All rights reserved",http://pic.geocities.com/images/neighborhoods/geologo_neighborhood.gif,18,14035,"GeoCities - Petsburgh

GeoCities - Petsburgh Up to 40% off related books from Amazon.com Visit Surplus Auction $5.00 off for Music Lovers@ CDnow Save Now! 3.9% eCard Visa Other Neighborhoods Great GeoShops Get a Virtual Office Explore The Suburbs: Choose a suburb Petsburgh Farm Zoo Yahoo: Pets Search: GeoCities Petsburgh Password: Kids & the Internet Home Help Info • Family • Home & Living Join This Neighborhood today! It's Free. Hood Happenings Petsburgh Chat | Petsburgh Forum Celebrate Valentine's Day with GeoCities! You can send your sweetie a card, take our Trivial Trivia Quiz or see what's going on in other Neighborhoods at Lovers Lane ! Surf the Net with Networds - Create Free Networds for every GeoCities and Internet location you visit. They will be available instantly to everyone on the Net. Use Networds and share them with others. Are you a Petsburgh resident, new to HTML and having trouble? Don't lose hope! Our Angels can help you! Getting Involved Community Leaders If you need GeoCities help or want to get more involved in your neighborhood, these are the people to ask. Blueprint We've created a zine to help you build better home pages. Check in every month for lots of tips and tricks! Landmark Sites Places to stop when you're surfing that info superhighway known as GeoCities. Landmarks are sites we consider the best of the best. [Join] [Help] [Info] [Home] [Avenues] [Neighborhoods] [Members] [Shopping Center] [Search] © 1995 - 1999 GeoCities. All rights reserved"
geocities.com,19990203161705,http://www14.geocities.com:80/Petsburgh/,https://web.archive.org/web/19990203161705/http://www14.geocities.com:80/Petsburgh/,GeoCities - Petsburgh,"GeoCities - Petsburgh Visit Surplus Auction $5.00 off for Music Lovers@ CDnow Save Now! 3.9% eCard Visa Up to 40% off related books from Amazon.com Other Neighborhoods Great GeoShops Get a Virtual Office Explore The Suburbs: Choose a suburb Petsburgh Farm Zoo Yahoo: Pets Search: GeoCities Petsburgh Password: Kids & the Internet Home Help Info • Family • Home & Living Join This Neighborhood today! It's Free. Hood Happenings Petsburgh Chat | Petsburgh Forum Celebrate Valentine's Day with GeoCities! You can send your sweetie a card, take our Trivial Trivia Quiz or see what's going on in other Neighborhoods at Lovers Lane ! Surf the Net with Networds - Create Free Networds for every GeoCities and Internet location you visit. They will be available instantly to everyone on the Net. Use Networds and share them with others. Submit your site to win our monthly Blue Ribbon Award in any of our categories. Getting Involved Community Leaders If you need GeoCities help or want to get more involved in your neighborhood, these are the people to ask. Blueprint We've created a zine to help you build better home pages. Check in every month for lots of tips and tricks! Landmark Sites Places to stop when you're surfing that info superhighway known as GeoCities. Landmarks are sites we consider the best of the best. [Join] [Help] [Info] [Home] [Avenues] [Neighborhoods] [Members] [Shopping Center] [Search] © 1995 - 1999 GeoCities. All rights reserved",http://pic.geocities.com/images/neighborhoods/geologo_neighborhood.gif,18,14014,"GeoCities - Petsburgh

GeoCities - Petsburgh Visit Surplus Auction $5.00 off for Music Lovers@ CDnow Save Now! 3.9% eCard Visa Up to 40% off related books from Amazon.com Other Neighborhoods Great GeoShops Get a Virtual Office Explore The Suburbs: Choose a suburb Petsburgh Farm Zoo Yahoo: Pets Search: GeoCities Petsburgh Password: Kids & the Internet Home Help Info • Family • Home & Living Join This Neighborhood today! It's Free. Hood Happenings Petsburgh Chat | Petsburgh Forum Celebrate Valentine's Day with GeoCities! You can send your sweetie a card, take our Trivial Trivia Quiz or see what's going on in other Neighborhoods at Lovers Lane ! Surf the Net with Networds - Create Free Networds for every GeoCities and Internet location you visit. They will be available instantly to everyone on the Net. Use Networds and share them with others. Submit your site to win our monthly Blue Ribbon Award in any of our categories. Getting Involved Community Leaders If you need GeoCities help or want to get more involved in your neighborhood, these are the people to ask. Blueprint We've created a zine to help you build better home pages. Check in every month for lots of tips and tricks! Landmark Sites Places to stop when you're surfing that info superhighway known as GeoCities. Landmarks are sites we consider the best of the best. [Join] [Help] [Info] [Home] [Avenues] [Neighborhoods] [Members] [Shopping Center] [Search] © 1995 - 1999 GeoCities. All rights reserved"
geocities.com,19990203194931,http://www11.geocities.com:80/Petsburgh/,https://web.archive.org/web/19990203194931/http://www11.geocities.com:80/Petsburgh/,GeoCities - Petsburgh,"GeoCities - Petsburgh Visit Surplus Auction $5.00 off for Music Lovers@ CDnow Save Now! 3.9% eCard Visa Up to 40% off related books from Amazon.com Other Neighborhoods Great GeoShops Get a Virtual Office Explore The Suburbs: Choose a suburb Petsburgh Farm Zoo Yahoo: Pets Search: GeoCities Petsburgh Password: Kids & the Internet Home Help Info • Family • Home & Living Join This Neighborhood today! It's Free. Hood Happenings Petsburgh Chat | Petsburgh Forum Celebrate Valentine's Day with GeoCities! You can send your sweetie a card, take our Trivial Trivia Quiz or see what's going on in other Neighborhoods at Lovers Lane ! Surf the Net with Networds - Create Free Networds for every GeoCities and Internet location you visit. They will be available instantly to everyone on the Net. Use Networds and share them with others. Want to make a new friend? Come play our Secret Valentine Game with the Petsburgh Community Leaders! Getting Involved Community Leaders If you need GeoCities help or want to get more involved in your neighborhood, these are the people to ask. Blueprint We've created a zine to help you build better home pages. Check in every month for lots of tips and tricks! Landmark Sites Places to stop when you're surfing that info superhighway known as GeoCities. Landmarks are sites we consider the best of the best. [Join] [Help] [Info] [Home] [Avenues] [Neighborhoods] [Members] [Shopping Center] [Search] © 1995 - 1999 GeoCities. All rights reserved",http://pic.geocities.com/images/neighborhoods/geologo_neighborhood.gif,18,14057,"GeoCities - Petsburgh

GeoCities - Petsburgh Visit Surplus Auction $5.00 off for Music Lovers@ CDnow Save Now! 3.9% eCard Visa Up to 40% off related books from Amazon.com Other Neighborhoods Great GeoShops Get a Virtual Office Explore The Suburbs: Choose a suburb Petsburgh Farm Zoo Yahoo: Pets Search: GeoCities Petsburgh Password: Kids & the Internet Home Help Info • Family • Home & Living Join This Neighborhood today! It's Free. Hood Happenings Petsburgh Chat | Petsburgh Forum Celebrate Valentine's Day with GeoCities! You can send your sweetie a card, take our Trivial Trivia Quiz or see what's going on in other Neighborhoods at Lovers Lane ! Surf the Net with Networds - Create Free Networds for every GeoCities and Internet location you visit. They will be available instantly to everyone on the Net. Use Networds and share them with others. Want to make a new friend? Come play our Secret Valentine Game with the Petsburgh Community Leaders! Getting Involved Community Leaders If you need GeoCities help or want to get more involved in your neighborhood, these are the people to ask. Blueprint We've created a zine to help you build better home pages. Check in every month for lots of tips and tricks! Landmark Sites Places to stop when you're surfing that info superhighway known as GeoCities. Landmarks are sites we consider the best of the best. [Join] [Help] [Info] [Home] [Avenues] [Neighborhoods] [Members] [Shopping Center] [Search] © 1995 - 1999 GeoCities. All rights reserved"
geocities.com,19990210093421,http://www9.geocities.com:80/Petsburgh/,https://web.archive.org/web/19990210093421/http://www9.geocities.com:80/Petsburgh/,GeoCities - Petsburgh,"GeoCities - Petsburgh Up to 40% off related books from Amazon.com Visit Surplus Auction $5.00 off for Music Lovers@ CDnow Instant Credit Apply Now! Other Neighborhoods Great GeoShops Get a Virtual Office Explore The Suburbs: Choose a suburb Petsburgh Farm Zoo Yahoo: Pets Search: GeoCities Petsburgh Password: Kids & the Internet Home Help Info • Family • Home & Living Join This Neighborhood today! It's Free. Hood Happenings Petsburgh Chat | Petsburgh Forum Celebrate Valentine's Day with GeoCities! You can send your sweetie a card, take our Trivial Trivia Quiz or see what's going on in other Neighborhoods at Lovers Lane ! Surf the Net with Networds - Create Free Networds for every GeoCities and Internet location you visit. They will be available instantly to everyone on the Net. Use Networds and share them with others. Want to make a new friend? Come play our Secret Valentine Game with the Petsburgh Community Leaders! Getting Involved Community Leaders If you need GeoCities help or want to get more involved in your neighborhood, these are the people to ask. Blueprint We've created a zine to help you build better home pages. Check in every month for lots of tips and tricks! Landmark Sites Places to stop when you're surfing that info superhighway known as GeoCities. Landmarks are sites we consider the best of the best. [Join] [Help] [Info] [Home] [Avenues] [Neighborhoods] [Members] [Shopping Center] [Search] © 1995 - 1999 GeoCities. All rights reserved",http://pic.geocities.com/images/neighborhoods/geologo_neighborhood.gif,18,14058,"GeoCities - Petsburgh

GeoCities - Petsburgh Up to 40% off related books from Amazon.com Visit Surplus Auction $5.00 off for Music Lovers@ CDnow Instant Credit Apply Now! Other Neighborhoods Great GeoShops Get a Virtual Office Explore The Suburbs: Choose a suburb Petsburgh Farm Zoo Yahoo: Pets Search: GeoCities Petsburgh Password: Kids & the Internet Home Help Info • Family • Home & Living Join This Neighborhood today! It's Free. Hood Happenings Petsburgh Chat | Petsburgh Forum Celebrate Valentine's Day with GeoCities! You can send your sweetie a card, take our Trivial Trivia Quiz or see what's going on in other Neighborhoods at Lovers Lane ! Surf the Net with Networds - Create Free Networds for every GeoCities and Internet location you visit. They will be available instantly to everyone on the Net. Use Networds and share them with others. Want to make a new friend? Come play our Secret Valentine Game with the Petsburgh Community Leaders! Getting Involved Community Leaders If you need GeoCities help or want to get more involved in your neighborhood, these are the people to ask. Blueprint We've created a zine to help you build better home pages. Check in every month for lots of tips and tricks! Landmark Sites Places to stop when you're surfing that info superhighway known as GeoCities. Landmarks are sites we consider the best of the best. [Join] [Help] [Info] [Home] [Avenues] [Neighborhoods] [Members] [Shopping Center] [Search] © 1995 - 1999 GeoCities. All rights reserved"
geocities.com,19990218181400,http://www21.geocities.com:80/Petsburgh/,https://web.archive.org/web/19990218181400/http://www21.geocities.com:80/Petsburgh/,GeoCities - Petsburgh,"GeoCities - Petsburgh Visit Surplus Auction $5.00 off music at CDnow! Instant Credit Apply Now! Up to 40% off related books from Amazon.com Other Neighborhoods Great GeoShops Get a Virtual Office Explore The Suburbs: Choose a suburb Petsburgh Farm Zoo Yahoo: Pets Search: GeoCities Petsburgh Password: Kids & the Internet Home Help Info • Family • Home & Living Join This Neighborhood today! It's Free. Hood Happenings Petsburgh Chat | Petsburgh Forum Celebrate Valentine's Day with GeoCities! You can send your sweetie a card, take our Trivial Trivia Quiz or see what's going on in other Neighborhoods at Lovers Lane ! Surf the Net with Networds - Create Free Networds for every GeoCities and Internet location you visit. They will be available instantly to everyone on the Net. Use Networds and share them with others. The Petsburgh Service Award honors the Petsburgh homesteaders whose sites introduce us to outstanding animals who work for humanity - search and rescue, police work, therapy animals, guide dogs, hearing assistance, and more. Getting Involved Community Leaders If you need GeoCities help or want to get more involved in your neighborhood, these are the people to ask. Blueprint We've created a zine to help you build better home pages. Check in every month for lots of tips and tricks! Landmark Sites Places to stop when you're surfing that info superhighway known as GeoCities. Landmarks are sites we consider the best of the best. [Join] [Help] [Info] [Home] [Avenues] [Neighborhoods] [Members] [Shopping Center] [Search] © 1995 - 1999 GeoCities. All rights reserved",http://pic.geocities.com/images/neighborhoods/geologo_neighborhood.gif,18,14175,"GeoCities - Petsburgh

GeoCities - Petsburgh Visit Surplus Auction $5.00 off music at CDnow! Instant Credit Apply Now! Up to 40% off related books from Amazon.com Other Neighborhoods Great GeoShops Get a Virtual Office Explore The Suburbs: Choose a suburb Petsburgh Farm Zoo Yahoo: Pets Search: GeoCities Petsburgh Password: Kids & the Internet Home Help Info • Family • Home & Living Join This Neighborhood today! It's Free. Hood Happenings Petsburgh Chat | Petsburgh Forum Celebrate Valentine's Day with GeoCities! You can send your sweetie a card, take our Trivial Trivia Quiz or see what's going on in other Neighborhoods at Lovers Lane ! Surf the Net with Networds - Create Free Networds for every GeoCities and Internet location you visit. They will be available instantly to everyone on the Net. Use Networds and share them with others. The Petsburgh Service Award honors the Petsburgh homesteaders whose sites introduce us to outstanding animals who work for humanity - search and rescue, police work, therapy animals, guide dogs, hearing assistance, and more. Getting Involved Community Leaders If you need GeoCities help or want to get more involved in your neighborhood, these are the people to ask. Blueprint We've created a zine to help you build better home pages. Check in every month for lots of tips and tricks! Landmark Sites Places to stop when you're surfing that info superhighway known as GeoCities. Landmarks are sites we consider the best of the best. [Join] [Help] [Info] [Home] [Avenues] [Neighborhoods] [Members] [Shopping Center] [Search] © 1995 - 1999 GeoCities. All rights reserved"
geocities.com,19990218181731,http://www.geocities.com:80/Petsburgh/,https://web.archive.org/web/19990218181731/http://www.geocities.com:80/Petsburgh/,GeoCities - Petsburgh,"GeoCities - Petsburgh Visit Surplus Auction $5.00 off music at CDnow! Instant Credit Apply Now! Up to 40% off related books from Amazon.com Other Neighborhoods Great GeoShops Get a Virtual Office Explore The Suburbs: Choose a suburb Petsburgh Farm Zoo Yahoo: Pets Search: GeoCities Petsburgh Password: Kids & the Internet Home Help Info • Family • Home & Living Join This Neighborhood today! It's Free. Hood Happenings Petsburgh Chat | Petsburgh Forum Celebrate Valentine's Day with GeoCities! You can send your sweetie a card, take our Trivial Trivia Quiz or see what's going on in other Neighborhoods at Lovers Lane ! Surf the Net with Networds - Create Free Networds for every GeoCities and Internet location you visit. They will be available instantly to everyone on the Net. Use Networds and share them with others. Find the Featured Pages that grace our Petsburgh Community here at the Petsburgh Hall of fame . Let us know if you have moved your Featured Page to Petsburgh! Getting Involved Community Leaders If you need GeoCities help or want to get more involved in your neighborhood, these are the people to ask. Blueprint We've created a zine to help you build better home pages. Check in every month for lots of tips and tricks! Landmark Sites Places to stop when you're surfing that info superhighway known as GeoCities. Landmarks are sites we consider the best of the best. [Join] [Help] [Info] [Home] [Avenues] [Neighborhoods] [Members] [Shopping Center] [Search] © 1995 - 1999 GeoCities. All rights reserved",http://pic.geocities.com/images/neighborhoods/geologo_neighborhood.gif,18,14100,"GeoCities - Petsburgh

GeoCities - Petsburgh Visit Surplus Auction $5.00 off music at CDnow! Instant Credit Apply Now! Up to 40% off related books from Amazon.com Other Neighborhoods Great GeoShops Get a Virtual Office Explore The Suburbs: Choose a suburb Petsburgh Farm Zoo Yahoo: Pets Search: GeoCities Petsburgh Password: Kids & the Internet Home Help Info • Family • Home & Living Join This Neighborhood today! It's Free. Hood Happenings Petsburgh Chat | Petsburgh Forum Celebrate Valentine's Day with GeoCities! You can send your sweetie a card, take our Trivial Trivia Quiz or see what's going on in other Neighborhoods at Lovers Lane ! Surf the Net with Networds - Create Free Networds for every GeoCities and Internet location you visit. They will be available instantly to everyone on the Net. Use Networds and share them with others. Find the Featured Pages that grace our Petsburgh Community here at the Petsburgh Hall of fame . Let us know if you have moved your Featured Page to Petsburgh! Getting Involved Community Leaders If you need GeoCities help or want to get more involved in your neighborhood, these are the people to ask. Blueprint We've created a zine to help you build better home pages. Check in every month for lots of tips and tricks! Landmark Sites Places to stop when you're surfing that info superhighway known as GeoCities. Landmarks are sites we consider the best of the best. [Join] [Help] [Info] [Home] [Avenues] [Neighborhoods] [Members] [Shopping Center] [Search] © 1995 - 1999 GeoCities. All rights reserved"
geocities.com,19990218204837,http://www7.geocities.com:80/Petsburgh/,https://web.archive.org/web/19990218204837/http://www7.geocities.com:80/Petsburgh/,GeoCities - Petsburgh,"GeoCities - Petsburgh $5.00 off music at CDnow! Instant Credit Apply Now! Up to 40% off related books from Amazon.com Visit Surplus Auction Other Neighborhoods Great GeoShops Get a Virtual Office Explore The Suburbs: Choose a suburb Petsburgh Farm Zoo Yahoo: Pets Search: GeoCities Petsburgh Password: Kids & the Internet Home Help Info • Family • Home & Living Join This Neighborhood today! It's Free. Hood Happenings Petsburgh Chat | Petsburgh Forum Celebrate Valentine's Day with GeoCities! You can send your sweetie a card, take our Trivial Trivia Quiz or see what's going on in other Neighborhoods at Lovers Lane ! Surf the Net with Networds - Create Free Networds for every GeoCities and Internet location you visit. They will be available instantly to everyone on the Net. Use Networds and share them with others. Visit Petsburgh Station for timely Petsburgh community news and information. Getting Involved Community Leaders If you need GeoCities help or want to get more involved in your neighborhood, these are the people to ask. Blueprint We've created a zine to help you build better home pages. Check in every month for lots of tips and tricks! Landmark Sites Places to stop when you're surfing that info superhighway known as GeoCities. Landmarks are sites we consider the best of the best. [Join] [Help] [Info] [Home] [Avenues] [Neighborhoods] [Members] [Shopping Center] [Search] © 1995 - 1999 GeoCities. All rights reserved",http://pic.geocities.com/images/neighborhoods/geologo_neighborhood.gif,18,13985,"GeoCities - Petsburgh

GeoCities - Petsburgh $5.00 off music at CDnow! Instant Credit Apply Now! Up to 40% off related books from Amazon.com Visit Surplus Auction Other Neighborhoods Great GeoShops Get a Virtual Office Explore The Suburbs: Choose a suburb Petsburgh Farm Zoo Yahoo: Pets Search: GeoCities Petsburgh Password: Kids & the Internet Home Help Info • Family • Home & Living Join This Neighborhood today! It's Free. Hood Happenings Petsburgh Chat | Petsburgh Forum Celebrate Valentine's Day with GeoCities! You can send your sweetie a card, take our Trivial Trivia Quiz or see what's going on in other Neighborhoods at Lovers Lane ! Surf the Net with Networds - Create Free Networds for every GeoCities and Internet location you visit. They will be available instantly to everyone on the Net. Use Networds and share them with others. Visit Petsburgh Station for timely Petsburgh community news and information. Getting Involved Community Leaders If you need GeoCities help or want to get more involved in your neighborhood, these are the people to ask. Blueprint We've created a zine to help you build better home pages. Check in every month for lots of tips and tricks! Landmark Sites Places to stop when you're surfing that info superhighway known as GeoCities. Landmarks are sites we consider the best of the best. [Join] [Help] [Info] [Home] [Avenues] [Neighborhoods] [Members] [Shopping Center] [Search] © 1995 - 1999 GeoCities. All rights reserved"
geocities.com,19990219142646,http://www1.geocities.com:80/Petsburgh/,https://web.archive.org/web/19990219142646/http://www1.geocities.com:80/Petsburgh/,GeoCities - Petsburgh,"GeoCities - Petsburgh Up to 40% off related books from Amazon.com Visit Surplus Auction $5.00 off music at CDnow! Instant Credit Apply Now! Other Neighborhoods Great GeoShops Get a Virtual Office Explore The Suburbs: Choose a suburb Petsburgh Farm Zoo Yahoo: Pets Search: GeoCities Petsburgh Password: Kids & the Internet Home Help Info • Family • Home & Living Join This Neighborhood today! It's Free. Hood Happenings Petsburgh Chat | Petsburgh Forum Celebrate Valentine's Day with GeoCities! You can send your sweetie a card, take our Trivial Trivia Quiz or see what's going on in other Neighborhoods at Lovers Lane ! Surf the Net with Networds - Create Free Networds for every GeoCities and Internet location you visit. They will be available instantly to everyone on the Net. Use Networds and share them with others. Visit Petsburgh Station for timely Petsburgh community news and information. Getting Involved Community Leaders If you need GeoCities help or want to get more involved in your neighborhood, these are the people to ask. Blueprint We've created a zine to help you build better home pages. Check in every month for lots of tips and tricks! Landmark Sites Places to stop when you're surfing that info superhighway known as GeoCities. Landmarks are sites we consider the best of the best. [Join] [Help] [Info] [Home] [Avenues] [Neighborhoods] [Members] [Shopping Center] [Search] © 1995 - 1999 GeoCities. All rights reserved",http://pic.geocities.com/images/neighborhoods/geologo_neighborhood.gif,18,13985,"GeoCities - Petsburgh

GeoCities - Petsburgh Up to 40% off related books from Amazon.com Visit Surplus Auction $5.00 off music at CDnow! Instant Credit Apply Now! Other Neighborhoods Great GeoShops Get a Virtual Office Explore The Suburbs: Choose a suburb Petsburgh Farm Zoo Yahoo: Pets Search: GeoCities Petsburgh Password: Kids & the Internet Home Help Info • Family • Home & Living Join This Neighborhood today! It's Free. Hood Happenings Petsburgh Chat | Petsburgh Forum Celebrate Valentine's Day with GeoCities! You can send your sweetie a card, take our Trivial Trivia Quiz or see what's going on in other Neighborhoods at Lovers Lane ! Surf the Net with Networds - Create Free Networds for every GeoCities and Internet location you visit. They will be available instantly to everyone on the Net. Use Networds and share them with others. Visit Petsburgh Station for timely Petsburgh community news and information. Getting Involved Community Leaders If you need GeoCities help or want to get more involved in your neighborhood, these are the people to ask. Blueprint We've created a zine to help you build better home pages. Check in every month for lots of tips and tricks! Landmark Sites Places to stop when you're surfing that info superhighway known as GeoCities. Landmarks are sites we consider the best of the best. [Join] [Help] [Info] [Home] [Avenues] [Neighborhoods] [Members] [Shopping Center] [Search] © 1995 - 1999 GeoCities. All rights reserved"
geocities.com,19990221101936,http://www16.geocities.com:80/Petsburgh/,https://web.archive.org/web/19990221101936/http://www16.geocities.com:80/Petsburgh/,GeoCities - Petsburgh,"GeoCities - Petsburgh Up to 40% off related books from Amazon.com Visit Surplus Auction $5.00 off music at CDnow! Instant Credit Apply Now! Other Neighborhoods Great GeoShops Get a Virtual Office Explore The Suburbs: Choose a suburb Petsburgh Farm Zoo Yahoo: Pets Search: GeoCities Petsburgh Password: Kids & the Internet Home Help Info • Family • Home & Living Join This Neighborhood today! It's Free. Hood Happenings Petsburgh Chat | Petsburgh Forum Celebrate Valentine's Day with GeoCities! You can send your sweetie a card, take our Trivial Trivia Quiz or see what's going on in other Neighborhoods at Lovers Lane ! Surf the Net with Networds - Create Free Networds for every GeoCities and Internet location you visit. They will be available instantly to everyone on the Net. Use Networds and share them with others. Do you have a great pet site in Petsburgh? Will yours be the next site of the week ? Come find out! Getting Involved Community Leaders If you need GeoCities help or want to get more involved in your neighborhood, these are the people to ask. Blueprint We've created a zine to help you build better home pages. Check in every month for lots of tips and tricks! Landmark Sites Places to stop when you're surfing that info superhighway known as GeoCities. Landmarks are sites we consider the best of the best. [Join] [Help] [Info] [Home] [Avenues] [Neighborhoods] [Members] [Shopping Center] [Search] © 1995 - 1999 GeoCities. All rights reserved",http://pic.geocities.com/images/neighborhoods/geologo_neighborhood.gif,18,14027,"GeoCities - Petsburgh

GeoCities - Petsburgh Up to 40% off related books from Amazon.com Visit Surplus Auction $5.00 off music at CDnow! Instant Credit Apply Now! Other Neighborhoods Great GeoShops Get a Virtual Office Explore The Suburbs: Choose a suburb Petsburgh Farm Zoo Yahoo: Pets Search: GeoCities Petsburgh Password: Kids & the Internet Home Help Info • Family • Home & Living Join This Neighborhood today! It's Free. Hood Happenings Petsburgh Chat | Petsburgh Forum Celebrate Valentine's Day with GeoCities! You can send your sweetie a card, take our Trivial Trivia Quiz or see what's going on in other Neighborhoods at Lovers Lane ! Surf the Net with Networds - Create Free Networds for every GeoCities and Internet location you visit. They will be available instantly to everyone on the Net. Use Networds and share them with others. Do you have a great pet site in Petsburgh? Will yours be the next site of the week ? Come find out! Getting Involved Community Leaders If you need GeoCities help or want to get more involved in your neighborhood, these are the people to ask. Blueprint We've created a zine to help you build better home pages. Check in every month for lots of tips and tricks! Landmark Sites Places to stop when you're surfing that info superhighway known as GeoCities. Landmarks are sites we consider the best of the best. [Join] [Help] [Info] [Home] [Avenues] [Neighborhoods] [Members] [Shopping Center] [Search] © 1995 - 1999 GeoCities. All rights reserved"
geocities.com,19990221200635,http://www12.geocities.com:80/Petsburgh/,https://web.archive.org/web/19990221200635/http://www12.geocities.com:80/Petsburgh/,GeoCities - Petsburgh,"GeoCities - Petsburgh Visit Surplus Auction $5.00 off music at CDnow! Instant Credit Apply Now! Up to 40% off related books from Amazon.com Other Neighborhoods Great GeoShops Get a Virtual Office Explore The Suburbs: Choose a suburb Petsburgh Farm Zoo Yahoo: Pets Search: GeoCities Petsburgh Password: Kids & the Internet Home Help Info • Family • Home & Living Join This Neighborhood today! It's Free. Hood Happenings Petsburgh Chat | Petsburgh Forum Celebrate Valentine's Day with GeoCities! You can send your sweetie a card, take our Trivial Trivia Quiz or see what's going on in other Neighborhoods at Lovers Lane ! Surf the Net with Networds - Create Free Networds for every GeoCities and Internet location you visit. They will be available instantly to everyone on the Net. Use Networds and share them with others. Would you like to get involved in our brand new community? We're actively recruiting Community Leaders to help homesteaders and participate in awards committees, chat, forums and more! Visit our application page today. Getting Involved Community Leaders If you need GeoCities help or want to get more involved in your neighborhood, these are the people to ask. Blueprint We've created a zine to help you build better home pages. Check in every month for lots of tips and tricks! Landmark Sites Places to stop when you're surfing that info superhighway known as GeoCities. Landmarks are sites we consider the best of the best. [Join] [Help] [Info] [Home] [Avenues] [Neighborhoods] [Members] [Shopping Center] [Search] © 1995 - 1999 GeoCities. All rights reserved",http://pic.geocities.com/images/neighborhoods/geologo_neighborhood.gif,18,14129,"GeoCities - Petsburgh

GeoCities - Petsburgh Visit Surplus Auction $5.00 off music at CDnow! Instant Credit Apply Now! Up to 40% off related books from Amazon.com Other Neighborhoods Great GeoShops Get a Virtual Office Explore The Suburbs: Choose a suburb Petsburgh Farm Zoo Yahoo: Pets Search: GeoCities Petsburgh Password: Kids & the Internet Home Help Info • Family • Home & Living Join This Neighborhood today! It's Free. Hood Happenings Petsburgh Chat | Petsburgh Forum Celebrate Valentine's Day with GeoCities! You can send your sweetie a card, take our Trivial Trivia Quiz or see what's going on in other Neighborhoods at Lovers Lane ! Surf the Net with Networds - Create Free Networds for every GeoCities and Internet location you visit. They will be available instantly to everyone on the Net. Use Networds and share them with others. Would you like to get involved in our brand new community? We're actively recruiting Community Leaders to help homesteaders and participate in awards committees, chat, forums and more! Visit our application page today. Getting Involved Community Leaders If you need GeoCities help or want to get more involved in your neighborhood, these are the people to ask. Blueprint We've created a zine to help you build better home pages. Check in every month for lots of tips and tricks! Landmark Sites Places to stop when you're surfing that info superhighway known as GeoCities. Landmarks are sites we consider the best of the best. [Join] [Help] [Info] [Home] [Avenues] [Neighborhoods] [Members] [Shopping Center] [Search] © 1995 - 1999 GeoCities. All rights reserved"
geocities.com,19991012020642,http://geocities.com:80/Petsburgh/?,https://web.archive.org/web/19991012020642/http://geocities.com:80/Petsburgh/?,Yahoo! GeoCities - Petsburgh,"Yahoo! GeoCities - Petsburgh Yahoo! Home Help Free Home Pages! Get your own free home page today In Our Neighborhoods Community Leaders World Report Landmark Sites Other Neighborhoods Search Yahoo! GeoCities Petsburgh Yahoo! Resources Yahoo! Clubs Yahoo! Pets Explore the Suburbs Choose a suburb Petsburgh Petsburgh/Fair Petsburgh/Farm Petsburgh/Haven Petsburgh/Park Petsburgh/Zoo Hood Happenings Petsburgh Chat | Petsburgh Message Boards Are you a Petsburgh resident, new to HTML and having trouble? Don't lose hope! Our Angels can help you! The Petsburgh Pride Award is an award voted on by Petsburgh homesteaders. Submit your site and vote for this week's nominees today! Copyright © 1994-1999 Yahoo! Inc. All rights reserved. Help Privacy Policy Terms of Service Legal Disclaimers",http://a372.g.akamaitech.net/7/372/27/11661111b03c56/pic.geocities.com/img/geoplus/geologo.gif,6,6755,"Yahoo! GeoCities - Petsburgh

Yahoo! GeoCities - Petsburgh Yahoo! Home Help Free Home Pages! Get your own free home page today In Our Neighborhoods Community Leaders World Report Landmark Sites Other Neighborhoods Search Yahoo! GeoCities Petsburgh Yahoo! Resources Yahoo! Clubs Yahoo! Pets Explore the Suburbs Choose a suburb Petsburgh Petsburgh/Fair Petsburgh/Farm Petsburgh/Haven Petsburgh/Park Petsburgh/Zoo Hood Happenings Petsburgh Chat | Petsburgh Message Boards Are you a Petsburgh resident, new to HTML and having trouble? Don't lose hope! Our Angels can help you! The Petsburgh Pride Award is an award voted on by Petsburgh homesteaders. Submit your site and vote for this week's nominees today! Copyright © 1994-1999 Yahoo! Inc. All rights reserved. Help Privacy Policy Terms of Service Legal Disclaimers"
geocities.com,19990218201647,http://www.geocities.com:80/Petsburgh/1000/,https://web.archive.org/web/19990218201647/http://www.geocities.com:80/Petsburgh/1000/,Petsburgh Station,"Petsburgh Station WELCOME TO THE PETSBURGH STATION! J oin the team! Got a little extra time on your hands? Petsburgh is in need of some dedicated pet lovers who would like to be an example to other homesteaders in Petsburgh and act as liaison between their neighbors & GeoCities? Being a CL (Community Leader) in Petsburgh is very rewarding as you help homesteaders build their new homes on the web, make great new friends, have good times and more email than you've ever dreamed!! You will receive an extra meg of disk space and after six months as a CL, receive your GeoPlus membership for free!! Click on banner for more information. HELPFUL HOMESTEADERS WANTED! You can be a part of this elite committee..you do not have to be a Community Leader to join This program is for Petsburgh homesteaders who are new to web page designing and HTML. The scope of this program goes far beyond the normal duties of a Community Leader. You can receive daily one-on-one help from your Angel that will allow you to have a page on Geocities in no time! Our Angels love to help, so don't be shy about asking them to help you. Your Angel will stay with you until you feel confident with your new abilities. PETSBURGH CRITIQUE & REVIEW COMMITTEE This committee is comprised of trained Community Leaders who will visit your site, at your request only, look it over and offer helpful suggestions to make it among the BEST in Petsburgh. This committee is not designed to help build initial web sites...the ANGELS help with that....this committee comes in when site is done or nearly done to help you ""fine tune"" and get it JUST RIGHT! Visit their page and submit your site to be reviewed! HOMESTEADER FORUMS General Forums Lots of topics..dogs,cats,horses,fish, birds, reptiles,etc. Get involved with any or all of the discussions! Log-in with your membername and scroll down to Petsburgh! List your pet site..in categories for easy surfing! The most comprehensive listing in the neighborhood! THE PETSBURGH POST and Celebrate special occassions with the PETSBURGH PARTY!! Lots of contests, special activities and more! DO YOU LOVE AWARDS & CONTESTS??? Awards & Contests Visit this page to see all the NEW & EXCITING Awards and Contests we have going on in Petsburgh! PETSBURGH RAINBOW BRIDGE LIST Visit here if you would like to participate in this special project in memory of your beloved friends at the Bridge. PETSBURGH CONTEST WINNERS! HOMESTEADERS-JOIN THIS COMMITTEE Once a month, the weekly winners are voted on by a committee of homesteaders and Community Leaders! If you can make a committment to vote each month contact the Committee Chair for details and openings. Meet the WINNERS of the PET SITE OF THE WEEK Competition February 8 through February 12 SLINKY'S WORLD February 8 through February 12 THE SPENCER FAMILY JAN.PET SITE OF THE MONTH WINNER! DOGGIE DOOS-HUSKERS WORLD CONGRATULATIONS!!!! PET SITE OF THE YEAR!!! MUCH ADO ABOUT CATS BIG CONGRATS! A TERRIFIC HONOR! Congrats to the WINNERS for th",http://www.geocities.com/images/geoguideII/logo_b.gif,35,16168,"Petsburgh Station

Petsburgh Station WELCOME TO THE PETSBURGH STATION! J oin the team! Got a little extra time on your hands? Petsburgh is in need of some dedicated pet lovers who would like to be an example to other homesteaders in Petsburgh and act as liaison between their neighbors & GeoCities? Being a CL (Community Leader) in Petsburgh is very rewarding as you help homesteaders build their new homes on the web, make great new friends, have good times and more email than you've ever dreamed!! You will receive an extra meg of disk space and after six months as a CL, receive your GeoPlus membership for free!! Click on banner for more information. HELPFUL HOMESTEADERS WANTED! You can be a part of this elite committee..you do not have to be a Community Leader to join This program is for Petsburgh homesteaders who are new to web page designing and HTML. The scope of this program goes far beyond the normal duties of a Community Leader. You can receive daily one-on-one help from your Angel that will allow you to have a page on Geocities in no time! Our Angels love to help, so don't be shy about asking them to help you. Your Angel will stay with you until you feel confident with your new abilities. PETSBURGH CRITIQUE & REVIEW COMMITTEE This committee is comprised of trained Community Leaders who will visit your site, at your request only, look it over and offer helpful suggestions to make it among the BEST in Petsburgh. This committee is not designed to help build initial web sites...the ANGELS help with that....this committee comes in when site is done or nearly done to help you ""fine tune"" and get it JUST RIGHT! Visit their page and submit your site to be reviewed! HOMESTEADER FORUMS General Forums Lots of topics..dogs,cats,horses,fish, birds, reptiles,etc. Get involved with any or all of the discussions! Log-in with your membername and scroll down to Petsburgh! List your pet site..in categories for easy surfing! The most comprehensive listing in the neighborhood! THE PETSBURGH POST and Celebrate special occassions with the PETSBURGH PARTY!! Lots of contests, special activities and more! DO YOU LOVE AWARDS & CONTESTS??? Awards & Contests Visit this page to see all the NEW & EXCITING Awards and Contests we have going on in Petsburgh! PETSBURGH RAINBOW BRIDGE LIST Visit here if you would like to participate in this special project in memory of your beloved friends at the Bridge. PETSBURGH CONTEST WINNERS! HOMESTEADERS-JOIN THIS COMMITTEE Once a month, the weekly winners are voted on by a committee of homesteaders and Community Leaders! If you can make a committment to vote each month contact the Committee Chair for details and openings. Meet the WINNERS of the PET SITE OF THE WEEK Competition February 8 through February 12 SLINKY'S WORLD February 8 through February 12 THE SPENCER FAMILY JAN.PET SITE OF THE MONTH WINNER! DOGGIE DOOS-HUSKERS WORLD CONGRATULATIONS!!!! PET SITE OF THE YEAR!!! MUCH ADO ABOUT CATS BIG CONGRATS! A TERRIFIC HONOR! Congrats to the WINNERS for th"
geocities.com,20010516221153,http://www.geocities.com:80/petsburgh/1000/,https://web.archive.org/web/20010516221153/http://www.geocities.com:80/petsburgh/1000/,Pet Station,"Pet Station J oin the team! ALL ABOARD!! We are very PROUD of Petsburgh! We have a team of very dedicated pet lovers who are eager to help and possess the skills to do about anything a homesteader could need! YOU are invited to join us. It is fun and rewarding, what are you waiting for? Come on get on board! A decision was made by the Petsburgh Liaisons and Community Leaders to expand the Petsburgh community from Yahoo!GeoCities to other web servers. Just as the various Petsburgh contests were opened to other areas of Yahoo!GeoCities, now the Petsburgh Community Leaders are being recruited from multiple web servers. The only requirement to join Petsburgh is a love of pets, not a web site on Yahoo!GeoCities Why does one become a Petsburgh Volunteer and what are the rewards? Read our page and see why some of our homesteaders became CL's and what it has meant to them! TEAM TALK Visit Petsburgh's Leaders Click on the graphic below WHAT PETSBURGH HAS FOR OUR HOMESTEADERS! Each suburb in Petsburgh has a Community Center where you can find help for webpage building, ask your questions, and get just about any assistance you might need. Find the Community Center for the suburb where you reside and pay a visit! Lots of links, fun things, awards and more. *****Something NEW for the kids***** Kids! Click on the link below for some fun games and learn how you can help pets CLUBS/MESSAGE BOARDS & WEBRINGS Member of the old Petsburgh Post Webring? Something New! LINK TO US AT PETSBURGH STATION If you enjoy visiting the Petsburgh Station or if you are a Petsburgh Volunteer, please place a link to us on your main home page so others can find us! We would appreciate it very much. Link to: http://committees.topcities.com/station MORE STATION LOGOS Need help with that Holiday page? Check out these Graphics Links ! Contact Petsburgh Liaisons Send an EMAIL CONTESTS DISCLAIMER Information collected from entries in contests listed here will be used by Petsburgh Committees solely for the purposes of conducting these contests, awarding of prizes, and announcing the winners of those prizes. You must be 13 years of age or older to be eligible for this contest. These contests are sponsored solely by Petsburgh Committees. If you have any questions, please contact the Committee Chairpersons or the Petsburgh Liaison s Some Graphics By Threads of Fate Some Graphics By Becki's Garden of Graphics Some Graphics By CatStuff Site maintained by the Petsburgh Liaisons All Contents Copyright © 1998, 1999, 2000 , 2001 All Rights Reserved",https://web.archive.org/web/20010516221153/http:/www.geocities.com:80/petsburgh/1000/statsign1.gif,35,11493,"Pet Station

Pet Station J oin the team! ALL ABOARD!! We are very PROUD of Petsburgh! We have a team of very dedicated pet lovers who are eager to help and possess the skills to do about anything a homesteader could need! YOU are invited to join us. It is fun and rewarding, what are you waiting for? Come on get on board! A decision was made by the Petsburgh Liaisons and Community Leaders to expand the Petsburgh community from Yahoo!GeoCities to other web servers. Just as the various Petsburgh contests were opened to other areas of Yahoo!GeoCities, now the Petsburgh Community Leaders are being recruited from multiple web servers. The only requirement to join Petsburgh is a love of pets, not a web site on Yahoo!GeoCities Why does one become a Petsburgh Volunteer and what are the rewards? Read our page and see why some of our homesteaders became CL's and what it has meant to them! TEAM TALK Visit Petsburgh's Leaders Click on the graphic below WHAT PETSBURGH HAS FOR OUR HOMESTEADERS! Each suburb in Petsburgh has a Community Center where you can find help for webpage building, ask your questions, and get just about any assistance you might need. Find the Community Center for the suburb where you reside and pay a visit! Lots of links, fun things, awards and more. *****Something NEW for the kids***** Kids! Click on the link below for some fun games and learn how you can help pets CLUBS/MESSAGE BOARDS & WEBRINGS Member of the old Petsburgh Post Webring? Something New! LINK TO US AT PETSBURGH STATION If you enjoy visiting the Petsburgh Station or if you are a Petsburgh Volunteer, please place a link to us on your main home page so others can find us! We would appreciate it very much. Link to: http://committees.topcities.com/station MORE STATION LOGOS Need help with that Holiday page? Check out these Graphics Links ! Contact Petsburgh Liaisons Send an EMAIL CONTESTS DISCLAIMER Information collected from entries in contests listed here will be used by Petsburgh Committees solely for the purposes of conducting these contests, awarding of prizes, and announcing the winners of those prizes. You must be 13 years of age or older to be eligible for this contest. These contests are sponsored solely by Petsburgh Committees. If you have any questions, please contact the Committee Chairpersons or the Petsburgh Liaison s Some Graphics By Threads of Fate Some Graphics By Becki's Garden of Graphics Some Graphics By CatStuff Site maintained by the Petsburgh Liaisons All Contents Copyright © 1998, 1999, 2000 , 2001 All Rights Reserved"
geocities.com,20021101013930,http://www.geocities.com:80/Petsburgh/1000/applications.html,https://web.archive.org/web/20021101013930/http://www.geocities.com:80/Petsburgh/1000/applications.html,Petsburgh Team Application,"Petsburgh Team Application Petsburgh Team Application Please complete this form. Click on Submit when finished. Your name: Email address: Your Website URL: Date of Birth What Committees would you like to join? Butterfly Garden Contest Blue Ribbon PETitions Graphics Committee Stationary Committee Petsburgh Library Care Committee Petsburgh Gazette Pet Post Tell us something about yourself and your pets? Please list any other online groups you are or have been a member of. If you left them, please tell us why. Why do you want to join Petsburgh? What new ideas do you have for Petsburgh? Thank you for your interest in Petsburgh. We will contact you within a week.",https://web.archive.org/web/20021101013930/http:/www.geocities.com:80/Petsburgh/1000/track3.gif,4,5347,"Petsburgh Team Application

Petsburgh Team Application Petsburgh Team Application Please complete this form. Click on Submit when finished. Your name: Email address: Your Website URL: Date of Birth What Committees would you like to join? Butterfly Garden Contest Blue Ribbon PETitions Graphics Committee Stationary Committee Petsburgh Library Care Committee Petsburgh Gazette Pet Post Tell us something about yourself and your pets? Please list any other online groups you are or have been a member of. If you left them, please tell us why. Why do you want to join Petsburgh? What new ideas do you have for Petsburgh? Thank you for your interest in Petsburgh. We will contact you within a week."
geocities.com,19990220145537,http://www5.geocities.com:80/Petsburgh/1000/apply.html,https://web.archive.org/web/19990220145537/http://www5.geocities.com:80/Petsburgh/1000/apply.html,CL Application,"CL Application All fields must be filled out. Incomplete Community Leader applications will be discarded without reply. Your name (what you want us to call you) GeoCities Member Name: Please use your member name that you applied for your Petsburgh site. The CL data base will reject member names that are not correct or used by existing CLs from another neighborhood. Preferred E-Mail Address: You will need to get a different email address for your CL work. Check out our Free Email listing for more info. It is preferred but not required that you do not use your ISP address. Neighborhood: (Pull down to select correct suburb your Petsburgh site resides) --Choose One-- Petsburgh Petsburgh/Farm Petsburgh/Zoo Address: Place the last digits of your sites url (Sample 1001) ICQ UIN (if you have one): Please enter a short bio of yourself. This will be used on the Petsburgh Leader Page if you are chosen as a leader. Write it exactly as you want it shown to geocities homesteaders on the Leader web page. It must be no more than 200 characters...anything longer will be edited and not necessarily the way you'd prefer. (REQUIRED) If you are a new applicant place (NEW). Active and new CLs applying for Petsburgh must have an active Petsburgh site. Cls that are active in more than one other neighborhood can not be accepted.(Please place the neighborhood you are active in.) How much online time do you have to devote to Petsburgh? Are you under 18? No Yes Petsburgh Under the current Geocities policy, we must have parental consent for anyone under the age of 18. Please have your parents send their permission to Bev within 24 hours of submitting your application. If we do not receive parental consent, your application will automatically be terminated. We can not accept a CL application at all from anyone under the age of 13. What does ""leadership"" mean to you? List your technical strengths: List your interpersonal strengths: What is your motivation for wanting to be Community Leader? What does the Petsburgh Community mean to you? What ideas do you have for a committee or special project for Petsburg? Other Comments Important! Please check carefully before submitting your application, make sure your page follows GeoGuide lines completely!. I have reviewed the GeoCities Page Content Guidelines and my site complies with them in all aspects. The following information will be used only for setting up training. It will not be used for evaluating your application. To better match up a mentor for your training, let us know what hours you are generally online. Most CL's are in the U.S., if you live in another country, tell us that also so we can adjust the times.(example: afternoons, nights, no weekends, live in UK, etc.) Please Read This Disclaimer before You Submit. Remember, being a Community Leader is an important responsibility. Children under 13 are not permitted to apply. The personal information you will be providing is being sent to and collected by a volunteer, a Commun",https://web.archive.org/web/19990220145537/http:/www5.geocities.com:80/Petsburgh/1000/trans.gif,13,10730,"CL Application

CL Application All fields must be filled out. Incomplete Community Leader applications will be discarded without reply. Your name (what you want us to call you) GeoCities Member Name: Please use your member name that you applied for your Petsburgh site. The CL data base will reject member names that are not correct or used by existing CLs from another neighborhood. Preferred E-Mail Address: You will need to get a different email address for your CL work. Check out our Free Email listing for more info. It is preferred but not required that you do not use your ISP address. Neighborhood: (Pull down to select correct suburb your Petsburgh site resides) --Choose One-- Petsburgh Petsburgh/Farm Petsburgh/Zoo Address: Place the last digits of your sites url (Sample 1001) ICQ UIN (if you have one): Please enter a short bio of yourself. This will be used on the Petsburgh Leader Page if you are chosen as a leader. Write it exactly as you want it shown to geocities homesteaders on the Leader web page. It must be no more than 200 characters...anything longer will be edited and not necessarily the way you'd prefer. (REQUIRED) If you are a new applicant place (NEW). Active and new CLs applying for Petsburgh must have an active Petsburgh site. Cls that are active in more than one other neighborhood can not be accepted.(Please place the neighborhood you are active in.) How much online time do you have to devote to Petsburgh? Are you under 18? No Yes Petsburgh Under the current Geocities policy, we must have parental consent for anyone under the age of 18. Please have your parents send their permission to Bev within 24 hours of submitting your application. If we do not receive parental consent, your application will automatically be terminated. We can not accept a CL application at all from anyone under the age of 13. What does ""leadership"" mean to you? List your technical strengths: List your interpersonal strengths: What is your motivation for wanting to be Community Leader? What does the Petsburgh Community mean to you? What ideas do you have for a committee or special project for Petsburg? Other Comments Important! Please check carefully before submitting your application, make sure your page follows GeoGuide lines completely!. I have reviewed the GeoCities Page Content Guidelines and my site complies with them in all aspects. The following information will be used only for setting up training. It will not be used for evaluating your application. To better match up a mentor for your training, let us know what hours you are generally online. Most CL's are in the U.S., if you live in another country, tell us that also so we can adjust the times.(example: afternoons, nights, no weekends, live in UK, etc.) Please Read This Disclaimer before You Submit. Remember, being a Community Leader is an important responsibility. Children under 13 are not permitted to apply. The personal information you will be providing is being sent to and collected by a volunteer, a Commun"
geocities.com,19990222081401,http://www7.geocities.com:80/Petsburgh/1000/apply.html,https://web.archive.org/web/19990222081401/http://www7.geocities.com:80/Petsburgh/1000/apply.html,CL Application,"CL Application All fields must be filled out. Incomplete Community Leader applications will be discarded without reply. Your name (what you want us to call you) GeoCities Member Name: Please use your member name that you applied for your Petsburgh site. The CL data base will reject member names that are not correct or used by existing CLs from another neighborhood. Preferred E-Mail Address: You will need to get a different email address for your CL work. Check out our Free Email listing for more info. It is preferred but not required that you do not use your ISP address. Neighborhood: (Pull down to select correct suburb your Petsburgh site resides) --Choose One-- Petsburgh Petsburgh/Farm Petsburgh/Zoo Address: Place the last digits of your sites url (Sample 1001) ICQ UIN (if you have one): Please enter a short bio of yourself. This will be used on the Petsburgh Leader Page if you are chosen as a leader. Write it exactly as you want it shown to geocities homesteaders on the Leader web page. It must be no more than 200 characters...anything longer will be edited and not necessarily the way you'd prefer. (REQUIRED) If you are a new applicant place (NEW). Active and new CLs applying for Petsburgh must have an active Petsburgh site. Cls that are active in more than one other neighborhood can not be accepted.(Please place the neighborhood you are active in.) How much online time do you have to devote to Petsburgh? Are you under 18? No Yes Petsburgh Under the current Geocities policy, we must have parental consent for anyone under the age of 18. Please have your parents send their permission to Bev within 24 hours of submitting your application. If we do not receive parental consent, your application will automatically be terminated. We can not accept a CL application at all from anyone under the age of 13. What does ""leadership"" mean to you? List your technical strengths: List your interpersonal strengths: What is your motivation for wanting to be Community Leader? What does the Petsburgh Community mean to you? What ideas do you have for a committee or special project for Petsburg? Other Comments Important! Please check carefully before submitting your application, make sure your page follows GeoGuide lines completely!. I have reviewed the GeoCities Page Content Guidelines and my site complies with them in all aspects. The following information will be used only for setting up training. It will not be used for evaluating your application. To better match up a mentor for your training, let us know what hours you are generally online. Most CL's are in the U.S., if you live in another country, tell us that also so we can adjust the times.(example: afternoons, nights, no weekends, live in UK, etc.) Please Read This Disclaimer before You Submit. Remember, being a Community Leader is an important responsibility. Children under 13 are not permitted to apply. The personal information you will be providing is being sent to and collected by a volunteer, a Commun",https://web.archive.org/web/19990222081401/http:/www7.geocities.com:80/Petsburgh/1000/trans.gif,14,10328,"CL Application

CL Application All fields must be filled out. Incomplete Community Leader applications will be discarded without reply. Your name (what you want us to call you) GeoCities Member Name: Please use your member name that you applied for your Petsburgh site. The CL data base will reject member names that are not correct or used by existing CLs from another neighborhood. Preferred E-Mail Address: You will need to get a different email address for your CL work. Check out our Free Email listing for more info. It is preferred but not required that you do not use your ISP address. Neighborhood: (Pull down to select correct suburb your Petsburgh site resides) --Choose One-- Petsburgh Petsburgh/Farm Petsburgh/Zoo Address: Place the last digits of your sites url (Sample 1001) ICQ UIN (if you have one): Please enter a short bio of yourself. This will be used on the Petsburgh Leader Page if you are chosen as a leader. Write it exactly as you want it shown to geocities homesteaders on the Leader web page. It must be no more than 200 characters...anything longer will be edited and not necessarily the way you'd prefer. (REQUIRED) If you are a new applicant place (NEW). Active and new CLs applying for Petsburgh must have an active Petsburgh site. Cls that are active in more than one other neighborhood can not be accepted.(Please place the neighborhood you are active in.) How much online time do you have to devote to Petsburgh? Are you under 18? No Yes Petsburgh Under the current Geocities policy, we must have parental consent for anyone under the age of 18. Please have your parents send their permission to Bev within 24 hours of submitting your application. If we do not receive parental consent, your application will automatically be terminated. We can not accept a CL application at all from anyone under the age of 13. What does ""leadership"" mean to you? List your technical strengths: List your interpersonal strengths: What is your motivation for wanting to be Community Leader? What does the Petsburgh Community mean to you? What ideas do you have for a committee or special project for Petsburg? Other Comments Important! Please check carefully before submitting your application, make sure your page follows GeoGuide lines completely!. I have reviewed the GeoCities Page Content Guidelines and my site complies with them in all aspects. The following information will be used only for setting up training. It will not be used for evaluating your application. To better match up a mentor for your training, let us know what hours you are generally online. Most CL's are in the U.S., if you live in another country, tell us that also so we can adjust the times.(example: afternoons, nights, no weekends, live in UK, etc.) Please Read This Disclaimer before You Submit. Remember, being a Community Leader is an important responsibility. Children under 13 are not permitted to apply. The personal information you will be providing is being sent to and collected by a volunteer, a Commun"
geocities.com,19991012151052,http://www.geocities.com:80/Petsburgh/1000/apply.html,https://web.archive.org/web/19991012151052/http://www.geocities.com:80/Petsburgh/1000/apply.html,CL Application,"CL Application All fields must be filled out. Incomplete Community Leader applications will be discarded without reply. Your name (what you want us to call you) GeoCities Member Name: Please use your member name that you applied for your Petsburgh site. The CL data base will reject member names that are not correct or used by existing CLs from another neighborhood. Preferred E-Mail Address: You will need to get a different email address for your CL work. Check out our Free Email listing for more info. It is preferred but not required that you do not use your ISP address. Neighborhood: (Pull down to select correct suburb your Petsburgh site resides) --Choose One-- Petsburgh Petsburgh/Farm Petsburgh/Zoo Petsburgh/Haven Petsburgh/Park Petsburgh/Fair Address: Place the last digits of your sites url (Sample 1001) ICQ UIN (if you have one): (BIO) Please enter a short bio of yourself. This will be used on the Petsburgh Leader Page if you are chosen as a leader. Write it exactly as you want it shown to geocities homesteaders on the Leader web page. It must be no more than 200 characters...anything longer will be edited and not necessarily the way you'd prefer. (REQUIRED) If you are a new applicant place (NEW). Active and new CLs applying for Petsburgh must have an active Petsburgh site. Cls that are active in more than one other neighborhood can not be accepted.(Please place the neighborhood you are active in.) How much online time do you have to devote to Petsburgh? Are you under 18? No Yes Petsburgh Under the current Geocities policy, we must have parental consent for anyone under the age of 18. Please have your parents send their permission to Lyn within 24 hours of submitting your application. If we do not receive parental consent, your application will automatically be terminated. We can not accept a CL application at all from anyone under the age of 13. What does ""leadership"" mean to you? List your technical strengths: List your interpersonal strengths: What is your motivation for wanting to be Community Leader? What does the Petsburgh Community mean to you? What ideas do you have for a committee or special project for Petsburg? Other Comments Important! Please check carefully before submitting your application, make sure your page follows GeoGuide lines completely!. I have reviewed the GeoCities Page Content Guidelines and my site complies with them in all aspects. The following information will be used only for setting up training. It will not be used for evaluating your application. To better match up a mentor for your training, let us know what hours you are generally online. Most CL's are in the U.S., if you live in another country, tell us that also so we can adjust the times.(example: afternoons, nights, no weekends, live in UK, etc.) Please Read This Disclaimer before You Submit. Remember, being a Community Leader is an important responsibility. Children under 13 are not permitted to apply. The personal information you will be providing is ",https://web.archive.org/web/19991012151052/http:/www.geocities.com:80/Petsburgh/1000/trans.gif,13,10914,"CL Application

CL Application All fields must be filled out. Incomplete Community Leader applications will be discarded without reply. Your name (what you want us to call you) GeoCities Member Name: Please use your member name that you applied for your Petsburgh site. The CL data base will reject member names that are not correct or used by existing CLs from another neighborhood. Preferred E-Mail Address: You will need to get a different email address for your CL work. Check out our Free Email listing for more info. It is preferred but not required that you do not use your ISP address. Neighborhood: (Pull down to select correct suburb your Petsburgh site resides) --Choose One-- Petsburgh Petsburgh/Farm Petsburgh/Zoo Petsburgh/Haven Petsburgh/Park Petsburgh/Fair Address: Place the last digits of your sites url (Sample 1001) ICQ UIN (if you have one): (BIO) Please enter a short bio of yourself. This will be used on the Petsburgh Leader Page if you are chosen as a leader. Write it exactly as you want it shown to geocities homesteaders on the Leader web page. It must be no more than 200 characters...anything longer will be edited and not necessarily the way you'd prefer. (REQUIRED) If you are a new applicant place (NEW). Active and new CLs applying for Petsburgh must have an active Petsburgh site. Cls that are active in more than one other neighborhood can not be accepted.(Please place the neighborhood you are active in.) How much online time do you have to devote to Petsburgh? Are you under 18? No Yes Petsburgh Under the current Geocities policy, we must have parental consent for anyone under the age of 18. Please have your parents send their permission to Lyn within 24 hours of submitting your application. If we do not receive parental consent, your application will automatically be terminated. We can not accept a CL application at all from anyone under the age of 13. What does ""leadership"" mean to you? List your technical strengths: List your interpersonal strengths: What is your motivation for wanting to be Community Leader? What does the Petsburgh Community mean to you? What ideas do you have for a committee or special project for Petsburg? Other Comments Important! Please check carefully before submitting your application, make sure your page follows GeoGuide lines completely!. I have reviewed the GeoCities Page Content Guidelines and my site complies with them in all aspects. The following information will be used only for setting up training. It will not be used for evaluating your application. To better match up a mentor for your training, let us know what hours you are generally online. Most CL's are in the U.S., if you live in another country, tell us that also so we can adjust the times.(example: afternoons, nights, no weekends, live in UK, etc.) Please Read This Disclaimer before You Submit. Remember, being a Community Leader is an important responsibility. Children under 13 are not permitted to apply. The personal information you will be providing is"
geocities.com,19990219172314,http://www1.geocities.com:80/Petsburgh/1000/applyinfo.html,https://web.archive.org/web/19990219172314/http://www1.geocities.com:80/Petsburgh/1000/applyinfo.html,Petsburgh Leaders Guide,"Petsburgh Leaders Guide Petsburgh Community Leader Application Serving Petsburgh and all of its suburbs Thank you for your interest in the Petsburgh Community Leader Program. The CL job can be very rewarding as you help homesteaders build their new homes on the web. This page is designed to answer many of your questions about being a CL. Once you are sure you would like to apply, you can fill out the application. Here are the answers to some questions you may have. What will I do as a CL? Serve as an example to other homesteaders. This includes having good home pages that fit the Petsburgh theme with no content violations, and having a ""developed"" page. This means it should have at least two sub pages. Monitor specific blocks in your neighborhood (as specified by the Liaison). You'll be looking for great sites and those pages that don't meet the content guidelines, which you will tell Geocities about so they can contact the owners or remove them if necessary; and content that doesn't match the theme of the Petsburgh neighborhood. Act as a liaison between your neighbors and Geocities. Your member name and e-mail address will be posted in a prominent place within the neighborhood so everyone will know who to contact if they have questions or problems. We encourage members to think of you as their primary resource, for everything from HTML problems to content guidelines to neighborhood themes. Some leaders may get 10 and 20 messages a day, sometimes more and most of the time less. Keep your own home page fresh and lively. If we're holding you out as leaders of the community, your own site should be a showcase. It doesn't have to be completely whiz-bang (although your fellow Community Leaders may be able to help you spice it up), but it should be updated at least once a week. It absolutely MUST conform to Geocities content guidelines and to the theme of your neighborhood. If it doesn't, your application will be automatically rejected. Recruit and nominate new Community Leaders by referring those who you think qualify to the Community Leader Application. You will also be asked to vote on applicants. You will be responsible for communicating with your fellow community leaders via email regarding Petsburgh Business. Although not mandatory, your presence is encouraged at the Petsburgh CL meetings held weekly and will help us ensure that Petsburgh is running efficiently. In addition, please notify your Liaison when any change in your email, URL, or committee work occurs. Probably some other things we haven't thought of yet, but we'll let you know when we do. What are the requirements of being a CL? Be an established homesteader in the Petsburgh community. Good HTML knowledge. We will not be able to train you on HTML and you will be answering a lot of HTML questions. Familiar with GeoCities utilities. Complete compliance with the Content Guidelines. We strongly urge you to have the GeoGuide on at least your index.html page. Willingness to help. Good commun",http://www.geocities.com/images/geoguideII/logo_b.gif,14,12708,"Petsburgh Leaders Guide

Petsburgh Leaders Guide Petsburgh Community Leader Application Serving Petsburgh and all of its suburbs Thank you for your interest in the Petsburgh Community Leader Program. The CL job can be very rewarding as you help homesteaders build their new homes on the web. This page is designed to answer many of your questions about being a CL. Once you are sure you would like to apply, you can fill out the application. Here are the answers to some questions you may have. What will I do as a CL? Serve as an example to other homesteaders. This includes having good home pages that fit the Petsburgh theme with no content violations, and having a ""developed"" page. This means it should have at least two sub pages. Monitor specific blocks in your neighborhood (as specified by the Liaison). You'll be looking for great sites and those pages that don't meet the content guidelines, which you will tell Geocities about so they can contact the owners or remove them if necessary; and content that doesn't match the theme of the Petsburgh neighborhood. Act as a liaison between your neighbors and Geocities. Your member name and e-mail address will be posted in a prominent place within the neighborhood so everyone will know who to contact if they have questions or problems. We encourage members to think of you as their primary resource, for everything from HTML problems to content guidelines to neighborhood themes. Some leaders may get 10 and 20 messages a day, sometimes more and most of the time less. Keep your own home page fresh and lively. If we're holding you out as leaders of the community, your own site should be a showcase. It doesn't have to be completely whiz-bang (although your fellow Community Leaders may be able to help you spice it up), but it should be updated at least once a week. It absolutely MUST conform to Geocities content guidelines and to the theme of your neighborhood. If it doesn't, your application will be automatically rejected. Recruit and nominate new Community Leaders by referring those who you think qualify to the Community Leader Application. You will also be asked to vote on applicants. You will be responsible for communicating with your fellow community leaders via email regarding Petsburgh Business. Although not mandatory, your presence is encouraged at the Petsburgh CL meetings held weekly and will help us ensure that Petsburgh is running efficiently. In addition, please notify your Liaison when any change in your email, URL, or committee work occurs. Probably some other things we haven't thought of yet, but we'll let you know when we do. What are the requirements of being a CL? Be an established homesteader in the Petsburgh community. Good HTML knowledge. We will not be able to train you on HTML and you will be answering a lot of HTML questions. Familiar with GeoCities utilities. Complete compliance with the Content Guidelines. We strongly urge you to have the GeoGuide on at least your index.html page. Willingness to help. Good commun"
geocities.com,19990220164713,http://www5.geocities.com:80/Petsburgh/1000/applyinfo.html,https://web.archive.org/web/19990220164713/http://www5.geocities.com:80/Petsburgh/1000/applyinfo.html,Petsburgh Leaders Guide,"Petsburgh Leaders Guide Petsburgh Community Leader Application Serving Petsburgh and all of its suburbs Thank you for your interest in the Petsburgh Community Leader Program. The CL job can be very rewarding as you help homesteaders build their new homes on the web. This page is designed to answer many of your questions about being a CL. Once you are sure you would like to apply, you can fill out the application. Here are the answers to some questions you may have. What will I do as a CL? Serve as an example to other homesteaders. This includes having good home pages that fit the Petsburgh theme with no content violations, and having a ""developed"" page. This means it should have at least two sub pages. Monitor specific blocks in your neighborhood (as specified by the Liaison). You'll be looking for great sites and those pages that don't meet the content guidelines, which you will tell Geocities about so they can contact the owners or remove them if necessary; and content that doesn't match the theme of the Petsburgh neighborhood. Act as a liaison between your neighbors and Geocities. Your member name and e-mail address will be posted in a prominent place within the neighborhood so everyone will know who to contact if they have questions or problems. We encourage members to think of you as their primary resource, for everything from HTML problems to content guidelines to neighborhood themes. Some leaders may get 10 and 20 messages a day, sometimes more and most of the time less. Keep your own home page fresh and lively. If we're holding you out as leaders of the community, your own site should be a showcase. It doesn't have to be completely whiz-bang (although your fellow Community Leaders may be able to help you spice it up), but it should be updated at least once a week. It absolutely MUST conform to Geocities content guidelines and to the theme of your neighborhood. If it doesn't, your application will be automatically rejected. Recruit and nominate new Community Leaders by referring those who you think qualify to the Community Leader Application. You will also be asked to vote on applicants. You will be responsible for communicating with your fellow community leaders via email regarding Petsburgh Business. Although not mandatory, your presence is encouraged at the Petsburgh CL meetings held weekly and will help us ensure that Petsburgh is running efficiently. In addition, please notify your Liaison when any change in your email, URL, or committee work occurs. Probably some other things we haven't thought of yet, but we'll let you know when we do. What are the requirements of being a CL? Be an established homesteader in the Petsburgh community. Good HTML knowledge. We will not be able to train you on HTML and you will be answering a lot of HTML questions. Familiar with GeoCities utilities. Complete compliance with the Content Guidelines. We strongly urge you to have the GeoGuide on at least your index.html page. Willingness to help. Good commun",http://www.geocities.com/images/geoguideII/logo_b.gif,14,12702,"Petsburgh Leaders Guide

Petsburgh Leaders Guide Petsburgh Community Leader Application Serving Petsburgh and all of its suburbs Thank you for your interest in the Petsburgh Community Leader Program. The CL job can be very rewarding as you help homesteaders build their new homes on the web. This page is designed to answer many of your questions about being a CL. Once you are sure you would like to apply, you can fill out the application. Here are the answers to some questions you may have. What will I do as a CL? Serve as an example to other homesteaders. This includes having good home pages that fit the Petsburgh theme with no content violations, and having a ""developed"" page. This means it should have at least two sub pages. Monitor specific blocks in your neighborhood (as specified by the Liaison). You'll be looking for great sites and those pages that don't meet the content guidelines, which you will tell Geocities about so they can contact the owners or remove them if necessary; and content that doesn't match the theme of the Petsburgh neighborhood. Act as a liaison between your neighbors and Geocities. Your member name and e-mail address will be posted in a prominent place within the neighborhood so everyone will know who to contact if they have questions or problems. We encourage members to think of you as their primary resource, for everything from HTML problems to content guidelines to neighborhood themes. Some leaders may get 10 and 20 messages a day, sometimes more and most of the time less. Keep your own home page fresh and lively. If we're holding you out as leaders of the community, your own site should be a showcase. It doesn't have to be completely whiz-bang (although your fellow Community Leaders may be able to help you spice it up), but it should be updated at least once a week. It absolutely MUST conform to Geocities content guidelines and to the theme of your neighborhood. If it doesn't, your application will be automatically rejected. Recruit and nominate new Community Leaders by referring those who you think qualify to the Community Leader Application. You will also be asked to vote on applicants. You will be responsible for communicating with your fellow community leaders via email regarding Petsburgh Business. Although not mandatory, your presence is encouraged at the Petsburgh CL meetings held weekly and will help us ensure that Petsburgh is running efficiently. In addition, please notify your Liaison when any change in your email, URL, or committee work occurs. Probably some other things we haven't thought of yet, but we'll let you know when we do. What are the requirements of being a CL? Be an established homesteader in the Petsburgh community. Good HTML knowledge. We will not be able to train you on HTML and you will be answering a lot of HTML questions. Familiar with GeoCities utilities. Complete compliance with the Content Guidelines. We strongly urge you to have the GeoGuide on at least your index.html page. Willingness to help. Good commun"
geocities.com,19990221235637,http://www12.geocities.com:80/Petsburgh/1000/applyinfo.html,https://web.archive.org/web/19990221235637/http://www12.geocities.com:80/Petsburgh/1000/applyinfo.html,Petsburgh Leaders Guide,"Petsburgh Leaders Guide Petsburgh Community Leader Application Serving Petsburgh and all of its suburbs Thank you for your interest in the Petsburgh Community Leader Program. The CL job can be very rewarding as you help homesteaders build their new homes on the web. This page is designed to answer many of your questions about being a CL. Once you are sure you would like to apply, you can fill out the application. Here are the answers to some questions you may have. What will I do as a CL? Serve as an example to other homesteaders. This includes having good home pages that fit the Petsburgh theme with no content violations, and having a ""developed"" page. This means it should have at least two sub pages. Monitor specific blocks in your neighborhood (as specified by the Liaison). You'll be looking for great sites and those pages that don't meet the content guidelines, which you will tell Geocities about so they can contact the owners or remove them if necessary; and content that doesn't match the theme of the Petsburgh neighborhood. Act as a liaison between your neighbors and Geocities. Your member name and e-mail address will be posted in a prominent place within the neighborhood so everyone will know who to contact if they have questions or problems. We encourage members to think of you as their primary resource, for everything from HTML problems to content guidelines to neighborhood themes. Some leaders may get 10 and 20 messages a day, sometimes more and most of the time less. Keep your own home page fresh and lively. If we're holding you out as leaders of the community, your own site should be a showcase. It doesn't have to be completely whiz-bang (although your fellow Community Leaders may be able to help you spice it up), but it should be updated at least once a week. It absolutely MUST conform to Geocities content guidelines and to the theme of your neighborhood. If it doesn't, your application will be automatically rejected. Recruit and nominate new Community Leaders by referring those who you think qualify to the Community Leader Application. You will also be asked to vote on applicants. You will be responsible for communicating with your fellow community leaders via email regarding Petsburgh Business. Although not mandatory, your presence is encouraged at the Petsburgh CL meetings held weekly and will help us ensure that Petsburgh is running efficiently. In addition, please notify your Liaison when any change in your email, URL, or committee work occurs. Probably some other things we haven't thought of yet, but we'll let you know when we do. What are the requirements of being a CL? Be an established homesteader in the Petsburgh community. Good HTML knowledge. We will not be able to train you on HTML and you will be answering a lot of HTML questions. Familiar with GeoCities utilities. Complete compliance with the Content Guidelines. We strongly urge you to have the GeoGuide on at least your index.html page. Willingness to help. Good commun",http://www.geocities.com/images/geoguideII/logo_b.gif,14,12706,"Petsburgh Leaders Guide

Petsburgh Leaders Guide Petsburgh Community Leader Application Serving Petsburgh and all of its suburbs Thank you for your interest in the Petsburgh Community Leader Program. The CL job can be very rewarding as you help homesteaders build their new homes on the web. This page is designed to answer many of your questions about being a CL. Once you are sure you would like to apply, you can fill out the application. Here are the answers to some questions you may have. What will I do as a CL? Serve as an example to other homesteaders. This includes having good home pages that fit the Petsburgh theme with no content violations, and having a ""developed"" page. This means it should have at least two sub pages. Monitor specific blocks in your neighborhood (as specified by the Liaison). You'll be looking for great sites and those pages that don't meet the content guidelines, which you will tell Geocities about so they can contact the owners or remove them if necessary; and content that doesn't match the theme of the Petsburgh neighborhood. Act as a liaison between your neighbors and Geocities. Your member name and e-mail address will be posted in a prominent place within the neighborhood so everyone will know who to contact if they have questions or problems. We encourage members to think of you as their primary resource, for everything from HTML problems to content guidelines to neighborhood themes. Some leaders may get 10 and 20 messages a day, sometimes more and most of the time less. Keep your own home page fresh and lively. If we're holding you out as leaders of the community, your own site should be a showcase. It doesn't have to be completely whiz-bang (although your fellow Community Leaders may be able to help you spice it up), but it should be updated at least once a week. It absolutely MUST conform to Geocities content guidelines and to the theme of your neighborhood. If it doesn't, your application will be automatically rejected. Recruit and nominate new Community Leaders by referring those who you think qualify to the Community Leader Application. You will also be asked to vote on applicants. You will be responsible for communicating with your fellow community leaders via email regarding Petsburgh Business. Although not mandatory, your presence is encouraged at the Petsburgh CL meetings held weekly and will help us ensure that Petsburgh is running efficiently. In addition, please notify your Liaison when any change in your email, URL, or committee work occurs. Probably some other things we haven't thought of yet, but we'll let you know when we do. What are the requirements of being a CL? Be an established homesteader in the Petsburgh community. Good HTML knowledge. We will not be able to train you on HTML and you will be answering a lot of HTML questions. Familiar with GeoCities utilities. Complete compliance with the Content Guidelines. We strongly urge you to have the GeoGuide on at least your index.html page. Willingness to help. Good commun"
geocities.com,19990222075942,http://www.geocities.com:80/Petsburgh/1000/applyinfo.html,https://web.archive.org/web/19990222075942/http://www.geocities.com:80/Petsburgh/1000/applyinfo.html,Petsburgh Leaders Guide,"Petsburgh Leaders Guide Petsburgh Community Leader Application Serving Petsburgh and all of its suburbs Thank you for your interest in the Petsburgh Community Leader Program. The CL job can be very rewarding as you help homesteaders build their new homes on the web. This page is designed to answer many of your questions about being a CL. Once you are sure you would like to apply, you can fill out the application. Here are the answers to some questions you may have. What will I do as a CL? Serve as an example to other homesteaders. This includes having good home pages that fit the Petsburgh theme with no content violations, and having a ""developed"" page. This means it should have at least two sub pages. Monitor specific blocks in your neighborhood (as specified by the Liaison). You'll be looking for great sites and those pages that don't meet the content guidelines, which you will tell Geocities about so they can contact the owners or remove them if necessary; and content that doesn't match the theme of the Petsburgh neighborhood. Act as a liaison between your neighbors and Geocities. Your member name and e-mail address will be posted in a prominent place within the neighborhood so everyone will know who to contact if they have questions or problems. We encourage members to think of you as their primary resource, for everything from HTML problems to content guidelines to neighborhood themes. Some leaders may get 10 and 20 messages a day, sometimes more and most of the time less. Keep your own home page fresh and lively. If we're holding you out as leaders of the community, your own site should be a showcase. It doesn't have to be completely whiz-bang (although your fellow Community Leaders may be able to help you spice it up), but it should be updated at least once a week. It absolutely MUST conform to Geocities content guidelines and to the theme of your neighborhood. If it doesn't, your application will be automatically rejected. Recruit and nominate new Community Leaders by referring those who you think qualify to the Community Leader Application. You will also be asked to vote on applicants. You will be responsible for communicating with your fellow community leaders via email regarding Petsburgh Business. Although not mandatory, your presence is encouraged at the Petsburgh CL meetings held weekly and will help us ensure that Petsburgh is running efficiently. In addition, please notify your Liaison when any change in your email, URL, or committee work occurs. Probably some other things we haven't thought of yet, but we'll let you know when we do. What are the requirements of being a CL? Be an established homesteader in the Petsburgh community. Good HTML knowledge. We will not be able to train you on HTML and you will be answering a lot of HTML questions. Familiar with GeoCities utilities. Complete compliance with the Content Guidelines. We strongly urge you to have the GeoGuide on at least your index.html page. Willingness to help. Good commun",http://www.geocities.com/images/geoguideII/logo_b.gif,13,13104,"Petsburgh Leaders Guide

Petsburgh Leaders Guide Petsburgh Community Leader Application Serving Petsburgh and all of its suburbs Thank you for your interest in the Petsburgh Community Leader Program. The CL job can be very rewarding as you help homesteaders build their new homes on the web. This page is designed to answer many of your questions about being a CL. Once you are sure you would like to apply, you can fill out the application. Here are the answers to some questions you may have. What will I do as a CL? Serve as an example to other homesteaders. This includes having good home pages that fit the Petsburgh theme with no content violations, and having a ""developed"" page. This means it should have at least two sub pages. Monitor specific blocks in your neighborhood (as specified by the Liaison). You'll be looking for great sites and those pages that don't meet the content guidelines, which you will tell Geocities about so they can contact the owners or remove them if necessary; and content that doesn't match the theme of the Petsburgh neighborhood. Act as a liaison between your neighbors and Geocities. Your member name and e-mail address will be posted in a prominent place within the neighborhood so everyone will know who to contact if they have questions or problems. We encourage members to think of you as their primary resource, for everything from HTML problems to content guidelines to neighborhood themes. Some leaders may get 10 and 20 messages a day, sometimes more and most of the time less. Keep your own home page fresh and lively. If we're holding you out as leaders of the community, your own site should be a showcase. It doesn't have to be completely whiz-bang (although your fellow Community Leaders may be able to help you spice it up), but it should be updated at least once a week. It absolutely MUST conform to Geocities content guidelines and to the theme of your neighborhood. If it doesn't, your application will be automatically rejected. Recruit and nominate new Community Leaders by referring those who you think qualify to the Community Leader Application. You will also be asked to vote on applicants. You will be responsible for communicating with your fellow community leaders via email regarding Petsburgh Business. Although not mandatory, your presence is encouraged at the Petsburgh CL meetings held weekly and will help us ensure that Petsburgh is running efficiently. In addition, please notify your Liaison when any change in your email, URL, or committee work occurs. Probably some other things we haven't thought of yet, but we'll let you know when we do. What are the requirements of being a CL? Be an established homesteader in the Petsburgh community. Good HTML knowledge. We will not be able to train you on HTML and you will be answering a lot of HTML questions. Familiar with GeoCities utilities. Complete compliance with the Content Guidelines. We strongly urge you to have the GeoGuide on at least your index.html page. Willingness to help. Good commun"
geocities.com,19990222093950,http://www7.geocities.com:80/Petsburgh/1000/applyinfo.html,https://web.archive.org/web/19990222093950/http://www7.geocities.com:80/Petsburgh/1000/applyinfo.html,Petsburgh Leaders Guide,"Petsburgh Leaders Guide Petsburgh Community Leader Application Serving Petsburgh and all of its suburbs Thank you for your interest in the Petsburgh Community Leader Program. The CL job can be very rewarding as you help homesteaders build their new homes on the web. This page is designed to answer many of your questions about being a CL. Once you are sure you would like to apply, you can fill out the application. Here are the answers to some questions you may have. What will I do as a CL? Serve as an example to other homesteaders. This includes having good home pages that fit the Petsburgh theme with no content violations, and having a ""developed"" page. This means it should have at least two sub pages. Monitor specific blocks in your neighborhood (as specified by the Liaison). You'll be looking for great sites and those pages that don't meet the content guidelines, which you will tell Geocities about so they can contact the owners or remove them if necessary; and content that doesn't match the theme of the Petsburgh neighborhood. Act as a liaison between your neighbors and Geocities. Your member name and e-mail address will be posted in a prominent place within the neighborhood so everyone will know who to contact if they have questions or problems. We encourage members to think of you as their primary resource, for everything from HTML problems to content guidelines to neighborhood themes. Some leaders may get 10 and 20 messages a day, sometimes more and most of the time less. Keep your own home page fresh and lively. If we're holding you out as leaders of the community, your own site should be a showcase. It doesn't have to be completely whiz-bang (although your fellow Community Leaders may be able to help you spice it up), but it should be updated at least once a week. It absolutely MUST conform to Geocities content guidelines and to the theme of your neighborhood. If it doesn't, your application will be automatically rejected. Recruit and nominate new Community Leaders by referring those who you think qualify to the Community Leader Application. You will also be asked to vote on applicants. You will be responsible for communicating with your fellow community leaders via email regarding Petsburgh Business. Although not mandatory, your presence is encouraged at the Petsburgh CL meetings held weekly and will help us ensure that Petsburgh is running efficiently. In addition, please notify your Liaison when any change in your email, URL, or committee work occurs. Probably some other things we haven't thought of yet, but we'll let you know when we do. What are the requirements of being a CL? Be an established homesteader in the Petsburgh community. Good HTML knowledge. We will not be able to train you on HTML and you will be answering a lot of HTML questions. Familiar with GeoCities utilities. Complete compliance with the Content Guidelines. We strongly urge you to have the GeoGuide on at least your index.html page. Willingness to help. Good commun",http://www.geocities.com/images/geoguideII/logo_b.gif,13,13104,"Petsburgh Leaders Guide

Petsburgh Leaders Guide Petsburgh Community Leader Application Serving Petsburgh and all of its suburbs Thank you for your interest in the Petsburgh Community Leader Program. The CL job can be very rewarding as you help homesteaders build their new homes on the web. This page is designed to answer many of your questions about being a CL. Once you are sure you would like to apply, you can fill out the application. Here are the answers to some questions you may have. What will I do as a CL? Serve as an example to other homesteaders. This includes having good home pages that fit the Petsburgh theme with no content violations, and having a ""developed"" page. This means it should have at least two sub pages. Monitor specific blocks in your neighborhood (as specified by the Liaison). You'll be looking for great sites and those pages that don't meet the content guidelines, which you will tell Geocities about so they can contact the owners or remove them if necessary; and content that doesn't match the theme of the Petsburgh neighborhood. Act as a liaison between your neighbors and Geocities. Your member name and e-mail address will be posted in a prominent place within the neighborhood so everyone will know who to contact if they have questions or problems. We encourage members to think of you as their primary resource, for everything from HTML problems to content guidelines to neighborhood themes. Some leaders may get 10 and 20 messages a day, sometimes more and most of the time less. Keep your own home page fresh and lively. If we're holding you out as leaders of the community, your own site should be a showcase. It doesn't have to be completely whiz-bang (although your fellow Community Leaders may be able to help you spice it up), but it should be updated at least once a week. It absolutely MUST conform to Geocities content guidelines and to the theme of your neighborhood. If it doesn't, your application will be automatically rejected. Recruit and nominate new Community Leaders by referring those who you think qualify to the Community Leader Application. You will also be asked to vote on applicants. You will be responsible for communicating with your fellow community leaders via email regarding Petsburgh Business. Although not mandatory, your presence is encouraged at the Petsburgh CL meetings held weekly and will help us ensure that Petsburgh is running efficiently. In addition, please notify your Liaison when any change in your email, URL, or committee work occurs. Probably some other things we haven't thought of yet, but we'll let you know when we do. What are the requirements of being a CL? Be an established homesteader in the Petsburgh community. Good HTML knowledge. We will not be able to train you on HTML and you will be answering a lot of HTML questions. Familiar with GeoCities utilities. Complete compliance with the Content Guidelines. We strongly urge you to have the GeoGuide on at least your index.html page. Willingness to help. Good commun"
geocities.com,19991012160109,http://www.geocities.com:80/Petsburgh/1000/awards.html,https://web.archive.org/web/19991012160109/http://www.geocities.com:80/Petsburgh/1000/awards.html,Petsburgh Leaders Guide,"Petsburgh Leaders Guide HAPPY ONE YEAR BIRTHDAY PETSBURGH!!! One year old on September 11, 1999 AWARDS, CONTESTS & FUN STUFF! PETSBURGH PARTY!! ALWAYS NEW THINGS AT THE PARTY! Submit your pet's birthday! Enter Pet of the Month!! and Seasonal things too! Petsburgh Graphics Committee Visit for backgrounds, etc for your website! THE PETSBURGH POST Homesteaders...submit your site to the Petsburgh Post where it will be listed by categories! Dogs-Cats-Horses-Birds & many more! Makes surfing your favorites so EASY! The Furkids Western Adventure CHAPTER FIVE is now READY! The history of Colorado comes to life as real pets of Petsburgh portray characters from the wild, wild West! Written by Boomer J. Foxworthy, the BassBeag! Petsburgh Rainbow Bridge Dedicated to our babies who wait for us! Join the webring too! For the International community, visit our newest committee dedicated to celebrations, holidays, and animals from around the world. If you have a Geocities website featuring the special events in your country visit our committee site and submit it for inclusion! Not for PERSONAL pet pages, please! Read the Petsburgh Gazette today! Click on LOGO and see the wonderful articles waiting for you, including: a Trivia Contest, Poetry Corner, Book Reviews, Current Affairs concerning our Pets, and MORE, MORE, MORE! Pay us a visit and see! Spotlight On CL's Petsburgh Country Kitchen Pet Site Of The Week This committee will select sites to compete each week and our Petsburgh CL's will vote for the best one! There will then be a Pet Site Of The Month from the weekly winners and an annual Pet Site Of The Year vote. Click on the Blue Ribbon to enter Sites entered will be placed in categories with a once-per-week vote by Petsburgh Community Leaders!! Hurry over and enter your site...beautiful awards for many different types of pets!! Petsburgh PETZ Website/Webring/Showring Bring your adopted CATZ,DOGZ & PETZ to our ShowRing for fun contests, a new webring and lots of fun and exciting things to come! Pride of Petsburgh Contest Enter your pet site in this weekly contest and YOU, the homesteaders, vote for your favorite!! Beautiful awards...lots of fun! Treasure Chest Check here for the awards offered throughout Petsburgh and Geocities and for webrings from Petsburgh! Hall Of Fame Did you move your Featured Page to Petsburgh? Visit this site and submit your site for this Page of Honor!! Rescue Pet Award From the streets and shelters to the good life! This award honors rescued pets! Visit and apply! Petsburgh Service Award The Petsburgh Service Award honors the Petsburgh homesteaders whose sites introduce us to outstanding animals who work for man - search and rescue, police work, therapy animals, seeing eye dogs, hearing assistance, and more. Also honored are sites about those who perform outstanding service for our animal friends. CONTESTS DISCLAIMER Information collected from entries in contests listed here will be used by Petsburgh Committees solely for the purpo",http://a372.g.akamaitech.net/6/372/27/000/pic.geocities.com/images/geoguideII/updates/logo_b.gif,23,11487,"Petsburgh Leaders Guide

Petsburgh Leaders Guide HAPPY ONE YEAR BIRTHDAY PETSBURGH!!! One year old on September 11, 1999 AWARDS, CONTESTS & FUN STUFF! PETSBURGH PARTY!! ALWAYS NEW THINGS AT THE PARTY! Submit your pet's birthday! Enter Pet of the Month!! and Seasonal things too! Petsburgh Graphics Committee Visit for backgrounds, etc for your website! THE PETSBURGH POST Homesteaders...submit your site to the Petsburgh Post where it will be listed by categories! Dogs-Cats-Horses-Birds & many more! Makes surfing your favorites so EASY! The Furkids Western Adventure CHAPTER FIVE is now READY! The history of Colorado comes to life as real pets of Petsburgh portray characters from the wild, wild West! Written by Boomer J. Foxworthy, the BassBeag! Petsburgh Rainbow Bridge Dedicated to our babies who wait for us! Join the webring too! For the International community, visit our newest committee dedicated to celebrations, holidays, and animals from around the world. If you have a Geocities website featuring the special events in your country visit our committee site and submit it for inclusion! Not for PERSONAL pet pages, please! Read the Petsburgh Gazette today! Click on LOGO and see the wonderful articles waiting for you, including: a Trivia Contest, Poetry Corner, Book Reviews, Current Affairs concerning our Pets, and MORE, MORE, MORE! Pay us a visit and see! Spotlight On CL's Petsburgh Country Kitchen Pet Site Of The Week This committee will select sites to compete each week and our Petsburgh CL's will vote for the best one! There will then be a Pet Site Of The Month from the weekly winners and an annual Pet Site Of The Year vote. Click on the Blue Ribbon to enter Sites entered will be placed in categories with a once-per-week vote by Petsburgh Community Leaders!! Hurry over and enter your site...beautiful awards for many different types of pets!! Petsburgh PETZ Website/Webring/Showring Bring your adopted CATZ,DOGZ & PETZ to our ShowRing for fun contests, a new webring and lots of fun and exciting things to come! Pride of Petsburgh Contest Enter your pet site in this weekly contest and YOU, the homesteaders, vote for your favorite!! Beautiful awards...lots of fun! Treasure Chest Check here for the awards offered throughout Petsburgh and Geocities and for webrings from Petsburgh! Hall Of Fame Did you move your Featured Page to Petsburgh? Visit this site and submit your site for this Page of Honor!! Rescue Pet Award From the streets and shelters to the good life! This award honors rescued pets! Visit and apply! Petsburgh Service Award The Petsburgh Service Award honors the Petsburgh homesteaders whose sites introduce us to outstanding animals who work for man - search and rescue, police work, therapy animals, seeing eye dogs, hearing assistance, and more. Also honored are sites about those who perform outstanding service for our animal friends. CONTESTS DISCLAIMER Information collected from entries in contests listed here will be used by Petsburgh Committees solely for the purpo"
geocities.com,20000505161928,http://www.geocities.com:80/Petsburgh/1000/clgrads.html,https://web.archive.org/web/20000505161928/http://www.geocities.com:80/Petsburgh/1000/clgrads.html,Welcome New Petsburgh Community Leaders!!!,"Welcome New Petsburgh Community Leaders!!! Hello, and Welcome New Petsburgh Community Leaders! It is so great to have you aboard our team! Here you will meet some of the Community Leaders that have made it through the CL Training. If you have graduated and your name isn't here, please let me know and I will add you. Please make sure you let me know exactly what date you graduated. Now that you have graduated, please stop by and pick up a CL graphic of your choice. CL Graphics Check below to make sure your Name and Graduation Date and web address are all correct! Retired And YOUR NAME could go on one of the blank certificates! C'mon and join us! For More Choices of Diplomas for your Web Pages, please click on the graduation cap! Feel free to use the above image on your page! I would like to remind you to use the Leaderguide . The leaderguide is there to get you around Petsburgh. And don't worry, all of us CL's use it! We can't remember everything and we make mistakes. So don't be shy, if you have a question and can't find the answer on the Leaderguide, give one of us a holler! And again CONGRATS!!",https://web.archive.org/web/20000505161928/http:/www.geocities.com:80/Petsburgh/1000/clgradsban.jpg,24,5244,"Welcome New Petsburgh Community Leaders!!!

Welcome New Petsburgh Community Leaders!!! Hello, and Welcome New Petsburgh Community Leaders! It is so great to have you aboard our team! Here you will meet some of the Community Leaders that have made it through the CL Training. If you have graduated and your name isn't here, please let me know and I will add you. Please make sure you let me know exactly what date you graduated. Now that you have graduated, please stop by and pick up a CL graphic of your choice. CL Graphics Check below to make sure your Name and Graduation Date and web address are all correct! Retired And YOUR NAME could go on one of the blank certificates! C'mon and join us! For More Choices of Diplomas for your Web Pages, please click on the graduation cap! Feel free to use the above image on your page! I would like to remind you to use the Leaderguide . The leaderguide is there to get you around Petsburgh. And don't worry, all of us CL's use it! We can't remember everything and we make mistakes. So don't be shy, if you have a question and can't find the answer on the Leaderguide, give one of us a holler! And again CONGRATS!!"
geocities.com,20000521021105,http://www.geocities.com:80/Petsburgh/1000/clpride.html,https://web.archive.org/web/20000521021105/http://www.geocities.com:80/Petsburgh/1000/clpride.html,Community Leader Pride,"Community Leader Pride PETSBURGH CL'S ARE PROUD TO BE HERE! TEAM TALK!! From: Lisa - Petsburgh Liaison There is no better team to work with in the years I have been on the net, than Petsburgh personnel. There is no comparison to the camraderie I have found here, and there is no better feeling than getting that simple ""thank you"" from a homesteader you have helped along the way. This morning I was reminded of someone I helped when I worked with a committee here in Petsburgh....that homesteader just graduated into our family of CLs. She did a full circle and I'm so proud of her. But it's the special situations like this that remind me of just how important we are. Every one of us has a very important message to give to the homesteaders. We are HERE to help THEM. The enjoyment we get from their thanks is just an extra unexpected bonus for us. A pat on the back.... a warm fuzzy feeling. Think of the enthusiasm we have planted in that homesteader on the ladder of learning. THAT is why I enjoy being a Community Leader! Lisa aka birdbaby From SuSue - Petsburgh/Yard Co-Liaison I became a CL because I couldn't find one to help me!! When I first discovered the internet, I found a sign up page on Angelfire. I knew NOTHING about webpage design, not a bit of HTML code (what is that), and did not even know that there was life beyond Angelfire! I was naive to say the least! There was no one to turn to for help, there were no community leaders. They had a very complicated (in my opinion at the time) editor, but I managed to get one page done, with their equivilant of the basic editor. I still have that page. I have updated it once, but it is still ONE page! Its been there for 3 years! Not long after that I found somebody on Angelfire with a link to someone's sight on GeoCities! GeoCities? What is that? Off I went, well the rest is history, I never looked back! First I opened my site in Heartland. http://www.geocities.com/Heartland/Acres/2410 I made my sister open one there too! http://www.geocities.com/Heartland/Acres/2322 We AGONIZED over choosing where to put our sites! We are farm girls you see, and we wanted something that reflected our rural Washington upbringing. We don't have estates, or ranches, or prairies here! But AH HA! We have Acres!! Acres it was! Well neither of us knew diddly about making a home page, but we did know we wanted on! My sister was scared to death of her computer and the internet intimidated her righteously! So I opened her site, and mine. I forced myself to learn how to do this HTML stuff. And finally got a couple of decent pages up for both of us up! I visited other pages and I studied how pages were set up, and I emailed other homesteaders and made a general pest of myself learning how to do this! Our friends got wind of our sudden internet expertise (I use the term losely!) and they wanted a web page. Pretty soon, I had made lots of them and had gotten pretty good at this! I had still not HEARD from a CL! Then while out visiting ",https://web.archive.org/web/20000521021105/http:/www.geocities.com:80/Petsburgh/1000/petsburgh.gif,7,9440,"Community Leader Pride

Community Leader Pride PETSBURGH CL'S ARE PROUD TO BE HERE! TEAM TALK!! From: Lisa - Petsburgh Liaison There is no better team to work with in the years I have been on the net, than Petsburgh personnel. There is no comparison to the camraderie I have found here, and there is no better feeling than getting that simple ""thank you"" from a homesteader you have helped along the way. This morning I was reminded of someone I helped when I worked with a committee here in Petsburgh....that homesteader just graduated into our family of CLs. She did a full circle and I'm so proud of her. But it's the special situations like this that remind me of just how important we are. Every one of us has a very important message to give to the homesteaders. We are HERE to help THEM. The enjoyment we get from their thanks is just an extra unexpected bonus for us. A pat on the back.... a warm fuzzy feeling. Think of the enthusiasm we have planted in that homesteader on the ladder of learning. THAT is why I enjoy being a Community Leader! Lisa aka birdbaby From SuSue - Petsburgh/Yard Co-Liaison I became a CL because I couldn't find one to help me!! When I first discovered the internet, I found a sign up page on Angelfire. I knew NOTHING about webpage design, not a bit of HTML code (what is that), and did not even know that there was life beyond Angelfire! I was naive to say the least! There was no one to turn to for help, there were no community leaders. They had a very complicated (in my opinion at the time) editor, but I managed to get one page done, with their equivilant of the basic editor. I still have that page. I have updated it once, but it is still ONE page! Its been there for 3 years! Not long after that I found somebody on Angelfire with a link to someone's sight on GeoCities! GeoCities? What is that? Off I went, well the rest is history, I never looked back! First I opened my site in Heartland. http://www.geocities.com/Heartland/Acres/2410 I made my sister open one there too! http://www.geocities.com/Heartland/Acres/2322 We AGONIZED over choosing where to put our sites! We are farm girls you see, and we wanted something that reflected our rural Washington upbringing. We don't have estates, or ranches, or prairies here! But AH HA! We have Acres!! Acres it was! Well neither of us knew diddly about making a home page, but we did know we wanted on! My sister was scared to death of her computer and the internet intimidated her righteously! So I opened her site, and mine. I forced myself to learn how to do this HTML stuff. And finally got a couple of decent pages up for both of us up! I visited other pages and I studied how pages were set up, and I emailed other homesteaders and made a general pest of myself learning how to do this! Our friends got wind of our sudden internet expertise (I use the term losely!) and they wanted a web page. Pretty soon, I had made lots of them and had gotten pretty good at this! I had still not HEARD from a CL! Then while out visiting"
geocities.com,20010421130230,http://www.geocities.com:80/Petsburgh/1000/clpride2.html,https://web.archive.org/web/20010421130230/http://www.geocities.com:80/Petsburgh/1000/clpride2.html,Community Leader Pride Page Two,"Community Leader Pride Page Two PETSBURGH CL'S ARE PROUD TO BE HERE! TEAM TALK!! From: Ferd - Petsburgh Park Co-Liaison Haah, I've read what some people have said about why they became CLs, and I wanted to present the male engineer point of view. I didn't go through a painful learning process. My background is architecture, engineering, and computer science. I started back when the Internet was still the Arpanet (well, actually, I started in the days of punch cards and teletypes). I ran a mailing list for 15 years, taught programming at the local community college, and *part* of my job has often including being the system administrator for everything from a supermini to a couple of dozen UN*X workstations. I wrote my first web page about 4 years ago. At the time, the only browser was Mosaic and we used HTML 1.0. I like HTML because it is a markup language like TeX (I'm a local TeXpert). One of my hobbies is learning new computer languages, which is one reason why I learned HTML, Perl, and Java. I've even written programs in PostScript; it's not just for printers. Given that background, I decided to become a CL so I could enlighten the masses. That's not meant to be a snobby comment -- I want to help people get over the initial hump in the learning curve. The more people who know how to write good HTML, the more good pages I'll see. I didn't join to meet people; I've had net friends from British Columbia, England, and Australia, and I already get more email than I want. That's why I joined the C&R Committee instead of the Welcome Committee. I don't get much steader email, which I think is mostly because of the block I run. While it contains a few really good sites, it's about 70% NMIYs (yes, I've sent a welcome letter to everyone). I have helped a few people get started, and one person graduated from using GeoBuilder to writing HTML. OTOH, most of the questions I get are from other areas of Petsburgh. They all write back to thank me for helping or to ask more questions. My favorite is the one where the steader thanked me for answering her question nicely instead of saying something nasty (she had misread some instructions). Yeah, maybe I should have a page in Silicon Valley, but I don't want a site about writing HTML. (Maybe someday ....) I started in Heartland because I wanted to create a site about our horses and cats, then I moved to Petsburgh a few days after it opened. Heck, the reason we bought our first horse was so I'd get outside more. I knew almost nothing about horses, and I didn't even know you lead them on the left! HTML, yes; horses, no :-) Since then I've learned to ride and have raised a couple of foals. Lemme sum up this way -- I want to help new steaders learn HTML and good web page design the same way other people have taught me about horses. Regards, Ferd Petsburgh/Farm Community Leader From: ""Sue Williams (Siouxx)"" OK, I am rather new at being a CL. The reason I became a CL is because my friend Kerri (Mischief&Mom) told me I w",https://web.archive.org/web/20010421130230/http:/www.geocities.com:80/Petsburgh/1000/tt1.jpg,4,6344,"Community Leader Pride Page Two

Community Leader Pride Page Two PETSBURGH CL'S ARE PROUD TO BE HERE! TEAM TALK!! From: Ferd - Petsburgh Park Co-Liaison Haah, I've read what some people have said about why they became CLs, and I wanted to present the male engineer point of view. I didn't go through a painful learning process. My background is architecture, engineering, and computer science. I started back when the Internet was still the Arpanet (well, actually, I started in the days of punch cards and teletypes). I ran a mailing list for 15 years, taught programming at the local community college, and *part* of my job has often including being the system administrator for everything from a supermini to a couple of dozen UN*X workstations. I wrote my first web page about 4 years ago. At the time, the only browser was Mosaic and we used HTML 1.0. I like HTML because it is a markup language like TeX (I'm a local TeXpert). One of my hobbies is learning new computer languages, which is one reason why I learned HTML, Perl, and Java. I've even written programs in PostScript; it's not just for printers. Given that background, I decided to become a CL so I could enlighten the masses. That's not meant to be a snobby comment -- I want to help people get over the initial hump in the learning curve. The more people who know how to write good HTML, the more good pages I'll see. I didn't join to meet people; I've had net friends from British Columbia, England, and Australia, and I already get more email than I want. That's why I joined the C&R Committee instead of the Welcome Committee. I don't get much steader email, which I think is mostly because of the block I run. While it contains a few really good sites, it's about 70% NMIYs (yes, I've sent a welcome letter to everyone). I have helped a few people get started, and one person graduated from using GeoBuilder to writing HTML. OTOH, most of the questions I get are from other areas of Petsburgh. They all write back to thank me for helping or to ask more questions. My favorite is the one where the steader thanked me for answering her question nicely instead of saying something nasty (she had misread some instructions). Yeah, maybe I should have a page in Silicon Valley, but I don't want a site about writing HTML. (Maybe someday ....) I started in Heartland because I wanted to create a site about our horses and cats, then I moved to Petsburgh a few days after it opened. Heck, the reason we bought our first horse was so I'd get outside more. I knew almost nothing about horses, and I didn't even know you lead them on the left! HTML, yes; horses, no :-) Since then I've learned to ride and have raised a couple of foals. Lemme sum up this way -- I want to help new steaders learn HTML and good web page design the same way other people have taught me about horses. Regards, Ferd Petsburgh/Farm Community Leader From: ""Sue Williams (Siouxx)"" OK, I am rather new at being a CL. The reason I became a CL is because my friend Kerri (Mischief&Mom) told me I w"
geocities.com,20010517044028,http://geocities.com:80/Petsburgh/1000/co_report.html,https://web.archive.org/web/20010517044028/http://geocities.com:80/Petsburgh/1000/co_report.html,Co-Liaison Report,"Co-Liaison Report Monthly Co-Liaison Reports This form is to be used for monthly reports. Reports are due by the second or third day of each month. Please include in your report any problems you are having, CL email changes, resignations. What you have going on in your burb? Do not press return to move through these fields, use your tab key instead. Name: Email: Suburb: Choose Suburb Realm of Spoiled Pets Petsburgh/Victorian Pets Plus Petsburgh/Fair Petsburgh/Farm Petsburgh/GOOSE ROOST Petsburgh/Park Petsburgh/Reserve Petsburgh/Stable Petsburgh/Yard Guards Petsburgh/Cattery Please place CLs membername and the name they use before the reported changes so I will not have to do any searching. On resignations forward original email. Changes (include Email,URLs Etc.) CL resignations:(Forward original email) Any new projects or fun things in your suburb? ():O) Comments on things I should know about? Suggestions and idea's you may have. Check this box to have a copy of this form mailed to you when you push the Send button. Leaderguide Index",https://web.archive.org/web/20010517044028/http:/geocities.com:80/Petsburgh/1000/pbhdg2.gif,2,4223,"Co-Liaison Report

Co-Liaison Report Monthly Co-Liaison Reports This form is to be used for monthly reports. Reports are due by the second or third day of each month. Please include in your report any problems you are having, CL email changes, resignations. What you have going on in your burb? Do not press return to move through these fields, use your tab key instead. Name: Email: Suburb: Choose Suburb Realm of Spoiled Pets Petsburgh/Victorian Pets Plus Petsburgh/Fair Petsburgh/Farm Petsburgh/GOOSE ROOST Petsburgh/Park Petsburgh/Reserve Petsburgh/Stable Petsburgh/Yard Guards Petsburgh/Cattery Please place CLs membername and the name they use before the reported changes so I will not have to do any searching. On resignations forward original email. Changes (include Email,URLs Etc.) CL resignations:(Forward original email) Any new projects or fun things in your suburb? ():O) Comments on things I should know about? Suggestions and idea's you may have. Check this box to have a copy of this form mailed to you when you push the Send button. Leaderguide Index"
geocities.com,19991222113703,http://www.geocities.com:80/Petsburgh/1000/committees.html,https://web.archive.org/web/19991222113703/http://www.geocities.com:80/Petsburgh/1000/committees.html,Petsburgh Committee Page,"Petsburgh Committee Page FIND THE COMMITTEE FOR YOU! PETSBURGH HOLIDAY HAPPENINGS Chair - Lisa Co-Chair- Jarah The Petsburgh Holiday Happenings Committee is out there looking for beautifully decorated holiday pages to award. Each holiday will have it's own separate contest with several winners for each. There's a fine team working on this committee to offer lots of fun and decorations for each celebrated date. C'mon and decorate your pages and celebrate with us! Click on image to visit and join! Chair - Cuffie Co-Chair - Susan WE NEED ANGELS!! This program is for Petsburgh homesteaders who are new to web page designing and HTML. The scope of this program goes far beyond the normal duties of a Community Leader. Members offer daily one-on-one help to homesteaders that will allow them to have a page on Geocities in no time! Our Angels love to help! The Angel stays with the homesteader until they are confident with their new abilities. Editor/Chair- Barb Homesteader Helper Sharon Assistant Editor- Sue(niknich) Rainbow Bridge Editor- Sandi PETBSURGH POST COMMITTEE The Petsburgh Post lists pet sites by category for ease of surfing...you can quickly find the sites you like. Committee members review pages for possible violations of Content Guidelines. World of Festivals,Celebrations,Animals and Pets Send EMAIL to Ann-Committee Chair Join this committee to help with international sites in Geo that focus on celebrations, holidays and pets/animals around the world. We need Geocities websites featuring the special events from all over! Visit our committee site for more details! Chair: Email SuSue Read the Petsburgh Gazette today! Click on LOGO and see the wonderful articles featured including: a Trivia Contest, Poetry Corner, Book Reviews, Current Affairs concerning our Pets, and MORE, MORE, MORE! See how you can help! BLUE RIBBON PET AWARDS Chair - Lisa Co-Chair - ScorpiRose The Blue Ribbon Pet Awards Committee merged with the Petsburgh Post!! There are categories for winners just like at the Post and committee members vote on the best ones! Petsburgh CL Applications Committee Committee Leaders- Lyn (cat) Harvey Rick-(Liaison) The Petsburgh CL Applications Committee was formed to scan the sites of potential Community Leaders to insure that the sites conform to Geocities Content Guidelines and meet the Petsburgh theme before these applications are loaded into the voting booth for current Community Leaders to vote on them. Contact Bev if you are interested in joining this committee. There is an on-site application form for you to complete! Petsburgh Critique & Review Committee Committee Chair- Dave This committee is comprised of trained Community Leaders who will visit your site, at your request only, look it over and offer helpful suggestions to make it among the BEST in Petsburgh. This committee is not designed to help build initial web sites...the ANGELS help with that....this committee comes in when site is done or nearly done to help you ""fine tune"" and ",https://web.archive.org/web/19991222113703/http:/www.geocities.com:80/Petsburgh/1000/petsburgh.gif,14,12948,"Petsburgh Committee Page

Petsburgh Committee Page FIND THE COMMITTEE FOR YOU! PETSBURGH HOLIDAY HAPPENINGS Chair - Lisa Co-Chair- Jarah The Petsburgh Holiday Happenings Committee is out there looking for beautifully decorated holiday pages to award. Each holiday will have it's own separate contest with several winners for each. There's a fine team working on this committee to offer lots of fun and decorations for each celebrated date. C'mon and decorate your pages and celebrate with us! Click on image to visit and join! Chair - Cuffie Co-Chair - Susan WE NEED ANGELS!! This program is for Petsburgh homesteaders who are new to web page designing and HTML. The scope of this program goes far beyond the normal duties of a Community Leader. Members offer daily one-on-one help to homesteaders that will allow them to have a page on Geocities in no time! Our Angels love to help! The Angel stays with the homesteader until they are confident with their new abilities. Editor/Chair- Barb Homesteader Helper Sharon Assistant Editor- Sue(niknich) Rainbow Bridge Editor- Sandi PETBSURGH POST COMMITTEE The Petsburgh Post lists pet sites by category for ease of surfing...you can quickly find the sites you like. Committee members review pages for possible violations of Content Guidelines. World of Festivals,Celebrations,Animals and Pets Send EMAIL to Ann-Committee Chair Join this committee to help with international sites in Geo that focus on celebrations, holidays and pets/animals around the world. We need Geocities websites featuring the special events from all over! Visit our committee site for more details! Chair: Email SuSue Read the Petsburgh Gazette today! Click on LOGO and see the wonderful articles featured including: a Trivia Contest, Poetry Corner, Book Reviews, Current Affairs concerning our Pets, and MORE, MORE, MORE! See how you can help! BLUE RIBBON PET AWARDS Chair - Lisa Co-Chair - ScorpiRose The Blue Ribbon Pet Awards Committee merged with the Petsburgh Post!! There are categories for winners just like at the Post and committee members vote on the best ones! Petsburgh CL Applications Committee Committee Leaders- Lyn (cat) Harvey Rick-(Liaison) The Petsburgh CL Applications Committee was formed to scan the sites of potential Community Leaders to insure that the sites conform to Geocities Content Guidelines and meet the Petsburgh theme before these applications are loaded into the voting booth for current Community Leaders to vote on them. Contact Bev if you are interested in joining this committee. There is an on-site application form for you to complete! Petsburgh Critique & Review Committee Committee Chair- Dave This committee is comprised of trained Community Leaders who will visit your site, at your request only, look it over and offer helpful suggestions to make it among the BEST in Petsburgh. This committee is not designed to help build initial web sites...the ANGELS help with that....this committee comes in when site is done or nearly done to help you ""fine tune"" and"
geocities.com,19990824010908,http://www.geocities.com:80/Petsburgh/1000/extras.html,https://web.archive.org/web/19990824010908/http://www.geocities.com:80/Petsburgh/1000/extras.html,Web Page Extras,"Web Page Extras Counters GeoCities Counter.. Boing Dragons Animated Counters. Digits Counters Web Counters DragonFire counters StatTrax Counter . Paradise Counters and Guestbooks . Guestbooks GeoCities Guestbook Paradise Guestbooks and Counters Lpage Guestbooks WebPost guestbooks Midi Archives Classical Midi Collections Classical MIDI Archive MIDI Net Josh's Mega Midi Archive The Compete MIDI File Directory MIDI File Central Christmas MIDIs Jack's Shack Background and Divider courtesy of Mountain Breeze Graphics Site designed and maintained by Petsburgh Community Leaders All Contents Copyright © 1998, All Rights Reserved",https://web.archive.org/web/19990824010908/http:/www.geocities.com:80/Petsburgh/1000/trans.gif,18,6461,"Web Page Extras

Web Page Extras Counters GeoCities Counter.. Boing Dragons Animated Counters. Digits Counters Web Counters DragonFire counters StatTrax Counter . Paradise Counters and Guestbooks . Guestbooks GeoCities Guestbook Paradise Guestbooks and Counters Lpage Guestbooks WebPost guestbooks Midi Archives Classical Midi Collections Classical MIDI Archive MIDI Net Josh's Mega Midi Archive The Compete MIDI File Directory MIDI File Central Christmas MIDIs Jack's Shack Background and Divider courtesy of Mountain Breeze Graphics Site designed and maintained by Petsburgh Community Leaders All Contents Copyright © 1998, All Rights Reserved"
geocities.com,20000122082759,http://www.geocities.com:80/Petsburgh/1000/FairLeader.html,https://web.archive.org/web/20000122082759/http://www.geocities.com:80/Petsburgh/1000/FairLeader.html,Petsburgh/Fair Leaders,Petsburgh/Fair Leaders FAIR LEADERS If you reside in Petsburgh Fair your leaders are listed below. Please follow the links to find the Leader listed for your Suburb. If no leader is listed or an *ON LEAVE* is in place you can contact a Liaison for help. You will find them listed in every suburb. Click Here for PETSBURGH COMMUNITY LEADERS Click Here for PETSBURGH/FARM COMMUNITY LEADERS Click Here for PETSBURGH/ZOO COMMUNITY LEADERS Click Here for PETSBURGH/HAVEN COMMUNITY LEADERS Click Here for PETSBURGH/PARK COMMUNITY LEADERS Click Here for PETSBURGH/YARD COMMUNITY LEADERS Click Here for PETSBURGH/RESERVE COMMUNITY LEADERS THE PETSBURGH Fair WEBRING Petsburgh/Fair BLOCK Leader URL Petsburgh/Fair 1000-1249 Andie(extra block) meerkat Email Petsburgh/Zoo/8001 Petsburgh/Fair 1250-1499 April(extra block) dodad Email Petsburgh/Zoo/4798 Petsburgh/Fair 1500-1749 Spiritwolf (extra block) (abbeychance) Email Petsburgh/Zoo/2504 Petsburgh/Fair 1750-1999 Lisa (extra block) birdbaby Email Petsburgh/1031 Petsburgh/Fair 2000-2249 Qedrin (extra block) (QDinFL) Email Petsburgh/2133 Petsburgh/Fair 2250-2499 Sue (extra block) (niknich) EMAIL Petsburgh/6793 Petsburgh/Fair 2500-2749 muenchkin EMAIL Petsburgh/9627 Petsburgh/Fair 2750-2999 Rhonda (vars11_1999) EMAIL Petsburgh/Fair/4400 Petsburgh/Fair 3000-3249 Paula (extra block) pbeau EMAIL Petsburgh/2618 Petsburgh/Fair 3250-3499 Paula (extra block) pbeau EMAIL Petsburgh/2618 Petsburgh/Fair 3500-3749 Paula (extra block) pbeau EMAIL Petsburgh/2618 Petsburgh/Fair 3750-3999 Patty (extra block) (rpat64) EMAIL Petsburgh/Fair/1311 Petsburgh/Fair 4000-4249 ScorpiRose (extra block) scorpetz Email Petsburgh/2001 Petsburgh/Fair 4250-4499 Chrissy (cec) EMAIL Petsburgh/Park/1623 Petsburgh/Fair 4500-4749 **** EMAIL Petsburgh/ Petsburgh/Fair 4750-4999 **** EMAIL Petsburgh/ Petsburgh/Fair 5000-5249 Karen (baby_budgie_mom) Email Petsburgh/2621 Petsburgh/Fair 5250-5499 **** **** **** Petsburgh/Fair 5500-5749 **** **** **** Petsburgh/Fair 5750-5999 Rhonda (vars11_1999) EMAIL Petsburgh/Fair/4400 Petsburgh/Fair 6000-6249 **** **** **** Petsburgh/Fair 6250-6499 **** **** **** Petsburgh/Fair 6500-6749 **** **** **** Petsburgh/Fair 6750-6999 Rhonda (vars11_1999) EMAIL Petsburgh/Fair/4400 Petsburgh/Fair 7000-7249 **** **** **** Petsburgh/Fair 7250-7499 **** **** **** Petsburgh/Fair 7500-7749 **** **** **** Petsburgh/Fair 7750-7999 **** **** **** Petsburgh/Fair 8000-8249 Sue (siouxx) Email Petsburgh/Zoo/2759 Petsburgh/Fair 8250-8499 **** **** **** Petsburgh/Fair 8500-8749 **** **** **** Petsburgh/Fair 8750-8999 **** **** **** Petsburgh/Fair 9000-9249 **** **** **** Petsburgh/Fair 9250-9499 **** **** **** Petsburgh/Fair 9500-9749 **** **** **** Petsburgh/Fair 9750-9999 **** **** **** Petsburgh/Fair Co-Liaison Chair-World Festival Ann/jumbles EMAIL Petsburgh/Zoo/7000 Petsburgh Liaison Rainbow Bridge Page Petsburgh Station-Petsburgh Party Pet Site-Month-MENTOR-Gazette Sandi Email Petsburgh/1032 Petsburgh Liaison Petsburgh Pet Station Communicatio,https://web.archive.org/web/20000122082759/http:/www.geocities.com:80/Petsburgh/1000/petsburgh.gif,3,12731,"Petsburgh/Fair Leaders

Petsburgh/Fair Leaders FAIR LEADERS If you reside in Petsburgh Fair your leaders are listed below. Please follow the links to find the Leader listed for your Suburb. If no leader is listed or an *ON LEAVE* is in place you can contact a Liaison for help. You will find them listed in every suburb. Click Here for PETSBURGH COMMUNITY LEADERS Click Here for PETSBURGH/FARM COMMUNITY LEADERS Click Here for PETSBURGH/ZOO COMMUNITY LEADERS Click Here for PETSBURGH/HAVEN COMMUNITY LEADERS Click Here for PETSBURGH/PARK COMMUNITY LEADERS Click Here for PETSBURGH/YARD COMMUNITY LEADERS Click Here for PETSBURGH/RESERVE COMMUNITY LEADERS THE PETSBURGH Fair WEBRING Petsburgh/Fair BLOCK Leader URL Petsburgh/Fair 1000-1249 Andie(extra block) meerkat Email Petsburgh/Zoo/8001 Petsburgh/Fair 1250-1499 April(extra block) dodad Email Petsburgh/Zoo/4798 Petsburgh/Fair 1500-1749 Spiritwolf (extra block) (abbeychance) Email Petsburgh/Zoo/2504 Petsburgh/Fair 1750-1999 Lisa (extra block) birdbaby Email Petsburgh/1031 Petsburgh/Fair 2000-2249 Qedrin (extra block) (QDinFL) Email Petsburgh/2133 Petsburgh/Fair 2250-2499 Sue (extra block) (niknich) EMAIL Petsburgh/6793 Petsburgh/Fair 2500-2749 muenchkin EMAIL Petsburgh/9627 Petsburgh/Fair 2750-2999 Rhonda (vars11_1999) EMAIL Petsburgh/Fair/4400 Petsburgh/Fair 3000-3249 Paula (extra block) pbeau EMAIL Petsburgh/2618 Petsburgh/Fair 3250-3499 Paula (extra block) pbeau EMAIL Petsburgh/2618 Petsburgh/Fair 3500-3749 Paula (extra block) pbeau EMAIL Petsburgh/2618 Petsburgh/Fair 3750-3999 Patty (extra block) (rpat64) EMAIL Petsburgh/Fair/1311 Petsburgh/Fair 4000-4249 ScorpiRose (extra block) scorpetz Email Petsburgh/2001 Petsburgh/Fair 4250-4499 Chrissy (cec) EMAIL Petsburgh/Park/1623 Petsburgh/Fair 4500-4749 **** EMAIL Petsburgh/ Petsburgh/Fair 4750-4999 **** EMAIL Petsburgh/ Petsburgh/Fair 5000-5249 Karen (baby_budgie_mom) Email Petsburgh/2621 Petsburgh/Fair 5250-5499 **** **** **** Petsburgh/Fair 5500-5749 **** **** **** Petsburgh/Fair 5750-5999 Rhonda (vars11_1999) EMAIL Petsburgh/Fair/4400 Petsburgh/Fair 6000-6249 **** **** **** Petsburgh/Fair 6250-6499 **** **** **** Petsburgh/Fair 6500-6749 **** **** **** Petsburgh/Fair 6750-6999 Rhonda (vars11_1999) EMAIL Petsburgh/Fair/4400 Petsburgh/Fair 7000-7249 **** **** **** Petsburgh/Fair 7250-7499 **** **** **** Petsburgh/Fair 7500-7749 **** **** **** Petsburgh/Fair 7750-7999 **** **** **** Petsburgh/Fair 8000-8249 Sue (siouxx) Email Petsburgh/Zoo/2759 Petsburgh/Fair 8250-8499 **** **** **** Petsburgh/Fair 8500-8749 **** **** **** Petsburgh/Fair 8750-8999 **** **** **** Petsburgh/Fair 9000-9249 **** **** **** Petsburgh/Fair 9250-9499 **** **** **** Petsburgh/Fair 9500-9749 **** **** **** Petsburgh/Fair 9750-9999 **** **** **** Petsburgh/Fair Co-Liaison Chair-World Festival Ann/jumbles EMAIL Petsburgh/Zoo/7000 Petsburgh Liaison Rainbow Bridge Page Petsburgh Station-Petsburgh Party Pet Site-Month-MENTOR-Gazette Sandi Email Petsburgh/1032 Petsburgh Liaison Petsburgh Pet Station Communicatio"
geocities.com,19991012180029,http://www.geocities.com:80/Petsburgh/1000/graphics.html,https://web.archive.org/web/19991012180029/http://www.geocities.com:80/Petsburgh/1000/graphics.html,Links to Graphics,"Links to Graphics LINKS TO GREAT GRAPHICS Start your search at our own Graphics Committee site!!! These community leaders work very hard to create original backgrounds and graphics for your website! If you reside in Petsburgh and do graphics, especially pet related, send me your URL and site title and we will add your link here! Other areas may also submit if you do pet/animal graphics! If you find a link here that does not work, please send an EMAIL PETSBURGH GRAPHICS COMMITTEE Beautiful backgrounds, etc designed by a group of Petsburgh Community Leaders just for your websites! GRAPHICS BY PETSBURGH COMMUNITY LEADERS! SpiritWolfs Collection Animal Backgrounds & Snowglobes Cat's Graphics Site Zoo Graphics Banners By April Pet Graphics by SuSue Carabella's Std Schnauzer Graphics Bev's GeoLinks Backgrounds and Sets ZooGraphics List of Background/Graphics Horse Backgrounds Graphx by SuSue Barb's Sweet Pets Graphics Destiny's Lady Graphics Catnip Calico's Animal Design Studio Backgrounds By Marie Texture Land Mountain Breeze Graphics Cats N Kittens Designs Catstuff Designs Graphics Gazebo A Cat's Eye View Ashton Leigh's Creations Cindy's Graphics Judi's Doodlings Pbear's Graphics CLIP ART Pet Graphics by SuSue Barb's Sweet Pets Graphics Disney Clipart The Mining Co. Free Web Art Andy's Art Just Jane Graphics Catnip Calico Popoki Corner The Clip Art Connection The Free Graphics Station Ace of Space Bimsan's Web Graphics Leo's Icon Archive Thomas' Web Gallery Fairy Suryana's 3-D Library Renzo & Adriano Gallery GraphX Kingdom Page Works Web Kids Connpad Barbara's Web Magic A Touch of Country Kelly and Winnie's Graphic Boutique Ace of Space Kids Place Free Images Speciality Graphics Barb's Sweet Pets Christmas Graphics Christmas Graphics Free PetBanners from The Woofers! RASCAL'S Christmas Graphics Carabella's Std Schnauzer Graphics Also instructions for wallpaper and animated gifs Girl Scout Graphics U.S. Scouting Services Flags Doggie Graphics Catnip Calico Popoki Corner Great animal graphics..Cats,Dogs,All animals! Updated OFTEN! Cat Stuff Christian Clip Art Links to Holiday Graphics Animated Art GIF Animations Suite S.S. Animations The Banner Generator Animated Banner Maker Animations and Graphics Danny's Collection of Animated GIFs Cheryl's Kaleidoscope PETSBURGH STATION MAIN PAGE EMAIL Background by Petsburgh Graphics Committee Site designed and maintained by Petsburgh Community Leaders All Contents Copyright © 1998,1999 All Rights Reserved",https://web.archive.org/web/19991012180029/http:/www.geocities.com:80/Petsburgh/1000/trans.gif,14,12327,"Links to Graphics

Links to Graphics LINKS TO GREAT GRAPHICS Start your search at our own Graphics Committee site!!! These community leaders work very hard to create original backgrounds and graphics for your website! If you reside in Petsburgh and do graphics, especially pet related, send me your URL and site title and we will add your link here! Other areas may also submit if you do pet/animal graphics! If you find a link here that does not work, please send an EMAIL PETSBURGH GRAPHICS COMMITTEE Beautiful backgrounds, etc designed by a group of Petsburgh Community Leaders just for your websites! GRAPHICS BY PETSBURGH COMMUNITY LEADERS! SpiritWolfs Collection Animal Backgrounds & Snowglobes Cat's Graphics Site Zoo Graphics Banners By April Pet Graphics by SuSue Carabella's Std Schnauzer Graphics Bev's GeoLinks Backgrounds and Sets ZooGraphics List of Background/Graphics Horse Backgrounds Graphx by SuSue Barb's Sweet Pets Graphics Destiny's Lady Graphics Catnip Calico's Animal Design Studio Backgrounds By Marie Texture Land Mountain Breeze Graphics Cats N Kittens Designs Catstuff Designs Graphics Gazebo A Cat's Eye View Ashton Leigh's Creations Cindy's Graphics Judi's Doodlings Pbear's Graphics CLIP ART Pet Graphics by SuSue Barb's Sweet Pets Graphics Disney Clipart The Mining Co. Free Web Art Andy's Art Just Jane Graphics Catnip Calico Popoki Corner The Clip Art Connection The Free Graphics Station Ace of Space Bimsan's Web Graphics Leo's Icon Archive Thomas' Web Gallery Fairy Suryana's 3-D Library Renzo & Adriano Gallery GraphX Kingdom Page Works Web Kids Connpad Barbara's Web Magic A Touch of Country Kelly and Winnie's Graphic Boutique Ace of Space Kids Place Free Images Speciality Graphics Barb's Sweet Pets Christmas Graphics Christmas Graphics Free PetBanners from The Woofers! RASCAL'S Christmas Graphics Carabella's Std Schnauzer Graphics Also instructions for wallpaper and animated gifs Girl Scout Graphics U.S. Scouting Services Flags Doggie Graphics Catnip Calico Popoki Corner Great animal graphics..Cats,Dogs,All animals! Updated OFTEN! Cat Stuff Christian Clip Art Links to Holiday Graphics Animated Art GIF Animations Suite S.S. Animations The Banner Generator Animated Banner Maker Animations and Graphics Danny's Collection of Animated GIFs Cheryl's Kaleidoscope PETSBURGH STATION MAIN PAGE EMAIL Background by Petsburgh Graphics Committee Site designed and maintained by Petsburgh Community Leaders All Contents Copyright © 1998,1999 All Rights Reserved"
geocities.com,19990219081819,http://www.geocities.com:80/Petsburgh/1000/html.html,https://web.archive.org/web/19990219081819/http://www.geocities.com:80/Petsburgh/1000/html.html,Petsburgh Leaders Guide,"Petsburgh Leaders Guide H T M L HELP A Beginner's Guide To HTML Create IT~101 The Homepage Homepage HTML Goodies HTML For Dummies HTML Resource Page HTML Reference The Web Developer's Virtual Library Learning HTML The HTML Writers Guild Web Wizard HTML Secrets Writing HTML HTLM Quick Reference Home Site designed and maintained by Petsburgh Community Leaders All Contents Copyright © 1998, All Rights Reserved",http://www.geocities.com/images/geoguideII/logo_b.gif,12,5661,"Petsburgh Leaders Guide

Petsburgh Leaders Guide H T M L HELP A Beginner's Guide To HTML Create IT~101 The Homepage Homepage HTML Goodies HTML For Dummies HTML Resource Page HTML Reference The Web Developer's Virtual Library Learning HTML The HTML Writers Guild Web Wizard HTML Secrets Writing HTML HTLM Quick Reference Home Site designed and maintained by Petsburgh Community Leaders All Contents Copyright © 1998, All Rights Reserved"
geocities.com,19990219101329,http://www.geocities.com:80/Petsburgh/1000/index.html,https://web.archive.org/web/19990219101329/http://www.geocities.com:80/Petsburgh/1000/index.html,Petsburgh Station,"Petsburgh Station WELCOME TO THE PETSBURGH STATION! J oin the team! Got a little extra time on your hands? Petsburgh is in need of some dedicated pet lovers who would like to be an example to other homesteaders in Petsburgh and act as liaison between their neighbors & GeoCities? Being a CL (Community Leader) in Petsburgh is very rewarding as you help homesteaders build their new homes on the web, make great new friends, have good times and more email than you've ever dreamed!! You will receive an extra meg of disk space and after six months as a CL, receive your GeoPlus membership for free!! Click on banner for more information. HELPFUL HOMESTEADERS WANTED! You can be a part of this elite committee..you do not have to be a Community Leader to join This program is for Petsburgh homesteaders who are new to web page designing and HTML. The scope of this program goes far beyond the normal duties of a Community Leader. You can receive daily one-on-one help from your Angel that will allow you to have a page on Geocities in no time! Our Angels love to help, so don't be shy about asking them to help you. Your Angel will stay with you until you feel confident with your new abilities. PETSBURGH CRITIQUE & REVIEW COMMITTEE This committee is comprised of trained Community Leaders who will visit your site, at your request only, look it over and offer helpful suggestions to make it among the BEST in Petsburgh. This committee is not designed to help build initial web sites...the ANGELS help with that....this committee comes in when site is done or nearly done to help you ""fine tune"" and get it JUST RIGHT! Visit their page and submit your site to be reviewed! HOMESTEADER FORUMS General Forums Lots of topics..dogs,cats,horses,fish, birds, reptiles,etc. Get involved with any or all of the discussions! Log-in with your membername and scroll down to Petsburgh! List your pet site..in categories for easy surfing! The most comprehensive listing in the neighborhood! THE PETSBURGH POST and Celebrate special occassions with the PETSBURGH PARTY!! Lots of contests, special activities and more! DO YOU LOVE AWARDS & CONTESTS??? Awards & Contests Visit this page to see all the NEW & EXCITING Awards and Contests we have going on in Petsburgh! PETSBURGH RAINBOW BRIDGE LIST Visit here if you would like to participate in this special project in memory of your beloved friends at the Bridge. PETSBURGH CONTEST WINNERS! HOMESTEADERS-JOIN THIS COMMITTEE Once a month, the weekly winners are voted on by a committee of homesteaders and Community Leaders! If you can make a committment to vote each month contact the Committee Chair for details and openings. Meet the WINNERS of the PET SITE OF THE WEEK Competition February 8 through February 12 SLINKY'S WORLD February 8 through February 12 THE SPENCER FAMILY JAN.PET SITE OF THE MONTH WINNER! DOGGIE DOOS-HUSKERS WORLD CONGRATULATIONS!!!! PET SITE OF THE YEAR!!! MUCH ADO ABOUT CATS BIG CONGRATS! A TERRIFIC HONOR! Congrats to the WINNERS for th",http://www.geocities.com/images/geoguideII/logo_b.gif,35,16168,"Petsburgh Station

Petsburgh Station WELCOME TO THE PETSBURGH STATION! J oin the team! Got a little extra time on your hands? Petsburgh is in need of some dedicated pet lovers who would like to be an example to other homesteaders in Petsburgh and act as liaison between their neighbors & GeoCities? Being a CL (Community Leader) in Petsburgh is very rewarding as you help homesteaders build their new homes on the web, make great new friends, have good times and more email than you've ever dreamed!! You will receive an extra meg of disk space and after six months as a CL, receive your GeoPlus membership for free!! Click on banner for more information. HELPFUL HOMESTEADERS WANTED! You can be a part of this elite committee..you do not have to be a Community Leader to join This program is for Petsburgh homesteaders who are new to web page designing and HTML. The scope of this program goes far beyond the normal duties of a Community Leader. You can receive daily one-on-one help from your Angel that will allow you to have a page on Geocities in no time! Our Angels love to help, so don't be shy about asking them to help you. Your Angel will stay with you until you feel confident with your new abilities. PETSBURGH CRITIQUE & REVIEW COMMITTEE This committee is comprised of trained Community Leaders who will visit your site, at your request only, look it over and offer helpful suggestions to make it among the BEST in Petsburgh. This committee is not designed to help build initial web sites...the ANGELS help with that....this committee comes in when site is done or nearly done to help you ""fine tune"" and get it JUST RIGHT! Visit their page and submit your site to be reviewed! HOMESTEADER FORUMS General Forums Lots of topics..dogs,cats,horses,fish, birds, reptiles,etc. Get involved with any or all of the discussions! Log-in with your membername and scroll down to Petsburgh! List your pet site..in categories for easy surfing! The most comprehensive listing in the neighborhood! THE PETSBURGH POST and Celebrate special occassions with the PETSBURGH PARTY!! Lots of contests, special activities and more! DO YOU LOVE AWARDS & CONTESTS??? Awards & Contests Visit this page to see all the NEW & EXCITING Awards and Contests we have going on in Petsburgh! PETSBURGH RAINBOW BRIDGE LIST Visit here if you would like to participate in this special project in memory of your beloved friends at the Bridge. PETSBURGH CONTEST WINNERS! HOMESTEADERS-JOIN THIS COMMITTEE Once a month, the weekly winners are voted on by a committee of homesteaders and Community Leaders! If you can make a committment to vote each month contact the Committee Chair for details and openings. Meet the WINNERS of the PET SITE OF THE WEEK Competition February 8 through February 12 SLINKY'S WORLD February 8 through February 12 THE SPENCER FAMILY JAN.PET SITE OF THE MONTH WINNER! DOGGIE DOOS-HUSKERS WORLD CONGRATULATIONS!!!! PET SITE OF THE YEAR!!! MUCH ADO ABOUT CATS BIG CONGRATS! A TERRIFIC HONOR! Congrats to the WINNERS for th"
xanga.com,20020121004921,http://www.xanga.com:80/,https://web.archive.org/web/20020121004921/http://www.xanga.com:80/,Xanga.com,"Xanga.com XANGA: WEBLOGS - REVIEWS - EVENTS - xTOOLS xanga - join - sign in Welcome! Please sign in. Username Password Remember me Need help? Click here . Not a member? Join free ! Visit a random site! Featured Content Sings_in_Darknes 12:07 pm Mystical2 12:27 pm Myst 12:19 am debi 2:06 am speechlessFREAK 10:51 pm more featured content Newly Updated anonymousone 7:49 PM swtazncrys 7:49 PM tweeties 7:49 PM DanSingGrl66 7:48 PM babya 7:48 PM more newly updated Recently Created wilfong 01/06/02 Sarah629 01/09/02 Kellybones 01/10/02 Kiradescent 01/13/02 ZarahSchnitzel 01/15/02 more recently created search all xanga search members quick links find members featured stuff about the site privacy policy terms of use contact us my site help Arts & Humanities Writing , Poetry , Art ... Business & Finance Occupations ... Computers & Internet Internet , Web Design ... Entertainment Music , Humor , Television ... Family & Home Family Issues , Parenting ... Games Computer & Video Games ... Health & Medicine Conditions & Illnesses ... Hobbies & Crafts Hobbies , Collecting , Crafts ... People Friends , Relationships ... Regional U.S. States , Countries ... Religion & Beliefs Christianity , Other ... Schools & Education Colleges & Universities ... Science & Nature Pets , Social Sciences ... Society & Culture Issues & Causes ... Sports & Recreation Sports , Outdoors , Automotive ... Sunday, December 23, 2001 Xanga is fast again! Read about it here ! 6:46 am Friday, December 14, 2001 The ball is rolling and we are moving our servers to a new location! The site will be down from around 10pm to midnight tonight, and then we're looking forward to a smooth connection! Please check status.xanga.com for live updates! 9:08 pm LOST POSTS GOT YOU DOWN? Check this out ... 3:05 am previous xanga news FREE Xanga Classic www.xanga.com/you A great gift for any Xanga Member! give premium! Image Hosting, Spell Checking and more! check it out! $30 Personal URL www.yourname.com .com .net .org Find out about weblogging, and how Xanga works in the illustrated tour . xanga - sign in - join - about xanga - find members - terms of use - privacy - help - contact us",https://web.archive.org/images/xangalogo.gif,13,26006,"Xanga.com

Xanga.com XANGA: WEBLOGS - REVIEWS - EVENTS - xTOOLS xanga - join - sign in Welcome! Please sign in. Username Password Remember me Need help? Click here . Not a member? Join free ! Visit a random site! Featured Content Sings_in_Darknes 12:07 pm Mystical2 12:27 pm Myst 12:19 am debi 2:06 am speechlessFREAK 10:51 pm more featured content Newly Updated anonymousone 7:49 PM swtazncrys 7:49 PM tweeties 7:49 PM DanSingGrl66 7:48 PM babya 7:48 PM more newly updated Recently Created wilfong 01/06/02 Sarah629 01/09/02 Kellybones 01/10/02 Kiradescent 01/13/02 ZarahSchnitzel 01/15/02 more recently created search all xanga search members quick links find members featured stuff about the site privacy policy terms of use contact us my site help Arts & Humanities Writing , Poetry , Art ... Business & Finance Occupations ... Computers & Internet Internet , Web Design ... Entertainment Music , Humor , Television ... Family & Home Family Issues , Parenting ... Games Computer & Video Games ... Health & Medicine Conditions & Illnesses ... Hobbies & Crafts Hobbies , Collecting , Crafts ... People Friends , Relationships ... Regional U.S. States , Countries ... Religion & Beliefs Christianity , Other ... Schools & Education Colleges & Universities ... Science & Nature Pets , Social Sciences ... Society & Culture Issues & Causes ... Sports & Recreation Sports , Outdoors , Automotive ... Sunday, December 23, 2001 Xanga is fast again! Read about it here ! 6:46 am Friday, December 14, 2001 The ball is rolling and we are moving our servers to a new location! The site will be down from around 10pm to midnight tonight, and then we're looking forward to a smooth connection! Please check status.xanga.com for live updates! 9:08 pm LOST POSTS GOT YOU DOWN? Check this out ... 3:05 am previous xanga news FREE Xanga Classic www.xanga.com/you A great gift for any Xanga Member! give premium! Image Hosting, Spell Checking and more! check it out! $30 Personal URL www.yourname.com .com .net .org Find out about weblogging, and how Xanga works in the illustrated tour . xanga - sign in - join - about xanga - find members - terms of use - privacy - help - contact us"
xanga.com,20031211090401,http://xanga.com/,https://web.archive.org/web/20031211090401/http://xanga.com/,Xanga.com,"Xanga.com The #2 Book Right Now on Xanga! The Perks of Being a Wallflower Find more music , books and movies in the Xanga Top 50! Xanga - Join - Upgrade - Xanga Skins - Blogrings - Top 50! - Personals xanga - join - signin Please Sign In Username Password Remember me Safe mode Can't sign in? Click here Not a member? Join free ! Premium Spotlight! schuylergirl ""Coming soon: Some darn good blogs about coffee and lip balm!"" visit schuylergirl's site Want to be in the Spotlight? Featured Content jroo 5:22 PM MinG_iZ_LyK_wOaH 7:16 PM strwberiNkrm 7:00 PM da_cheese_gurl 3:37 PM saraxqt 10:35 PM more featured content Newly Updated truestarcastik Jisha83 vietangel4eva ASNGUY521 pinoy197 more newly updated Recently Created Awww - how cute - these Xangans are just getting started Total Randomness Not sure where to start? Click here to visit a random site! search all xanga search members quick links find members featured stuff about the site privacy policy terms of use contact us my site help Get Started! Xanga Classic Get a free weblog at xanga.com/you get started | learn more | | | | | Xanga Premium Easier, more power, more fun! upgrade now | learn more Xanga News Tuesday, December 09, 2003 Profile Maintenance: We will be switching profile servers around 3am EST Wednesday morning to help handle the increased load. You may notice your profile picture missing for a few hours while the two servers resync, but everything should be available by 12pm EST. 9:31 PM Wednesday, October 08, 2003 xTools Version 2.0! Janet just launched our new bigger and better xTools . We made a giant list of all the features you've asked for over the years, and pretty much added them all... If you haven't tried the new xTools yet, just sign in and click ""New Weblog Entry""! more from Marc 5:49 AM Monday, September 22, 2003 TOOL TIME Just a head's up that we're almost done revamping xTools to be bigger and better! A partial list of what's in store: MORE SPACE: We're adding more space to type your posts in, especially for Classic members! MORE FONTS: We're supporting a kajillion more fonts. MORE SMILEYS: We're tossing some extra smileys in there... more from John 7:19 PM Thursday, September 11, 2003 Bringing Harmony to Xanga We're thrilled to announce that Xanga has teamed up with an exciting non-profit called SHiNE : Seeking Harmony in Neighborhoods Everyday. More from Marc... 5:29 PM previous xanga news What is Xanga? Xanga is a community of online diaries and journals. You can easily start your own free journal , share thoughts with your friends and meet new friends, too! Give Premium! Give the Gift of Premium! A great gift for any Xanga member! You can give one , six , 12 , or 24 months. Featured Personal chekkie If I could be anywhere at the moment: ""Sitting at a big piano, or on the ice with a puck."" Did You Know? You can store up to 20 megabytes of images with Xanga Premium? Click here to learn how . xanga - join - upgrade - skins - personals - about - terms of use - privacy - ",http://www.xanga.com/images/xangalogo.gif,7,18881,"Xanga.com

Xanga.com The #2 Book Right Now on Xanga! The Perks of Being a Wallflower Find more music , books and movies in the Xanga Top 50! Xanga - Join - Upgrade - Xanga Skins - Blogrings - Top 50! - Personals xanga - join - signin Please Sign In Username Password Remember me Safe mode Can't sign in? Click here Not a member? Join free ! Premium Spotlight! schuylergirl ""Coming soon: Some darn good blogs about coffee and lip balm!"" visit schuylergirl's site Want to be in the Spotlight? Featured Content jroo 5:22 PM MinG_iZ_LyK_wOaH 7:16 PM strwberiNkrm 7:00 PM da_cheese_gurl 3:37 PM saraxqt 10:35 PM more featured content Newly Updated truestarcastik Jisha83 vietangel4eva ASNGUY521 pinoy197 more newly updated Recently Created Awww - how cute - these Xangans are just getting started Total Randomness Not sure where to start? Click here to visit a random site! search all xanga search members quick links find members featured stuff about the site privacy policy terms of use contact us my site help Get Started! Xanga Classic Get a free weblog at xanga.com/you get started | learn more | | | | | Xanga Premium Easier, more power, more fun! upgrade now | learn more Xanga News Tuesday, December 09, 2003 Profile Maintenance: We will be switching profile servers around 3am EST Wednesday morning to help handle the increased load. You may notice your profile picture missing for a few hours while the two servers resync, but everything should be available by 12pm EST. 9:31 PM Wednesday, October 08, 2003 xTools Version 2.0! Janet just launched our new bigger and better xTools . We made a giant list of all the features you've asked for over the years, and pretty much added them all... If you haven't tried the new xTools yet, just sign in and click ""New Weblog Entry""! more from Marc 5:49 AM Monday, September 22, 2003 TOOL TIME Just a head's up that we're almost done revamping xTools to be bigger and better! A partial list of what's in store: MORE SPACE: We're adding more space to type your posts in, especially for Classic members! MORE FONTS: We're supporting a kajillion more fonts. MORE SMILEYS: We're tossing some extra smileys in there... more from John 7:19 PM Thursday, September 11, 2003 Bringing Harmony to Xanga We're thrilled to announce that Xanga has teamed up with an exciting non-profit called SHiNE : Seeking Harmony in Neighborhoods Everyday. More from Marc... 5:29 PM previous xanga news What is Xanga? Xanga is a community of online diaries and journals. You can easily start your own free journal , share thoughts with your friends and meet new friends, too! Give Premium! Give the Gift of Premium! A great gift for any Xanga member! You can give one , six , 12 , or 24 months. Featured Personal chekkie If I could be anywhere at the moment: ""Sitting at a big piano, or on the ice with a puck."" Did You Know? You can store up to 20 megabytes of images with Xanga Premium? Click here to learn how . xanga - join - upgrade - skins - personals - about - terms of use - privacy -"
xanga.com,20040412061437,http://www.xanga.com/,https://web.archive.org/web/20040412061437/http://www.xanga.com/,Xanga.com,"Xanga.com Xanga - Join - Upgrade - Xanga Skins - Blogrings - Top 50! xanga - join - signin Please Sign In Username Password Remember me Safe mode Can't sign in? Click here Not a member? Join free ! Premium Spotlight! oholybageezus ""I'd like to think that if I be like everyone else and say I'm not going to write in my xanga, I'll get massive amounts of love letters in the mail. But I doubt that would happen, so I'm stuck updating."" visit oholybageezus's site Want to be in the Spotlight? Featured Content dynne 6:57 AM n_y_c_z_fiNest_laydee 10:48 AM litt0_teardr0ps 11:15 AM Nanny 9:13 PM StArLiGhT180 2:04 PM more featured content Newly Updated marybee0423 crator LaUghaBle_Pnoy StepInTheBeat IsLaNd_IdOl more newly updated xanga web users Get Started! Xanga Classic Get a free weblog at xanga.com/you get started | learn more | | | | | Xanga Premium Easier, more power, more fun! upgrade now | learn more Xanga News Friday, March 26, 2004 XANGALAND SECURITY We're rolling out some new security measures this morning, to keep Xanga safe and free. more from John 11:15 AM Thursday, February 26, 2004 XANGA PERSONALS We've been offering Xanga Personals through a partner site. But the time has come for us to bring our Personals partnership to an end. more from John 9:49 PM Friday, February 13, 2004 SUBSCRIPTION UPDATES Two updates on the Subscriptions front: 1) You can now alphabetize your Subscriptions with a single click... and 2) We renamed some Subscriptions links to remove a conflict with existing Codes more from John 7:02 AM Monday, February 02, 2004 AUTO SUBSCRIPTIONS Some desperate Xangan created a script which automatically subs visitors to their site. We've disabled this script, by adding a ""confirmation"" step. more from John... 7:13 PM previous xanga news What is Xanga? Xanga is a community of online diaries and journals. You can easily start your own free journal , share thoughts with your friends and meet new friends, too! Give Premium! Give the Gift of Premium! A great gift for any Xanga member! You can give one , six , 12 , or 24 months. Did You Know? Premium members can rotate their profile picture? Click here to learn more. Total Randomness Not sure where to start? Click here to visit a random site! Recently Created Awww - how cute - these Xangans are just getting started xanga - join - upgrade - skins - about - terms of use - privacy - help - contact us - sign in",http://www.xanga.com/images/xangalogo.gif,4,15514,"Xanga.com

Xanga.com Xanga - Join - Upgrade - Xanga Skins - Blogrings - Top 50! xanga - join - signin Please Sign In Username Password Remember me Safe mode Can't sign in? Click here Not a member? Join free ! Premium Spotlight! oholybageezus ""I'd like to think that if I be like everyone else and say I'm not going to write in my xanga, I'll get massive amounts of love letters in the mail. But I doubt that would happen, so I'm stuck updating."" visit oholybageezus's site Want to be in the Spotlight? Featured Content dynne 6:57 AM n_y_c_z_fiNest_laydee 10:48 AM litt0_teardr0ps 11:15 AM Nanny 9:13 PM StArLiGhT180 2:04 PM more featured content Newly Updated marybee0423 crator LaUghaBle_Pnoy StepInTheBeat IsLaNd_IdOl more newly updated xanga web users Get Started! Xanga Classic Get a free weblog at xanga.com/you get started | learn more | | | | | Xanga Premium Easier, more power, more fun! upgrade now | learn more Xanga News Friday, March 26, 2004 XANGALAND SECURITY We're rolling out some new security measures this morning, to keep Xanga safe and free. more from John 11:15 AM Thursday, February 26, 2004 XANGA PERSONALS We've been offering Xanga Personals through a partner site. But the time has come for us to bring our Personals partnership to an end. more from John 9:49 PM Friday, February 13, 2004 SUBSCRIPTION UPDATES Two updates on the Subscriptions front: 1) You can now alphabetize your Subscriptions with a single click... and 2) We renamed some Subscriptions links to remove a conflict with existing Codes more from John 7:02 AM Monday, February 02, 2004 AUTO SUBSCRIPTIONS Some desperate Xangan created a script which automatically subs visitors to their site. We've disabled this script, by adding a ""confirmation"" step. more from John... 7:13 PM previous xanga news What is Xanga? Xanga is a community of online diaries and journals. You can easily start your own free journal , share thoughts with your friends and meet new friends, too! Give Premium! Give the Gift of Premium! A great gift for any Xanga member! You can give one , six , 12 , or 24 months. Did You Know? Premium members can rotate their profile picture? Click here to learn more. Total Randomness Not sure where to start? Click here to visit a random site! Recently Created Awww - how cute - these Xangans are just getting started xanga - join - upgrade - skins - about - terms of use - privacy - help - contact us - sign in"
livejournal.com,20020620120456,http://www.livejournal.com:80/users/0000/,https://web.archive.org/web/20020620120456/http://www.livejournal.com:80/users/0000/,D's Journal,D's Journal D's Journal 0 most recent posts archives my journal my userinfo my friends my calendar my website,http://img.livejournal.com/dot.gif,14,4699,"D's Journal

D's Journal D's Journal 0 most recent posts archives my journal my userinfo my friends my calendar my website"
livejournal.com,20020910095724,http://www.livejournal.com:80/users/0000,https://web.archive.org/web/20020910095724/http://www.livejournal.com:80/users/0000,D's Journal,"D's Journal D's Journal 5 most recent entries Date: 2002-09-05 17:20 Subject: Хе-хе =) Security: Public Mood: Садизм - лучший отдых Music: Deep Mix Moscow Очень хочется посмотреть как lugosi будет рвать свои роскошные локоны из-за невозможности послушать эту песенку немедленно, а потом на то, как он рыдая сгрызет свои не менее роскошные когти, когда он таки до нее доберется =) 3 comments | post a comment Date: 2002-09-05 16:30 Subject: привет flamenco от &chicken`а Security: Public Mood: crazy Music: Deep Mix Moscow Вот, яхонтовый просил передать 1 comment | post a comment Date: 2002-09-04 18:19 Subject: Песенка Security: Public Mood: high Music: rybnikov-verish.mp3 Песенка По ( polinezia ) и Вавилова ( vavilov ) Навеяло Временами года По Ты мне веришь post a comment Date: 2002-08-03 23:39 Subject: Православие WOW! Security: Public Mood: отпускное Music: deep.mix.moscow Плавно перетекающий из передачи в передачу Охлобыстин в рясе очень сильно напоминает рекламную кампанию католичества из Догмы и кришнаитствующего Боя Джорджа... При всей моей любви к этому персонажу, поп, рассказывающий в передаче про моду о зимнем фасоне рясы на синтепоне это посильнее, чем Фауст Гёте =) post a comment Date: 2002-07-26 14:22 Subject: AVALON Security: Public Mood: болею я Music: deep mix moscow Вчера с vavilov и lugosi ходили в 35mm на Авалон. Ежели кратко - кино супер, кинотеатр отстой. Начнем с отстоя. Эти жлобы почему-то решили кондиционировать пустой холл, и устроить парилку в зале. Зал и без того не блещет удобством, коленками упираешься в пластиковую спинку кресла впереди (что говорить про Lugosi, с его 2 метрами ног =), а тут еще климат тропического леса. Использовал Vavilova в качестве вентилятора. Теперь о главном. Avalon (Japan 2001) Review Date: 10/6/01 Director: Mamoru Oshii Music: Kenji Kawai Cast: Malgorzata Foremniak Кино-то СУПЕР. Я очень давно ничего такого хорошего с живыми актерами не видел. Вот он, пример глобализации - японско-польский взгляд на матрицу. Кто скажет что такая глобализация - зло, пусть бросит себя головой об камень =) Идея уже стала общим местом - ""вся наша жизнь - играааа"", но взгляд правильный, злой такой. Сепия, знакомые с детства интерьеры (разрушенные заводы, церквии, классическая точка соцобщепита), офигительное построение кадра, куча приятных мелочей и отсылок - обожаю. Чего стоят русские надписи на компьютерной гусеничной крепости....... Использовал Lugosi в качестве мобильной киноэнциклопедии. За детальным разбором фильма - к нему. PS Скачал OST, который lugosi ночью заслушал до дыр =)) 13 comments | post a comment browse my journal my userinfo my friends my calendar my website",http://www.livejournal.com/img/dot.gif,25,13222,"D's Journal

D's Journal D's Journal 5 most recent entries Date: 2002-09-05 17:20 Subject: Хе-хе =) Security: Public Mood: Садизм - лучший отдых Music: Deep Mix Moscow Очень хочется посмотреть как lugosi будет рвать свои роскошные локоны из-за невозможности послушать эту песенку немедленно, а потом на то, как он рыдая сгрызет свои не менее роскошные когти, когда он таки до нее доберется =) 3 comments | post a comment Date: 2002-09-05 16:30 Subject: привет flamenco от &chicken`а Security: Public Mood: crazy Music: Deep Mix Moscow Вот, яхонтовый просил передать 1 comment | post a comment Date: 2002-09-04 18:19 Subject: Песенка Security: Public Mood: high Music: rybnikov-verish.mp3 Песенка По ( polinezia ) и Вавилова ( vavilov ) Навеяло Временами года По Ты мне веришь post a comment Date: 2002-08-03 23:39 Subject: Православие WOW! Security: Public Mood: отпускное Music: deep.mix.moscow Плавно перетекающий из передачи в передачу Охлобыстин в рясе очень сильно напоминает рекламную кампанию католичества из Догмы и кришнаитствующего Боя Джорджа... При всей моей любви к этому персонажу, поп, рассказывающий в передаче про моду о зимнем фасоне рясы на синтепоне это посильнее, чем Фауст Гёте =) post a comment Date: 2002-07-26 14:22 Subject: AVALON Security: Public Mood: болею я Music: deep mix moscow Вчера с vavilov и lugosi ходили в 35mm на Авалон. Ежели кратко - кино супер, кинотеатр отстой. Начнем с отстоя. Эти жлобы почему-то решили кондиционировать пустой холл, и устроить парилку в зале. Зал и без того не блещет удобством, коленками упираешься в пластиковую спинку кресла впереди (что говорить про Lugosi, с его 2 метрами ног =), а тут еще климат тропического леса. Использовал Vavilova в качестве вентилятора. Теперь о главном. Avalon (Japan 2001) Review Date: 10/6/01 Director: Mamoru Oshii Music: Kenji Kawai Cast: Malgorzata Foremniak Кино-то СУПЕР. Я очень давно ничего такого хорошего с живыми актерами не видел. Вот он, пример глобализации - японско-польский взгляд на матрицу. Кто скажет что такая глобализация - зло, пусть бросит себя головой об камень =) Идея уже стала общим местом - ""вся наша жизнь - играааа"", но взгляд правильный, злой такой. Сепия, знакомые с детства интерьеры (разрушенные заводы, церквии, классическая точка соцобщепита), офигительное построение кадра, куча приятных мелочей и отсылок - обожаю. Чего стоят русские надписи на компьютерной гусеничной крепости....... Использовал Lugosi в качестве мобильной киноэнциклопедии. За детальным разбором фильма - к нему. PS Скачал OST, который lugosi ночью заслушал до дыр =)) 13 comments | post a comment browse my journal my userinfo my friends my calendar my website"
livejournal.com,20050218035705,http://www.livejournal.com:80/users/0000/2003/,https://web.archive.org/web/20050218035705/http://www.livejournal.com:80/users/0000/2003/,Dmitry - 2003,Dmitry - 2003 Dmitry - 2003 [ entries | archive | friends | userinfo ] Dmitry [ website | Deep Mix Moscow Radio ] [ userinfo | livejournal userinfo ] [ archive | journal archive ] Links [ Links: | MANGA.ru DEEPMIX.ru NEWSru.com ] Years 2002 2003 2004 May 2003 [ subjects ] Sun Mon Tue Wed Thu Fri Sat 1 2 3 4 5 6 7 8 9 10 11 12 13 14 15 16 2 17 18 19 20 21 22 23 24 25 26 27 28 29 30 31 June 2003 [ subjects ] Sun Mon Tue Wed Thu Fri Sat 1 2 3 4 5 6 7 8 9 10 11 12 13 14 15 16 17 18 19 20 21 22 23 24 25 26 27 1 28 29 30,http://www.livejournal.com/userpic/17706601/546982,1,9107,"Dmitry - 2003

Dmitry - 2003 Dmitry - 2003 [ entries | archive | friends | userinfo ] Dmitry [ website | Deep Mix Moscow Radio ] [ userinfo | livejournal userinfo ] [ archive | journal archive ] Links [ Links: | MANGA.ru DEEPMIX.ru NEWSru.com ] Years 2002 2003 2004 May 2003 [ subjects ] Sun Mon Tue Wed Thu Fri Sat 1 2 3 4 5 6 7 8 9 10 11 12 13 14 15 16 2 17 18 19 20 21 22 23 24 25 26 27 28 29 30 31 June 2003 [ subjects ] Sun Mon Tue Wed Thu Fri Sat 1 2 3 4 5 6 7 8 9 10 11 12 13 14 15 16 17 18 19 20 21 22 23 24 25 26 27 1 28 29 30"
livejournal.com,20050218040703,http://www.livejournal.com:80/users/0000/2003/05/,https://web.archive.org/web/20050218040703/http://www.livejournal.com:80/users/0000/2003/05/,Dmitry - May 2003,Dmitry - May 2003 Dmitry - May 2003 [ entries | archive | friends | userinfo ] Dmitry [ website | Deep Mix Moscow Radio ] [ userinfo | livejournal userinfo ] [ archive | journal archive ] Links [ Links: | MANGA.ru DEEPMIX.ru NEWSru.com ] May 2003 [ <<< ] July 2002 August 2002 September 2002 November 2002 May 2003 June 2003 April 2004 [ >>> ] 16th 02:38 pm: ((no subject)) - 13 комментариев 06:50 pm: ((no subject)) - 2 комментария,http://www.livejournal.com/userpic/17706601/546982,1,6019,"Dmitry - May 2003

Dmitry - May 2003 Dmitry - May 2003 [ entries | archive | friends | userinfo ] Dmitry [ website | Deep Mix Moscow Radio ] [ userinfo | livejournal userinfo ] [ archive | journal archive ] Links [ Links: | MANGA.ru DEEPMIX.ru NEWSru.com ] May 2003 [ <<< ] July 2002 August 2002 September 2002 November 2002 May 2003 June 2003 April 2004 [ >>> ] 16th 02:38 pm: ((no subject)) - 13 комментариев 06:50 pm: ((no subject)) - 2 комментария"
livejournal.com,20050218041711,http://www.livejournal.com:80/users/0000/2003/05/16/,https://web.archive.org/web/20050218041711/http://www.livejournal.com:80/users/0000/2003/05/16/,"Dmitry - May 16th, 2003","Dmitry - May 16th, 2003 Dmitry - May 16th, 2003 [ entries | archive | friends | userinfo ] Dmitry [ website | Deep Mix Moscow Radio ] [ userinfo | livejournal userinfo ] [ archive | journal archive ] Links [ Links: | MANGA.ru DEEPMIX.ru NEWSru.com ] May 16th, 2003 [May. 16th, 2003| 02:38 pm ] [ Настроение | озадаченное ] [ Музыка | monolake - cinemascope - remoteable ] Офисная столовая упорно движется в сторону кухни фьюжн: рыба в беконе, паста с фруктовым соусом... К чему бы это? Link 13 комментариев | Оставить комментарий [May. 16th, 2003| 06:50 pm ] [ Настроение | экстаз ] [ Музыка | Deep Mix Moscow ] Вот что бывает, если Стирпайка заставить рисовать памятники =) ( смотреть здесь ) Link 2 комментария | Оставить комментарий navigation [ viewing | May 16th, 2003 ] [ go | Previous Day | Next Day ]",http://www.livejournal.com/userpic/17706601/546982,2,8653,"Dmitry - May 16th, 2003

Dmitry - May 16th, 2003 Dmitry - May 16th, 2003 [ entries | archive | friends | userinfo ] Dmitry [ website | Deep Mix Moscow Radio ] [ userinfo | livejournal userinfo ] [ archive | journal archive ] Links [ Links: | MANGA.ru DEEPMIX.ru NEWSru.com ] May 16th, 2003 [May. 16th, 2003| 02:38 pm ] [ Настроение | озадаченное ] [ Музыка | monolake - cinemascope - remoteable ] Офисная столовая упорно движется в сторону кухни фьюжн: рыба в беконе, паста с фруктовым соусом... К чему бы это? Link 13 комментариев | Оставить комментарий [May. 16th, 2003| 06:50 pm ] [ Настроение | экстаз ] [ Музыка | Deep Mix Moscow ] Вот что бывает, если Стирпайка заставить рисовать памятники =) ( смотреть здесь ) Link 2 комментария | Оставить комментарий navigation [ viewing | May 16th, 2003 ] [ go | Previous Day | Next Day ]"
livejournal.com,20050217035826,http://www.livejournal.com:80/users/0000/2176.html,https://web.archive.org/web/20050217035826/http://www.livejournal.com:80/users/0000/2176.html,"0000: Вот что бывает,  если Стирпайка заставит","0000: Вот что бывает, если Стирпайка заставит Dmitry ( 0000 ) wrote, @ 2003 - 05 - 16 18:50:00 Current mood: экстаз Current music: Deep Mix Moscow Вот что бывает, если Стирпайка заставить рисовать памятники =) ( Post a new comment ) dahr 2003-05-17 02:18 ( link ) А чё круто! Сразу создаеться впечетление, что корапузу точно ничего не может угрожать! ( Reply to this ) ioc 2003-05-22 04:11 ( link ) сильно :) ( Reply to this ) Username: Password: English • Español • Deutsch • Français • Русский • → Search: Category: Username E-mail Region Interest AOL IM ICQ Number Yahoo! ID MSN Username Jabber Navigate: Welcome Login Create an Account Update Your Journal Search Random Region Interests Advanced Help Ask a Question Lost Password FAQ Site Map Browse Options Contact Info About General Info Press Download Site News Paid Accounts Terms of Service Privacy Policy Legal Information Site Map Browse Options",http://www.livejournal.com/userpic/17706601/546982,15,11926,"0000: Вот что бывает,  если Стирпайка заставит

0000: Вот что бывает, если Стирпайка заставит Dmitry ( 0000 ) wrote, @ 2003 - 05 - 16 18:50:00 Current mood: экстаз Current music: Deep Mix Moscow Вот что бывает, если Стирпайка заставить рисовать памятники =) ( Post a new comment ) dahr 2003-05-17 02:18 ( link ) А чё круто! Сразу создаеться впечетление, что корапузу точно ничего не может угрожать! ( Reply to this ) ioc 2003-05-22 04:11 ( link ) сильно :) ( Reply to this ) Username: Password: English • Español • Deutsch • Français • Русский • → Search: Category: Username E-mail Region Interest AOL IM ICQ Number Yahoo! ID MSN Username Jabber Navigate: Welcome Login Create an Account Update Your Journal Search Random Region Interests Advanced Help Ask a Question Lost Password FAQ Site Map Browse Options Contact Info About General Info Press Download Site News Paid Accounts Terms of Service Privacy Policy Legal Information Site Map Browse Options"
livejournal.com,20030228223614,http://www.livejournal.com:80/users/0000/friends,https://web.archive.org/web/20030228223614/http://www.livejournal.com:80/users/0000/friends,D's Friends,"D's Friends D's Friends 20 most recent entries User: clubmusic (posted by lunaticman ) Date: 2003-02-28 23:39 Subject: mp3 | Aes Dana - season 5 Security: Public Когда-то меня очень порадовал Ultimae records своими тремя сборниками ' FAHRENHEIT PROJECT '. Ими можно было заслушаться , что я собственно и делал... Пойже появился в моей коллекции ' SOLAR FIELDS - REFLECTIVE FREQUENCIES ' , который меня тоже ужасно порадовал. Теперь я изнемогаю от ' AES DANA - SEASON 5 ', которым я с вами и хочу поделиться. Если у кого-то вдруг найдётся ' SOLAR FIELDS - BLUE MOON STATION ' я буду очень рад если вы поделитесь. Звук чем то похож на Psy- Ambient, но с shpongle такое наверно не стоит сравнить, вообщем - СЛУШАТЬ, СЛУШАТЬ, СЛУШАТЬ!!! post a comment User: clubmusic (posted by soda9 ) Date: 2003-03-01 00:34 Subject: несного о миксах #2 Security: Public Mood: все еще колбашусь Music: Danny Howells & Nick Warren - Revelation CD1 еще есть у меня забавная папка на том же фтп (адрес постом раньше), называется house mixes##renaissance отгадайте, что там? правильно восемь миксов renaissance ibiza, по два соответственно deep dish, dave seaman и Danny Howells & Nick Warren. такие дела. качайте и да пребудет с вами 100кб конеект во веки веком. (и неплохо бы чтобы у меня сеть как вчера не рушилась). аминь post a comment User: clubmusic (posted by soda9 ) Date: 2003-03-01 00:26 Subject: немного о миксах #1 Security: Public Mood: колбашусь Music: Renaissance Ibiza - Deep Dish могу похвастаться наличием двух миксов, точнее это вроде как CD1 и CD2. плэйлист за катом. кому интересно - ключевое слово: йошитоши (in house we thrust) ( плейлисты тут ) богацтво это у мен на фтп (ftp://195.133.227.42) в папочке отгадайте какой? правильно, #in house we thrust. найдете в общем:) post a comment User: anonist (posted by kolaborationist ) Date: 2003-02-28 20:32 Subject: давай-давай! Security: Public удаляй меня из себя, на хер я тебе, anonist , нужен? я не хочу публично онанировать-я по природе своей ТАЙНЫЙ онанист!!! post a comment User: clubmusic (posted by vorobioff ) Date: 2003-02-28 19:28 Subject: Security: Public Music: Feela - Sweet Temptation (Bini & Martini's Club Mix) Dj Romeo - Absinthe_Mix Неплохой сет от арт-директора клуба ""Абсент"", вот только выложить его негде. Есть варианты? 4 comments | post a comment User: clubmusic (posted by yv ) Date: 2003-02-28 17:24 Subject: Security: Public зацените мьюзик на http://doichy.com (много времени было потрачено) 4 comments | post a comment User: clubmusic (posted by monemix ) Date: 2003-02-28 19:13 Subject: GU Security: Public слушаю james lavelle - Global Undeground 023 (barcelona) - очень подходит для создания рабочего настроения. жестко, четко и вполне мелодично. скачать фрагмент оба диска (~100mb) выложу по запросу 3 comments | post a comment User: clubmusic (posted by realterego ) Date: 2003-02-28 17:57 Subject: Security: Public Vibe Residents feat. Dragonfly, Temptation (Club Mix) --- за этот трэк я всё отдам... мадам, мадам..",http://stat.livejournal.com/img/dot.gif,77,40903,"D's Friends

D's Friends D's Friends 20 most recent entries User: clubmusic (posted by lunaticman ) Date: 2003-02-28 23:39 Subject: mp3 | Aes Dana - season 5 Security: Public Когда-то меня очень порадовал Ultimae records своими тремя сборниками ' FAHRENHEIT PROJECT '. Ими можно было заслушаться , что я собственно и делал... Пойже появился в моей коллекции ' SOLAR FIELDS - REFLECTIVE FREQUENCIES ' , который меня тоже ужасно порадовал. Теперь я изнемогаю от ' AES DANA - SEASON 5 ', которым я с вами и хочу поделиться. Если у кого-то вдруг найдётся ' SOLAR FIELDS - BLUE MOON STATION ' я буду очень рад если вы поделитесь. Звук чем то похож на Psy- Ambient, но с shpongle такое наверно не стоит сравнить, вообщем - СЛУШАТЬ, СЛУШАТЬ, СЛУШАТЬ!!! post a comment User: clubmusic (posted by soda9 ) Date: 2003-03-01 00:34 Subject: несного о миксах #2 Security: Public Mood: все еще колбашусь Music: Danny Howells & Nick Warren - Revelation CD1 еще есть у меня забавная папка на том же фтп (адрес постом раньше), называется house mixes##renaissance отгадайте, что там? правильно восемь миксов renaissance ibiza, по два соответственно deep dish, dave seaman и Danny Howells & Nick Warren. такие дела. качайте и да пребудет с вами 100кб конеект во веки веком. (и неплохо бы чтобы у меня сеть как вчера не рушилась). аминь post a comment User: clubmusic (posted by soda9 ) Date: 2003-03-01 00:26 Subject: немного о миксах #1 Security: Public Mood: колбашусь Music: Renaissance Ibiza - Deep Dish могу похвастаться наличием двух миксов, точнее это вроде как CD1 и CD2. плэйлист за катом. кому интересно - ключевое слово: йошитоши (in house we thrust) ( плейлисты тут ) богацтво это у мен на фтп (ftp://195.133.227.42) в папочке отгадайте какой? правильно, #in house we thrust. найдете в общем:) post a comment User: anonist (posted by kolaborationist ) Date: 2003-02-28 20:32 Subject: давай-давай! Security: Public удаляй меня из себя, на хер я тебе, anonist , нужен? я не хочу публично онанировать-я по природе своей ТАЙНЫЙ онанист!!! post a comment User: clubmusic (posted by vorobioff ) Date: 2003-02-28 19:28 Subject: Security: Public Music: Feela - Sweet Temptation (Bini & Martini's Club Mix) Dj Romeo - Absinthe_Mix Неплохой сет от арт-директора клуба ""Абсент"", вот только выложить его негде. Есть варианты? 4 comments | post a comment User: clubmusic (posted by yv ) Date: 2003-02-28 17:24 Subject: Security: Public зацените мьюзик на http://doichy.com (много времени было потрачено) 4 comments | post a comment User: clubmusic (posted by monemix ) Date: 2003-02-28 19:13 Subject: GU Security: Public слушаю james lavelle - Global Undeground 023 (barcelona) - очень подходит для создания рабочего настроения. жестко, четко и вполне мелодично. скачать фрагмент оба диска (~100mb) выложу по запросу 3 comments | post a comment User: clubmusic (posted by realterego ) Date: 2003-02-28 17:57 Subject: Security: Public Vibe Residents feat. Dragonfly, Temptation (Club Mix) --- за этот трэк я всё отдам... мадам, мадам.."
livejournal.com,20040210030030,http://www.livejournal.com:80/users/0000000/,https://web.archive.org/web/20040210030030/http://www.livejournal.com:80/users/0000000/,Percy's Artwork's Journal,"Percy's Artwork's Journal Percy's Artwork's Journal [ entries | friends | calendar ] Percy's Artwork [ website | PercyWells.com ] [ userinfo | livejournal userinfo ] [ calendar | livejournal calendar ] I know, I promised this a long time ago. [03 Feb 2004| 01:07pm ] I'm going to one of the professional printers here to ask about art prints, to possibly sell some. If you are interested in knowing prices once I find out you can e-mail me (or just leave a comment). I don't know cost, I also don't have the time to make prints myself right now though, which is why I am doing it this way. If it turns out to be ridiculously expensive I'll probably just auction a few or wait until I have the time to do them myself. If you're on my mailing list, don't worry, you'll be informed anyway. Edit: I can't sell prints of "" Higher "" because the original has been damaged. (cross post) scribble Those were the days. [03 Jan 2004| 11:56am ] [ mood | tangled ] Cobbie, Lo, Fasha, and Pyne. ( et... ) 11 geniuses scribble [notebook] [09 Dec 2003| 08:50pm ] [ mood | miserable ] 9 geniuses scribble Himmel Herz [28 Jul 2003| 07:38pm ] ( come closer ) 12 geniuses scribble One Person [06 Jul 2003| 11:58pm ] ( come closer ) 4 geniuses scribble Abdominal Lobotomy [03 Jul 2003| 10:00am ] ( come closer ) 2 geniuses scribble You're merely a shell. [01 Jul 2003| 10:00am ] ( find ) 12 geniuses scribble Patchwork [29 Jun 2003| 09:28pm ] [ mood | relaxed ] ( or here ) Now stop missing me! 20 geniuses scribble Closet [22 May 2003| 04:16am ] ( come closer ) 2 geniuses scribble Observed [01 May 2003| 06:56pm ] I seeeee you. And so do Iiiiii. Ink and watercolour on aquarelle paper. 14 geniuses scribble It Just Happened [30 Apr 2003| 02:35pm ] Just like that. I woke up and was suddenly not alone in my head anymore. 7 geniuses scribble Me and Myself [28 Apr 2003| 04:42pm ] Self-portrait. Ink on watercolour block 5 geniuses scribble Writer's Block [27 Apr 2003| 02:24pm ] Words and letters everywhere, yet not a thought to think. Ink, watercolor, and pencil on aquarelle block. 7 geniuses scribble 96 Sardine Personalities [27 Apr 2003| 02:23pm ] We didn't disassociate. Black ink on watercolour block. scribble The Dark [27 Apr 2003| 10:31am ] ""As a child, I was not afraid of the dark, but of the skeletons I saw in it."" 1 genius scribble New Occupancy [26 Apr 2003| 10:30am ] This journal has been adopted. By a me . Hello. navigation [ viewing | most recent entries ]",http://userpic.livejournal.com/4837945/504679,17,20927,"Percy's Artwork's Journal

Percy's Artwork's Journal Percy's Artwork's Journal [ entries | friends | calendar ] Percy's Artwork [ website | PercyWells.com ] [ userinfo | livejournal userinfo ] [ calendar | livejournal calendar ] I know, I promised this a long time ago. [03 Feb 2004| 01:07pm ] I'm going to one of the professional printers here to ask about art prints, to possibly sell some. If you are interested in knowing prices once I find out you can e-mail me (or just leave a comment). I don't know cost, I also don't have the time to make prints myself right now though, which is why I am doing it this way. If it turns out to be ridiculously expensive I'll probably just auction a few or wait until I have the time to do them myself. If you're on my mailing list, don't worry, you'll be informed anyway. Edit: I can't sell prints of "" Higher "" because the original has been damaged. (cross post) scribble Those were the days. [03 Jan 2004| 11:56am ] [ mood | tangled ] Cobbie, Lo, Fasha, and Pyne. ( et... ) 11 geniuses scribble [notebook] [09 Dec 2003| 08:50pm ] [ mood | miserable ] 9 geniuses scribble Himmel Herz [28 Jul 2003| 07:38pm ] ( come closer ) 12 geniuses scribble One Person [06 Jul 2003| 11:58pm ] ( come closer ) 4 geniuses scribble Abdominal Lobotomy [03 Jul 2003| 10:00am ] ( come closer ) 2 geniuses scribble You're merely a shell. [01 Jul 2003| 10:00am ] ( find ) 12 geniuses scribble Patchwork [29 Jun 2003| 09:28pm ] [ mood | relaxed ] ( or here ) Now stop missing me! 20 geniuses scribble Closet [22 May 2003| 04:16am ] ( come closer ) 2 geniuses scribble Observed [01 May 2003| 06:56pm ] I seeeee you. And so do Iiiiii. Ink and watercolour on aquarelle paper. 14 geniuses scribble It Just Happened [30 Apr 2003| 02:35pm ] Just like that. I woke up and was suddenly not alone in my head anymore. 7 geniuses scribble Me and Myself [28 Apr 2003| 04:42pm ] Self-portrait. Ink on watercolour block 5 geniuses scribble Writer's Block [27 Apr 2003| 02:24pm ] Words and letters everywhere, yet not a thought to think. Ink, watercolor, and pencil on aquarelle block. 7 geniuses scribble 96 Sardine Personalities [27 Apr 2003| 02:23pm ] We didn't disassociate. Black ink on watercolour block. scribble The Dark [27 Apr 2003| 10:31am ] ""As a child, I was not afraid of the dark, but of the skeletons I saw in it."" 1 genius scribble New Occupancy [26 Apr 2003| 10:30am ] This journal has been adopted. By a me . Hello. navigation [ viewing | most recent entries ]"
livejournal.com,20040606234838,http://www.livejournal.com:80/users/0000000/10079.html,https://web.archive.org/web/20040606234838/http://www.livejournal.com:80/users/0000000/10079.html,0000000: You're merely a shell.,"0000000: You're merely a shell. Percy's Artwork ( 0000000 ) wrote, @ 2003 - 07 - 01 10:00:00 You're merely a shell. • goat • hornet • duck • pig • housefly • worm • baby • spider web • bird • dog • wolf • fish x5 • cat x3 • head x5/ • face x6 ( Post a new comment ) soulfluff 2003-07-01 05:17 ( link ) yes but where are the socks :> ( Reply to this ) silverskytears 2003-07-01 13:58 ( link ) looks cheshire, the one :D ( Reply to this ) ( Thread ) Re: 0000000 2003-07-01 14:22 ( link ) Oh yes oh yes oh yes! ( Reply to this ) ( Parent ) ( Thread ) Re: silverskytears 2003-07-01 14:39 ( link ) hahaha, NOW you sound like ME! ( Reply to this ) ( Parent ) ( Thread ) Re: 0000000 2003-07-01 14:41 ( link ) I have Julitis. It's very tragic, actually. ( Reply to this ) ( Parent ) ( Thread ) Re: silverskytears 2003-07-01 16:28 ( link ) I terribly sorry. Be careful & treat it before it goes to your head. It's rather dangerous there, often causing random acts of insnaility. ( Reply to this ) ( Parent ) ( Thread ) Re: 0000000 2003-07-01 16:31 ( link ) Insnaility! *gasps* Escargot... ohh yesss AhhH! I see what you mean!! *sees life flash before eyes* ( Reply to this ) ( Parent ) ( Thread ) Re: silverskytears 2003-07-01 19:31 ( link ) uh oh, it might be on pause, or perhaps on a channel with pokemon. WARNING: life may flash, possibly causing seizures resulting in an insatiable love of art and writing or even death in extreme cases. use carefully, keep away from mouth and eyes! ( Reply to this ) ( Parent ) ( Thread ) Re: 0000000 2003-07-02 00:47 ( link ) Forgot to put something about keeping your toes and fingers inside your nose and ears at all times. ( Reply to this ) ( Parent ) ( Thread ) Re: silverskytears 2003-07-02 04:40 ( link ) oh, darn, so THAT's why the recipe never worked before . . . ( Reply to this ) ( Parent ) d_e_l_i_r_i_u_m 2003-07-01 16:11 ( link ) somehow, i knew i'd see that piece of patchwork as an icon. watch out for themes. they may constrain. that said, i'm sure you'll not tolerate them forever. ( Reply to this ) ( Thread ) Re: 0000000 2003-07-01 16:18 ( link ) I have been making icons like mad. You would like them, I bet. (Btw, if you want me to draw anything for userpics for yourself, you just let me know, muah.) I have asked for membership in handdrawn , but they seem slow with processing applications =/ In the meantime I can't find any other good communities for sharing original icons... I cannot stand these celebrity things that the teenyboppers like to call their own work cause they sole it off of some site all by themselves and cropped and resized and made blink all by themselves... Pfeh. Ok, I'm done being a snob now. :D ( Reply to this ) ( Parent ) ( Post a new comment ) Username: Password: English • Español • Deutsch • Français • Русский • → Search: Category: Username E-mail Region Interest AOL IM ICQ Number Yahoo! ID MSN Username Jabber Navigate: Welcome Login Create an Account Update Your Journal Search Random Region Interests Advance",http://userpic.livejournal.com/5674920/504679,45,26311,"0000000: You're merely a shell.

0000000: You're merely a shell. Percy's Artwork ( 0000000 ) wrote, @ 2003 - 07 - 01 10:00:00 You're merely a shell. • goat • hornet • duck • pig • housefly • worm • baby • spider web • bird • dog • wolf • fish x5 • cat x3 • head x5/ • face x6 ( Post a new comment ) soulfluff 2003-07-01 05:17 ( link ) yes but where are the socks :> ( Reply to this ) silverskytears 2003-07-01 13:58 ( link ) looks cheshire, the one :D ( Reply to this ) ( Thread ) Re: 0000000 2003-07-01 14:22 ( link ) Oh yes oh yes oh yes! ( Reply to this ) ( Parent ) ( Thread ) Re: silverskytears 2003-07-01 14:39 ( link ) hahaha, NOW you sound like ME! ( Reply to this ) ( Parent ) ( Thread ) Re: 0000000 2003-07-01 14:41 ( link ) I have Julitis. It's very tragic, actually. ( Reply to this ) ( Parent ) ( Thread ) Re: silverskytears 2003-07-01 16:28 ( link ) I terribly sorry. Be careful & treat it before it goes to your head. It's rather dangerous there, often causing random acts of insnaility. ( Reply to this ) ( Parent ) ( Thread ) Re: 0000000 2003-07-01 16:31 ( link ) Insnaility! *gasps* Escargot... ohh yesss AhhH! I see what you mean!! *sees life flash before eyes* ( Reply to this ) ( Parent ) ( Thread ) Re: silverskytears 2003-07-01 19:31 ( link ) uh oh, it might be on pause, or perhaps on a channel with pokemon. WARNING: life may flash, possibly causing seizures resulting in an insatiable love of art and writing or even death in extreme cases. use carefully, keep away from mouth and eyes! ( Reply to this ) ( Parent ) ( Thread ) Re: 0000000 2003-07-02 00:47 ( link ) Forgot to put something about keeping your toes and fingers inside your nose and ears at all times. ( Reply to this ) ( Parent ) ( Thread ) Re: silverskytears 2003-07-02 04:40 ( link ) oh, darn, so THAT's why the recipe never worked before . . . ( Reply to this ) ( Parent ) d_e_l_i_r_i_u_m 2003-07-01 16:11 ( link ) somehow, i knew i'd see that piece of patchwork as an icon. watch out for themes. they may constrain. that said, i'm sure you'll not tolerate them forever. ( Reply to this ) ( Thread ) Re: 0000000 2003-07-01 16:18 ( link ) I have been making icons like mad. You would like them, I bet. (Btw, if you want me to draw anything for userpics for yourself, you just let me know, muah.) I have asked for membership in handdrawn , but they seem slow with processing applications =/ In the meantime I can't find any other good communities for sharing original icons... I cannot stand these celebrity things that the teenyboppers like to call their own work cause they sole it off of some site all by themselves and cropped and resized and made blink all by themselves... Pfeh. Ok, I'm done being a snob now. :D ( Reply to this ) ( Parent ) ( Post a new comment ) Username: Password: English • Español • Deutsch • Français • Русский • → Search: Category: Username E-mail Region Interest AOL IM ICQ Number Yahoo! ID MSN Username Jabber Navigate: Welcome Login Create an Account Update Your Journal Search Random Region Interests Advance"
livejournal.com,20040712090952,http://www.livejournal.com:80/users/0000000/10079.html?replyto=74079,https://web.archive.org/web/20040712090952/http://www.livejournal.com:80/users/0000000/10079.html?replyto=74079,Post Comment,"Post Comment Percy's Artwork ( 0000000 ) wrote, Re: Oh yes oh yes oh yes! ( Read comments ) Post a comment in response: From: Anonymous LiveJournal user: Username: Password: Log in? Subject: No HTML allowed in subject Don't auto-format: Message: Check spelling during preview Username: Password: English • Español • Deutsch • Français • Русский • → Search: Category: Username E-mail Region Interest AOL IM ICQ Number Yahoo! ID MSN Username Jabber Navigate: Welcome Login Create an Account Update Your Journal Search Random Region Interests Advanced Help Ask a Question Lost Password FAQ Site Map Browse Options Contact Info About General Info Press Download Site News Paid Accounts Terms of Service Privacy Policy Legal Information Site Map Browse Options",http://userpic.livejournal.com/4837945/504679,3,17245,"Post Comment

Post Comment Percy's Artwork ( 0000000 ) wrote, Re: Oh yes oh yes oh yes! ( Read comments ) Post a comment in response: From: Anonymous LiveJournal user: Username: Password: Log in? Subject: No HTML allowed in subject Don't auto-format: Message: Check spelling during preview Username: Password: English • Español • Deutsch • Français • Русский • → Search: Category: Username E-mail Region Interest AOL IM ICQ Number Yahoo! ID MSN Username Jabber Navigate: Welcome Login Create an Account Update Your Journal Search Random Region Interests Advanced Help Ask a Question Lost Password FAQ Site Map Browse Options Contact Info About General Info Press Download Site News Paid Accounts Terms of Service Privacy Policy Legal Information Site Map Browse Options"
livejournal.com,20040713025747,http://www.livejournal.com:80/users/0000000/10079.html?replyto=74335,https://web.archive.org/web/20040713025747/http://www.livejournal.com:80/users/0000000/10079.html?replyto=74335,Post Comment,"Post Comment In. Love. ( silverskytears ) wrote, Re: hahaha, NOW you sound like ME! ( Read comments ) Post a comment in response: From: Anonymous LiveJournal user: Username: Password: Log in? Subject: No HTML allowed in subject Don't auto-format: Message: Check spelling during preview Username: Password: English • Español • Deutsch • Français • Русский • → Search: Category: Username E-mail Region Interest AOL IM ICQ Number Yahoo! ID MSN Username Jabber Navigate: Welcome Login Create an Account Update Your Journal Search Random Region Interests Advanced Help Ask a Question Lost Password FAQ Site Map Browse Options Contact Info About General Info Press Download Site News Paid Accounts Terms of Service Privacy Policy Legal Information Site Map Browse Options",http://userpic.livejournal.com/10638528/839723,3,17260,"Post Comment

Post Comment In. Love. ( silverskytears ) wrote, Re: hahaha, NOW you sound like ME! ( Read comments ) Post a comment in response: From: Anonymous LiveJournal user: Username: Password: Log in? Subject: No HTML allowed in subject Don't auto-format: Message: Check spelling during preview Username: Password: English • Español • Deutsch • Français • Русский • → Search: Category: Username E-mail Region Interest AOL IM ICQ Number Yahoo! ID MSN Username Jabber Navigate: Welcome Login Create an Account Update Your Journal Search Random Region Interests Advanced Help Ask a Question Lost Password FAQ Site Map Browse Options Contact Info About General Info Press Download Site News Paid Accounts Terms of Service Privacy Policy Legal Information Site Map Browse Options"
livejournal.com,20040714085659,http://www.livejournal.com:80/users/0000000/10079.html?replyto=74847,https://web.archive.org/web/20040714085659/http://www.livejournal.com:80/users/0000000/10079.html?replyto=74847,Post Comment,"Post Comment the keeper of the timezones ( d_e_l_i_r_i_u_m ) wrote, somehow, i knew i'd see that piece of patchwork as an icon. watch out for themes. they may constrain. that said, i'm sure you'll not tolerate them forever. ( Read comments ) Post a comment in response: From: Anonymous LiveJournal user: Username: Password: Log in? Subject: No HTML allowed in subject Don't auto-format: Message: Check spelling during preview Username: Password: English • Español • Deutsch • Français • Русский • → Search: Category: Username E-mail Region Interest AOL IM ICQ Number Yahoo! ID MSN Username Jabber Navigate: Welcome Login Create an Account Update Your Journal Search Random Region Interests Advanced Help Ask a Question Lost Password FAQ Site Map Browse Options Contact Info About General Info Press Download Site News Paid Accounts Terms of Service Privacy Policy Legal Information Site Map Browse Options",http://userpic.livejournal.com/3285090/182235,3,17356,"Post Comment

Post Comment the keeper of the timezones ( d_e_l_i_r_i_u_m ) wrote, somehow, i knew i'd see that piece of patchwork as an icon. watch out for themes. they may constrain. that said, i'm sure you'll not tolerate them forever. ( Read comments ) Post a comment in response: From: Anonymous LiveJournal user: Username: Password: Log in? Subject: No HTML allowed in subject Don't auto-format: Message: Check spelling during preview Username: Password: English • Español • Deutsch • Français • Русский • → Search: Category: Username E-mail Region Interest AOL IM ICQ Number Yahoo! ID MSN Username Jabber Navigate: Welcome Login Create an Account Update Your Journal Search Random Region Interests Advanced Help Ask a Question Lost Password FAQ Site Map Browse Options Contact Info About General Info Press Download Site News Paid Accounts Terms of Service Privacy Policy Legal Information Site Map Browse Options"
livejournal.com,20040715074201,http://www.livejournal.com:80/users/0000000/10079.html?replyto=75103,https://web.archive.org/web/20040715074201/http://www.livejournal.com:80/users/0000000/10079.html?replyto=75103,Post Comment,"Post Comment ! ( 0000000 ) wrote, Re: I have been making icons like mad. You would like them, I bet. (Btw, if you want me to draw anything for userpics for yourself, you just let me know, muah.) I have asked for membership in handdrawn , but they seem slow with processing applications =/ In the meantime I can't find any other good communities for sharing original icons... I cannot stand these celebrity things that the teenyboppers like to call their own work cause they sole it off of some site all by themselves and cropped and resized and made blink all by themselves... Pfeh. Ok, I'm done being a snob now. :D ( Read comments ) Post a comment in response: From: Anonymous LiveJournal user: Username: Password: Log in? Subject: No HTML allowed in subject Don't auto-format: Message: Check spelling during preview Username: Password: English • Español • Deutsch • Français • Русский • → Search: Category: Username E-mail Region Interest AOL IM ICQ Number Yahoo! ID MSN Username Jabber Navigate: Welcome Login Create an Account Update Your Journal Search Random Region Interests Advanced Help Ask a Question Lost Password FAQ Site Map Browse Options Contact Info About General Info Press Download Site News Paid Accounts Terms of Service Privacy Policy Legal Information Site Map Browse Options",http://userpic.livejournal.com/4837945/504679,4,18122,"Post Comment

Post Comment ! ( 0000000 ) wrote, Re: I have been making icons like mad. You would like them, I bet. (Btw, if you want me to draw anything for userpics for yourself, you just let me know, muah.) I have asked for membership in handdrawn , but they seem slow with processing applications =/ In the meantime I can't find any other good communities for sharing original icons... I cannot stand these celebrity things that the teenyboppers like to call their own work cause they sole it off of some site all by themselves and cropped and resized and made blink all by themselves... Pfeh. Ok, I'm done being a snob now. :D ( Read comments ) Post a comment in response: From: Anonymous LiveJournal user: Username: Password: Log in? Subject: No HTML allowed in subject Don't auto-format: Message: Check spelling during preview Username: Password: English • Español • Deutsch • Français • Русский • → Search: Category: Username E-mail Region Interest AOL IM ICQ Number Yahoo! ID MSN Username Jabber Navigate: Welcome Login Create an Account Update Your Journal Search Random Region Interests Advanced Help Ask a Question Lost Password FAQ Site Map Browse Options Contact Info About General Info Press Download Site News Paid Accounts Terms of Service Privacy Policy Legal Information Site Map Browse Options"
livejournal.com,20040716001256,http://www.livejournal.com:80/users/0000000/10079.html?replyto=75359,https://web.archive.org/web/20040716001256/http://www.livejournal.com:80/users/0000000/10079.html?replyto=75359,Post Comment,"Post Comment In. Love. ( silverskytears ) wrote, Re: I terribly sorry. Be careful & treat it before it goes to your head. It's rather dangerous there, often causing random acts of insnaility. ( Read comments ) Post a comment in response: From: Anonymous LiveJournal user: Username: Password: Log in? Subject: No HTML allowed in subject Don't auto-format: Message: Check spelling during preview Username: Password: English • Español • Deutsch • Français • Русский • → Search: Category: Username E-mail Region Interest AOL IM ICQ Number Yahoo! ID MSN Username Jabber Navigate: Welcome Login Create an Account Update Your Journal Search Random Region Interests Advanced Help Ask a Question Lost Password FAQ Site Map Browse Options Contact Info About General Info Press Download Site News Paid Accounts Terms of Service Privacy Policy Legal Information Site Map Browse Options",http://userpic.livejournal.com/10638528/839723,3,17368,"Post Comment

Post Comment In. Love. ( silverskytears ) wrote, Re: I terribly sorry. Be careful & treat it before it goes to your head. It's rather dangerous there, often causing random acts of insnaility. ( Read comments ) Post a comment in response: From: Anonymous LiveJournal user: Username: Password: Log in? Subject: No HTML allowed in subject Don't auto-format: Message: Check spelling during preview Username: Password: English • Español • Deutsch • Français • Русский • → Search: Category: Username E-mail Region Interest AOL IM ICQ Number Yahoo! ID MSN Username Jabber Navigate: Welcome Login Create an Account Update Your Journal Search Random Region Interests Advanced Help Ask a Question Lost Password FAQ Site Map Browse Options Contact Info About General Info Press Download Site News Paid Accounts Terms of Service Privacy Policy Legal Information Site Map Browse Options"
livejournal.com,20040716123942,http://www.livejournal.com:80/users/0000000/10079.html?replyto=75615,https://web.archive.org/web/20040716123942/http://www.livejournal.com:80/users/0000000/10079.html?replyto=75615,Post Comment,"Post Comment ! ( 0000000 ) wrote, Re: Insnaility! *gasps* Escargot... ohh yesss AhhH! I see what you mean!! *sees life flash before eyes* ( Read comments ) Post a comment in response: From: Anonymous LiveJournal user: Username: Password: Log in? Subject: No HTML allowed in subject Don't auto-format: Message: Check spelling during preview Username: Password: English • Español • Deutsch • Français • Русский • → Search: Category: Username E-mail Region Interest AOL IM ICQ Number Yahoo! ID MSN Username Jabber Navigate: Welcome Login Create an Account Update Your Journal Search Random Region Interests Advanced Help Ask a Question Lost Password FAQ Site Map Browse Options Contact Info About General Info Press Download Site News Paid Accounts Terms of Service Privacy Policy Legal Information Site Map Browse Options",http://userpic.livejournal.com/4837945/504679,3,17306,"Post Comment

Post Comment ! ( 0000000 ) wrote, Re: Insnaility! *gasps* Escargot... ohh yesss AhhH! I see what you mean!! *sees life flash before eyes* ( Read comments ) Post a comment in response: From: Anonymous LiveJournal user: Username: Password: Log in? Subject: No HTML allowed in subject Don't auto-format: Message: Check spelling during preview Username: Password: English • Español • Deutsch • Français • Русский • → Search: Category: Username E-mail Region Interest AOL IM ICQ Number Yahoo! ID MSN Username Jabber Navigate: Welcome Login Create an Account Update Your Journal Search Random Region Interests Advanced Help Ask a Question Lost Password FAQ Site Map Browse Options Contact Info About General Info Press Download Site News Paid Accounts Terms of Service Privacy Policy Legal Information Site Map Browse Options"
livejournal.com,20040717014339,http://www.livejournal.com:80/users/0000000/10079.html?replyto=75871,https://web.archive.org/web/20040717014339/http://www.livejournal.com:80/users/0000000/10079.html?replyto=75871,Post Comment,"Post Comment In. Love. ( silverskytears ) wrote, Re: uh oh, it might be on pause, or perhaps on a channel with pokemon. WARNING: life may flash, possibly causing seizures resulting in an insatiable love of art and writing or even death in extreme cases. use carefully, keep away from mouth and eyes! ( Read comments ) Post a comment in response: From: Anonymous LiveJournal user: Username: Password: Log in? Subject: No HTML allowed in subject Don't auto-format: Message: Check spelling during preview Username: Password: English • Español • Deutsch • Français • Русский • → Search: Category: Username E-mail Region Interest AOL IM ICQ Number Yahoo! ID MSN Username Jabber Navigate: Welcome Login Create an Account Update Your Journal Search Random Region Interests Advanced Help Ask a Question Lost Password FAQ Site Map Browse Options Contact Info About General Info Press Download Site News Paid Accounts Terms of Service Privacy Policy Legal Information Site Map Browse Options",http://userpic.livejournal.com/10638528/839723,3,17488,"Post Comment

Post Comment In. Love. ( silverskytears ) wrote, Re: uh oh, it might be on pause, or perhaps on a channel with pokemon. WARNING: life may flash, possibly causing seizures resulting in an insatiable love of art and writing or even death in extreme cases. use carefully, keep away from mouth and eyes! ( Read comments ) Post a comment in response: From: Anonymous LiveJournal user: Username: Password: Log in? Subject: No HTML allowed in subject Don't auto-format: Message: Check spelling during preview Username: Password: English • Español • Deutsch • Français • Русский • → Search: Category: Username E-mail Region Interest AOL IM ICQ Number Yahoo! ID MSN Username Jabber Navigate: Welcome Login Create an Account Update Your Journal Search Random Region Interests Advanced Help Ask a Question Lost Password FAQ Site Map Browse Options Contact Info About General Info Press Download Site News Paid Accounts Terms of Service Privacy Policy Legal Information Site Map Browse Options"
livejournal.com,20040720225745,http://www.livejournal.com:80/users/0000000/10079.html?replyto=76383,https://web.archive.org/web/20040720225745/http://www.livejournal.com:80/users/0000000/10079.html?replyto=76383,Post Comment,"Post Comment In. Love. ( silverskytears ) wrote, Re: oh, darn, so THAT's why the recipe never worked before . . . ( Read comments ) Post a comment in response: From: Anonymous LiveJournal user: Username: Password: Log in? Subject: No HTML allowed in subject Don't auto-format: Message: Check spelling during preview Username: Password: English • Español • Deutsch • Français • Русский • → Search: Category: Username E-mail Region Interest AOL IM ICQ Number Yahoo! ID MSN Username Jabber Navigate: Welcome Login Create an Account Update Your Journal Search Random Region Interests Advanced Help Ask a Question Lost Password FAQ Site Map Browse Options Contact Info About General Info Press Download Site News Paid Accounts Terms of Service Privacy Policy Legal Information Site Map Browse Options",http://userpic.livejournal.com/10638528/839723,3,17291,"Post Comment

Post Comment In. Love. ( silverskytears ) wrote, Re: oh, darn, so THAT's why the recipe never worked before . . . ( Read comments ) Post a comment in response: From: Anonymous LiveJournal user: Username: Password: Log in? Subject: No HTML allowed in subject Don't auto-format: Message: Check spelling during preview Username: Password: English • Español • Deutsch • Français • Русский • → Search: Category: Username E-mail Region Interest AOL IM ICQ Number Yahoo! ID MSN Username Jabber Navigate: Welcome Login Create an Account Update Your Journal Search Random Region Interests Advanced Help Ask a Question Lost Password FAQ Site Map Browse Options Contact Info About General Info Press Download Site News Paid Accounts Terms of Service Privacy Policy Legal Information Site Map Browse Options"
livejournal.com,20040721121513,http://www.livejournal.com:80/users/0000000/10079.html?thread=73567,https://web.archive.org/web/20040721121513/http://www.livejournal.com:80/users/0000000/10079.html?thread=73567,0000000: You're merely a shell.,"0000000: You're merely a shell. ! ( 0000000 ) wrote, @ 2003 - 07 - 01 10:00:00 You're merely a shell. • goat • hornet • duck • pig • housefly • worm • baby • spider web • bird • dog • wolf • fish x5 • cat x3 • head x5/ • face x6 ( Read comments ) - soulfluff 2003-07-01 05:17 ( link ) yes but where are the socks :> ( Reply to this ) ( Read comments ) - Username: Password: English • Español • Deutsch • Français • Русский • → Search: Category: Username E-mail Region Interest AOL IM ICQ Number Yahoo! ID MSN Username Jabber Navigate: Welcome Login Create an Account Update Your Journal Search Random Region Interests Advanced Help Ask a Question Lost Password FAQ Site Map Browse Options Contact Info About General Info Press Download Site News Paid Accounts Terms of Service Privacy Policy Legal Information Site Map Browse Options",http://userpic.livejournal.com/5674920/504679,11,13859,"0000000: You're merely a shell.

0000000: You're merely a shell. ! ( 0000000 ) wrote, @ 2003 - 07 - 01 10:00:00 You're merely a shell. • goat • hornet • duck • pig • housefly • worm • baby • spider web • bird • dog • wolf • fish x5 • cat x3 • head x5/ • face x6 ( Read comments ) - soulfluff 2003-07-01 05:17 ( link ) yes but where are the socks :> ( Reply to this ) ( Read comments ) - Username: Password: English • Español • Deutsch • Français • Русский • → Search: Category: Username E-mail Region Interest AOL IM ICQ Number Yahoo! ID MSN Username Jabber Navigate: Welcome Login Create an Account Update Your Journal Search Random Region Interests Advanced Help Ask a Question Lost Password FAQ Site Map Browse Options Contact Info About General Info Press Download Site News Paid Accounts Terms of Service Privacy Policy Legal Information Site Map Browse Options"
livejournal.com,20040722102601,http://www.livejournal.com:80/users/0000000/10079.html?thread=74079,https://web.archive.org/web/20040722102601/http://www.livejournal.com:80/users/0000000/10079.html?thread=74079,0000000: You're merely a shell.,"0000000: You're merely a shell. ! ( 0000000 ) wrote, @ 2003 - 07 - 01 10:00:00 You're merely a shell. • goat • hornet • duck • pig • housefly • worm • baby • spider web • bird • dog • wolf • fish x5 • cat x3 • head x5/ • face x6 ( Read comments ) - Re: 0000000 2003-07-01 14:22 ( link ) Oh yes oh yes oh yes! ( Reply to this ) ( Parent ) ( Thread ) Re: silverskytears 2003-07-01 14:39 ( link ) hahaha, NOW you sound like ME! ( Reply to this ) ( Parent ) ( Thread ) Re: 0000000 2003-07-01 14:41 ( link ) I have Julitis. It's very tragic, actually. ( Reply to this ) ( Parent ) ( Thread ) Re: silverskytears 2003-07-01 16:28 ( link ) I terribly sorry. Be careful & treat it before it goes to your head. It's rather dangerous there, often causing random acts of insnaility. ( Reply to this ) ( Parent ) ( Thread ) Re: 0000000 2003-07-01 16:31 ( link ) Insnaility! *gasps* Escargot... ohh yesss AhhH! I see what you mean!! *sees life flash before eyes* ( Reply to this ) ( Parent ) ( Thread ) Re: silverskytears 2003-07-01 19:31 ( link ) uh oh, it might be on pause, or perhaps on a channel with pokemon. WARNING: life may flash, possibly causing seizures resulting in an insatiable love of art and writing or even death in extreme cases. use carefully, keep away from mouth and eyes! ( Reply to this ) ( Parent ) ( Thread ) Re: 0000000 2003-07-02 00:47 ( link ) Forgot to put something about keeping your toes and fingers inside your nose and ears at all times. ( Reply to this ) ( Parent ) ( Thread ) Re: silverskytears 2003-07-02 04:40 ( link ) oh, darn, so THAT's why the recipe never worked before . . . ( Reply to this ) ( Parent ) ( Read comments ) - Username: Password: English • Español • Deutsch • Français • Русский • → Search: Category: Username E-mail Region Interest AOL IM ICQ Number Yahoo! ID MSN Username Jabber Navigate: Welcome Login Create an Account Update Your Journal Search Random Region Interests Advanced Help Ask a Question Lost Password FAQ Site Map Browse Options Contact Info About General Info Press Download Site News Paid Accounts Terms of Service Privacy Policy Legal Information Site Map Browse Options",http://userpic.livejournal.com/5674920/504679,32,23592,"0000000: You're merely a shell.

0000000: You're merely a shell. ! ( 0000000 ) wrote, @ 2003 - 07 - 01 10:00:00 You're merely a shell. • goat • hornet • duck • pig • housefly • worm • baby • spider web • bird • dog • wolf • fish x5 • cat x3 • head x5/ • face x6 ( Read comments ) - Re: 0000000 2003-07-01 14:22 ( link ) Oh yes oh yes oh yes! ( Reply to this ) ( Parent ) ( Thread ) Re: silverskytears 2003-07-01 14:39 ( link ) hahaha, NOW you sound like ME! ( Reply to this ) ( Parent ) ( Thread ) Re: 0000000 2003-07-01 14:41 ( link ) I have Julitis. It's very tragic, actually. ( Reply to this ) ( Parent ) ( Thread ) Re: silverskytears 2003-07-01 16:28 ( link ) I terribly sorry. Be careful & treat it before it goes to your head. It's rather dangerous there, often causing random acts of insnaility. ( Reply to this ) ( Parent ) ( Thread ) Re: 0000000 2003-07-01 16:31 ( link ) Insnaility! *gasps* Escargot... ohh yesss AhhH! I see what you mean!! *sees life flash before eyes* ( Reply to this ) ( Parent ) ( Thread ) Re: silverskytears 2003-07-01 19:31 ( link ) uh oh, it might be on pause, or perhaps on a channel with pokemon. WARNING: life may flash, possibly causing seizures resulting in an insatiable love of art and writing or even death in extreme cases. use carefully, keep away from mouth and eyes! ( Reply to this ) ( Parent ) ( Thread ) Re: 0000000 2003-07-02 00:47 ( link ) Forgot to put something about keeping your toes and fingers inside your nose and ears at all times. ( Reply to this ) ( Parent ) ( Thread ) Re: silverskytears 2003-07-02 04:40 ( link ) oh, darn, so THAT's why the recipe never worked before . . . ( Reply to this ) ( Parent ) ( Read comments ) - Username: Password: English • Español • Deutsch • Français • Русский • → Search: Category: Username E-mail Region Interest AOL IM ICQ Number Yahoo! ID MSN Username Jabber Navigate: Welcome Login Create an Account Update Your Journal Search Random Region Interests Advanced Help Ask a Question Lost Password FAQ Site Map Browse Options Contact Info About General Info Press Download Site News Paid Accounts Terms of Service Privacy Policy Legal Information Site Map Browse Options"
livejournal.com,20040724065713,http://www.livejournal.com:80/users/0000000/10079.html?thread=75359,https://web.archive.org/web/20040724065713/http://www.livejournal.com:80/users/0000000/10079.html?thread=75359,0000000: You're merely a shell.,"0000000: You're merely a shell. ! ( 0000000 ) wrote, @ 2003 - 07 - 01 10:00:00 You're merely a shell. • goat • hornet • duck • pig • housefly • worm • baby • spider web • bird • dog • wolf • fish x5 • cat x3 • head x5/ • face x6 ( Read comments ) - Re: silverskytears 2003-07-01 16:28 ( link ) I terribly sorry. Be careful & treat it before it goes to your head. It's rather dangerous there, often causing random acts of insnaility. ( Reply to this ) ( Parent ) ( Thread ) Re: 0000000 2003-07-01 16:31 ( link ) Insnaility! *gasps* Escargot... ohh yesss AhhH! I see what you mean!! *sees life flash before eyes* ( Reply to this ) ( Parent ) ( Thread ) Re: silverskytears 2003-07-01 19:31 ( link ) uh oh, it might be on pause, or perhaps on a channel with pokemon. WARNING: life may flash, possibly causing seizures resulting in an insatiable love of art and writing or even death in extreme cases. use carefully, keep away from mouth and eyes! ( Reply to this ) ( Parent ) ( Thread ) Re: 0000000 2003-07-02 00:47 ( link ) Forgot to put something about keeping your toes and fingers inside your nose and ears at all times. ( Reply to this ) ( Parent ) ( Thread ) Re: silverskytears 2003-07-02 04:40 ( link ) oh, darn, so THAT's why the recipe never worked before . . . ( Reply to this ) ( Parent ) ( Read comments ) - Username: Password: English • Español • Deutsch • Français • Русский • → Search: Category: Username E-mail Region Interest AOL IM ICQ Number Yahoo! ID MSN Username Jabber Navigate: Welcome Login Create an Account Update Your Journal Search Random Region Interests Advanced Help Ask a Question Lost Password FAQ Site Map Browse Options Contact Info About General Info Press Download Site News Paid Accounts Terms of Service Privacy Policy Legal Information Site Map Browse Options",http://userpic.livejournal.com/5674920/504679,23,19659,"0000000: You're merely a shell.

0000000: You're merely a shell. ! ( 0000000 ) wrote, @ 2003 - 07 - 01 10:00:00 You're merely a shell. • goat • hornet • duck • pig • housefly • worm • baby • spider web • bird • dog • wolf • fish x5 • cat x3 • head x5/ • face x6 ( Read comments ) - Re: silverskytears 2003-07-01 16:28 ( link ) I terribly sorry. Be careful & treat it before it goes to your head. It's rather dangerous there, often causing random acts of insnaility. ( Reply to this ) ( Parent ) ( Thread ) Re: 0000000 2003-07-01 16:31 ( link ) Insnaility! *gasps* Escargot... ohh yesss AhhH! I see what you mean!! *sees life flash before eyes* ( Reply to this ) ( Parent ) ( Thread ) Re: silverskytears 2003-07-01 19:31 ( link ) uh oh, it might be on pause, or perhaps on a channel with pokemon. WARNING: life may flash, possibly causing seizures resulting in an insatiable love of art and writing or even death in extreme cases. use carefully, keep away from mouth and eyes! ( Reply to this ) ( Parent ) ( Thread ) Re: 0000000 2003-07-02 00:47 ( link ) Forgot to put something about keeping your toes and fingers inside your nose and ears at all times. ( Reply to this ) ( Parent ) ( Thread ) Re: silverskytears 2003-07-02 04:40 ( link ) oh, darn, so THAT's why the recipe never worked before . . . ( Reply to this ) ( Parent ) ( Read comments ) - Username: Password: English • Español • Deutsch • Français • Русский • → Search: Category: Username E-mail Region Interest AOL IM ICQ Number Yahoo! ID MSN Username Jabber Navigate: Welcome Login Create an Account Update Your Journal Search Random Region Interests Advanced Help Ask a Question Lost Password FAQ Site Map Browse Options Contact Info About General Info Press Download Site News Paid Accounts Terms of Service Privacy Policy Legal Information Site Map Browse Options"
livejournal.com,20040724220716,http://www.livejournal.com:80/users/0000000/10079.html?thread=75871,https://web.archive.org/web/20040724220716/http://www.livejournal.com:80/users/0000000/10079.html?thread=75871,0000000: You're merely a shell.,"0000000: You're merely a shell. ! ( 0000000 ) wrote, @ 2003 - 07 - 01 10:00:00 You're merely a shell. • goat • hornet • duck • pig • housefly • worm • baby • spider web • bird • dog • wolf • fish x5 • cat x3 • head x5/ • face x6 ( Read comments ) - Re: silverskytears 2003-07-01 19:31 ( link ) uh oh, it might be on pause, or perhaps on a channel with pokemon. WARNING: life may flash, possibly causing seizures resulting in an insatiable love of art and writing or even death in extreme cases. use carefully, keep away from mouth and eyes! ( Reply to this ) ( Parent ) ( Thread ) Re: 0000000 2003-07-02 00:47 ( link ) Forgot to put something about keeping your toes and fingers inside your nose and ears at all times. ( Reply to this ) ( Parent ) ( Thread ) Re: silverskytears 2003-07-02 04:40 ( link ) oh, darn, so THAT's why the recipe never worked before . . . ( Reply to this ) ( Parent ) ( Read comments ) - Username: Password: English • Español • Deutsch • Français • Русский • → Search: Category: Username E-mail Region Interest AOL IM ICQ Number Yahoo! ID MSN Username Jabber Navigate: Welcome Login Create an Account Update Your Journal Search Random Region Interests Advanced Help Ask a Question Lost Password FAQ Site Map Browse Options Contact Info About General Info Press Download Site News Paid Accounts Terms of Service Privacy Policy Legal Information Site Map Browse Options",http://userpic.livejournal.com/5674920/504679,17,16857,"0000000: You're merely a shell.

0000000: You're merely a shell. ! ( 0000000 ) wrote, @ 2003 - 07 - 01 10:00:00 You're merely a shell. • goat • hornet • duck • pig • housefly • worm • baby • spider web • bird • dog • wolf • fish x5 • cat x3 • head x5/ • face x6 ( Read comments ) - Re: silverskytears 2003-07-01 19:31 ( link ) uh oh, it might be on pause, or perhaps on a channel with pokemon. WARNING: life may flash, possibly causing seizures resulting in an insatiable love of art and writing or even death in extreme cases. use carefully, keep away from mouth and eyes! ( Reply to this ) ( Parent ) ( Thread ) Re: 0000000 2003-07-02 00:47 ( link ) Forgot to put something about keeping your toes and fingers inside your nose and ears at all times. ( Reply to this ) ( Parent ) ( Thread ) Re: silverskytears 2003-07-02 04:40 ( link ) oh, darn, so THAT's why the recipe never worked before . . . ( Reply to this ) ( Parent ) ( Read comments ) - Username: Password: English • Español • Deutsch • Français • Русский • → Search: Category: Username E-mail Region Interest AOL IM ICQ Number Yahoo! ID MSN Username Jabber Navigate: Welcome Login Create an Account Update Your Journal Search Random Region Interests Advanced Help Ask a Question Lost Password FAQ Site Map Browse Options Contact Info About General Info Press Download Site News Paid Accounts Terms of Service Privacy Policy Legal Information Site Map Browse Options"
livejournal.com,20040725193954,http://www.livejournal.com:80/users/0000000/10079.html?thread=76383,https://web.archive.org/web/20040725193954/http://www.livejournal.com:80/users/0000000/10079.html?thread=76383,0000000: You're merely a shell.,"0000000: You're merely a shell. ! ( 0000000 ) wrote, @ 2003 - 07 - 01 10:00:00 You're merely a shell. • goat • hornet • duck • pig • housefly • worm • baby • spider web • bird • dog • wolf • fish x5 • cat x3 • head x5/ • face x6 ( Read comments ) - Re: silverskytears 2003-07-02 04:40 ( link ) oh, darn, so THAT's why the recipe never worked before . . . ( Reply to this ) ( Parent ) ( Read comments ) - Username: Password: English • Español • Deutsch • Français • Русский • → Search: Category: Username E-mail Region Interest AOL IM ICQ Number Yahoo! ID MSN Username Jabber Navigate: Welcome Login Create an Account Update Your Journal Search Random Region Interests Advanced Help Ask a Question Lost Password FAQ Site Map Browse Options Contact Info About General Info Press Download Site News Paid Accounts Terms of Service Privacy Policy Legal Information Site Map Browse Options",http://userpic.livejournal.com/5674920/504679,11,13957,"0000000: You're merely a shell.

0000000: You're merely a shell. ! ( 0000000 ) wrote, @ 2003 - 07 - 01 10:00:00 You're merely a shell. • goat • hornet • duck • pig • housefly • worm • baby • spider web • bird • dog • wolf • fish x5 • cat x3 • head x5/ • face x6 ( Read comments ) - Re: silverskytears 2003-07-02 04:40 ( link ) oh, darn, so THAT's why the recipe never worked before . . . ( Reply to this ) ( Parent ) ( Read comments ) - Username: Password: English • Español • Deutsch • Français • Русский • → Search: Category: Username E-mail Region Interest AOL IM ICQ Number Yahoo! ID MSN Username Jabber Navigate: Welcome Login Create an Account Update Your Journal Search Random Region Interests Advanced Help Ask a Question Lost Password FAQ Site Map Browse Options Contact Info About General Info Press Download Site News Paid Accounts Terms of Service Privacy Policy Legal Information Site Map Browse Options"
livejournal.com,20040330131936,http://www.livejournal.com:80/users/0000000/10711.html?mode=reply,https://web.archive.org/web/20040330131936/http://www.livejournal.com:80/users/0000000/10711.html?mode=reply,Post Comment,"Post Comment Percy's Artwork ( 0000000 ) wrote, @ 2003 - 07 - 06 23:58:00 One Person -PercyWells- ( Read comments ) Post a comment in response: From: Anonymous LiveJournal user: Username: Password: Log in? Subject: No HTML allowed in subject Don't auto-format: Message: Check spelling during preview Username: Password: English • Español • Deutsch • Français • Русский • → Search: Category: Username Email Region Interest AOL IM ICQ Number Yahoo! ID MSN Username Jabber Navigate: Welcome Login Create an Account Update Your Journal Search Random Region Interests Advanced Help Ask a Question Lost Password FAQ Site Map Browse Options Contact Info About General Info Press Download Site News Paid Accounts Terms of Service Privacy Policy Legal Information Site Map Browse Options",http://userpic.livejournal.com/5674920/504679,8,17624,"Post Comment

Post Comment Percy's Artwork ( 0000000 ) wrote, @ 2003 - 07 - 06 23:58:00 One Person -PercyWells- ( Read comments ) Post a comment in response: From: Anonymous LiveJournal user: Username: Password: Log in? Subject: No HTML allowed in subject Don't auto-format: Message: Check spelling during preview Username: Password: English • Español • Deutsch • Français • Русский • → Search: Category: Username Email Region Interest AOL IM ICQ Number Yahoo! ID MSN Username Jabber Navigate: Welcome Login Create an Account Update Your Journal Search Random Region Interests Advanced Help Ask a Question Lost Password FAQ Site Map Browse Options Contact Info About General Info Press Download Site News Paid Accounts Terms of Service Privacy Policy Legal Information Site Map Browse Options"
livejournal.com,20041214021656,http://www.livejournal.com:80/users/0000000/10853.html,https://web.archive.org/web/20041214021656/http://www.livejournal.com:80/users/0000000/10853.html,0000000: Himmel Herz,"0000000: Himmel Herz ! ( 0000000 ) wrote, @ 2003 - 07 - 28 19:38:00 Himmel Herz ( Post a new comment ) amoralphreak 2003-07-28 12:40 ( link ) huh...now if only i could understand what that sign says... ( Reply to this ) ( Thread ) lorrainek 2003-07-29 11:23 ( link ) I think the drawing says it all.. and I love your user pic! ( Reply to this ) ( Parent ) ( Thread ) amoralphreak 2003-07-29 11:59 ( link ) *nods* True. But I think it would help to fully understand it... And thanks so much! lol. I have such an obsession with gay men...^_~ ( Reply to this ) ( Parent ) ( Thread ) lorrainek 2003-07-29 12:25 ( link ) its very erotic ;-) ( Reply to this ) ( Parent ) antiprose 2003-08-06 10:50 ( link ) 'a friendly sky in my heart laughs through the stormy crowns of the jaw' it's a haiku by a good friend of mine. ( Reply to this ) ( Parent ) ( Thread ) amoralphreak 2003-08-12 20:51 ( link ) ah...i like it... (*counts syllables w/fingers like a dork*) ( Reply to this ) ( Parent ) ( Thread ) antiprose 2003-08-13 01:49 ( link ) haha they are correct in german! ( Reply to this ) ( Parent ) ( Thread ) amoralphreak 2003-08-13 05:54 ( link ) *sticks out tongue* suuuure ( Reply to this ) ( Parent ) _uninspired 2003-08-09 10:47 ( link ) If you ever come to America, go to Baltimore, Maryland. There's this amazing museum called American Visionary Art Museum. I think you'd fit in perfectly there. *coughyourartworkshouldbedisplayedthere* ( Reply to this ) ( Thread ) antiprose 2003-10-08 17:53 ( link ) Oh my. :-> ( Reply to this ) ( Parent ) ( Thread ) _uninspired 2003-10-08 21:18 ( link ) ^_^ ( Reply to this ) ( Parent ) __01_transistor 2003-11-23 19:49 ( link ) i adore them to no end ( Reply to this ) bruisedxbr0ken 2004-06-30 18:18 ( link ) That is whoaaaa ( Reply to this ) Username: Password: English • Español • Deutsch • Français • Русский • → Search: Category: Username E-mail Region Interest AOL IM ICQ Number Yahoo! ID MSN Username Jabber Navigate: Welcome Login Create an Account Update Your Journal Search Random Region Interests Advanced Help Ask a Question Lost Password FAQ Site Map Browse Options Contact Info About General Info Press Download Site News Paid Accounts Terms of Service Privacy Policy Legal Information Site Map Browse Options",http://www.livejournal.com/userpic/18046654/504679,46,25785,"0000000: Himmel Herz

0000000: Himmel Herz ! ( 0000000 ) wrote, @ 2003 - 07 - 28 19:38:00 Himmel Herz ( Post a new comment ) amoralphreak 2003-07-28 12:40 ( link ) huh...now if only i could understand what that sign says... ( Reply to this ) ( Thread ) lorrainek 2003-07-29 11:23 ( link ) I think the drawing says it all.. and I love your user pic! ( Reply to this ) ( Parent ) ( Thread ) amoralphreak 2003-07-29 11:59 ( link ) *nods* True. But I think it would help to fully understand it... And thanks so much! lol. I have such an obsession with gay men...^_~ ( Reply to this ) ( Parent ) ( Thread ) lorrainek 2003-07-29 12:25 ( link ) its very erotic ;-) ( Reply to this ) ( Parent ) antiprose 2003-08-06 10:50 ( link ) 'a friendly sky in my heart laughs through the stormy crowns of the jaw' it's a haiku by a good friend of mine. ( Reply to this ) ( Parent ) ( Thread ) amoralphreak 2003-08-12 20:51 ( link ) ah...i like it... (*counts syllables w/fingers like a dork*) ( Reply to this ) ( Parent ) ( Thread ) antiprose 2003-08-13 01:49 ( link ) haha they are correct in german! ( Reply to this ) ( Parent ) ( Thread ) amoralphreak 2003-08-13 05:54 ( link ) *sticks out tongue* suuuure ( Reply to this ) ( Parent ) _uninspired 2003-08-09 10:47 ( link ) If you ever come to America, go to Baltimore, Maryland. There's this amazing museum called American Visionary Art Museum. I think you'd fit in perfectly there. *coughyourartworkshouldbedisplayedthere* ( Reply to this ) ( Thread ) antiprose 2003-10-08 17:53 ( link ) Oh my. :-> ( Reply to this ) ( Parent ) ( Thread ) _uninspired 2003-10-08 21:18 ( link ) ^_^ ( Reply to this ) ( Parent ) __01_transistor 2003-11-23 19:49 ( link ) i adore them to no end ( Reply to this ) bruisedxbr0ken 2004-06-30 18:18 ( link ) That is whoaaaa ( Reply to this ) Username: Password: English • Español • Deutsch • Français • Русский • → Search: Category: Username E-mail Region Interest AOL IM ICQ Number Yahoo! ID MSN Username Jabber Navigate: Welcome Login Create an Account Update Your Journal Search Random Region Interests Advanced Help Ask a Question Lost Password FAQ Site Map Browse Options Contact Info About General Info Press Download Site News Paid Accounts Terms of Service Privacy Policy Legal Information Site Map Browse Options"
livejournal.com,20040322042719,http://www.livejournal.com:80/users/0000000/10853.html?mode=reply,https://web.archive.org/web/20040322042719/http://www.livejournal.com:80/users/0000000/10853.html?mode=reply,Post Comment,"Post Comment Percy's Artwork ( 0000000 ) wrote, @ 2003 - 07 - 28 19:38:00 Himmel Herz ( Read comments ) Post a comment in response: From: Anonymous LiveJournal user: Username: Password: Log in? Subject: No HTML allowed in subject Don't auto-format: Message: Check spelling during preview Username: Password: English • Español • Deutsch • Français • Русский • → Search: Category: Username Email Region Interest AOL IM ICQ Number Yahoo! ID MSN Username Jabber Navigate: Welcome Login Create an Account Update Your Journal Search Random Region Interests Advanced Help Ask a Question Lost Password FAQ Site Map Browse Options Contact Info About General Info Press Download Site News Paid Accounts Terms of Service Privacy Policy Legal Information Site Map Browse Options",http://userpic.livejournal.com/5674915/504679,8,17589,"Post Comment

Post Comment Percy's Artwork ( 0000000 ) wrote, @ 2003 - 07 - 28 19:38:00 Himmel Herz ( Read comments ) Post a comment in response: From: Anonymous LiveJournal user: Username: Password: Log in? Subject: No HTML allowed in subject Don't auto-format: Message: Check spelling during preview Username: Password: English • Español • Deutsch • Français • Русский • → Search: Category: Username Email Region Interest AOL IM ICQ Number Yahoo! ID MSN Username Jabber Navigate: Welcome Login Create an Account Update Your Journal Search Random Region Interests Advanced Help Ask a Question Lost Password FAQ Site Map Browse Options Contact Info About General Info Press Download Site News Paid Accounts Terms of Service Privacy Policy Legal Information Site Map Browse Options"
livejournal.com,20031220221634,http://www.livejournal.com:80/users/0000000/10853.html?replyto=78693,https://web.archive.org/web/20031220221634/http://www.livejournal.com:80/users/0000000/10853.html?replyto=78693,Post Comment,"Post Comment linebreak nazi ( amoralphreak ) wrote, *nods* True. But I think it would help to fully understand it... And thanks so much! lol. I have such an obsession with gay men...^_~ ( Read comments ) Post a comment in response: From: Anonymous LiveJournal user: Username: Password: Log in? Subject: No HTML allowed in subject Don't auto-format: Message: Check spelling during preview Username: Password: English • Español • Deutsch • Français • Русский • → Search: Category: Username Email Region Interest AOL IM ICQ Number Yahoo! ID MSN Username Jabber Navigate: Welcome Login Create an Account Update Your Journal Search Random Region Interests Advanced Help Ask a Question Lost Password FAQ Site Map Browse Options Contact Info About General Info Press Download Site News Paid Accounts Invite a Friend Terms of Service Privacy Policy Legal Information Site Map Browse Options",http://userpic.livejournal.com/9114276/777029,4,13792,"Post Comment

Post Comment linebreak nazi ( amoralphreak ) wrote, *nods* True. But I think it would help to fully understand it... And thanks so much! lol. I have such an obsession with gay men...^_~ ( Read comments ) Post a comment in response: From: Anonymous LiveJournal user: Username: Password: Log in? Subject: No HTML allowed in subject Don't auto-format: Message: Check spelling during preview Username: Password: English • Español • Deutsch • Français • Русский • → Search: Category: Username Email Region Interest AOL IM ICQ Number Yahoo! ID MSN Username Jabber Navigate: Welcome Login Create an Account Update Your Journal Search Random Region Interests Advanced Help Ask a Question Lost Password FAQ Site Map Browse Options Contact Info About General Info Press Download Site News Paid Accounts Invite a Friend Terms of Service Privacy Policy Legal Information Site Map Browse Options"
livejournal.com,20031220221105,http://www.livejournal.com:80/users/0000000/10853.html?replyto=78949,https://web.archive.org/web/20031220221105/http://www.livejournal.com:80/users/0000000/10853.html?replyto=78949,Post Comment,"Post Comment Lorri ( lorrainek ) wrote, its very erotic ;-) ( Read comments ) Post a comment in response: From: Anonymous LiveJournal user: Username: Password: Log in? Subject: No HTML allowed in subject Don't auto-format: Message: Check spelling during preview Username: Password: English • Español • Deutsch • Français • Русский • → Search: Category: Username Email Region Interest AOL IM ICQ Number Yahoo! ID MSN Username Jabber Navigate: Welcome Login Create an Account Update Your Journal Search Random Region Interests Advanced Help Ask a Question Lost Password FAQ Site Map Browse Options Contact Info About General Info Press Download Site News Paid Accounts Invite a Friend Terms of Service Privacy Policy Legal Information Site Map Browse Options",http://userpic.livejournal.com/3692921/197784,4,13640,"Post Comment

Post Comment Lorri ( lorrainek ) wrote, its very erotic ;-) ( Read comments ) Post a comment in response: From: Anonymous LiveJournal user: Username: Password: Log in? Subject: No HTML allowed in subject Don't auto-format: Message: Check spelling during preview Username: Password: English • Español • Deutsch • Français • Русский • → Search: Category: Username Email Region Interest AOL IM ICQ Number Yahoo! ID MSN Username Jabber Navigate: Welcome Login Create an Account Update Your Journal Search Random Region Interests Advanced Help Ask a Question Lost Password FAQ Site Map Browse Options Contact Info About General Info Press Download Site News Paid Accounts Invite a Friend Terms of Service Privacy Policy Legal Information Site Map Browse Options"
livejournal.com,20031220220136,http://www.livejournal.com:80/users/0000000/10853.html?replyto=79973,https://web.archive.org/web/20031220220136/http://www.livejournal.com:80/users/0000000/10853.html?replyto=79973,Post Comment,"Post Comment Percy ( antiprose ) wrote, haha they are correct in german! ( Read comments ) Post a comment in response: From: Anonymous LiveJournal user: Username: Password: Log in? Subject: No HTML allowed in subject Don't auto-format: Message: Check spelling during preview Username: Password: English • Español • Deutsch • Français • Русский • → Search: Category: Username Email Region Interest AOL IM ICQ Number Yahoo! ID MSN Username Jabber Navigate: Welcome Login Create an Account Update Your Journal Search Random Region Interests Advanced Help Ask a Question Lost Password FAQ Site Map Browse Options Contact Info About General Info Press Download Site News Paid Accounts Invite a Friend Terms of Service Privacy Policy Legal Information Site Map Browse Options",http://userpic.livejournal.com/4258044/661175,4,13653,"Post Comment

Post Comment Percy ( antiprose ) wrote, haha they are correct in german! ( Read comments ) Post a comment in response: From: Anonymous LiveJournal user: Username: Password: Log in? Subject: No HTML allowed in subject Don't auto-format: Message: Check spelling during preview Username: Password: English • Español • Deutsch • Français • Русский • → Search: Category: Username Email Region Interest AOL IM ICQ Number Yahoo! ID MSN Username Jabber Navigate: Welcome Login Create an Account Update Your Journal Search Random Region Interests Advanced Help Ask a Question Lost Password FAQ Site Map Browse Options Contact Info About General Info Press Download Site News Paid Accounts Invite a Friend Terms of Service Privacy Policy Legal Information Site Map Browse Options"
livejournal.com,20050118125820,http://www.livejournal.com:80/users/0000000/10853.html?replyto=80229,https://web.archive.org/web/20050118125820/http://www.livejournal.com:80/users/0000000/10853.html?replyto=80229,Post Comment,"Post Comment fossilized heart pulp ( amoralphreak ) wrote, *sticks out tongue* suuuure ( Read comments ) Post a comment in response: From: Anonymous LiveJournal user: Username: Password: Log in? Subject: No HTML allowed in subject Don't auto-format: Message: Check spelling during preview Username: Password: English • Español • Deutsch • Français • Русский • → Search: Category: Username E-mail Region Interest AOL IM ICQ Number Yahoo! ID MSN Username Jabber Navigate: Welcome Login Create an Account Update Your Journal Search Random Region Interests Advanced Help Ask a Question Lost Password FAQ Site Map Browse Options Contact Info About General Info Press Download Site News Paid Accounts Terms of Service Privacy Policy Legal Information Site Map Browse Options",http://www.livejournal.com/userpic/23728400/777029,3,18607,"Post Comment

Post Comment fossilized heart pulp ( amoralphreak ) wrote, *sticks out tongue* suuuure ( Read comments ) Post a comment in response: From: Anonymous LiveJournal user: Username: Password: Log in? Subject: No HTML allowed in subject Don't auto-format: Message: Check spelling during preview Username: Password: English • Español • Deutsch • Français • Русский • → Search: Category: Username E-mail Region Interest AOL IM ICQ Number Yahoo! ID MSN Username Jabber Navigate: Welcome Login Create an Account Update Your Journal Search Random Region Interests Advanced Help Ask a Question Lost Password FAQ Site Map Browse Options Contact Info About General Info Press Download Site News Paid Accounts Terms of Service Privacy Policy Legal Information Site Map Browse Options"
livejournal.com,20031220221706,http://www.livejournal.com:80/users/0000000/10853.html?replyto=80997,https://web.archive.org/web/20031220221706/http://www.livejournal.com:80/users/0000000/10853.html?replyto=80997,Post Comment,"Post Comment Once for all ( _uninspired ) wrote, ^_^ ( Read comments ) Post a comment in response: From: Anonymous LiveJournal user: Username: Password: Log in? Subject: No HTML allowed in subject Don't auto-format: Message: Check spelling during preview Username: Password: English • Español • Deutsch • Français • Русский • → Search: Category: Username Email Region Interest AOL IM ICQ Number Yahoo! ID MSN Username Jabber Navigate: Welcome Login Create an Account Update Your Journal Search Random Region Interests Advanced Help Ask a Question Lost Password FAQ Site Map Browse Options Contact Info About General Info Press Download Site News Paid Accounts Invite a Friend Terms of Service Privacy Policy Legal Information Site Map Browse Options",http://userpic.livejournal.com/7638834/892301,4,13644,"Post Comment

Post Comment Once for all ( _uninspired ) wrote, ^_^ ( Read comments ) Post a comment in response: From: Anonymous LiveJournal user: Username: Password: Log in? Subject: No HTML allowed in subject Don't auto-format: Message: Check spelling during preview Username: Password: English • Español • Deutsch • Français • Русский • → Search: Category: Username Email Region Interest AOL IM ICQ Number Yahoo! ID MSN Username Jabber Navigate: Welcome Login Create an Account Update Your Journal Search Random Region Interests Advanced Help Ask a Question Lost Password FAQ Site Map Browse Options Contact Info About General Info Press Download Site News Paid Accounts Invite a Friend Terms of Service Privacy Policy Legal Information Site Map Browse Options"
livejournal.com,20031220220747,http://www.livejournal.com:80/users/0000000/10853.html?replyto=81253,https://web.archive.org/web/20031220220747/http://www.livejournal.com:80/users/0000000/10853.html?replyto=81253,Post Comment,"Post Comment DRAWING HEARTS SO LATE NINETIES ( __01_transistor ) wrote, i adore them to no end ( Read comments ) Post a comment in response: From: Anonymous LiveJournal user: Username: Password: Log in? Subject: No HTML allowed in subject Don't auto-format: Message: Check spelling during preview Username: Password: English • Español • Deutsch • Français • Русский • → Search: Category: Username Email Region Interest AOL IM ICQ Number Yahoo! ID MSN Username Jabber Navigate: Welcome Login Create an Account Update Your Journal Search Random Region Interests Advanced Help Ask a Question Lost Password FAQ Site Map Browse Options Contact Info About General Info Press Download Site News Paid Accounts Invite a Friend Terms of Service Privacy Policy Legal Information Site Map Browse Options",http://userpic.livejournal.com/8984033/994087,4,13729,"Post Comment

Post Comment DRAWING HEARTS SO LATE NINETIES ( __01_transistor ) wrote, i adore them to no end ( Read comments ) Post a comment in response: From: Anonymous LiveJournal user: Username: Password: Log in? Subject: No HTML allowed in subject Don't auto-format: Message: Check spelling during preview Username: Password: English • Español • Deutsch • Français • Русский • → Search: Category: Username Email Region Interest AOL IM ICQ Number Yahoo! ID MSN Username Jabber Navigate: Welcome Login Create an Account Update Your Journal Search Random Region Interests Advanced Help Ask a Question Lost Password FAQ Site Map Browse Options Contact Info About General Info Press Download Site News Paid Accounts Invite a Friend Terms of Service Privacy Policy Legal Information Site Map Browse Options"
livejournal.com,20050104110612,http://www.livejournal.com:80/users/0000000/10853.html?thread=79461,https://web.archive.org/web/20050104110612/http://www.livejournal.com:80/users/0000000/10853.html?thread=79461,0000000: Himmel Herz,"0000000: Himmel Herz ! ( 0000000 ) wrote, @ 2003 - 07 - 28 19:38:00 Himmel Herz ( Read comments ) - ( Post a new comment ) _uninspired 2003-08-09 10:47 ( link ) If you ever come to America, go to Baltimore, Maryland. There's this amazing museum called American Visionary Art Museum. I think you'd fit in perfectly there. *coughyourartworkshouldbedisplayedthere* ( Reply to this ) ( Thread ) antiprose 2003-10-08 17:53 ( link ) Oh my. :-> ( Reply to this ) ( Parent ) ( Thread ) _uninspired 2003-10-08 21:18 ( link ) ^_^ ( Reply to this ) ( Parent ) ( Read comments ) - Username: Password: English • Español • Deutsch • Français • Русский • → Search: Category: Username E-mail Region Interest AOL IM ICQ Number Yahoo! ID MSN Username Jabber Navigate: Welcome Login Create an Account Update Your Journal Search Random Region Interests Advanced Help Ask a Question Lost Password FAQ Site Map Browse Options Contact Info About General Info Press Download Site News Paid Accounts Terms of Service Privacy Policy Legal Information Site Map Browse Options",http://www.livejournal.com/userpic/18046654/504679,17,13264,"0000000: Himmel Herz

0000000: Himmel Herz ! ( 0000000 ) wrote, @ 2003 - 07 - 28 19:38:00 Himmel Herz ( Read comments ) - ( Post a new comment ) _uninspired 2003-08-09 10:47 ( link ) If you ever come to America, go to Baltimore, Maryland. There's this amazing museum called American Visionary Art Museum. I think you'd fit in perfectly there. *coughyourartworkshouldbedisplayedthere* ( Reply to this ) ( Thread ) antiprose 2003-10-08 17:53 ( link ) Oh my. :-> ( Reply to this ) ( Parent ) ( Thread ) _uninspired 2003-10-08 21:18 ( link ) ^_^ ( Reply to this ) ( Parent ) ( Read comments ) - Username: Password: English • Español • Deutsch • Français • Русский • → Search: Category: Username E-mail Region Interest AOL IM ICQ Number Yahoo! ID MSN Username Jabber Navigate: Welcome Login Create an Account Update Your Journal Search Random Region Interests Advanced Help Ask a Question Lost Password FAQ Site Map Browse Options Contact Info About General Info Press Download Site News Paid Accounts Terms of Service Privacy Policy Legal Information Site Map Browse Options"
livejournal.com,20050228145856,http://www.livejournal.com:80/users/0000000/11112.html,https://web.archive.org/web/20050228145856/http://www.livejournal.com:80/users/0000000/11112.html,0000000: [notebook],"0000000: [notebook] ! ( 0000000 ) wrote, @ 2003 - 12 - 09 20:50:00 Current mood: miserable [notebook] ( Post a new comment ) amoralphreak 2003-12-09 14:21 ( link ) awesome picture (as always) but what's wrong? ( Reply to this ) ( Thread ) antiprose 2004-01-03 02:57 ( link ) You notice too many things. ( Reply to this ) ( Parent ) ( Thread ) amoralphreak 2004-01-03 11:22 ( link ) or too little. ( Reply to this ) ( Parent ) ( Thread ) antiprose 2004-01-03 23:02 ( link ) No, I still think the first, but all's relative and you may have higher standards for yourself. ( Reply to this ) ( Parent ) ( Thread ) amoralphreak 2004-01-04 09:26 ( link ) you're not answering the question, are you? ^_~ ( Reply to this ) ( Parent ) peyotefleur 2003-12-10 01:54 ( link ) (Artswoon) ( Reply to this ) ( Thread ) antiprose 2004-01-03 02:58 ( link ) Hey, you died. ( Reply to this ) ( Parent ) pinknblack21 2003-12-12 21:35 ( link ) Wow, you're artwork is very unique :) ( Reply to this ) ( Thread ) antiprose 2004-01-03 02:58 ( link ) Thank you, glad you enjoy. ( Reply to this ) ( Parent ) Username: Password: English • Español • Deutsch • Français • Русский • → Search: Category: Username E-mail Region Interest AOL IM ICQ Number Yahoo! ID MSN Username Jabber Navigate: Welcome Login Create an Account Update Your Journal Search Random Region Interests Advanced Help Ask a Question Lost Password FAQ Site Map Browse Options Contact Info About General Info Press Download Site News Paid Accounts Terms of Service Privacy Policy Legal Information Site Map Browse Options",http://www.livejournal.com/userpic/5674920/504679,33,20428,"0000000: [notebook]

0000000: [notebook] ! ( 0000000 ) wrote, @ 2003 - 12 - 09 20:50:00 Current mood: miserable [notebook] ( Post a new comment ) amoralphreak 2003-12-09 14:21 ( link ) awesome picture (as always) but what's wrong? ( Reply to this ) ( Thread ) antiprose 2004-01-03 02:57 ( link ) You notice too many things. ( Reply to this ) ( Parent ) ( Thread ) amoralphreak 2004-01-03 11:22 ( link ) or too little. ( Reply to this ) ( Parent ) ( Thread ) antiprose 2004-01-03 23:02 ( link ) No, I still think the first, but all's relative and you may have higher standards for yourself. ( Reply to this ) ( Parent ) ( Thread ) amoralphreak 2004-01-04 09:26 ( link ) you're not answering the question, are you? ^_~ ( Reply to this ) ( Parent ) peyotefleur 2003-12-10 01:54 ( link ) (Artswoon) ( Reply to this ) ( Thread ) antiprose 2004-01-03 02:58 ( link ) Hey, you died. ( Reply to this ) ( Parent ) pinknblack21 2003-12-12 21:35 ( link ) Wow, you're artwork is very unique :) ( Reply to this ) ( Thread ) antiprose 2004-01-03 02:58 ( link ) Thank you, glad you enjoy. ( Reply to this ) ( Parent ) Username: Password: English • Español • Deutsch • Français • Русский • → Search: Category: Username E-mail Region Interest AOL IM ICQ Number Yahoo! ID MSN Username Jabber Navigate: Welcome Login Create an Account Update Your Journal Search Random Region Interests Advanced Help Ask a Question Lost Password FAQ Site Map Browse Options Contact Info About General Info Press Download Site News Paid Accounts Terms of Service Privacy Policy Legal Information Site Map Browse Options"
livejournal.com,20040727032856,http://www.livejournal.com:80/users/0000000/11411.html?replyto=83091,https://web.archive.org/web/20040727032856/http://www.livejournal.com:80/users/0000000/11411.html?replyto=83091,Post Comment,"Post Comment fossilized heart pulp ( amoralphreak ) wrote, no clue who they are, but <3 to your art as always ( Read comments ) Post a comment in response: From: Anonymous LiveJournal user: Username: Password: Log in? Subject: No HTML allowed in subject Don't auto-format: Message: Check spelling during preview Username: Password: English • Español • Deutsch • Français • Русский • → Search: Category: Username E-mail Region Interest AOL IM ICQ Number Yahoo! ID MSN Username Jabber Navigate: Welcome Login Create an Account Update Your Journal Search Random Region Interests Advanced Help Ask a Question Lost Password FAQ Site Map Browse Options Contact Info About General Info Press Download Site News Paid Accounts Terms of Service Privacy Policy Legal Information Site Map Browse Options",http://userpic.livejournal.com/17537511/777029,3,17226,"Post Comment

Post Comment fossilized heart pulp ( amoralphreak ) wrote, no clue who they are, but <3 to your art as always ( Read comments ) Post a comment in response: From: Anonymous LiveJournal user: Username: Password: Log in? Subject: No HTML allowed in subject Don't auto-format: Message: Check spelling during preview Username: Password: English • Español • Deutsch • Français • Русский • → Search: Category: Username E-mail Region Interest AOL IM ICQ Number Yahoo! ID MSN Username Jabber Navigate: Welcome Login Create an Account Update Your Journal Search Random Region Interests Advanced Help Ask a Question Lost Password FAQ Site Map Browse Options Contact Info About General Info Press Download Site News Paid Accounts Terms of Service Privacy Policy Legal Information Site Map Browse Options"
livejournal.com,20040727112916,http://www.livejournal.com:80/users/0000000/11411.html?replyto=83603,https://web.archive.org/web/20040727112916/http://www.livejournal.com:80/users/0000000/11411.html?replyto=83603,Post Comment,"Post Comment L ( kinkedriotfemme ) wrote, I love your drawngs so much that it makes me quite entirely sad that I've never been able to correspond with you :*( ( Read comments ) Post a comment in response: From: Anonymous LiveJournal user: Username: Password: Log in? Subject: No HTML allowed in subject Don't auto-format: Message: Check spelling during preview Username: Password: English • Español • Deutsch • Français • Русский • → Search: Category: Username E-mail Region Interest AOL IM ICQ Number Yahoo! ID MSN Username Jabber Navigate: Welcome Login Create an Account Update Your Journal Search Random Region Interests Advanced Help Ask a Question Lost Password FAQ Site Map Browse Options Contact Info About General Info Press Download Site News Paid Accounts Terms of Service Privacy Policy Legal Information Site Map Browse Options",http://userpic.livejournal.com/14101070/571698,3,17273,"Post Comment

Post Comment L ( kinkedriotfemme ) wrote, I love your drawngs so much that it makes me quite entirely sad that I've never been able to correspond with you :*( ( Read comments ) Post a comment in response: From: Anonymous LiveJournal user: Username: Password: Log in? Subject: No HTML allowed in subject Don't auto-format: Message: Check spelling during preview Username: Password: English • Español • Deutsch • Français • Русский • → Search: Category: Username E-mail Region Interest AOL IM ICQ Number Yahoo! ID MSN Username Jabber Navigate: Welcome Login Create an Account Update Your Journal Search Random Region Interests Advanced Help Ask a Question Lost Password FAQ Site Map Browse Options Contact Info About General Info Press Download Site News Paid Accounts Terms of Service Privacy Policy Legal Information Site Map Browse Options"
livejournal.com,20040727212813,http://www.livejournal.com:80/users/0000000/11411.html?replyto=83859,https://web.archive.org/web/20040727212813/http://www.livejournal.com:80/users/0000000/11411.html?replyto=83859,Post Comment,"Post Comment . ( silverskytears ) wrote, your art pleases me; it's very expressive. ( Read comments ) Post a comment in response: From: Anonymous LiveJournal user: Username: Password: Log in? Subject: No HTML allowed in subject Don't auto-format: Message: Check spelling during preview Username: Password: English • Español • Deutsch • Français • Русский • → Search: Category: Username E-mail Region Interest AOL IM ICQ Number Yahoo! ID MSN Username Jabber Navigate: Welcome Login Create an Account Update Your Journal Search Random Region Interests Advanced Help Ask a Question Lost Password FAQ Site Map Browse Options Contact Info About General Info Press Download Site News Paid Accounts Terms of Service Privacy Policy Legal Information Site Map Browse Options",http://userpic.livejournal.com/10638528/839723,3,17182,"Post Comment

Post Comment . ( silverskytears ) wrote, your art pleases me; it's very expressive. ( Read comments ) Post a comment in response: From: Anonymous LiveJournal user: Username: Password: Log in? Subject: No HTML allowed in subject Don't auto-format: Message: Check spelling during preview Username: Password: English • Español • Deutsch • Français • Русский • → Search: Category: Username E-mail Region Interest AOL IM ICQ Number Yahoo! ID MSN Username Jabber Navigate: Welcome Login Create an Account Update Your Journal Search Random Region Interests Advanced Help Ask a Question Lost Password FAQ Site Map Browse Options Contact Info About General Info Press Download Site News Paid Accounts Terms of Service Privacy Policy Legal Information Site Map Browse Options"
livejournal.com,20040729151721,http://www.livejournal.com:80/users/0000000/11411.html?replyto=84627,https://web.archive.org/web/20040729151721/http://www.livejournal.com:80/users/0000000/11411.html?replyto=84627,Post Comment,"Post Comment PW ( antiprose ) wrote, How uncharacteristically unenthusiastic. Do you still live at college? ( Read comments ) Post a comment in response: From: Anonymous LiveJournal user: Username: Password: Log in? Subject: No HTML allowed in subject Don't auto-format: Message: Check spelling during preview Username: Password: English • Español • Deutsch • Français • Русский • → Search: Category: Username E-mail Region Interest AOL IM ICQ Number Yahoo! ID MSN Username Jabber Navigate: Welcome Login Create an Account Update Your Journal Search Random Region Interests Advanced Help Ask a Question Lost Password FAQ Site Map Browse Options Contact Info About General Info Press Download Site News Paid Accounts Terms of Service Privacy Policy Legal Information Site Map Browse Options",http://userpic.livejournal.com/4232223/661175,3,17228,"Post Comment

Post Comment PW ( antiprose ) wrote, How uncharacteristically unenthusiastic. Do you still live at college? ( Read comments ) Post a comment in response: From: Anonymous LiveJournal user: Username: Password: Log in? Subject: No HTML allowed in subject Don't auto-format: Message: Check spelling during preview Username: Password: English • Español • Deutsch • Français • Русский • → Search: Category: Username E-mail Region Interest AOL IM ICQ Number Yahoo! ID MSN Username Jabber Navigate: Welcome Login Create an Account Update Your Journal Search Random Region Interests Advanced Help Ask a Question Lost Password FAQ Site Map Browse Options Contact Info About General Info Press Download Site News Paid Accounts Terms of Service Privacy Policy Legal Information Site Map Browse Options"
livejournal.com,20040730165649,http://www.livejournal.com:80/users/0000000/11411.html?replyto=84883,https://web.archive.org/web/20040730165649/http://www.livejournal.com:80/users/0000000/11411.html?replyto=84883,Post Comment,"Post Comment . ( silverskytears ) wrote, i was tired! very little sleep the night before, mea culpa! (unlike SOME lovelies, I can't function on 6 or less!) Well, I'll be back at college in 2 weeks (18th) and then there till mid-may . . . yeek, and yuck, but only because I have to work through hell to get back to school!!! ( Read comments ) Post a comment in response: From: Anonymous LiveJournal user: Username: Password: Log in? Subject: No HTML allowed in subject Don't auto-format: Message: Check spelling during preview Username: Password: English • Español • Deutsch • Français • Русский • → Search: Category: Username E-mail Region Interest AOL IM ICQ Number Yahoo! ID MSN Username Jabber Navigate: Welcome Login Create an Account Update Your Journal Search Random Region Interests Advanced Help Ask a Question Lost Password FAQ Site Map Browse Options Contact Info About General Info Press Download Site News Paid Accounts Terms of Service Privacy Policy Legal Information Site Map Browse Options",http://userpic.livejournal.com/10638528/839723,3,17434,"Post Comment

Post Comment . ( silverskytears ) wrote, i was tired! very little sleep the night before, mea culpa! (unlike SOME lovelies, I can't function on 6 or less!) Well, I'll be back at college in 2 weeks (18th) and then there till mid-may . . . yeek, and yuck, but only because I have to work through hell to get back to school!!! ( Read comments ) Post a comment in response: From: Anonymous LiveJournal user: Username: Password: Log in? Subject: No HTML allowed in subject Don't auto-format: Message: Check spelling during preview Username: Password: English • Español • Deutsch • Français • Русский • → Search: Category: Username E-mail Region Interest AOL IM ICQ Number Yahoo! ID MSN Username Jabber Navigate: Welcome Login Create an Account Update Your Journal Search Random Region Interests Advanced Help Ask a Question Lost Password FAQ Site Map Browse Options Contact Info About General Info Press Download Site News Paid Accounts Terms of Service Privacy Policy Legal Information Site Map Browse Options"
livejournal.com,20040730200758,http://www.livejournal.com:80/users/0000000/11411.html?replyto=85139,https://web.archive.org/web/20040730200758/http://www.livejournal.com:80/users/0000000/11411.html?replyto=85139,Post Comment,"Post Comment L ( kinkedriotfemme ) wrote, that makes me smile. I'd liek to know more about you. you're drawings are exquisite, there must be an exquisite person under there. ( Read comments ) Post a comment in response: From: Anonymous LiveJournal user: Username: Password: Log in? Subject: No HTML allowed in subject Don't auto-format: Message: Check spelling during preview Username: Password: English • Español • Deutsch • Français • Русский • → Search: Category: Username E-mail Region Interest AOL IM ICQ Number Yahoo! ID MSN Username Jabber Navigate: Welcome Login Create an Account Update Your Journal Search Random Region Interests Advanced Help Ask a Question Lost Password FAQ Site Map Browse Options Contact Info About General Info Press Download Site News Paid Accounts Terms of Service Privacy Policy Legal Information Site Map Browse Options",http://userpic.livejournal.com/14101070/571698,3,17286,"Post Comment

Post Comment L ( kinkedriotfemme ) wrote, that makes me smile. I'd liek to know more about you. you're drawings are exquisite, there must be an exquisite person under there. ( Read comments ) Post a comment in response: From: Anonymous LiveJournal user: Username: Password: Log in? Subject: No HTML allowed in subject Don't auto-format: Message: Check spelling during preview Username: Password: English • Español • Deutsch • Français • Русский • → Search: Category: Username E-mail Region Interest AOL IM ICQ Number Yahoo! ID MSN Username Jabber Navigate: Welcome Login Create an Account Update Your Journal Search Random Region Interests Advanced Help Ask a Question Lost Password FAQ Site Map Browse Options Contact Info About General Info Press Download Site News Paid Accounts Terms of Service Privacy Policy Legal Information Site Map Browse Options"
livejournal.com,20050206235334,http://www.livejournal.com:80/users/0000000/11717.html,https://web.archive.org/web/20050206235334/http://www.livejournal.com:80/users/0000000/11717.html,"0000000: I know, I promised this a long time ago.","0000000: I know, I promised this a long time ago. ! ( 0000000 ) wrote, @ 2004 - 02 - 03 13:07:00 I know, I promised this a long time ago. I'm going to one of the professional printers here to ask about art prints, to possibly sell some. If you are interested in knowing prices once I find out you can e-mail me (or just leave a comment). I don't know cost, I also don't have the time to make prints myself right now though, which is why I am doing it this way. If it turns out to be ridiculously expensive I'll probably just auction a few or wait until I have the time to do them myself. If you're on my mailing list, don't worry, you'll be informed anyway. Edit: I can't sell prints of "" Higher "" because the original has been damaged. (cross post) ( Post a new comment ) (Anonymous) 2004-02-10 07:10 ( link ) hey! could you email me? i dont know your address but i want to by ""patchwork"" its thomgarsh@wordlnetw.com thanks. looking forward. ( Reply to this ) paivansade 2004-04-04 09:55 ( link ) yeah, i'd also like to buy ""patchwork"", if you'll ever be selling it :) ( Reply to this ) ( Thread ) 0000000 2004-04-04 13:42 ( link ) Hiiighly unlikely that I'll sell the original anytime soon, but I'll try to remember to send you a signed print of it sometime eventually, since you've been so incredibly supportive of me in every way imaginable :') ( Reply to this ) ( Parent ) ( Thread ) paivansade 2004-04-04 22:59 ( link ) oh! oh! oh! then i would love you forever and a day more instead of just forever!! :) ( Reply to this ) ( Parent ) neferet_tiy 2004-04-16 07:20 ( link ) Depending on how much it'd cost, I'd buy a copy of ""Observed"" if you were to offer prints of it ;) (And I'd beg you to sign it too haha) Yeah this has been up here for a while...but I wanted to come back and see if I missed anything! ( Reply to this ) ( Thread ) 0000000 2004-05-18 04:26 ( link ) I don't want to charge people what I'd have to for postage overseas in rolls (how I usually send prints inland), so I'm going to try some other ways like cardboard reinforced envelopes and see if they make it through the mail ok. If that works out, I'll start offering overseas again and will let you know. Yes, I'd sell prints of ""Observed,"" too. The signature on the version you see online was added digitally, it's not on the original watercolour, but I handsign and number prints. Just in case you buy one later and wonder why the sig/num on the print looks different, it's because it's real there ;-) ( Reply to this ) ( Parent ) ( Thread ) neferet_tiy 2004-05-18 06:52 ( link ) Hehe awesome. ( Reply to this ) ( Parent ) Username: Password: English • Español • Deutsch • Français • Русский • → Search: Category: Username E-mail Region Interest AOL IM ICQ Number Yahoo! ID MSN Username Jabber Navigate: Welcome Login Create an Account Update Your Journal Search Random Region Interests Advanced Help Ask a Question Lost Password FAQ Site Map Browse Options Contact Info About General Info Press Download Site News Paid ",http://www.livejournal.com/userpic/5674920/504679,25,19194,"0000000: I know, I promised this a long time ago.

0000000: I know, I promised this a long time ago. ! ( 0000000 ) wrote, @ 2004 - 02 - 03 13:07:00 I know, I promised this a long time ago. I'm going to one of the professional printers here to ask about art prints, to possibly sell some. If you are interested in knowing prices once I find out you can e-mail me (or just leave a comment). I don't know cost, I also don't have the time to make prints myself right now though, which is why I am doing it this way. If it turns out to be ridiculously expensive I'll probably just auction a few or wait until I have the time to do them myself. If you're on my mailing list, don't worry, you'll be informed anyway. Edit: I can't sell prints of "" Higher "" because the original has been damaged. (cross post) ( Post a new comment ) (Anonymous) 2004-02-10 07:10 ( link ) hey! could you email me? i dont know your address but i want to by ""patchwork"" its thomgarsh@wordlnetw.com thanks. looking forward. ( Reply to this ) paivansade 2004-04-04 09:55 ( link ) yeah, i'd also like to buy ""patchwork"", if you'll ever be selling it :) ( Reply to this ) ( Thread ) 0000000 2004-04-04 13:42 ( link ) Hiiighly unlikely that I'll sell the original anytime soon, but I'll try to remember to send you a signed print of it sometime eventually, since you've been so incredibly supportive of me in every way imaginable :') ( Reply to this ) ( Parent ) ( Thread ) paivansade 2004-04-04 22:59 ( link ) oh! oh! oh! then i would love you forever and a day more instead of just forever!! :) ( Reply to this ) ( Parent ) neferet_tiy 2004-04-16 07:20 ( link ) Depending on how much it'd cost, I'd buy a copy of ""Observed"" if you were to offer prints of it ;) (And I'd beg you to sign it too haha) Yeah this has been up here for a while...but I wanted to come back and see if I missed anything! ( Reply to this ) ( Thread ) 0000000 2004-05-18 04:26 ( link ) I don't want to charge people what I'd have to for postage overseas in rolls (how I usually send prints inland), so I'm going to try some other ways like cardboard reinforced envelopes and see if they make it through the mail ok. If that works out, I'll start offering overseas again and will let you know. Yes, I'd sell prints of ""Observed,"" too. The signature on the version you see online was added digitally, it's not on the original watercolour, but I handsign and number prints. Just in case you buy one later and wonder why the sig/num on the print looks different, it's because it's real there ;-) ( Reply to this ) ( Parent ) ( Thread ) neferet_tiy 2004-05-18 06:52 ( link ) Hehe awesome. ( Reply to this ) ( Parent ) Username: Password: English • Español • Deutsch • Français • Русский • → Search: Category: Username E-mail Region Interest AOL IM ICQ Number Yahoo! ID MSN Username Jabber Navigate: Welcome Login Create an Account Update Your Journal Search Random Region Interests Advanced Help Ask a Question Lost Password FAQ Site Map Browse Options Contact Info About General Info Press Download Site News Paid"
livejournal.com,20040908092031,http://www.livejournal.com:80/users/0000000/12214.html,https://web.archive.org/web/20040908092031/http://www.livejournal.com:80/users/0000000/12214.html,0000000: Für Konrad,"0000000: Für Konrad ! ( 0000000 ) wrote, @ 2004 - 06 - 30 22:43:00 Für Konrad I am not pleased with the scan. I think I need a better scanner. Some of my favourite and best pen tips are a tenth of a millimeter in width. Pointillism and hatching become lost arts because technology cannot do them justice. ( Post a new comment ) cannibol 2004-06-30 14:11 ( link ) awesomeness! ( Reply to this ) ( Thread ) 0000000 2004-07-01 00:05 ( link ) thanks! ( Reply to this ) ( Parent ) ( Thread ) cannibol 2004-07-01 00:12 ( link ) may have to add ya! ( Reply to this ) ( Parent ) cannibol 2004-06-30 14:12 ( link ) awesomeness! ( Reply to this ) ( Thread ) 0000000 2004-07-01 00:05 ( link ) thanks! ( Reply to this ) ( Parent ) cannibol 2004-06-30 14:12 ( link ) awesomeness! ( Reply to this ) ( Thread ) 0000000 2004-07-01 00:06 ( link ) thanks! ( Reply to this ) ( Parent ) cannibol 2004-06-30 14:13 ( link ) awesomeness! ( Reply to this ) ( Thread ) 0000000 2004-07-01 00:06 ( link ) thanks! (LiveJournal must have had a seizure.) ( Reply to this ) ( Parent ) ( Thread ) cannibol 2004-07-01 00:26 ( link ) get to see all your icons tho, ha! ( Reply to this ) ( Parent ) ( Thread ) 0000000 2004-07-01 03:04 ( link ) LOL! You'll find a load more here . ( Reply to this ) ( Parent ) littlesamo 2004-06-30 14:33 ( link ) looks great, sorry about losing parts to the scan I khnow how you feel. ( Reply to this ) ( Thread ) 0000000 2004-07-01 00:09 ( link ) Thanks. By the way, I really like this too. That motion scribble at the elbow absolutely made the drawing. ( Reply to this ) ( Parent ) ( Thread ) littlesamo 2004-08-04 06:42 ( link ) thanks for your comment ( Reply to this ) ( Parent ) jillandrhodry 2004-06-30 15:18 ( link ) Wow, despite you not liking your scanner and the way it does things, I love that piece. If it looks that good (to me) and you're not happy with it, I can't even imagine what it looks like on paper. *by the way--it's good to see you posting again!* ( Reply to this ) ( Thread ) 0000000 2004-07-01 00:14 ( link ) The darker areas are mainly made up of very fine lines or tiny dots. It gets a little lost in the scanning. Probably if I scanned it at twice the DPI or so it would be better but the image would be twice the size of the monitor before resizing and cropping. Since this is a gift for someone I will make such a high resolution copy for my own records but for sharing online it's less than practical :-( ( Reply to this ) ( Parent ) lorrainek 2004-06-30 16:12 ( link ) I really like those drawings you do... I wonder what doug and I would look like in Percy's World? hehe! ( Reply to this ) ( Thread ) 0000000 2004-07-01 00:11 ( link ) Probably insulting, you know what kind of misplaced emotion goes into my style ;-) ( Reply to this ) ( Parent ) ( Thread ) lorrainek 2004-07-01 16:56 ( link ) hehehe! ( Reply to this ) ( Parent ) silverskytears 2004-06-30 18:33 ( link ) aw, the crazy kitty gets an unofficial dingo award! ( Reply to this ) ( Thread ) 0000000 2004-0",http://userpic.livejournal.com/5674920/504679,109,52955,"0000000: Für Konrad

0000000: Für Konrad ! ( 0000000 ) wrote, @ 2004 - 06 - 30 22:43:00 Für Konrad I am not pleased with the scan. I think I need a better scanner. Some of my favourite and best pen tips are a tenth of a millimeter in width. Pointillism and hatching become lost arts because technology cannot do them justice. ( Post a new comment ) cannibol 2004-06-30 14:11 ( link ) awesomeness! ( Reply to this ) ( Thread ) 0000000 2004-07-01 00:05 ( link ) thanks! ( Reply to this ) ( Parent ) ( Thread ) cannibol 2004-07-01 00:12 ( link ) may have to add ya! ( Reply to this ) ( Parent ) cannibol 2004-06-30 14:12 ( link ) awesomeness! ( Reply to this ) ( Thread ) 0000000 2004-07-01 00:05 ( link ) thanks! ( Reply to this ) ( Parent ) cannibol 2004-06-30 14:12 ( link ) awesomeness! ( Reply to this ) ( Thread ) 0000000 2004-07-01 00:06 ( link ) thanks! ( Reply to this ) ( Parent ) cannibol 2004-06-30 14:13 ( link ) awesomeness! ( Reply to this ) ( Thread ) 0000000 2004-07-01 00:06 ( link ) thanks! (LiveJournal must have had a seizure.) ( Reply to this ) ( Parent ) ( Thread ) cannibol 2004-07-01 00:26 ( link ) get to see all your icons tho, ha! ( Reply to this ) ( Parent ) ( Thread ) 0000000 2004-07-01 03:04 ( link ) LOL! You'll find a load more here . ( Reply to this ) ( Parent ) littlesamo 2004-06-30 14:33 ( link ) looks great, sorry about losing parts to the scan I khnow how you feel. ( Reply to this ) ( Thread ) 0000000 2004-07-01 00:09 ( link ) Thanks. By the way, I really like this too. That motion scribble at the elbow absolutely made the drawing. ( Reply to this ) ( Parent ) ( Thread ) littlesamo 2004-08-04 06:42 ( link ) thanks for your comment ( Reply to this ) ( Parent ) jillandrhodry 2004-06-30 15:18 ( link ) Wow, despite you not liking your scanner and the way it does things, I love that piece. If it looks that good (to me) and you're not happy with it, I can't even imagine what it looks like on paper. *by the way--it's good to see you posting again!* ( Reply to this ) ( Thread ) 0000000 2004-07-01 00:14 ( link ) The darker areas are mainly made up of very fine lines or tiny dots. It gets a little lost in the scanning. Probably if I scanned it at twice the DPI or so it would be better but the image would be twice the size of the monitor before resizing and cropping. Since this is a gift for someone I will make such a high resolution copy for my own records but for sharing online it's less than practical :-( ( Reply to this ) ( Parent ) lorrainek 2004-06-30 16:12 ( link ) I really like those drawings you do... I wonder what doug and I would look like in Percy's World? hehe! ( Reply to this ) ( Thread ) 0000000 2004-07-01 00:11 ( link ) Probably insulting, you know what kind of misplaced emotion goes into my style ;-) ( Reply to this ) ( Parent ) ( Thread ) lorrainek 2004-07-01 16:56 ( link ) hehehe! ( Reply to this ) ( Parent ) silverskytears 2004-06-30 18:33 ( link ) aw, the crazy kitty gets an unofficial dingo award! ( Reply to this ) ( Thread ) 0000000 2004-0"
livejournal.com,20040911130700,http://www.livejournal.com:80/users/0000000/12214.html?mode=reply,https://web.archive.org/web/20040911130700/http://www.livejournal.com:80/users/0000000/12214.html?mode=reply,Post Comment,"Post Comment ! ( 0000000 ) wrote, @ 2004 - 06 - 30 22:43:00 Für Konrad I am not pleased with the scan. I think I need a better scanner. Some of my favourite and best pen tips are a tenth of a millimeter in width. Pointillism and hatching become lost arts because technology cannot do them justice. ( Read comments ) Post a comment in response: From: Anonymous LiveJournal user: Username: Password: Log in? Subject: No HTML allowed in subject Don't auto-format: Message: Check spelling during preview Username: Password: English • Español • Deutsch • Français • Русский • → Search: Category: Username E-mail Region Interest AOL IM ICQ Number Yahoo! ID MSN Username Jabber Navigate: Welcome Login Create an Account Update Your Journal Search Random Region Interests Advanced Help Ask a Question Lost Password FAQ Site Map Browse Options Contact Info About General Info Press Download Site News Paid Accounts Terms of Service Privacy Policy Legal Information Site Map Browse Options",http://userpic.livejournal.com/5674920/504679,7,18788,"Post Comment

Post Comment ! ( 0000000 ) wrote, @ 2004 - 06 - 30 22:43:00 Für Konrad I am not pleased with the scan. I think I need a better scanner. Some of my favourite and best pen tips are a tenth of a millimeter in width. Pointillism and hatching become lost arts because technology cannot do them justice. ( Read comments ) Post a comment in response: From: Anonymous LiveJournal user: Username: Password: Log in? Subject: No HTML allowed in subject Don't auto-format: Message: Check spelling during preview Username: Password: English • Español • Deutsch • Français • Русский • → Search: Category: Username E-mail Region Interest AOL IM ICQ Number Yahoo! ID MSN Username Jabber Navigate: Welcome Login Create an Account Update Your Journal Search Random Region Interests Advanced Help Ask a Question Lost Password FAQ Site Map Browse Options Contact Info About General Info Press Download Site News Paid Accounts Terms of Service Privacy Policy Legal Information Site Map Browse Options"
livejournal.com,20040913085717,http://www.livejournal.com:80/users/0000000/12378.html,https://web.archive.org/web/20040913085717/http://www.livejournal.com:80/users/0000000/12378.html,0000000: White Apple,"0000000: White Apple ! ( 0000000 ) wrote, @ 2004 - 07 - 06 23:11:00 Current mood: content White Apple Quick CD cover illustration for lady friend. --- And this made my day, thanks! ( Post a new comment ) Random User crotch_pox 2004-07-12 00:51 ( link ) Is all this art thats posted on your journal things you've made and designed yourself? Cause its all very beautiful. ( Reply to this ) ( Thread ) Re: Random User 0000000 2004-07-12 02:13 ( link ) Yes, it is, and thank you very much. You can find a more formal gallery here , but the only form of feedback there is the guestbook right now. ( Reply to this ) ( Parent ) Username: Password: English • Español • Deutsch • Français • Русский • → Search: Category: Username E-mail Region Interest AOL IM ICQ Number Yahoo! ID MSN Username Jabber Navigate: Welcome Login Create an Account Update Your Journal Search Random Region Interests Advanced Help Ask a Question Lost Password FAQ Site Map Browse Options Contact Info About General Info Press Download Site News Paid Accounts Terms of Service Privacy Policy Legal Information Site Map Browse Options",http://userpic.livejournal.com/5674920/504679,13,11991,"0000000: White Apple

0000000: White Apple ! ( 0000000 ) wrote, @ 2004 - 07 - 06 23:11:00 Current mood: content White Apple Quick CD cover illustration for lady friend. --- And this made my day, thanks! ( Post a new comment ) Random User crotch_pox 2004-07-12 00:51 ( link ) Is all this art thats posted on your journal things you've made and designed yourself? Cause its all very beautiful. ( Reply to this ) ( Thread ) Re: Random User 0000000 2004-07-12 02:13 ( link ) Yes, it is, and thank you very much. You can find a more formal gallery here , but the only form of feedback there is the guestbook right now. ( Reply to this ) ( Parent ) Username: Password: English • Español • Deutsch • Français • Русский • → Search: Category: Username E-mail Region Interest AOL IM ICQ Number Yahoo! ID MSN Username Jabber Navigate: Welcome Login Create an Account Update Your Journal Search Random Region Interests Advanced Help Ask a Question Lost Password FAQ Site Map Browse Options Contact Info About General Info Press Download Site News Paid Accounts Terms of Service Privacy Policy Legal Information Site Map Browse Options"
livejournal.com,20050207002844,http://www.livejournal.com:80/users/0000000/13432.html,https://web.archive.org/web/20050207002844/http://www.livejournal.com:80/users/0000000/13432.html,"0000000: ""Bad thoughts, Mommy.""","0000000: ""Bad thoughts, Mommy."" ! ( 0000000 ) wrote, @ 2004 - 07 - 21 13:56:00 Current mood: frustrated ""Bad thoughts, Mommy."" ( Post a new comment ) Nitpick veli 2004-07-21 06:03 ( link ) I assume the title is supposed to be German, if I'm wrong please ignore me :) ""Börse"" means ""purse"", ""wallet"" or ""stock market"". I assume you were looking for ""Böse"", which means ""evil"" or ""bad"". ( Reply to this ) ( Thread ) Re: Nitpick 0000000 2004-07-21 07:15 ( link ) yeah, some sites i post to don't allow/properly display umlauts. and once these stupid extra e's need to be added things like ö, ör, äu, etc make me want to puke. coincidence that this happens to be another word altogether. seeing it without the umlaut (in the file name) the misspelling didn't stand out to me. ( Reply to this ) ( Parent ) andricongirl 2004-07-21 06:46 ( link ) fabulous ( Reply to this ) andrewnomicon 2004-07-21 07:16 ( link ) love it. ( Reply to this ) neferet_tiy 2004-07-21 07:27 ( link ) That is REALLY good. I love it. And the caption underneath is amusing. *grin* ( Reply to this ) ( Thread ) 0000000 2004-07-21 07:28 ( link ) It's ambiguousss ( Reply to this ) ( Parent ) silverskytears 2004-07-21 08:22 ( link ) creepily awesome, as always, m'dear. always love browsing the friends page and finding you here. ( Reply to this ) ( Thread ) 0000000 2004-07-24 04:20 ( link ) Sweet. ( Reply to this ) ( Parent ) ( Thread ) silverskytears 2004-07-24 13:26 ( link ) i'm trying to discern the tone on that: keanu reeve's, ""sweeeeet, dude"" style or ""sweet"" as in, actually, hey, that was sweet. ( Reply to this ) ( Parent ) kyleminus2 2004-07-21 08:28 ( link ) Thanks for sharing, I enjoyed it. ( Reply to this ) amoralphreak 2004-07-21 09:30 ( link ) oh my, i feel so terribly sadistic for grinning madly at this picture and wanting it. amazing as always, and i think it's tied with the cute teddy bear as my favorite from you. ( Reply to this ) ( Thread ) 0000000 2004-07-24 04:20 ( link ) Oh my... maybe it was the boy's beddytear. ( Reply to this ) ( Parent ) cannibol 2004-07-21 10:10 ( link ) very cool! ( Reply to this ) eleventyseven 2004-07-21 12:05 ( link ) ooooh creepy. I like the style ( Reply to this ) ( Thread ) Style 0000000 2004-07-24 04:19 ( link ) Thanks, it's mainly what I stick to. ( Reply to this ) ( Parent ) xpyromania05x 2004-07-21 14:41 ( link ) love it...XD ( Reply to this ) ( Thread ) 0000000 2004-07-24 04:19 ( link ) lovely... :-D ( Reply to this ) ( Parent ) lostinmymind07 2004-07-22 14:00 ( link ) did you draw that? if so it looks good> ( Reply to this ) ( Thread ) 0000000 2004-07-23 01:54 ( link ) Yes. Thanks. ( Reply to this ) ( Parent ) Username: Password: English • Español • Deutsch • Français • Русский • → Search: Category: Username E-mail Region Interest AOL IM ICQ Number Yahoo! ID MSN Username Jabber Navigate: Welcome Login Create an Account Update Your Journal Search Random Region Interests Advanced Help Ask a Question Lost Password FAQ Site Map Browse Options Contac",http://www.livejournal.com/userpic/18046654/504679,65,33088,"0000000: ""Bad thoughts, Mommy.""

0000000: ""Bad thoughts, Mommy."" ! ( 0000000 ) wrote, @ 2004 - 07 - 21 13:56:00 Current mood: frustrated ""Bad thoughts, Mommy."" ( Post a new comment ) Nitpick veli 2004-07-21 06:03 ( link ) I assume the title is supposed to be German, if I'm wrong please ignore me :) ""Börse"" means ""purse"", ""wallet"" or ""stock market"". I assume you were looking for ""Böse"", which means ""evil"" or ""bad"". ( Reply to this ) ( Thread ) Re: Nitpick 0000000 2004-07-21 07:15 ( link ) yeah, some sites i post to don't allow/properly display umlauts. and once these stupid extra e's need to be added things like ö, ör, äu, etc make me want to puke. coincidence that this happens to be another word altogether. seeing it without the umlaut (in the file name) the misspelling didn't stand out to me. ( Reply to this ) ( Parent ) andricongirl 2004-07-21 06:46 ( link ) fabulous ( Reply to this ) andrewnomicon 2004-07-21 07:16 ( link ) love it. ( Reply to this ) neferet_tiy 2004-07-21 07:27 ( link ) That is REALLY good. I love it. And the caption underneath is amusing. *grin* ( Reply to this ) ( Thread ) 0000000 2004-07-21 07:28 ( link ) It's ambiguousss ( Reply to this ) ( Parent ) silverskytears 2004-07-21 08:22 ( link ) creepily awesome, as always, m'dear. always love browsing the friends page and finding you here. ( Reply to this ) ( Thread ) 0000000 2004-07-24 04:20 ( link ) Sweet. ( Reply to this ) ( Parent ) ( Thread ) silverskytears 2004-07-24 13:26 ( link ) i'm trying to discern the tone on that: keanu reeve's, ""sweeeeet, dude"" style or ""sweet"" as in, actually, hey, that was sweet. ( Reply to this ) ( Parent ) kyleminus2 2004-07-21 08:28 ( link ) Thanks for sharing, I enjoyed it. ( Reply to this ) amoralphreak 2004-07-21 09:30 ( link ) oh my, i feel so terribly sadistic for grinning madly at this picture and wanting it. amazing as always, and i think it's tied with the cute teddy bear as my favorite from you. ( Reply to this ) ( Thread ) 0000000 2004-07-24 04:20 ( link ) Oh my... maybe it was the boy's beddytear. ( Reply to this ) ( Parent ) cannibol 2004-07-21 10:10 ( link ) very cool! ( Reply to this ) eleventyseven 2004-07-21 12:05 ( link ) ooooh creepy. I like the style ( Reply to this ) ( Thread ) Style 0000000 2004-07-24 04:19 ( link ) Thanks, it's mainly what I stick to. ( Reply to this ) ( Parent ) xpyromania05x 2004-07-21 14:41 ( link ) love it...XD ( Reply to this ) ( Thread ) 0000000 2004-07-24 04:19 ( link ) lovely... :-D ( Reply to this ) ( Parent ) lostinmymind07 2004-07-22 14:00 ( link ) did you draw that? if so it looks good> ( Reply to this ) ( Thread ) 0000000 2004-07-23 01:54 ( link ) Yes. Thanks. ( Reply to this ) ( Parent ) Username: Password: English • Español • Deutsch • Français • Русский • → Search: Category: Username E-mail Region Interest AOL IM ICQ Number Yahoo! ID MSN Username Jabber Navigate: Welcome Login Create an Account Update Your Journal Search Random Region Interests Advanced Help Ask a Question Lost Password FAQ Site Map Browse Options Contac"
livejournal.com,20050207005141,http://www.livejournal.com:80/users/0000000/14153.html,https://web.archive.org/web/20050207005141/http://www.livejournal.com:80/users/0000000/14153.html,0000000: butterfly net,"0000000: butterfly net ! ( 0000000 ) wrote, @ 2005 - 01 - 08 22:13:00 Current mood: depressed butterfly net ( Post a new comment ) neferet_tiy 2005-01-08 21:26 ( link ) Ahh Percy I love it :) ( Reply to this ) ( Thread ) antiprose 2005-01-11 23:05 ( link ) *bows* ( Reply to this ) ( Parent ) amoralphreak 2005-01-09 02:43 ( link ) beautiful picture, but what's wrong??? :( ( Reply to this ) ( Thread ) antiprose 2005-01-11 23:05 ( link ) oh, what isn't wrong with this world! ( Reply to this ) ( Parent ) ( Thread ) amoralphreak 2005-01-11 23:35 ( link ) meh. point. ( Reply to this ) ( Parent ) xpyromania05x 2005-01-09 06:06 ( link ) nice XD....hope u feel ok ( Reply to this ) ( Thread ) antiprose 2005-01-11 23:05 ( link ) thanks, i'm dandy. ( Reply to this ) ( Parent ) silverskytears 2005-01-09 20:03 ( link ) you have always been the definition of 'tortured artist' to me, though I know little of your life. alas that pain is so inspiring. i shall never be a successful poet . . . i am simply not conflicted enough :P i hope this post finds you drinking tea, or some such deliciousness. ( Reply to this ) ( Thread ) 0000000 2005-01-09 20:36 ( link ) hibiscus. i hate it. ( Reply to this ) ( Parent ) ( Thread ) silverskytears 2005-01-09 21:18 ( link ) haha alas and possibly also alack hmmm is it one of those with metallic aftertastes? never got a hang of those. all i need is a good strong-brewed mint tea, sweetened and iced. if only it wasn't the middle of winter and such treats practically make me the snow queen! ( Reply to this ) ( Parent ) ( Thread ) antiprose 2005-01-11 12:42 ( link ) no, i simply never got into these red teas. i mean really, this tastes like dirt. filtered, coloured dirt. who drinks this stuff?!! (i mean besides broke and broken artists who find it in the back of their cupboards when the green tea is gone...) ah yeah, mint is great also. ( Reply to this ) ( Parent ) ( Thread ) silverskytears 2005-01-11 12:48 ( link ) aha! well, no fear, m'love. I am sure I'll be joining you in the broke and broken, though artist was always questionable. by the way, I still have that lovely letter you wrote me on my wall. tangential thought. been reminiscing a lot lately, which I feel is dangerous because at 19 there shouldn't be an awful lot to ruminate on! ( Reply to this ) ( Parent ) ( Thread ) antiprose 2005-01-11 12:53 ( link ) hm. that's a happy thought. (my scribbles on your wall with a piece of paper between them.) and the icon is tres cute. 19 is old, so old. nearly 2 decades, which is a long word. ( Reply to this ) ( Parent ) ( Thread ) silverskytears 2005-01-11 18:40 ( link ) happy thought for me too! scribbings tend to cheer me greatly. plus thank you . . . I have found that when I get bored I turn to my camera for amusement. 19 is old! And how old are you? Still 8 I hope. :) I seem to recall that as a good age, mostly because I don't remember it! ( Reply to this ) ( Parent ) Username: Password: English • Español • Deutsch • Français • Русски",http://www.livejournal.com/userpic/18046654/504679,49,28529,"0000000: butterfly net

0000000: butterfly net ! ( 0000000 ) wrote, @ 2005 - 01 - 08 22:13:00 Current mood: depressed butterfly net ( Post a new comment ) neferet_tiy 2005-01-08 21:26 ( link ) Ahh Percy I love it :) ( Reply to this ) ( Thread ) antiprose 2005-01-11 23:05 ( link ) *bows* ( Reply to this ) ( Parent ) amoralphreak 2005-01-09 02:43 ( link ) beautiful picture, but what's wrong??? :( ( Reply to this ) ( Thread ) antiprose 2005-01-11 23:05 ( link ) oh, what isn't wrong with this world! ( Reply to this ) ( Parent ) ( Thread ) amoralphreak 2005-01-11 23:35 ( link ) meh. point. ( Reply to this ) ( Parent ) xpyromania05x 2005-01-09 06:06 ( link ) nice XD....hope u feel ok ( Reply to this ) ( Thread ) antiprose 2005-01-11 23:05 ( link ) thanks, i'm dandy. ( Reply to this ) ( Parent ) silverskytears 2005-01-09 20:03 ( link ) you have always been the definition of 'tortured artist' to me, though I know little of your life. alas that pain is so inspiring. i shall never be a successful poet . . . i am simply not conflicted enough :P i hope this post finds you drinking tea, or some such deliciousness. ( Reply to this ) ( Thread ) 0000000 2005-01-09 20:36 ( link ) hibiscus. i hate it. ( Reply to this ) ( Parent ) ( Thread ) silverskytears 2005-01-09 21:18 ( link ) haha alas and possibly also alack hmmm is it one of those with metallic aftertastes? never got a hang of those. all i need is a good strong-brewed mint tea, sweetened and iced. if only it wasn't the middle of winter and such treats practically make me the snow queen! ( Reply to this ) ( Parent ) ( Thread ) antiprose 2005-01-11 12:42 ( link ) no, i simply never got into these red teas. i mean really, this tastes like dirt. filtered, coloured dirt. who drinks this stuff?!! (i mean besides broke and broken artists who find it in the back of their cupboards when the green tea is gone...) ah yeah, mint is great also. ( Reply to this ) ( Parent ) ( Thread ) silverskytears 2005-01-11 12:48 ( link ) aha! well, no fear, m'love. I am sure I'll be joining you in the broke and broken, though artist was always questionable. by the way, I still have that lovely letter you wrote me on my wall. tangential thought. been reminiscing a lot lately, which I feel is dangerous because at 19 there shouldn't be an awful lot to ruminate on! ( Reply to this ) ( Parent ) ( Thread ) antiprose 2005-01-11 12:53 ( link ) hm. that's a happy thought. (my scribbles on your wall with a piece of paper between them.) and the icon is tres cute. 19 is old, so old. nearly 2 decades, which is a long word. ( Reply to this ) ( Parent ) ( Thread ) silverskytears 2005-01-11 18:40 ( link ) happy thought for me too! scribbings tend to cheer me greatly. plus thank you . . . I have found that when I get bored I turn to my camera for amusement. 19 is old! And how old are you? Still 8 I hope. :) I seem to recall that as a good age, mostly because I don't remember it! ( Reply to this ) ( Parent ) Username: Password: English • Español • Deutsch • Français • Русски"
livejournal.com,20040712172437,http://www.livejournal.com:80/users/0000000/2003/06/,https://web.archive.org/web/20040712172437/http://www.livejournal.com:80/users/0000000/2003/06/,"June, 2003 - 0000000","June, 2003 - 0000000 June, 2003 - 0000000 Month View Here are the subjects of all posts by user 0000000 in June, 2003. January February March April May June July August September October November December 29th 9:28p Patchwork - 20 replies Username: Password: English • Español • Deutsch • Français • Русский • → Search: Category: Username E-mail Region Interest AOL IM ICQ Number Yahoo! ID MSN Username Jabber Navigate: Welcome Login Create an Account Update Your Journal Search Random Region Interests Advanced Help Ask a Question Lost Password FAQ Site Map Browse Options Contact Info About General Info Press Download Site News Paid Accounts Terms of Service Privacy Policy Legal Information Site Map Browse Options",http://stat.livejournal.com/img/userinfo.gif,4,8455,"June, 2003 - 0000000

June, 2003 - 0000000 June, 2003 - 0000000 Month View Here are the subjects of all posts by user 0000000 in June, 2003. January February March April May June July August September October November December 29th 9:28p Patchwork - 20 replies Username: Password: English • Español • Deutsch • Français • Русский • → Search: Category: Username E-mail Region Interest AOL IM ICQ Number Yahoo! ID MSN Username Jabber Navigate: Welcome Login Create an Account Update Your Journal Search Random Region Interests Advanced Help Ask a Question Lost Password FAQ Site Map Browse Options Contact Info About General Info Press Download Site News Paid Accounts Terms of Service Privacy Policy Legal Information Site Map Browse Options"
livejournal.com,20040612075518,http://www.livejournal.com:80/users/0000000/2003/07/,https://web.archive.org/web/20040612075518/http://www.livejournal.com:80/users/0000000/2003/07/,"July, 2003 - 0000000","July, 2003 - 0000000 July, 2003 - 0000000 Month View Here are the subjects of all posts by user 0000000 in July, 2003. January February March April May June July August September October November December 1st 10:00a You're merely a shell. - 12 replies 3rd 10:00a Abdominal Lobotomy - 2 replies 6th 11:58p One Person - 4 replies 28th 7:38p Himmel Herz - 12 replies Username: Password: English • Español • Deutsch • Français • Русский • → Search: Category: Username E-mail Region Interest AOL IM ICQ Number Yahoo! ID MSN Username Jabber Navigate: Welcome Login Create an Account Update Your Journal Search Random Region Interests Advanced Help Ask a Question Lost Password FAQ Site Map Browse Options Contact Info About General Info Press Download Site News Paid Accounts Terms of Service Privacy Policy Legal Information Site Map Browse Options",http://stat.livejournal.com/img/userinfo.gif,4,9274,"July, 2003 - 0000000

July, 2003 - 0000000 July, 2003 - 0000000 Month View Here are the subjects of all posts by user 0000000 in July, 2003. January February March April May June July August September October November December 1st 10:00a You're merely a shell. - 12 replies 3rd 10:00a Abdominal Lobotomy - 2 replies 6th 11:58p One Person - 4 replies 28th 7:38p Himmel Herz - 12 replies Username: Password: English • Español • Deutsch • Français • Русский • → Search: Category: Username E-mail Region Interest AOL IM ICQ Number Yahoo! ID MSN Username Jabber Navigate: Welcome Login Create an Account Update Your Journal Search Random Region Interests Advanced Help Ask a Question Lost Password FAQ Site Map Browse Options Contact Info About General Info Press Download Site News Paid Accounts Terms of Service Privacy Policy Legal Information Site Map Browse Options"
livejournal.com,20040324185614,http://www.livejournal.com:80/users/0000000/7998.html,https://web.archive.org/web/20040324185614/http://www.livejournal.com:80/users/0000000/7998.html,0000000: The Dark,"0000000: The Dark Percy's Artwork ( 0000000 ) wrote, @ 2003 - 04 - 27 10:31:00 The Dark ""As a child, I was not afraid of the dark, but of the skeletons I saw in it."" ( Post a new comment ) xxallyxx 2003-06-09 04:29 ( link ) I LOVE it! ( Reply to this ) ( Post a new comment ) Username: Password: English • Español • Deutsch • Français • Русский • → Search: Category: Username Email Region Interest AOL IM ICQ Number Yahoo! ID MSN Username Jabber Navigate: Welcome Login Create an Account Update Your Journal Search Random Region Interests Advanced Help Ask a Question Lost Password FAQ Site Map Browse Options Contact Info About General Info Press Download Site News Paid Accounts Terms of Service Privacy Policy Legal Information Site Map Browse Options",http://userpic.livejournal.com/4837945/504679,10,10061,"0000000: The Dark

0000000: The Dark Percy's Artwork ( 0000000 ) wrote, @ 2003 - 04 - 27 10:31:00 The Dark ""As a child, I was not afraid of the dark, but of the skeletons I saw in it."" ( Post a new comment ) xxallyxx 2003-06-09 04:29 ( link ) I LOVE it! ( Reply to this ) ( Post a new comment ) Username: Password: English • Español • Deutsch • Français • Русский • → Search: Category: Username Email Region Interest AOL IM ICQ Number Yahoo! ID MSN Username Jabber Navigate: Welcome Login Create an Account Update Your Journal Search Random Region Interests Advanced Help Ask a Question Lost Password FAQ Site Map Browse Options Contact Info About General Info Press Download Site News Paid Accounts Terms of Service Privacy Policy Legal Information Site Map Browse Options"
livejournal.com,20040327183050,http://www.livejournal.com:80/users/0000000/7998.html?mode=reply,https://web.archive.org/web/20040327183050/http://www.livejournal.com:80/users/0000000/7998.html?mode=reply,Post Comment,"Post Comment Percy's Artwork ( 0000000 ) wrote, @ 2003 - 04 - 27 10:31:00 The Dark ""As a child, I was not afraid of the dark, but of the skeletons I saw in it."" ( Read comments ) Post a comment in response: From: Anonymous LiveJournal user: Username: Password: Log in? Subject: No HTML allowed in subject Don't auto-format: Message: Check spelling during preview Username: Password: English • Español • Deutsch • Français • Русский • → Search: Category: Username Email Region Interest AOL IM ICQ Number Yahoo! ID MSN Username Jabber Navigate: Welcome Login Create an Account Update Your Journal Search Random Region Interests Advanced Help Ask a Question Lost Password FAQ Site Map Browse Options Contact Info About General Info Press Download Site News Paid Accounts Terms of Service Privacy Policy Legal Information Site Map Browse Options",http://userpic.livejournal.com/4837945/504679,7,17542,"Post Comment

Post Comment Percy's Artwork ( 0000000 ) wrote, @ 2003 - 04 - 27 10:31:00 The Dark ""As a child, I was not afraid of the dark, but of the skeletons I saw in it."" ( Read comments ) Post a comment in response: From: Anonymous LiveJournal user: Username: Password: Log in? Subject: No HTML allowed in subject Don't auto-format: Message: Check spelling during preview Username: Password: English • Español • Deutsch • Français • Русский • → Search: Category: Username Email Region Interest AOL IM ICQ Number Yahoo! ID MSN Username Jabber Navigate: Welcome Login Create an Account Update Your Journal Search Random Region Interests Advanced Help Ask a Question Lost Password FAQ Site Map Browse Options Contact Info About General Info Press Download Site News Paid Accounts Terms of Service Privacy Policy Legal Information Site Map Browse Options"
livejournal.com,20040928183116,http://www.livejournal.com:80/users/0000000/8241.html?mode=reply,https://web.archive.org/web/20040928183116/http://www.livejournal.com:80/users/0000000/8241.html?mode=reply,Post Comment,"Post Comment ! ( 0000000 ) wrote, @ 2003 - 04 - 27 14:23:00 96 Sardine Personalities We didn't disassociate. Black ink on watercolour block. ( Read comments ) Post a comment in response: From: Anonymous LiveJournal user: Username: Password: Log in? Subject: No HTML allowed in subject Don't auto-format: Message: Check spelling during preview Username: Password: English • Español • Deutsch • Français • Русский • → Search: Category: Username E-mail Region Interest AOL IM ICQ Number Yahoo! ID MSN Username Jabber Navigate: Welcome Login Create an Account Update Your Journal Search Random Region Interests Advanced Help Ask a Question Lost Password FAQ Site Map Browse Options Contact Info About General Info Press Download Site News Paid Accounts Terms of Service Privacy Policy Legal Information Site Map Browse Options",http://userpic.livejournal.com/18046654/504679,7,18618,"Post Comment

Post Comment ! ( 0000000 ) wrote, @ 2003 - 04 - 27 14:23:00 96 Sardine Personalities We didn't disassociate. Black ink on watercolour block. ( Read comments ) Post a comment in response: From: Anonymous LiveJournal user: Username: Password: Log in? Subject: No HTML allowed in subject Don't auto-format: Message: Check spelling during preview Username: Password: English • Español • Deutsch • Français • Русский • → Search: Category: Username E-mail Region Interest AOL IM ICQ Number Yahoo! ID MSN Username Jabber Navigate: Welcome Login Create an Account Update Your Journal Search Random Region Interests Advanced Help Ask a Question Lost Password FAQ Site Map Browse Options Contact Info About General Info Press Download Site News Paid Accounts Terms of Service Privacy Policy Legal Information Site Map Browse Options"
livejournal.com,20050207010913,http://www.livejournal.com:80/users/0000000/9099.html,https://web.archive.org/web/20050207010913/http://www.livejournal.com:80/users/0000000/9099.html,0000000: It Just Happened,"0000000: It Just Happened ! ( 0000000 ) wrote, @ 2003 - 04 - 30 14:35:00 It Just Happened Just like that. I woke up and was suddenly not alone in my head anymore. ( Post a new comment ) doctorobnoxious 2003-04-30 05:48 ( link ) shpunkay! woosh! ( Reply to this ) ( Thread ) hrm antiprose 2003-04-30 06:01 ( link ) I think you like to humor. :p ( Reply to this ) ( Parent ) ( Thread ) Re: hrm doctorobnoxious 2003-04-30 06:02 ( link ) i like to comment. is that so wrong? am i crampin ya style? [meow] ( Reply to this ) ( Parent ) ( Thread ) Re: hrm antiprose 2003-04-30 06:03 ( link ) Nuh. Sorry. You know you're loved ;) ( Reply to this ) ( Parent ) ( Thread ) Re: hrm doctorobnoxious 2003-04-30 06:56 ( link ) haha! i am a lj ho with the comments,eh?! ( Reply to this ) ( Parent ) blugurl 2003-04-30 12:58 ( link ) hehe this makes me smile. ( Reply to this ) amoralphreak 2003-04-30 14:15 ( link ) *sighs* i love your pictures so much i feel obligated to comment even though i have absolutely nothing to say. *nods* so that's my comment. :) ( Reply to this ) Username: Password: English • Español • Deutsch • Français • Русский • → Search: Category: Username E-mail Region Interest AOL IM ICQ Number Yahoo! ID MSN Username Jabber Navigate: Welcome Login Create an Account Update Your Journal Search Random Region Interests Advanced Help Ask a Question Lost Password FAQ Site Map Browse Options Contact Info About General Info Press Download Site News Paid Accounts Terms of Service Privacy Policy Legal Information Site Map Browse Options",http://www.livejournal.com/userpic/4837945/504679,28,18289,"0000000: It Just Happened

0000000: It Just Happened ! ( 0000000 ) wrote, @ 2003 - 04 - 30 14:35:00 It Just Happened Just like that. I woke up and was suddenly not alone in my head anymore. ( Post a new comment ) doctorobnoxious 2003-04-30 05:48 ( link ) shpunkay! woosh! ( Reply to this ) ( Thread ) hrm antiprose 2003-04-30 06:01 ( link ) I think you like to humor. :p ( Reply to this ) ( Parent ) ( Thread ) Re: hrm doctorobnoxious 2003-04-30 06:02 ( link ) i like to comment. is that so wrong? am i crampin ya style? [meow] ( Reply to this ) ( Parent ) ( Thread ) Re: hrm antiprose 2003-04-30 06:03 ( link ) Nuh. Sorry. You know you're loved ;) ( Reply to this ) ( Parent ) ( Thread ) Re: hrm doctorobnoxious 2003-04-30 06:56 ( link ) haha! i am a lj ho with the comments,eh?! ( Reply to this ) ( Parent ) blugurl 2003-04-30 12:58 ( link ) hehe this makes me smile. ( Reply to this ) amoralphreak 2003-04-30 14:15 ( link ) *sighs* i love your pictures so much i feel obligated to comment even though i have absolutely nothing to say. *nods* so that's my comment. :) ( Reply to this ) Username: Password: English • Español • Deutsch • Français • Русский • → Search: Category: Username E-mail Region Interest AOL IM ICQ Number Yahoo! ID MSN Username Jabber Navigate: Welcome Login Create an Account Update Your Journal Search Random Region Interests Advanced Help Ask a Question Lost Password FAQ Site Map Browse Options Contact Info About General Info Press Download Site News Paid Accounts Terms of Service Privacy Policy Legal Information Site Map Browse Options"
livejournal.com,20040821174722,http://www.livejournal.com:80/users/0000000/friends,https://web.archive.org/web/20040821174722/http://www.livejournal.com:80/users/0000000/friends,!'s Friends,"!'s Friends !'s Friends [ entries | friends | calendar ] ! [ website | PercyWells.com ] [ userinfo | livejournal userinfo ] [ calendar | livejournal calendar ] Halted There are a few reasons why you might not see posts on this friends page: ! might have no friends defined. If you are !, you can edit your LiveJournal friends so they show up here. ! might have friends defined, but all of their friend's posts might be over two weeks old (according to the times on our servers), and thus wouldn't be displayed here. ! might have friends defined that post only protected entries that you can't view, because they haven't defined you as a friend in return. navigation [ viewing | ]",,0,5893,"!'s Friends

!'s Friends !'s Friends [ entries | friends | calendar ] ! [ website | PercyWells.com ] [ userinfo | livejournal userinfo ] [ calendar | livejournal calendar ] Halted There are a few reasons why you might not see posts on this friends page: ! might have no friends defined. If you are !, you can edit your LiveJournal friends so they show up here. ! might have friends defined, but all of their friend's posts might be over two weeks old (according to the times on our servers), and thus wouldn't be displayed here. ! might have friends defined that post only protected entries that you can't view, because they haven't defined you as a friend in return. navigation [ viewing | ]"
livejournal.com,20040512043602,http://www.livejournal.com:80/users/000000000/,https://web.archive.org/web/20040512043602/http://www.livejournal.com:80/users/000000000/,Gillian Cooper's Journal,Gillian Cooper's Journal Gillian Cooper's Journal [Most Recent Entries] [Calendar View] [Friends] Below are the 0 most recent journal entries recorded in Gillian Cooper 's LiveJournal: About LiveJournal.com,,0,1677,"Gillian Cooper's Journal

Gillian Cooper's Journal Gillian Cooper's Journal [Most Recent Entries] [Calendar View] [Friends] Below are the 0 most recent journal entries recorded in Gillian Cooper 's LiveJournal: About LiveJournal.com"
livejournal.com,20030901130733,http://www.livejournal.com:80/users/00000001,https://web.archive.org/web/20030901130733/http://www.livejournal.com:80/users/00000001,Снежный Лев's Journal,"Снежный Лев's Journal Снежный Лев's Journal 20 most recent entries Date: 2003-08-14 20:11 Subject: Security: Public всю жизнь я наималась каким-то занятиями, которые хотя и нравились мне, но все же каждый раз что бы ими занятся мне приходилось себя заставлять. ( Read more... ) 6 comments | post a comment Date: 2003-08-14 19:29 Subject: Отдыхаю. Security: Public После всяких страхов и встрясок Москва кажется безопасным и уютным местом.Все дела переделаны, два дня никуда не надо бегать, ничего не надо делать, собаки не пугают, потому что медведи много страшнее, потому что слава богу что это не медведь. Люди тоже не пугают потому что слава богу что не в тайге в тремя пьяными водилами в камазе надо пить водку, иначе получишь в глаз, по улице ходить не страшно потому что слава богу не 5000 километров до дома и 20 км до жилья и не надо шарахатся от шорохов в лесу и неслышно прятатся в кусты от идущего на встречу человека с недобрым взглядом. В кране есть горячая вода и не надо по утрам прыгать в ледяную воду , в плите есть газ и не надо по утрам топить печку что бы сварить чашку чая, теплое одеяло и кровать и не надо греть камень и сушить одежду на костре что бы не дать ночью дуба в палатке. Спать можно спокойно и не надо смотреть через палатку на лес . До дома можно ехать на метро и не надо стоять на трассе и думать застряла ты здесь на ночь или все же доедешь до другого леса , в котором все равно придется ночевать одной. Все это мне нравится, и одно и другое. Мне нравится и застревать на ночь, и дождь и мокрое белье и давать дуба в палатке и нырять в ледяную воду по утрам и греть воду на костре и даже общаться с пьяными водилами посреди тайги и ныкатся от медведя в кустах..хотя это слишком пожалуй сильные впечателения с медведем то. Но все это требует сил, потмоу что цепляет прежде всего тело -ему неудобно и оно начинает ныть, а потом цепляет меня, я боюсь умереть и тоже начинаю ныть. Но сейчас я отдыхаю, и это мне тоже нравится. post a comment Date: 2003-08-14 00:59 Subject: Security: Public Ну, на самолет я ,положим, опоздала... 18 comments | post a comment Date: 2003-08-13 00:15 Subject: Security: Public Посылку отправить не дали. Сказали что нету почтальона у них, и поэтому посылки только в четверг. Удлинили мои раздумья на счет книжек и вещей. Да, мне никогда не стать монахом, я тащу с собой столько вещей что хватит на зимовье роте слонов, плюс все побрякушки и книжки , расстаться с которыми ну нету моих сил. Или 25 килограмм вещей 6 из которых книги, 2 комплектуха, а 5 палатка, спальник, каремат это не так много? Почему то за две недели ничегонеделания не удосужилась встретиться с людьми с которыми хотела встретиться, купить себе варежки, записать диски , постирать вещи, подкрутить розетку и убрать квартиру. Интересно я сделаю это сейчас или буду носится завтра с круглыми глазами пытаясь опоздать на самолет? Даже адреса и телефоны я не записала. Спокойствие постепенно снисходит :) на мою голову. Если с кем не попрощалась или не встретилась - из",http://stat.livejournal.com/img/dot.gif,14,26295,"Снежный Лев's Journal

Снежный Лев's Journal Снежный Лев's Journal 20 most recent entries Date: 2003-08-14 20:11 Subject: Security: Public всю жизнь я наималась каким-то занятиями, которые хотя и нравились мне, но все же каждый раз что бы ими занятся мне приходилось себя заставлять. ( Read more... ) 6 comments | post a comment Date: 2003-08-14 19:29 Subject: Отдыхаю. Security: Public После всяких страхов и встрясок Москва кажется безопасным и уютным местом.Все дела переделаны, два дня никуда не надо бегать, ничего не надо делать, собаки не пугают, потому что медведи много страшнее, потому что слава богу что это не медведь. Люди тоже не пугают потому что слава богу что не в тайге в тремя пьяными водилами в камазе надо пить водку, иначе получишь в глаз, по улице ходить не страшно потому что слава богу не 5000 километров до дома и 20 км до жилья и не надо шарахатся от шорохов в лесу и неслышно прятатся в кусты от идущего на встречу человека с недобрым взглядом. В кране есть горячая вода и не надо по утрам прыгать в ледяную воду , в плите есть газ и не надо по утрам топить печку что бы сварить чашку чая, теплое одеяло и кровать и не надо греть камень и сушить одежду на костре что бы не дать ночью дуба в палатке. Спать можно спокойно и не надо смотреть через палатку на лес . До дома можно ехать на метро и не надо стоять на трассе и думать застряла ты здесь на ночь или все же доедешь до другого леса , в котором все равно придется ночевать одной. Все это мне нравится, и одно и другое. Мне нравится и застревать на ночь, и дождь и мокрое белье и давать дуба в палатке и нырять в ледяную воду по утрам и греть воду на костре и даже общаться с пьяными водилами посреди тайги и ныкатся от медведя в кустах..хотя это слишком пожалуй сильные впечателения с медведем то. Но все это требует сил, потмоу что цепляет прежде всего тело -ему неудобно и оно начинает ныть, а потом цепляет меня, я боюсь умереть и тоже начинаю ныть. Но сейчас я отдыхаю, и это мне тоже нравится. post a comment Date: 2003-08-14 00:59 Subject: Security: Public Ну, на самолет я ,положим, опоздала... 18 comments | post a comment Date: 2003-08-13 00:15 Subject: Security: Public Посылку отправить не дали. Сказали что нету почтальона у них, и поэтому посылки только в четверг. Удлинили мои раздумья на счет книжек и вещей. Да, мне никогда не стать монахом, я тащу с собой столько вещей что хватит на зимовье роте слонов, плюс все побрякушки и книжки , расстаться с которыми ну нету моих сил. Или 25 килограмм вещей 6 из которых книги, 2 комплектуха, а 5 палатка, спальник, каремат это не так много? Почему то за две недели ничегонеделания не удосужилась встретиться с людьми с которыми хотела встретиться, купить себе варежки, записать диски , постирать вещи, подкрутить розетку и убрать квартиру. Интересно я сделаю это сейчас или буду носится завтра с круглыми глазами пытаясь опоздать на самолет? Даже адреса и телефоны я не записала. Спокойствие постепенно снисходит :) на мою голову. Если с кем не попрощалась или не встретилась - из"
livejournal.com,20031215040345,http://www.livejournal.com:80/users/00000001/,https://web.archive.org/web/20031215040345/http://www.livejournal.com:80/users/00000001/,Снежный Лев's Journal,"Снежный Лев's Journal Снежный Лев's Journal 20 most recent entries Date: 2003-08-14 20:11 Subject: Security: Public всю жизнь я наималась каким-то занятиями, которые хотя и нравились мне, но все же каждый раз что бы ими занятся мне приходилось себя заставлять. ( Read more... ) 7 comments | post a comment Date: 2003-08-14 19:29 Subject: Отдыхаю. Security: Public После всяких страхов и встрясок Москва кажется безопасным и уютным местом.Все дела переделаны, два дня никуда не надо бегать, ничего не надо делать, собаки не пугают, потому что медведи много страшнее, потому что слава богу что это не медведь. Люди тоже не пугают потому что слава богу что не в тайге в тремя пьяными водилами в камазе надо пить водку, иначе получишь в глаз, по улице ходить не страшно потому что слава богу не 5000 километров до дома и 20 км до жилья и не надо шарахатся от шорохов в лесу и неслышно прятатся в кусты от идущего на встречу человека с недобрым взглядом. В кране есть горячая вода и не надо по утрам прыгать в ледяную воду , в плите есть газ и не надо по утрам топить печку что бы сварить чашку чая, теплое одеяло и кровать и не надо греть камень и сушить одежду на костре что бы не дать ночью дуба в палатке. Спать можно спокойно и не надо смотреть через палатку на лес . До дома можно ехать на метро и не надо стоять на трассе и думать застряла ты здесь на ночь или все же доедешь до другого леса , в котором все равно придется ночевать одной. Все это мне нравится, и одно и другое. Мне нравится и застревать на ночь, и дождь и мокрое белье и давать дуба в палатке и нырять в ледяную воду по утрам и греть воду на костре и даже общаться с пьяными водилами посреди тайги и ныкатся от медведя в кустах..хотя это слишком пожалуй сильные впечателения с медведем то. Но все это требует сил, потмоу что цепляет прежде всего тело -ему неудобно и оно начинает ныть, а потом цепляет меня, я боюсь умереть и тоже начинаю ныть. Но сейчас я отдыхаю, и это мне тоже нравится. post a comment Date: 2003-08-14 00:59 Subject: Security: Public Ну, на самолет я ,положим, опоздала... 18 comments | post a comment Date: 2003-08-13 00:15 Subject: Security: Public Посылку отправить не дали. Сказали что нету почтальона у них, и поэтому посылки только в четверг. Удлинили мои раздумья на счет книжек и вещей. Да, мне никогда не стать монахом, я тащу с собой столько вещей что хватит на зимовье роте слонов, плюс все побрякушки и книжки , расстаться с которыми ну нету моих сил. Или 25 килограмм вещей 6 из которых книги, 2 комплектуха, а 5 палатка, спальник, каремат это не так много? Почему то за две недели ничегонеделания не удосужилась встретиться с людьми с которыми хотела встретиться, купить себе варежки, записать диски , постирать вещи, подкрутить розетку и убрать квартиру. Интересно я сделаю это сейчас или буду носится завтра с круглыми глазами пытаясь опоздать на самолет? Даже адреса и телефоны я не записала. Спокойствие постепенно снисходит :) на мою голову. Если с кем не попрощалась или не встретилась - из",http://stat.livejournal.com/img/dot.gif,14,26390,"Снежный Лев's Journal

Снежный Лев's Journal Снежный Лев's Journal 20 most recent entries Date: 2003-08-14 20:11 Subject: Security: Public всю жизнь я наималась каким-то занятиями, которые хотя и нравились мне, но все же каждый раз что бы ими занятся мне приходилось себя заставлять. ( Read more... ) 7 comments | post a comment Date: 2003-08-14 19:29 Subject: Отдыхаю. Security: Public После всяких страхов и встрясок Москва кажется безопасным и уютным местом.Все дела переделаны, два дня никуда не надо бегать, ничего не надо делать, собаки не пугают, потому что медведи много страшнее, потому что слава богу что это не медведь. Люди тоже не пугают потому что слава богу что не в тайге в тремя пьяными водилами в камазе надо пить водку, иначе получишь в глаз, по улице ходить не страшно потому что слава богу не 5000 километров до дома и 20 км до жилья и не надо шарахатся от шорохов в лесу и неслышно прятатся в кусты от идущего на встречу человека с недобрым взглядом. В кране есть горячая вода и не надо по утрам прыгать в ледяную воду , в плите есть газ и не надо по утрам топить печку что бы сварить чашку чая, теплое одеяло и кровать и не надо греть камень и сушить одежду на костре что бы не дать ночью дуба в палатке. Спать можно спокойно и не надо смотреть через палатку на лес . До дома можно ехать на метро и не надо стоять на трассе и думать застряла ты здесь на ночь или все же доедешь до другого леса , в котором все равно придется ночевать одной. Все это мне нравится, и одно и другое. Мне нравится и застревать на ночь, и дождь и мокрое белье и давать дуба в палатке и нырять в ледяную воду по утрам и греть воду на костре и даже общаться с пьяными водилами посреди тайги и ныкатся от медведя в кустах..хотя это слишком пожалуй сильные впечателения с медведем то. Но все это требует сил, потмоу что цепляет прежде всего тело -ему неудобно и оно начинает ныть, а потом цепляет меня, я боюсь умереть и тоже начинаю ныть. Но сейчас я отдыхаю, и это мне тоже нравится. post a comment Date: 2003-08-14 00:59 Subject: Security: Public Ну, на самолет я ,положим, опоздала... 18 comments | post a comment Date: 2003-08-13 00:15 Subject: Security: Public Посылку отправить не дали. Сказали что нету почтальона у них, и поэтому посылки только в четверг. Удлинили мои раздумья на счет книжек и вещей. Да, мне никогда не стать монахом, я тащу с собой столько вещей что хватит на зимовье роте слонов, плюс все побрякушки и книжки , расстаться с которыми ну нету моих сил. Или 25 килограмм вещей 6 из которых книги, 2 комплектуха, а 5 палатка, спальник, каремат это не так много? Почему то за две недели ничегонеделания не удосужилась встретиться с людьми с которыми хотела встретиться, купить себе варежки, записать диски , постирать вещи, подкрутить розетку и убрать квартиру. Интересно я сделаю это сейчас или буду носится завтра с круглыми глазами пытаясь опоздать на самолет? Даже адреса и телефоны я не записала. Спокойствие постепенно снисходит :) на мою голову. Если с кем не попрощалась или не встретилась - из"
livejournal.com,20031204160726,http://www.livejournal.com:80/users/00000001/114962.html?mode=reply,https://web.archive.org/web/20031204160726/http://www.livejournal.com:80/users/00000001/114962.html?mode=reply,Post Comment,"Post Comment Снежный Лев ( 00000001 ) wrote, @ 2003 - 08 - 02 23:48:00 Люди на улице опять стали улыбаться и смотреть в глаза. Хватило и двух дней что бы уже чуть отпустило. Сегодня растянувшись на кровати голышом, обдуваясь ветерком из окна лежала , ощущая пропитывающий покой и блаженство от кончиков пальцев ног до макушки. Каждый работающий в рике имеет такую офигительную возможность пережить это состояние, стоит только уволиться. Только сегодня поняла какое количество напряжения во мне накопилось за 2 года и насколько я не справлялась с ситуацией. Вот что я вам скажу, дорогие товарищи, надо чаще увольнятся :) ( Read comments ) Post a comment in response: From: Anonymous LiveJournal user: Username: Password: Log in? Subject: No HTML allowed in subject Don't auto-format: Message: Check spelling during preview Notice! This user has turned on the option that logs your IP address when posting. Username: Password: English • Español • Deutsch • Français • Русский • → Search: Category: Username Email Region Interest AOL IM ICQ Number Yahoo! ID MSN Username Jabber Navigate: Welcome Login Create an Account Update Your Journal Search Random Region Interests Advanced Help Ask a Question Lost Password FAQ Site Map Browse Options Contact Info About General Info Press Download Site News Paid Accounts Invite a Friend Terms of Service Privacy Policy Legal Information Site Map Browse Options",http://userpic.livejournal.com/6205588/588980,9,15861,"Post Comment

Post Comment Снежный Лев ( 00000001 ) wrote, @ 2003 - 08 - 02 23:48:00 Люди на улице опять стали улыбаться и смотреть в глаза. Хватило и двух дней что бы уже чуть отпустило. Сегодня растянувшись на кровати голышом, обдуваясь ветерком из окна лежала , ощущая пропитывающий покой и блаженство от кончиков пальцев ног до макушки. Каждый работающий в рике имеет такую офигительную возможность пережить это состояние, стоит только уволиться. Только сегодня поняла какое количество напряжения во мне накопилось за 2 года и насколько я не справлялась с ситуацией. Вот что я вам скажу, дорогие товарищи, надо чаще увольнятся :) ( Read comments ) Post a comment in response: From: Anonymous LiveJournal user: Username: Password: Log in? Subject: No HTML allowed in subject Don't auto-format: Message: Check spelling during preview Notice! This user has turned on the option that logs your IP address when posting. Username: Password: English • Español • Deutsch • Français • Русский • → Search: Category: Username Email Region Interest AOL IM ICQ Number Yahoo! ID MSN Username Jabber Navigate: Welcome Login Create an Account Update Your Journal Search Random Region Interests Advanced Help Ask a Question Lost Password FAQ Site Map Browse Options Contact Info About General Info Press Download Site News Paid Accounts Invite a Friend Terms of Service Privacy Policy Legal Information Site Map Browse Options"
livejournal.com,20040617161709,http://www.livejournal.com:80/users/00000001/115404.html?mode=reply,https://web.archive.org/web/20040617161709/http://www.livejournal.com:80/users/00000001/115404.html?mode=reply,Post Comment,"Post Comment Снежный Лев ( 00000001 ) wrote, @ 2003 - 08 - 03 00:05:00 Вот. Теперь меня никто нигде не держит и никто ни где не ждет и я могу идти на все четыре стороны. Все знакомые мне люди заняты своими делами и живут свою жизнь. Так было и раньше, но иногда наши дела пересекались, теперь нет. Мне никуда не хочется идти и нигде не хочется оставаться. Все замерло. ( Read comments ) Post a comment in response: From: Anonymous LiveJournal user: Username: Password: Log in? Subject: No HTML allowed in subject Don't auto-format: Message: Check spelling during preview Notice! This user has turned on the option that logs your IP address when posting. Username: Password: English • Español • Deutsch • Français • Русский • → Search: Category: Username E-mail Region Interest AOL IM ICQ Number Yahoo! ID MSN Username Jabber Navigate: Welcome Login Create an Account Update Your Journal Search Random Region Interests Advanced Help Ask a Question Lost Password FAQ Site Map Browse Options Contact Info About General Info Press Download Site News Paid Accounts Terms of Service Privacy Policy Legal Information Site Map Browse Options",http://userpic.livejournal.com/6205588/588980,6,18552,"Post Comment

Post Comment Снежный Лев ( 00000001 ) wrote, @ 2003 - 08 - 03 00:05:00 Вот. Теперь меня никто нигде не держит и никто ни где не ждет и я могу идти на все четыре стороны. Все знакомые мне люди заняты своими делами и живут свою жизнь. Так было и раньше, но иногда наши дела пересекались, теперь нет. Мне никуда не хочется идти и нигде не хочется оставаться. Все замерло. ( Read comments ) Post a comment in response: From: Anonymous LiveJournal user: Username: Password: Log in? Subject: No HTML allowed in subject Don't auto-format: Message: Check spelling during preview Notice! This user has turned on the option that logs your IP address when posting. Username: Password: English • Español • Deutsch • Français • Русский • → Search: Category: Username E-mail Region Interest AOL IM ICQ Number Yahoo! ID MSN Username Jabber Navigate: Welcome Login Create an Account Update Your Journal Search Random Region Interests Advanced Help Ask a Question Lost Password FAQ Site Map Browse Options Contact Info About General Info Press Download Site News Paid Accounts Terms of Service Privacy Policy Legal Information Site Map Browse Options"
livejournal.com,20040605201847,http://www.livejournal.com:80/users/00000001/115588.html?mode=reply,https://web.archive.org/web/20040605201847/http://www.livejournal.com:80/users/00000001/115588.html?mode=reply,Post Comment,"Post Comment Снежный Лев ( 00000001 ) wrote, @ 2003 - 08 - 03 01:22:00 Удивительно как быстро все меняется. Только что я зависала в полной прострации в друг стало предельно ясно что я буду делать даже если никуда не поеду. ( Read comments ) Post a comment in response: From: Anonymous LiveJournal user: Username: Password: Log in? Subject: No HTML allowed in subject Don't auto-format: Message: Check spelling during preview Notice! This user has turned on the option that logs your IP address when posting. Username: Password: English • Español • Deutsch • Français • Русский • → Search: Category: Username E-mail Region Interest AOL IM ICQ Number Yahoo! ID MSN Username Jabber Navigate: Welcome Login Create an Account Update Your Journal Search Random Region Interests Advanced Help Ask a Question Lost Password FAQ Site Map Browse Options Contact Info About General Info Press Download Site News Paid Accounts Terms of Service Privacy Policy Legal Information Site Map Browse Options",http://userpic.livejournal.com/6205588/588980,6,18391,"Post Comment

Post Comment Снежный Лев ( 00000001 ) wrote, @ 2003 - 08 - 03 01:22:00 Удивительно как быстро все меняется. Только что я зависала в полной прострации в друг стало предельно ясно что я буду делать даже если никуда не поеду. ( Read comments ) Post a comment in response: From: Anonymous LiveJournal user: Username: Password: Log in? Subject: No HTML allowed in subject Don't auto-format: Message: Check spelling during preview Notice! This user has turned on the option that logs your IP address when posting. Username: Password: English • Español • Deutsch • Français • Русский • → Search: Category: Username E-mail Region Interest AOL IM ICQ Number Yahoo! ID MSN Username Jabber Navigate: Welcome Login Create an Account Update Your Journal Search Random Region Interests Advanced Help Ask a Question Lost Password FAQ Site Map Browse Options Contact Info About General Info Press Download Site News Paid Accounts Terms of Service Privacy Policy Legal Information Site Map Browse Options"
livejournal.com,20040119211545,http://www.livejournal.com:80/users/00000001/115851.html,https://web.archive.org/web/20040119211545/http://www.livejournal.com:80/users/00000001/115851.html,00000001: Дошло.Восприятие происходит без напряжен,"00000001: Дошло.Восприятие происходит без напряжен Снежный Лев ( 00000001 ) wrote, @ 2003 - 08 - 03 02:47:00 Дошло. Восприятие происходит без напряжения, без участия рассудка и без разделения на желаемое и не желаемое. Оно происходит независимо от того хотим мы воспринимать это или нет. Пытаясь что-то отбросить из воспринятого мы пытаемся изменить уже свершившийся факт. Отбросить такие попытки стоит не потому что они вредные или ведут к разделению или приносят страдания, а потому что это все равно невозможно сделать. Невозможно. Мы пытаемся делать в принципе невозможное. Ничего себе карусель:) ( Post a new comment ) evridika 2003-12-06 00:33 ( link ) ага... ведь нет воспринимающего/воспринимаемого :) ( Reply to this ) ( Post a new comment ) Username: Password: English • Español • Deutsch • Français • Русский • → Search: Category: Username Email Region Interest AOL IM ICQ Number Yahoo! ID MSN Username Jabber Navigate: Welcome Login Create an Account Update Your Journal Search Random Region Interests Advanced Help Ask a Question Lost Password FAQ Site Map Browse Options Contact Info About General Info Press Download Site News Paid Accounts Terms of Service Privacy Policy Legal Information Site Map Browse Options",http://userpic.livejournal.com/5188857/588980,9,9927,"00000001: Дошло.Восприятие происходит без напряжен

00000001: Дошло.Восприятие происходит без напряжен Снежный Лев ( 00000001 ) wrote, @ 2003 - 08 - 03 02:47:00 Дошло. Восприятие происходит без напряжения, без участия рассудка и без разделения на желаемое и не желаемое. Оно происходит независимо от того хотим мы воспринимать это или нет. Пытаясь что-то отбросить из воспринятого мы пытаемся изменить уже свершившийся факт. Отбросить такие попытки стоит не потому что они вредные или ведут к разделению или приносят страдания, а потому что это все равно невозможно сделать. Невозможно. Мы пытаемся делать в принципе невозможное. Ничего себе карусель:) ( Post a new comment ) evridika 2003-12-06 00:33 ( link ) ага... ведь нет воспринимающего/воспринимаемого :) ( Reply to this ) ( Post a new comment ) Username: Password: English • Español • Deutsch • Français • Русский • → Search: Category: Username Email Region Interest AOL IM ICQ Number Yahoo! ID MSN Username Jabber Navigate: Welcome Login Create an Account Update Your Journal Search Random Region Interests Advanced Help Ask a Question Lost Password FAQ Site Map Browse Options Contact Info About General Info Press Download Site News Paid Accounts Terms of Service Privacy Policy Legal Information Site Map Browse Options"
livejournal.com,20031204170008,http://www.livejournal.com:80/users/00000001/116432.html,https://web.archive.org/web/20031204170008/http://www.livejournal.com:80/users/00000001/116432.html,"00000001: И все же мне плохо , хреново и фигово от","00000001: И все же мне плохо , хреново и фигово от Снежный Лев ( 00000001 ) wrote, @ 2003 - 08 - 04 02:22:00 И все же мне плохо , хреново и фигово от того, что люди ведутся на удовлетворение своих желаний и причинют боль другим людям и вообще существам. И ещё мне плохо, хреново и фигово от того что у других людей и существ не выходит разруливать эти ситуации так, что бы они приносили освобождение, а не боль. И от того, что изменить первое и ускорить второе не в моих силах. ( Post a new comment ) palma 2003-08-03 23:42 ( link ) Тань, как называется провинция, из которой этот вкуссссссный Мао Фэн? ( Reply to this ) ( Thread ) 00000001 2003-08-04 06:48 ( link ) А я забыла..не то Айхон..не то ещё как то на А. Спрошу в пятницу. ( Reply to this ) ( Parent ) persistence 2003-08-04 00:56 ( link ) Я тут как раз удовлетворял свои мгновенные желания соглашаясь с твоей точкой зрения об увольнении и раздираемый собственными мыслями по поводу да/нет, я вырулил ситуацию в головную боль, реальную головную боль -вчера промучался весь вечер. Решение пришло с прохладой и ровным осознанием окончания собственной жизни как стремящегося к карьерному и, наверное, профессиональному росту человека. Я пускаю жизнь колыхаться по волнам до того момента, пока плывёт обрубок бревна, за который я ещё держусь. Будущее неважно. Неправильность подхода и решения также неважна. Важна свобода, которую мне хочется сейчас. ( Reply to this ) ( Thread ) 00000001 2003-08-07 03:21 ( link ) а как сегодня? ( Reply to this ) ( Parent ) ( Thread ) persistence 2003-08-11 03:04 ( link ) А сегодня я наслаждаюсь послеувольнительным периодом, когда все мерзкие процедуры обхода кабинетов за подписями уже пройдены и сижу дома, решив, что пора бы хоть раз да не перевернуть вверх ногами своё единожды принятое решение (знаю, знаю, всё переменчиво и так далее), сижу и пытаюсь войти в свой обычный ритм жизни, иногда оборачиваясь и хмыкая относительно моих прыжков выше головы. Самая интересная проблема, которая передо мной стояла - назвать чего я хочу. Подобно тому, как бабка с дедом маяли золотую рыбку изобретая чего же им на самом деле хочется, я не смог придумать чего хочется мне во вполне конкретной и, казалось бы, моей области жизни. Отсюда я вынес, что, возможно, область перестала быть моей, возможно, мне просто хочется тишины и солнечного света и я пока имею возможность это иметь, пусть оно у меня будет. ( Reply to this ) ( Parent ) ( Thread ) 00000001 2003-08-12 14:35 ( link ) Ура :) смысл жизни нашелся? ( Reply to this ) ( Parent ) ( Thread ) persistence 2003-08-13 03:35 ( link ) Нет, скорее я вернулся к корыту чтобы ещё раз подумать :) Удачи тебе, Танья, в твоём полёте. Хочешь - не хочешь, а я буду временами думать как там у тебя всё сложилось - ведь, в некотором роде, ты - вполне заметная песчинка в моём субъективном мире, а я не особо люблю когда ""мои"" песчинки разбредаются кто куда вне фокуса моего зрения :) ( Reply to this ) ( Parent ) ( Thread ) 00000001 2003-08-13 14:53 ( link ) да уж. спас",http://userpic.livejournal.com/5099496/588980,31,19656,"00000001: И все же мне плохо , хреново и фигово от

00000001: И все же мне плохо , хреново и фигово от Снежный Лев ( 00000001 ) wrote, @ 2003 - 08 - 04 02:22:00 И все же мне плохо , хреново и фигово от того, что люди ведутся на удовлетворение своих желаний и причинют боль другим людям и вообще существам. И ещё мне плохо, хреново и фигово от того что у других людей и существ не выходит разруливать эти ситуации так, что бы они приносили освобождение, а не боль. И от того, что изменить первое и ускорить второе не в моих силах. ( Post a new comment ) palma 2003-08-03 23:42 ( link ) Тань, как называется провинция, из которой этот вкуссссссный Мао Фэн? ( Reply to this ) ( Thread ) 00000001 2003-08-04 06:48 ( link ) А я забыла..не то Айхон..не то ещё как то на А. Спрошу в пятницу. ( Reply to this ) ( Parent ) persistence 2003-08-04 00:56 ( link ) Я тут как раз удовлетворял свои мгновенные желания соглашаясь с твоей точкой зрения об увольнении и раздираемый собственными мыслями по поводу да/нет, я вырулил ситуацию в головную боль, реальную головную боль -вчера промучался весь вечер. Решение пришло с прохладой и ровным осознанием окончания собственной жизни как стремящегося к карьерному и, наверное, профессиональному росту человека. Я пускаю жизнь колыхаться по волнам до того момента, пока плывёт обрубок бревна, за который я ещё держусь. Будущее неважно. Неправильность подхода и решения также неважна. Важна свобода, которую мне хочется сейчас. ( Reply to this ) ( Thread ) 00000001 2003-08-07 03:21 ( link ) а как сегодня? ( Reply to this ) ( Parent ) ( Thread ) persistence 2003-08-11 03:04 ( link ) А сегодня я наслаждаюсь послеувольнительным периодом, когда все мерзкие процедуры обхода кабинетов за подписями уже пройдены и сижу дома, решив, что пора бы хоть раз да не перевернуть вверх ногами своё единожды принятое решение (знаю, знаю, всё переменчиво и так далее), сижу и пытаюсь войти в свой обычный ритм жизни, иногда оборачиваясь и хмыкая относительно моих прыжков выше головы. Самая интересная проблема, которая передо мной стояла - назвать чего я хочу. Подобно тому, как бабка с дедом маяли золотую рыбку изобретая чего же им на самом деле хочется, я не смог придумать чего хочется мне во вполне конкретной и, казалось бы, моей области жизни. Отсюда я вынес, что, возможно, область перестала быть моей, возможно, мне просто хочется тишины и солнечного света и я пока имею возможность это иметь, пусть оно у меня будет. ( Reply to this ) ( Parent ) ( Thread ) 00000001 2003-08-12 14:35 ( link ) Ура :) смысл жизни нашелся? ( Reply to this ) ( Parent ) ( Thread ) persistence 2003-08-13 03:35 ( link ) Нет, скорее я вернулся к корыту чтобы ещё раз подумать :) Удачи тебе, Танья, в твоём полёте. Хочешь - не хочешь, а я буду временами думать как там у тебя всё сложилось - ведь, в некотором роде, ты - вполне заметная песчинка в моём субъективном мире, а я не особо люблю когда ""мои"" песчинки разбредаются кто куда вне фокуса моего зрения :) ( Reply to this ) ( Parent ) ( Thread ) 00000001 2003-08-13 14:53 ( link ) да уж. спас"
livejournal.com,20020126222246,http://www.livejournal.com:80/community/,https://web.archive.org/web/20020126222246/http://www.livejournal.com:80/community/,Community Center,"Community Center Search LiveJournal : Username Email Interest AOL IM ICQ Number Welcome to LiveJournal! Home | News | Help Welcome! Login Create a Journal Update Journal Find Users Random By Community By Interest LiveJournal Download Topics Invite a Friend Paid Accounts Help & Support LiveJournal FAQ Have a question? Lost Password Developer Area Legal Terms of Service Privacy COPPA Username: Password: Community Center Welcome! Welcome to the LiveJournal Community Center. This is the place to find out how and where to interact with your fellow LiveJournal addicts! LiveJournal isn't only a a great place for keeping a journal; it's a place where people meet, interact, share common interests, and have a good time. Here are of our community features to keep you informed and in touch. New? Are you new to LiveJournal and don't know quite what to do yet? Then You'll want to head over to The 'Newbies' Lounge , where you'll find answers to all your questions you may have. Visit newbies , explore a bit, and you'll be a pro in no time! News If you want to keep up to date with all of the news pertaining to LiveJournal, be sure to check out The LiveJournal Community News , and add it to your friends list , as you will be informed of all the business, development, and general news of LiveJournal on a weekly basis. If you want just the system news, be sure to check out the regular news page . Chat! LiveJournal users chat up a storm. Many of them use popular instant messengers, including AIM , ICQ , Yahoo! , MSN , or Jabber instant messengers. If you do, be sure to list it in your personal info settings . Many LiveJournal users also use IRC, or Internet Relay Chat. There are #livejournal rooms located on several different servers, including openprojects.net , irc.warped.net , efnet.net, or sorcery.net you can find a room labeled #livejournal. (links will take you to that server's Java IRC client) Volunteer Don't be shy! Help out! There are many ways to volunteer. LiveJournal is an Open Source project; if you have experience with programming languages or server side applications you can check out the LiveJournal Development Community . If you have ideas about how LiveJournal could be better, check out the LiveJournal Suggestions Area . If you would like to help with just about anything, visit the LiveJournal Business Community . If you like helping people, visit our technical support center and help someone out . If you are savy with graphic design, check out the LiveJournal Art Community . What is a Community? A community is basically a journal run by a member of LiveJournal for people with common interests. Communities are free to use and create... anyone can have them, and they're easy to set up, too! Our communities cover topics from Anime to Bisexuality to regional communities for places all around the world. There's probably a LiveJournal community for where you live too! How do I create a community? There is a rather lengthy FAQ covering just about everythi",http://img.livejournal.com/dys/logo1.gif,11,13817,"Community Center

Community Center Search LiveJournal : Username Email Interest AOL IM ICQ Number Welcome to LiveJournal! Home | News | Help Welcome! Login Create a Journal Update Journal Find Users Random By Community By Interest LiveJournal Download Topics Invite a Friend Paid Accounts Help & Support LiveJournal FAQ Have a question? Lost Password Developer Area Legal Terms of Service Privacy COPPA Username: Password: Community Center Welcome! Welcome to the LiveJournal Community Center. This is the place to find out how and where to interact with your fellow LiveJournal addicts! LiveJournal isn't only a a great place for keeping a journal; it's a place where people meet, interact, share common interests, and have a good time. Here are of our community features to keep you informed and in touch. New? Are you new to LiveJournal and don't know quite what to do yet? Then You'll want to head over to The 'Newbies' Lounge , where you'll find answers to all your questions you may have. Visit newbies , explore a bit, and you'll be a pro in no time! News If you want to keep up to date with all of the news pertaining to LiveJournal, be sure to check out The LiveJournal Community News , and add it to your friends list , as you will be informed of all the business, development, and general news of LiveJournal on a weekly basis. If you want just the system news, be sure to check out the regular news page . Chat! LiveJournal users chat up a storm. Many of them use popular instant messengers, including AIM , ICQ , Yahoo! , MSN , or Jabber instant messengers. If you do, be sure to list it in your personal info settings . Many LiveJournal users also use IRC, or Internet Relay Chat. There are #livejournal rooms located on several different servers, including openprojects.net , irc.warped.net , efnet.net, or sorcery.net you can find a room labeled #livejournal. (links will take you to that server's Java IRC client) Volunteer Don't be shy! Help out! There are many ways to volunteer. LiveJournal is an Open Source project; if you have experience with programming languages or server side applications you can check out the LiveJournal Development Community . If you have ideas about how LiveJournal could be better, check out the LiveJournal Suggestions Area . If you would like to help with just about anything, visit the LiveJournal Business Community . If you like helping people, visit our technical support center and help someone out . If you are savy with graphic design, check out the LiveJournal Art Community . What is a Community? A community is basically a journal run by a member of LiveJournal for people with common interests. Communities are free to use and create... anyone can have them, and they're easy to set up, too! Our communities cover topics from Anime to Bisexuality to regional communities for places all around the world. There's probably a LiveJournal community for where you live too! How do I create a community? There is a rather lengthy FAQ covering just about everythi"
livejournal.com,20020401212107,http://livejournal.com:80/community/,https://web.archive.org/web/20020401212107/http://livejournal.com:80/community/,Community Center,"Community Center Search LiveJournal : Username Email Region Interest AOL IM ICQ Number Welcome to LiveJournal! Home | News | Help Welcome! Login Create a Journal Update Journal Find Users Random By Region By Community By Interest Directory Search LiveJournal Download Topics Invite a Friend Paid Accounts Help & Support LiveJournal FAQ Have a question? Lost Password Developer Area Legal Terms of Service Privacy COPPA Username: Password: Community Center Welcome! Welcome to the LiveJournal Community Center. This is the place to find out how and where to interact with your fellow LiveJournal addicts! LiveJournal isn't only a a great place for keeping a journal; it's a place where people meet, interact, share common interests, and have a good time. Here are of our community features to keep you informed and in touch. New? Are you new to LiveJournal and don't know quite what to do yet? Then You'll want to head over to The 'Newbies' Lounge , where you'll find answers to all your questions you may have. Visit newbies , explore a bit, and you'll be a pro in no time! News If you want to keep up to date with all of the news pertaining to LiveJournal, be sure to check out The LiveJournal Community News , and add it to your friends list , as you will be informed of all the business, development, and general news of LiveJournal on a weekly basis. If you want just the system news, be sure to check out the regular news page . Chat! LiveJournal users chat up a storm. Many of them use popular instant messengers, including AIM , ICQ , Yahoo! , MSN , or Jabber instant messengers. If you do, be sure to list it in your personal info settings . Many LiveJournal users also use IRC, or Internet Relay Chat. There are #livejournal rooms located on several different servers, including openprojects.net , irc.warped.net , efnet.net, or sorcery.net you can find a room labeled #livejournal. (links will take you to that server's Java IRC client) Volunteer Don't be shy! Help out! There are many ways to volunteer. LiveJournal is an Open Source project; if you have experience with programming languages or server side applications you can check out the LiveJournal Development Community . If you have ideas about how LiveJournal could be better, check out the LiveJournal Suggestions Area . If you would like to help with just about anything, visit the LiveJournal Business Community . If you like helping people, visit our technical support center and help someone out . If you are savy with graphic design, check out the LiveJournal Art Community . What is a Community? A community is basically a journal run by a member of LiveJournal for people with common interests. Communities are free to use and create... anyone can have them, and they're easy to set up, too! Our communities cover topics from Anime to Bisexuality to regional communities for places all around the world. There's probably a LiveJournal community for where you live too! How do I create a community? There is a rather length",http://img.livejournal.com/dys/logo1.gif,11,14027,"Community Center

Community Center Search LiveJournal : Username Email Region Interest AOL IM ICQ Number Welcome to LiveJournal! Home | News | Help Welcome! Login Create a Journal Update Journal Find Users Random By Region By Community By Interest Directory Search LiveJournal Download Topics Invite a Friend Paid Accounts Help & Support LiveJournal FAQ Have a question? Lost Password Developer Area Legal Terms of Service Privacy COPPA Username: Password: Community Center Welcome! Welcome to the LiveJournal Community Center. This is the place to find out how and where to interact with your fellow LiveJournal addicts! LiveJournal isn't only a a great place for keeping a journal; it's a place where people meet, interact, share common interests, and have a good time. Here are of our community features to keep you informed and in touch. New? Are you new to LiveJournal and don't know quite what to do yet? Then You'll want to head over to The 'Newbies' Lounge , where you'll find answers to all your questions you may have. Visit newbies , explore a bit, and you'll be a pro in no time! News If you want to keep up to date with all of the news pertaining to LiveJournal, be sure to check out The LiveJournal Community News , and add it to your friends list , as you will be informed of all the business, development, and general news of LiveJournal on a weekly basis. If you want just the system news, be sure to check out the regular news page . Chat! LiveJournal users chat up a storm. Many of them use popular instant messengers, including AIM , ICQ , Yahoo! , MSN , or Jabber instant messengers. If you do, be sure to list it in your personal info settings . Many LiveJournal users also use IRC, or Internet Relay Chat. There are #livejournal rooms located on several different servers, including openprojects.net , irc.warped.net , efnet.net, or sorcery.net you can find a room labeled #livejournal. (links will take you to that server's Java IRC client) Volunteer Don't be shy! Help out! There are many ways to volunteer. LiveJournal is an Open Source project; if you have experience with programming languages or server side applications you can check out the LiveJournal Development Community . If you have ideas about how LiveJournal could be better, check out the LiveJournal Suggestions Area . If you would like to help with just about anything, visit the LiveJournal Business Community . If you like helping people, visit our technical support center and help someone out . If you are savy with graphic design, check out the LiveJournal Art Community . What is a Community? A community is basically a journal run by a member of LiveJournal for people with common interests. Communities are free to use and create... anyone can have them, and they're easy to set up, too! Our communities cover topics from Anime to Bisexuality to regional communities for places all around the world. There's probably a LiveJournal community for where you live too! How do I create a community? There is a rather length"
livejournal.com,20040823185135,http://www.livejournal.com/community/,https://web.archive.org/web/20040823185135/http://www.livejournal.com/community/,Community Center,"Community Center Home : Community Center Community Center Welcome! Welcome to the LiveJournal Community Center. This is the place to find out how and where to interact with your fellow LiveJournal addicts! LiveJournal isn't only a a great place for keeping a journal . it's a place where people meet, interact, share common interests, and have a good time. Here are some of our community features to keep you informed and in touch. New? Are you new to LiveJournal and don't know quite what to do yet? Then you'll want to head over to The 'Newbies' Lounge , where you'll find answers to many of the questions you may have. Visit newbies , explore a bit, and you'll be a pro in no time at all! Stay informed! Stay informed of what's going on in LiveJournal. There are a number of official LiveJournal communities you may wish to browse. The following two are particularly useful. Add news to your friends page to keep up with events and issues that are relevant to the entire LiveJournal community. Add lj_maintenance to your friends page to be informed when downtime is planned, and reports on unplanned interruptions of service. Chat! LiveJournal users chat up a storm. Many of them use popular instant messengers, including AIM , ICQ , Yahoo! , MSN , or Jabber instant messengers. If you do, be sure to list it in your personal info settings . If you have a Paid Account , you can also enable your cell phone or pager to receive text messages . Volunteer! Don't be shy! Help out! The best way to help out is by purchasing a Paid Account . There are, of course, loads of other ways you help out. LiveJournal is an Open Source project; if you have experience with programming languages or server side applications you can check out the LiveJournal Development Community , lj_dev . If you have ideas about how LiveJournal could be better, check out the LiveJournal Suggestions Area , suggestions . If you would like to help with just about anything, visit the LiveJournal Business Community , lj_biz . If you like helping people, visit our technical support center and help someone out. If you are savy with graphic design, check out the LiveJournal Art Community , lj_art . What is a Community? A community is basically a journal run by a member of LiveJournal for people with common interests. Communities are free to use and create... anyone can have them, and they're easy to set up, too! LiveJournal Communities cover topics from Anime to Zen Buddhism , from Astronomy to Zim . You'll also find regional communities for places all around the world. There's probably a LiveJournal community for where you live too! How do I create my own Community? There is a FAQ that will explain how to create your very own community. There are also two FAQ Categories ( General Community FAQs and Community Management FAQs ) covering just about everything you'll ever need to know about communities. If you still need more information, feel free to submit a support request . How do I find other Communities? At",http://stat.livejournal.com/img/community.gif,11,14294,"Community Center

Community Center Home : Community Center Community Center Welcome! Welcome to the LiveJournal Community Center. This is the place to find out how and where to interact with your fellow LiveJournal addicts! LiveJournal isn't only a a great place for keeping a journal . it's a place where people meet, interact, share common interests, and have a good time. Here are some of our community features to keep you informed and in touch. New? Are you new to LiveJournal and don't know quite what to do yet? Then you'll want to head over to The 'Newbies' Lounge , where you'll find answers to many of the questions you may have. Visit newbies , explore a bit, and you'll be a pro in no time at all! Stay informed! Stay informed of what's going on in LiveJournal. There are a number of official LiveJournal communities you may wish to browse. The following two are particularly useful. Add news to your friends page to keep up with events and issues that are relevant to the entire LiveJournal community. Add lj_maintenance to your friends page to be informed when downtime is planned, and reports on unplanned interruptions of service. Chat! LiveJournal users chat up a storm. Many of them use popular instant messengers, including AIM , ICQ , Yahoo! , MSN , or Jabber instant messengers. If you do, be sure to list it in your personal info settings . If you have a Paid Account , you can also enable your cell phone or pager to receive text messages . Volunteer! Don't be shy! Help out! The best way to help out is by purchasing a Paid Account . There are, of course, loads of other ways you help out. LiveJournal is an Open Source project; if you have experience with programming languages or server side applications you can check out the LiveJournal Development Community , lj_dev . If you have ideas about how LiveJournal could be better, check out the LiveJournal Suggestions Area , suggestions . If you would like to help with just about anything, visit the LiveJournal Business Community , lj_biz . If you like helping people, visit our technical support center and help someone out. If you are savy with graphic design, check out the LiveJournal Art Community , lj_art . What is a Community? A community is basically a journal run by a member of LiveJournal for people with common interests. Communities are free to use and create... anyone can have them, and they're easy to set up, too! LiveJournal Communities cover topics from Anime to Zen Buddhism , from Astronomy to Zim . You'll also find regional communities for places all around the world. There's probably a LiveJournal community for where you live too! How do I create my own Community? There is a FAQ that will explain how to create your very own community. There are also two FAQ Categories ( General Community FAQs and Community Management FAQs ) covering just about everything you'll ever need to know about communities. If you still need more information, feel free to submit a support request . How do I find other Communities? At"
